transaction_id,user_id,amount,timestamp,merchant,transaction_type,location,device_info,is_fraud,hour,user_id_enc,merchant_enc,transaction_type_enc,location_enc,device_enc,avg_amount_per_user,txn_count_per_user,amount_dev,is_odd_hour,device_risk_score
1,user_19,2461.23,2026-09-16 07:27:50.153465,Walmart,refund,Bangalore,iOS,0,7,10,4,0,0,2,3644.202786885246,122,-1182.972786885246,0,0.5
2,user_32,2491.98,2026-08-15 10:47:30.153465,Amazon,send,Mumbai,iOS,0,10,25,0,2,3,2,3596.741,130,-1104.761,0,0.5
3,user_43,15881.51,2026-09-06 16:57:08.153465,Amazon,request,Delhi,Android,0,16,37,0,1,2,0,15429.552764227643,123,451.9572357723573,0,0.1
4,user_34,4262.33,2026-09-13 03:28:36.153465,Walmart,request,Bangalore,Android,0,3,27,4,1,0,0,4524.1720000000005,120,-261.84200000000055,1,0.1
5,user_20,56006.72,2026-08-14 11:54:59.153465,Amazon,send,Mumbai,Android,0,11,12,0,2,3,0,19935.082280701754,114,36071.63771929825,0,0.1
6,user_21,21393.89,2026-09-02 09:04:44.153465,Flipkart,request,Delhi,iOS,1,9,13,1,1,2,2,4244.438115942029,138,17149.45188405797,0,0.5
7,user_22,92811.47,2026-08-14 17:29:11.153465,Zomato,request,Chennai,Android,1,17,14,5,1,1,0,18343.150086206897,116,74468.31991379311,0,0.1
8,user_49,12818.51,2026-09-03 02:52:55.153465,Swiggy,request,Pune,Web,0,2,43,3,1,4,1,19333.43277227723,101,-6514.922772277228,1,0.2
9,user_50,481.69,2026-08-17 16:38:10.153465,Zomato,refund,Mumbai,Web,0,16,45,5,0,3,1,4276.488269230769,104,-3794.798269230769,0,0.2
10,user_29,2491.86,2026-09-06 04:04:17.153465,Amazon,send,Mumbai,Android,0,4,21,0,2,3,0,4165.22631147541,122,-1673.3663114754095,1,0.1
11,user_36,969.39,2026-09-10 12:51:21.153465,Amazon,request,Mumbai,Android,0,12,29,0,1,3,0,4483.898691588785,107,-3514.5086915887855,0,0.1
12,user_34,754.87,2026-08-09 05:25:33.153465,Zomato,request,Chennai,iOS,0,5,27,5,1,1,2,4524.1720000000005,120,-3769.3020000000006,1,0.5
13,user_24,15978.98,2026-08-30 07:43:31.153465,Paytm,refund,Mumbai,iOS,0,7,16,2,0,3,2,20664.321171875,128,-4685.341171874999,0,0.5
14,user_22,13439.03,2026-09-17 16:27:54.153465,Walmart,request,Bangalore,Android,0,16,14,4,1,0,0,18343.150086206897,116,-4904.120086206896,0,0.1
15,user_37,8997.87,2026-08-11 00:27:06.153465,Walmart,send,Chennai,iOS,0,0,30,4,2,1,2,15907.096030534352,131,-6909.226030534352,1,0.5
16,user_22,17642.15,2026-09-11 02:35:16.153465,Walmart,request,Bangalore,iOS,0,2,14,4,1,0,2,18343.150086206897,116,-701.0000862068955,1,0.5
17,user_43,9549.03,2026-09-14 04:04:27.153465,Walmart,refund,Mumbai,Web,0,4,37,4,0,3,1,15429.552764227643,123,-5880.522764227642,1,0.2
18,user_50,822.74,2026-09-13 17:14:39.153465,Flipkart,refund,Chennai,Android,0,17,45,1,0,1,0,4276.488269230769,104,-3453.7482692307694,0,0.1
19,user_18,3993.17,2026-08-06 20:53:18.153465,Zomato,refund,Bangalore,Web,0,20,9,5,0,0,1,4267.170924369748,119,-274.00092436974774,0,0.2
20,user_16,2326.83,2026-09-09 07:51:52.153465,Walmart,request,Mumbai,Android,0,7,7,4,1,3,0,3660.321525423729,118,-1333.491525423729,0,0.1
21,user_12,16576.55,2026-08-15 15:56:07.153465,Paytm,request,Chennai,Web,0,15,3,2,1,1,1,52530.11026548673,113,-35953.560265486725,0,0.2
22,user_4,3133.61,2026-09-03 05:24:54.153465,Swiggy,refund,Delhi,Web,0,5,33,3,0,2,1,4960.130344827586,116,-1826.5203448275856,1,0.2
23,user_29,614.49,2026-09-07 04:48:23.153465,Walmart,request,Chennai,Android,0,4,21,4,1,1,0,4165.22631147541,122,-3550.73631147541,1,0.1
24,user_35,89143.54,2026-08-03 17:24:26.153465,Amazon,refund,Bangalore,Web,1,17,28,0,0,0,1,15800.978582677166,127,73342.56141732282,0,0.2
25,user_37,18693.33,2026-08-09 23:58:02.153465,Swiggy,refund,Chennai,Web,0,23,30,3,0,1,1,15907.096030534352,131,2786.2339694656494,0,0.2
26,user_31,2450.31,2026-08-26 17:34:39.153465,Zomato,refund,Bangalore,Android,0,17,24,5,0,0,0,4894.9887499999995,96,-2444.6787499999996,0,0.1
27,user_17,2069.95,2026-08-01 07:03:04.153465,Swiggy,send,Pune,iOS,0,7,8,3,2,4,2,4173.412348484848,132,-2103.462348484848,0,0.5
28,user_23,13642.61,2026-09-13 00:17:27.153465,Flipkart,request,Pune,iOS,0,0,15,1,1,4,2,21876.48723880597,134,-8233.87723880597,1,0.5
29,user_13,8062.73,2026-08-10 08:56:31.153465,Flipkart,request,Pune,iOS,0,8,4,1,1,4,2,16363.8575,124,-8301.1275,0,0.5
30,user_35,5850.61,2026-07-22 12:02:49.153465,Zomato,refund,Mumbai,Android,0,12,28,5,0,3,0,15800.978582677166,127,-9950.368582677165,0,0.1
31,user_26,3604.19,2026-08-13 23:01:41.153465,Swiggy,refund,Chennai,Web,0,23,18,3,0,1,1,4396.555663716814,113,-792.3656637168137,0,0.2
32,user_23,10157.26,2026-08-25 16:31:40.153465,Amazon,send,Pune,Web,0,16,15,0,2,4,1,21876.48723880597,134,-11719.22723880597,0,0.2
33,user_19,967.28,2026-09-02 01:35:04.153465,Paytm,request,Pune,Web,0,1,10,2,1,4,1,3644.202786885246,122,-2676.922786885246,1,0.2
34,user_18,932.45,2026-09-07 06:49:25.153465,Zomato,send,Delhi,Web,0,6,9,5,2,2,1,4267.170924369748,119,-3334.720924369748,1,0.2
35,user_16,4504.84,2026-09-08 14:16:29.153465,Paytm,request,Delhi,Web,1,14,7,2,1,2,1,3660.321525423729,118,844.5184745762713,0,0.2
36,user_20,9361.69,2026-08-14 16:24:38.153465,Amazon,send,Chennai,Android,0,16,12,0,2,1,0,19935.082280701754,114,-10573.392280701753,0,0.1
37,user_3,33194.88,2026-09-06 16:56:32.153465,Flipkart,send,Pune,Android,0,16,22,1,2,4,0,51628.90211538462,104,-18434.02211538462,0,0.1
38,user_1,1294.08,2026-08-21 14:16:31.153465,Flipkart,send,Pune,iOS,0,14,0,1,2,4,2,4037.2688695652173,115,-2743.1888695652174,0,0.5
39,user_2,107327.66,2026-07-23 17:33:29.153465,Amazon,request,Pune,Android,1,17,11,0,1,4,0,47401.46406779661,118,59926.195932203394,0,0.1
40,user_27,8420.25,2026-09-18 04:28:12.153465,Flipkart,send,Pune,iOS,0,4,19,1,2,4,2,18537.69881355932,118,-10117.44881355932,1,0.5
41,user_9,11078.35,2026-07-27 22:52:21.153465,Amazon,request,Delhi,iOS,0,22,49,0,1,2,2,4747.313999999999,110,6331.036000000001,0,0.5
42,user_39,1548.39,2026-08-26 10:27:41.153465,Zomato,refund,Delhi,iOS,0,10,32,5,0,2,2,4488.573909090909,110,-2940.183909090909,0,0.5
43,user_17,3198.01,2026-09-14 11:48:01.153465,Paytm,refund,Mumbai,Web,1,11,8,2,0,3,1,4173.412348484848,132,-975.4023484848476,0,0.2
44,user_43,5173.02,2026-09-16 11:02:55.153465,Amazon,refund,Chennai,iOS,0,11,37,0,0,1,2,15429.552764227643,123,-10256.532764227642,0,0.5
45,user_49,13050.34,2026-08-02 08:29:57.153465,Walmart,refund,Pune,iOS,1,8,43,4,0,4,2,19333.43277227723,101,-6283.0927722772285,0,0.5
46,user_22,19222.5,2026-09-07 13:22:08.153465,Walmart,refund,Pune,Web,0,13,14,4,0,4,1,18343.150086206897,116,879.349913793103,0,0.2
47,user_21,10372.18,2026-09-14 18:18:49.153465,Walmart,refund,Pune,Web,1,18,13,4,0,4,1,4244.438115942029,138,6127.741884057971,0,0.2
48,user_37,15391.23,2026-08-30 21:25:06.153465,Walmart,send,Bangalore,Android,0,21,30,4,2,0,0,15907.096030534352,131,-515.8660305343528,0,0.1
49,user_23,110560.58,2026-08-12 20:34:56.153465,Flipkart,send,Mumbai,iOS,1,20,15,1,2,3,2,21876.48723880597,134,88684.09276119403,0,0.5
50,user_8,4503.28,2026-08-09 03:06:31.153465,Flipkart,request,Chennai,Android,0,3,48,1,1,1,0,4162.542654867257,113,340.73734513274303,1,0.1
51,user_22,12116.06,2026-08-13 12:59:16.153465,Flipkart,request,Pune,Android,0,12,14,1,1,4,0,18343.150086206897,116,-6227.0900862068975,0,0.1
52,user_36,9059.0,2026-08-29 10:59:24.153465,Swiggy,send,Delhi,iOS,1,10,29,3,2,2,2,4483.898691588785,107,4575.101308411215,0,0.5
53,user_47,204.63,2026-08-19 16:25:57.153465,Flipkart,send,Chennai,iOS,0,16,41,1,2,1,2,3883.282635658915,129,-3678.6526356589147,0,0.5
54,user_13,8727.1,2026-07-29 17:29:06.153465,Walmart,refund,Mumbai,iOS,0,17,4,4,0,3,2,16363.8575,124,-7636.7575,0,0.5
55,user_5,13671.0,2026-08-27 19:52:34.153465,Flipkart,refund,Mumbai,Web,0,19,44,1,0,3,1,21765.65124031008,129,-8094.651240310079,0,0.2
56,user_48,12387.69,2026-07-30 19:37:09.153465,Amazon,refund,Mumbai,Android,1,19,42,0,0,3,0,4029.46368852459,122,8358.22631147541,0,0.1
57,user_17,3303.98,2026-08-08 09:33:36.153465,Flipkart,send,Delhi,Web,0,9,8,1,2,2,1,4173.412348484848,132,-869.4323484848478,0,0.2
58,user_46,2218.12,2026-09-05 06:11:21.153465,Paytm,refund,Pune,Web,0,6,40,2,0,4,1,4824.613684210526,133,-2606.493684210526,1,0.2
59,user_38,18002.08,2026-08-08 17:43:27.153465,Flipkart,send,Mumbai,Web,0,17,31,1,2,3,1,17814.76077586207,116,187.3192241379329,0,0.2
60,user_49,13921.48,2026-09-05 17:43:17.153465,Walmart,request,Chennai,iOS,0,17,43,4,1,1,2,19333.43277227723,101,-5411.952772277229,0,0.5
61,user_36,2235.5,2026-09-16 19:25:07.153465,Paytm,request,Mumbai,Android,0,19,29,2,1,3,0,4483.898691588785,107,-2248.3986915887854,0,0.1
62,user_33,2645.46,2026-08-07 15:05:22.153465,Walmart,request,Delhi,Android,0,15,26,4,1,2,0,3974.536484375,128,-1329.0764843749998,0,0.1
63,user_36,4483.0,2026-08-20 02:50:37.153465,Walmart,request,Pune,Web,1,2,29,4,1,4,1,4483.898691588785,107,-0.8986915887853684,1,0.2
64,user_23,11326.08,2026-07-25 13:37:04.153465,Amazon,request,Delhi,Android,0,13,15,0,1,2,0,21876.48723880597,134,-10550.40723880597,0,0.1
65,user_39,4356.59,2026-08-27 17:49:05.153465,Flipkart,send,Delhi,Android,0,17,32,1,2,2,0,4488.573909090909,110,-131.98390909090904,0,0.1
66,user_43,13789.94,2026-07-23 02:07:13.153465,Zomato,refund,Pune,Web,0,2,37,5,0,4,1,15429.552764227643,123,-1639.6127642276424,1,0.2
67,user_35,13277.28,2026-08-13 17:40:51.153465,Paytm,request,Chennai,Android,0,17,28,2,1,1,0,15800.978582677166,127,-2523.698582677165,0,0.1
68,user_21,3850.05,2026-08-24 20:21:37.153465,Paytm,send,Delhi,iOS,0,20,13,2,2,2,2,4244.438115942029,138,-394.3881159420289,0,0.5
69,user_23,18211.98,2026-08-04 19:08:41.153465,Flipkart,send,Chennai,Web,0,19,15,1,2,1,1,21876.48723880597,134,-3664.5072388059707,0,0.2
70,user_31,629.35,2026-08-19 01:18:18.153465,Swiggy,request,Chennai,Android,0,1,24,3,1,1,0,4894.9887499999995,96,-4265.638749999999,1,0.1
71,user_46,3366.12,2026-08-06 13:21:17.153465,Amazon,request,Delhi,Web,0,13,40,0,1,2,1,4824.613684210526,133,-1458.4936842105262,0,0.2
72,user_7,42150.32,2026-09-02 23:51:57.153465,Walmart,request,Mumbai,iOS,0,23,47,4,1,3,2,60187.18528,125,-18036.865279999998,0,0.5
73,user_44,11127.66,2026-07-28 04:28:57.153465,Flipkart,send,Chennai,iOS,0,4,38,1,2,1,2,17327.384636363637,110,-6199.724636363637,1,0.5
74,user_5,5216.57,2026-09-08 15:45:10.153465,Swiggy,send,Bangalore,iOS,0,15,44,3,2,0,2,21765.65124031008,129,-16549.08124031008,0,0.5
75,user_2,35774.73,2026-09-14 13:40:33.153465,Paytm,refund,Bangalore,Android,0,13,11,2,0,0,0,47401.46406779661,118,-11626.734067796606,0,0.1
76,user_11,1022.1,2026-08-14 23:28:39.153465,Amazon,send,Chennai,Android,0,23,2,0,2,1,0,3819.240342465753,146,-2797.1403424657533,0,0.1
77,user_50,1665.14,2026-07-25 10:37:35.153465,Flipkart,request,Pune,Android,0,10,45,1,1,4,0,4276.488269230769,104,-2611.348269230769,0,0.1
78,user_22,16305.88,2026-07-27 23:30:36.153465,Walmart,request,Delhi,Web,1,23,14,4,1,2,1,18343.150086206897,116,-2037.2700862068978,0,0.2
79,user_45,9350.92,2026-08-21 14:46:03.153465,Amazon,refund,Bangalore,Web,1,14,39,0,0,0,1,3748.3989344262295,122,5602.52106557377,0,0.2
80,user_13,16707.41,2026-08-15 18:46:29.153465,Paytm,refund,Pune,Android,0,18,4,2,0,4,0,16363.8575,124,343.5524999999998,0,0.1
81,user_30,5232.69,2026-09-06 12:08:43.153465,Paytm,refund,Chennai,Android,0,12,23,2,0,1,0,20780.866470588233,119,-15548.176470588234,0,0.1
82,user_3,31822.19,2026-09-10 00:37:13.153465,Paytm,send,Bangalore,Android,0,0,22,2,2,0,0,51628.90211538462,104,-19806.71211538462,1,0.1
83,user_23,6832.61,2026-08-31 12:21:47.153465,Amazon,refund,Chennai,Android,0,12,15,0,0,1,0,21876.48723880597,134,-15043.87723880597,0,0.1
84,user_5,42776.78,2026-09-14 09:27:04.153465,Swiggy,refund,Chennai,Web,0,9,44,3,0,1,1,21765.65124031008,129,21011.12875968992,0,0.2
85,user_38,10550.03,2026-08-24 01:42:50.153465,Swiggy,refund,Pune,Android,0,1,31,3,0,4,0,17814.76077586207,116,-7264.730775862068,1,0.1
86,user_30,12505.8,2026-08-11 13:37:32.153465,Paytm,request,Mumbai,Android,0,13,23,2,1,3,0,20780.866470588233,119,-8275.066470588234,0,0.1
87,user_30,6839.28,2026-09-05 15:48:07.153465,Amazon,send,Delhi,iOS,0,15,23,0,2,2,2,20780.866470588233,119,-13941.586470588234,0,0.5
88,user_13,9724.83,2026-07-23 16:53:06.153465,Swiggy,request,Mumbai,Android,0,16,4,3,1,3,0,16363.8575,124,-6639.0275,0,0.1
89,user_33,13369.87,2026-08-08 23:30:11.153465,Zomato,send,Delhi,Android,1,23,26,5,2,2,0,3974.536484375,128,9395.333515625001,0,0.1
90,user_13,130021.87,2026-07-27 02:34:54.153465,Swiggy,refund,Chennai,Web,1,2,4,3,0,1,1,16363.8575,124,113658.0125,1,0.2
91,user_22,5874.35,2026-09-14 16:56:17.153465,Zomato,send,Bangalore,Web,0,16,14,5,2,0,1,18343.150086206897,116,-12468.800086206897,0,0.2
92,user_4,2739.42,2026-07-23 15:58:23.153465,Flipkart,refund,Pune,iOS,0,15,33,1,0,4,2,4960.130344827586,116,-2220.7103448275857,0,0.5
93,user_22,19580.74,2026-09-05 09:41:26.153465,Swiggy,send,Mumbai,Android,0,9,14,3,2,3,0,18343.150086206897,116,1237.5899137931046,0,0.1
94,user_17,8899.58,2026-08-14 18:49:23.153465,Flipkart,send,Delhi,Android,1,18,8,1,2,2,0,4173.412348484848,132,4726.167651515152,0,0.1
95,user_49,8841.23,2026-07-26 05:09:28.153465,Zomato,refund,Bangalore,Web,0,5,43,5,0,0,1,19333.43277227723,101,-10492.202772277229,1,0.2
96,user_22,85918.82,2026-08-08 00:50:18.153465,Amazon,refund,Delhi,Web,1,0,14,0,0,2,1,18343.150086206897,116,67575.66991379311,1,0.2
97,user_25,2475.32,2026-08-02 00:42:53.153465,Flipkart,request,Chennai,iOS,0,0,17,1,1,1,2,3615.32544,125,-1140.00544,1,0.5
98,user_28,10207.98,2026-09-10 11:47:09.153465,Swiggy,refund,Mumbai,Android,0,11,20,3,0,3,0,4678.404529914529,117,5529.57547008547,0,0.1
99,user_17,1741.36,2026-08-23 07:33:57.153465,Paytm,refund,Mumbai,Web,1,7,8,2,0,3,1,4173.412348484848,132,-2432.052348484848,0,0.2
100,user_2,30723.55,2026-09-16 06:14:08.153465,Swiggy,refund,Mumbai,Web,1,6,11,3,0,3,1,47401.46406779661,118,-16677.91406779661,1,0.2
101,user_23,6396.08,2026-08-16 22:28:15.153465,Walmart,send,Chennai,Android,0,22,15,4,2,1,0,21876.48723880597,134,-15480.40723880597,0,0.1
102,user_14,18472.49,2026-08-17 20:06:58.153465,Swiggy,send,Bangalore,iOS,0,20,5,3,2,0,2,18284.780597014927,134,187.70940298507412,0,0.5
103,user_42,1704.63,2026-08-30 12:48:29.153465,Walmart,refund,Delhi,Android,0,12,36,4,0,2,0,4749.498305084746,118,-3044.8683050847458,0,0.1
104,user_50,4752.91,2026-07-26 02:00:06.153465,Walmart,refund,Pune,Android,0,2,45,4,0,4,0,4276.488269230769,104,476.42173076923063,1,0.1
105,user_9,952.28,2026-07-23 05:15:17.153465,Swiggy,send,Chennai,Android,0,5,49,3,2,1,0,4747.313999999999,110,-3795.0339999999997,1,0.1
106,user_35,10299.32,2026-08-26 08:51:35.153465,Paytm,request,Mumbai,Android,0,8,28,2,1,3,0,15800.978582677166,127,-5501.658582677166,0,0.1
107,user_16,1703.17,2026-08-27 04:58:19.153465,Swiggy,refund,Bangalore,iOS,1,4,7,3,0,0,2,3660.321525423729,118,-1957.1515254237288,1,0.5
108,user_41,3332.19,2026-08-09 05:14:06.153465,Zomato,request,Delhi,Android,0,5,35,5,1,2,0,4057.624609375,128,-725.434609375,1,0.1
109,user_21,3175.23,2026-08-03 14:36:52.153465,Walmart,request,Mumbai,Web,0,14,13,4,1,3,1,4244.438115942029,138,-1069.208115942029,0,0.2
110,user_6,13459.93,2026-07-25 05:43:14.153465,Walmart,send,Pune,Web,1,5,46,4,2,4,1,3699.0514728682174,129,9760.878527131783,1,0.2
111,user_5,5289.01,2026-07-27 05:17:47.153465,Zomato,request,Mumbai,Web,0,5,44,5,1,3,1,21765.65124031008,129,-16476.641240310077,1,0.2
112,user_49,8821.22,2026-09-19 03:01:46.153465,Walmart,send,Mumbai,Web,0,3,43,4,2,3,1,19333.43277227723,101,-10512.21277227723,1,0.2
113,user_30,15879.09,2026-09-12 00:02:46.153465,Zomato,send,Bangalore,Web,1,0,23,5,2,0,1,20780.866470588233,119,-4901.776470588233,1,0.2
114,user_34,2633.14,2026-08-27 19:31:49.153465,Swiggy,request,Delhi,Web,0,19,27,3,1,2,1,4524.1720000000005,120,-1891.0320000000006,0,0.2
115,user_12,41796.75,2026-08-29 00:14:44.153465,Flipkart,send,Bangalore,Android,0,0,3,1,2,0,0,52530.11026548673,113,-10733.360265486728,1,0.1
116,user_40,18308.29,2026-09-17 02:49:48.153465,Zomato,refund,Delhi,iOS,0,2,34,5,0,2,2,18950.453564356438,101,-642.1635643564368,1,0.5
117,user_24,10540.43,2026-08-30 02:10:09.153465,Walmart,refund,Mumbai,iOS,0,2,16,4,0,3,2,20664.321171875,128,-10123.891171874999,1,0.5
118,user_7,30556.05,2026-08-11 19:11:54.153465,Paytm,send,Mumbai,iOS,0,19,47,2,2,3,2,60187.18528,125,-29631.13528,0,0.5
119,user_9,3402.2,2026-08-28 01:12:57.153465,Zomato,request,Bangalore,Web,0,1,49,5,1,0,1,4747.313999999999,110,-1345.1139999999996,1,0.2
120,user_36,4583.47,2026-09-10 12:30:19.153465,Zomato,send,Bangalore,iOS,1,12,29,5,2,0,2,4483.898691588785,107,99.57130841121489,0,0.5
121,user_12,46345.06,2026-08-25 20:50:22.153465,Flipkart,request,Delhi,Android,0,20,3,1,1,2,0,52530.11026548673,113,-6185.0502654867305,0,0.1
122,user_25,3097.67,2026-09-12 21:48:39.153465,Walmart,refund,Mumbai,iOS,0,21,17,4,0,3,2,3615.32544,125,-517.65544,0,0.5
123,user_14,13153.91,2026-07-26 07:30:03.153465,Swiggy,refund,Mumbai,iOS,0,7,5,3,0,3,2,18284.780597014927,134,-5130.870597014928,0,0.5
124,user_7,169081.17,2026-08-22 04:37:53.153465,Walmart,refund,Pune,Web,1,4,47,4,0,4,1,60187.18528,125,108893.98472000001,1,0.2
125,user_38,7016.77,2026-08-06 22:45:39.153465,Zomato,refund,Chennai,iOS,0,22,31,5,0,1,2,17814.76077586207,116,-10797.990775862068,0,0.5
126,user_12,48148.48,2026-08-13 20:42:11.153465,Paytm,refund,Chennai,Android,0,20,3,2,0,1,0,52530.11026548673,113,-4381.630265486725,0,0.1
127,user_7,44826.07,2026-08-05 15:27:48.153465,Amazon,request,Mumbai,iOS,0,15,47,0,1,3,2,60187.18528,125,-15361.115279999998,0,0.5
128,user_18,2446.65,2026-08-09 08:16:57.153465,Walmart,request,Pune,Android,0,8,9,4,1,4,0,4267.170924369748,119,-1820.5209243697477,0,0.1
129,user_2,50225.74,2026-08-12 19:33:13.153465,Walmart,send,Chennai,iOS,0,19,11,4,2,1,2,47401.46406779661,118,2824.275932203389,0,0.5
130,user_11,324.6,2026-09-17 07:16:53.153465,Swiggy,send,Pune,Android,0,7,2,3,2,4,0,3819.240342465753,146,-3494.6403424657533,0,0.1
131,user_43,11104.94,2026-08-27 11:28:42.153465,Flipkart,send,Delhi,iOS,0,11,37,1,2,2,2,15429.552764227643,123,-4324.612764227642,0,0.5
132,user_40,6172.71,2026-09-15 01:16:10.153465,Amazon,send,Bangalore,Web,0,1,34,0,2,0,1,18950.453564356438,101,-12777.743564356439,1,0.2
133,user_46,1621.91,2026-07-26 18:50:52.153465,Walmart,refund,Delhi,Android,0,18,40,4,0,2,0,4824.613684210526,133,-3202.7036842105263,0,0.1
134,user_24,18967.87,2026-08-08 00:26:36.153465,Amazon,send,Chennai,Android,0,0,16,0,2,1,0,20664.321171875,128,-1696.451171875,1,0.1
135,user_50,835.85,2026-09-17 08:19:24.153465,Paytm,send,Delhi,iOS,0,8,45,2,2,2,2,4276.488269230769,104,-3440.6382692307693,0,0.5
136,user_28,4984.21,2026-08-06 13:25:34.153465,Amazon,refund,Pune,Android,0,13,20,0,0,4,0,4678.404529914529,117,305.8054700854709,0,0.1
137,user_8,1100.11,2026-09-17 14:19:02.153465,Flipkart,send,Delhi,Web,0,14,48,1,2,2,1,4162.542654867257,113,-3062.432654867257,0,0.2
138,user_24,5912.41,2026-07-27 14:46:18.153465,Swiggy,request,Chennai,iOS,0,14,16,3,1,1,2,20664.321171875,128,-14751.911171875,0,0.5
139,user_46,1698.23,2026-08-04 05:53:24.153465,Paytm,send,Pune,iOS,1,5,40,2,2,4,2,4824.613684210526,133,-3126.383684210526,1,0.5
140,user_42,3997.41,2026-07-27 22:36:34.153465,Amazon,send,Pune,Android,0,22,36,0,2,4,0,4749.498305084746,118,-752.088305084746,0,0.1
141,user_32,3524.23,2026-09-15 15:26:57.153465,Zomato,request,Bangalore,Android,0,15,25,5,1,0,0,3596.741,130,-72.51099999999997,0,0.1
142,user_38,15743.67,2026-08-26 15:53:10.153465,Zomato,request,Delhi,Web,0,15,31,5,1,2,1,17814.76077586207,116,-2071.0907758620688,0,0.2
143,user_37,7427.38,2026-08-04 02:03:50.153465,Zomato,request,Pune,iOS,0,2,30,5,1,4,2,15907.096030534352,131,-8479.716030534353,1,0.5
144,user_22,6298.62,2026-09-10 23:48:02.153465,Walmart,request,Pune,Android,1,23,14,4,1,4,0,18343.150086206897,116,-12044.530086206898,0,0.1
145,user_22,15171.24,2026-08-26 00:45:02.153465,Walmart,request,Mumbai,Web,0,0,14,4,1,3,1,18343.150086206897,116,-3171.910086206897,1,0.2
146,user_16,495.11,2026-09-13 03:15:40.153465,Zomato,request,Mumbai,Android,0,3,7,5,1,3,0,3660.321525423729,118,-3165.2115254237287,1,0.1
147,user_33,1985.44,2026-07-30 06:56:52.153465,Amazon,refund,Delhi,iOS,0,6,26,0,0,2,2,3974.536484375,128,-1989.0964843749998,1,0.5
148,user_41,4941.87,2026-07-23 08:04:44.153465,Paytm,refund,Delhi,Web,1,8,35,2,0,2,1,4057.624609375,128,884.2453906249998,0,0.2
149,user_43,5063.87,2026-08-22 23:41:20.153465,Flipkart,send,Pune,Web,0,23,37,1,2,4,1,15429.552764227643,123,-10365.682764227644,0,0.2
150,user_48,10515.95,2026-07-31 21:30:15.153465,Swiggy,send,Pune,Android,1,21,42,3,2,4,0,4029.46368852459,122,6486.486311475411,0,0.1
151,user_43,5451.5,2026-09-17 06:38:43.153465,Zomato,refund,Delhi,Android,0,6,37,5,0,2,0,15429.552764227643,123,-9978.052764227643,1,0.1
152,user_35,35310.61,2026-08-15 11:48:38.153465,Zomato,refund,Bangalore,iOS,1,11,28,5,0,0,2,15800.978582677166,127,19509.631417322835,0,0.5
153,user_7,32546.41,2026-07-27 11:16:11.153465,Paytm,refund,Bangalore,iOS,0,11,47,2,0,0,2,60187.18528,125,-27640.775279999998,0,0.5
154,user_14,13414.16,2026-09-15 16:32:46.153465,Zomato,send,Pune,iOS,0,16,5,5,2,4,2,18284.780597014927,134,-4870.620597014928,0,0.5
155,user_16,3257.28,2026-08-19 00:22:16.153465,Walmart,refund,Chennai,Android,0,0,7,4,0,1,0,3660.321525423729,118,-403.0415254237287,1,0.1
156,user_24,6482.11,2026-08-05 07:37:18.153465,Paytm,request,Chennai,Web,0,7,16,2,1,1,1,20664.321171875,128,-14182.211171874998,0,0.2
157,user_37,17692.45,2026-07-29 12:21:03.153465,Amazon,send,Mumbai,Android,0,12,30,0,2,3,0,15907.096030534352,131,1785.3539694656483,0,0.1
158,user_41,1525.34,2026-08-11 13:10:21.153465,Zomato,request,Pune,iOS,0,13,35,5,1,4,2,4057.624609375,128,-2532.2846093750004,0,0.5
159,user_21,2815.93,2026-08-12 08:04:26.153465,Flipkart,refund,Delhi,Android,0,8,13,1,0,2,0,4244.438115942029,138,-1428.5081159420292,0,0.1
160,user_40,12092.29,2026-07-30 10:28:47.153465,Zomato,refund,Chennai,iOS,0,10,34,5,0,1,2,18950.453564356438,101,-6858.163564356437,0,0.5
161,user_4,4457.76,2026-08-09 21:05:59.153465,Flipkart,refund,Delhi,Android,0,21,33,1,0,2,0,4960.130344827586,116,-502.37034482758554,0,0.1
162,user_30,10274.09,2026-09-16 06:47:32.153465,Zomato,request,Pune,iOS,0,6,23,5,1,4,2,20780.866470588233,119,-10506.776470588233,1,0.5
163,user_7,25217.92,2026-07-29 23:06:52.153465,Zomato,send,Pune,Android,0,23,47,5,2,4,0,60187.18528,125,-34969.26528,0,0.1
164,user_19,2791.54,2026-08-09 12:10:53.153465,Amazon,send,Bangalore,Android,0,12,10,0,2,0,0,3644.202786885246,122,-852.6627868852461,0,0.1
165,user_45,3275.81,2026-09-13 23:05:59.153465,Zomato,refund,Bangalore,Android,0,23,39,5,0,0,0,3748.3989344262295,122,-472.58893442622957,0,0.1
166,user_38,7145.98,2026-08-31 01:39:35.153465,Walmart,refund,Delhi,iOS,1,1,31,4,0,2,2,17814.76077586207,116,-10668.78077586207,1,0.5
167,user_15,9318.96,2026-09-02 00:10:48.153465,Zomato,refund,Chennai,iOS,0,0,6,5,0,1,2,17357.696608695653,115,-8038.736608695654,1,0.5
168,user_1,27192.55,2026-08-05 16:58:41.153465,Walmart,refund,Pune,iOS,1,16,0,4,0,4,2,4037.2688695652173,115,23155.28113043478,0,0.5
169,user_39,506.91,2026-09-10 06:35:05.153465,Walmart,request,Mumbai,iOS,0,6,32,4,1,3,2,4488.573909090909,110,-3981.6639090909093,1,0.5
170,user_6,3947.12,2026-08-12 21:01:31.153465,Walmart,send,Bangalore,iOS,0,21,46,4,2,0,2,3699.0514728682174,129,248.0685271317825,0,0.5
171,user_31,3344.62,2026-08-04 14:17:39.153465,Flipkart,refund,Bangalore,iOS,0,14,24,1,0,0,2,4894.9887499999995,96,-1550.3687499999996,0,0.5
172,user_7,51205.29,2026-08-05 13:27:15.153465,Swiggy,send,Delhi,Android,0,13,47,3,2,2,0,60187.18528,125,-8981.895279999997,0,0.1
173,user_46,600.69,2026-08-08 15:25:25.153465,Walmart,request,Delhi,Web,0,15,40,4,1,2,1,4824.613684210526,133,-4223.923684210526,0,0.2
174,user_22,11491.1,2026-09-13 15:35:44.153465,Flipkart,request,Bangalore,Web,0,15,14,1,1,0,1,18343.150086206897,116,-6852.050086206897,0,0.2
175,user_24,140201.98,2026-09-08 02:49:30.153465,Walmart,refund,Bangalore,Web,1,2,16,4,0,0,1,20664.321171875,128,119537.65882812502,1,0.2
176,user_3,43789.6,2026-07-27 19:41:22.153465,Zomato,send,Mumbai,Web,0,19,22,5,2,3,1,51628.90211538462,104,-7839.30211538462,0,0.2
177,user_19,3940.91,2026-08-23 15:49:55.153465,Swiggy,request,Pune,Android,0,15,10,3,1,4,0,3644.202786885246,122,296.7072131147538,0,0.1
178,user_34,3633.29,2026-08-12 03:00:55.153465,Swiggy,request,Mumbai,Android,0,3,27,3,1,3,0,4524.1720000000005,120,-890.8820000000005,1,0.1
179,user_28,3590.2,2026-08-13 18:30:03.153465,Zomato,send,Delhi,Android,0,18,20,5,2,2,0,4678.404529914529,117,-1088.2045299145293,0,0.1
180,user_49,12079.46,2026-09-03 07:57:17.153465,Amazon,send,Chennai,iOS,0,7,43,0,2,1,2,19333.43277227723,101,-7253.9727722772295,0,0.5
181,user_1,2773.18,2026-08-07 05:00:54.153465,Amazon,send,Bangalore,Web,0,5,0,0,2,0,1,4037.2688695652173,115,-1264.0888695652175,1,0.2
182,user_40,10336.14,2026-08-13 09:45:55.153465,Walmart,send,Bangalore,Android,0,9,34,4,2,0,0,18950.453564356438,101,-8614.313564356438,0,0.1
183,user_24,15524.52,2026-09-03 21:22:31.153465,Paytm,request,Pune,iOS,0,21,16,2,1,4,2,20664.321171875,128,-5139.8011718749985,0,0.5
184,user_9,9603.38,2026-09-14 12:37:49.153465,Paytm,refund,Bangalore,iOS,1,12,49,2,0,0,2,4747.313999999999,110,4856.066,0,0.5
185,user_10,262.27,2026-07-26 18:25:10.153465,Paytm,send,Bangalore,Android,0,18,1,2,2,0,0,4115.205169491525,118,-3852.9351694915254,0,0.1
186,user_6,4203.36,2026-08-06 20:22:02.153465,Amazon,refund,Delhi,Android,1,20,46,0,0,2,0,3699.0514728682174,129,504.3085271317823,0,0.1
187,user_44,32403.16,2026-08-18 23:55:19.153465,Zomato,send,Pune,Web,1,23,38,5,2,4,1,17327.384636363637,110,15075.775363636363,0,0.2
188,user_38,6214.37,2026-09-11 17:00:31.153465,Amazon,request,Bangalore,iOS,0,17,31,0,1,0,2,17814.76077586207,116,-11600.39077586207,0,0.5
189,user_12,22620.31,2026-08-26 16:32:54.153465,Amazon,refund,Pune,iOS,0,16,3,0,0,4,2,52530.11026548673,113,-29909.800265486727,0,0.5
190,user_43,5288.27,2026-09-10 18:37:46.153465,Zomato,send,Delhi,iOS,0,18,37,5,2,2,2,15429.552764227643,123,-10141.282764227642,0,0.5
191,user_35,57426.95,2026-07-30 02:13:48.153465,Walmart,request,Chennai,Android,1,2,28,4,1,1,0,15800.978582677166,127,41625.97141732283,1,0.1
192,user_27,10852.55,2026-07-25 06:15:10.153465,Amazon,refund,Bangalore,iOS,0,6,19,0,0,0,2,18537.69881355932,118,-7685.148813559321,1,0.5
193,user_26,2156.19,2026-08-15 16:50:59.153465,Swiggy,send,Pune,Android,0,16,18,3,2,4,0,4396.555663716814,113,-2240.3656637168137,0,0.1
194,user_12,17405.28,2026-09-19 12:43:59.153465,Walmart,request,Mumbai,Web,0,12,3,4,1,3,1,52530.11026548673,113,-35124.83026548673,0,0.2
195,user_23,12630.73,2026-08-19 07:26:36.153465,Flipkart,request,Mumbai,iOS,0,7,15,1,1,3,2,21876.48723880597,134,-9245.75723880597,0,0.5
196,user_20,34641.79,2026-08-06 12:27:49.153465,Paytm,refund,Pune,Android,0,12,12,2,0,4,0,19935.082280701754,114,14706.707719298247,0,0.1
197,user_25,892.68,2026-07-26 00:34:36.153465,Amazon,refund,Pune,Android,0,0,17,0,0,4,0,3615.32544,125,-2722.6454400000002,1,0.1
198,user_21,10843.8,2026-08-03 03:28:36.153465,Swiggy,send,Bangalore,iOS,1,3,13,3,2,0,2,4244.438115942029,138,6599.36188405797,1,0.5
199,user_21,3543.42,2026-08-23 01:46:55.153465,Amazon,refund,Delhi,Android,0,1,13,0,0,2,0,4244.438115942029,138,-701.018115942029,1,0.1
200,user_35,15682.75,2026-09-05 05:06:00.153465,Swiggy,send,Delhi,Android,0,5,28,3,2,2,0,15800.978582677166,127,-118.22858267716583,1,0.1
201,user_46,3782.88,2026-09-07 09:35:29.153465,Paytm,send,Delhi,iOS,0,9,40,2,2,2,2,4824.613684210526,133,-1041.733684210526,0,0.5
202,user_27,6075.56,2026-08-15 06:47:09.153465,Paytm,request,Chennai,Web,0,6,19,2,1,1,1,18537.69881355932,118,-12462.138813559319,1,0.2
203,user_46,556.13,2026-07-24 05:44:13.153465,Swiggy,request,Delhi,iOS,0,5,40,3,1,2,2,4824.613684210526,133,-4268.483684210526,1,0.5
204,user_33,13140.87,2026-08-28 06:40:44.153465,Flipkart,refund,Chennai,Web,1,6,26,1,0,1,1,3974.536484375,128,9166.333515625001,1,0.2
205,user_18,252.03,2026-08-29 08:18:30.153465,Swiggy,send,Bangalore,Web,0,8,9,3,2,0,1,4267.170924369748,119,-4015.1409243697476,0,0.2
206,user_39,4989.46,2026-07-22 08:11:57.153465,Walmart,refund,Bangalore,Web,0,8,32,4,0,0,1,4488.573909090909,110,500.88609090909085,0,0.2
207,user_30,5696.95,2026-08-01 14:08:24.153465,Amazon,send,Bangalore,Web,1,14,23,0,2,0,1,20780.866470588233,119,-15083.916470588232,0,0.2
208,user_7,21001.7,2026-09-05 19:19:03.153465,Swiggy,request,Pune,Web,0,19,47,3,1,4,1,60187.18528,125,-39185.48527999999,0,0.2
209,user_20,9326.01,2026-09-11 23:01:54.153465,Walmart,request,Mumbai,Web,1,23,12,4,1,3,1,19935.082280701754,114,-10609.072280701754,0,0.2
210,user_45,4830.66,2026-08-13 17:51:24.153465,Walmart,refund,Chennai,Web,1,17,39,4,0,1,1,3748.3989344262295,122,1082.2610655737703,0,0.2
211,user_23,17845.01,2026-08-24 05:51:33.153465,Paytm,refund,Mumbai,Android,0,5,15,2,0,3,0,21876.48723880597,134,-4031.477238805972,1,0.1
212,user_6,3213.07,2026-09-07 20:56:45.153465,Zomato,send,Chennai,Web,0,20,46,5,2,1,1,3699.0514728682174,129,-485.9814728682172,0,0.2
213,user_19,1588.46,2026-09-19 02:28:07.153465,Paytm,refund,Pune,iOS,0,2,10,2,0,4,2,3644.202786885246,122,-2055.742786885246,1,0.5
214,user_2,50018.52,2026-08-19 06:14:03.153465,Paytm,refund,Delhi,Android,0,6,11,2,0,2,0,47401.46406779661,118,2617.055932203388,1,0.1
215,user_3,155908.35,2026-08-05 20:46:08.153465,Amazon,request,Pune,Web,1,20,22,0,1,4,1,51628.90211538462,104,104279.4478846154,0,0.2
216,user_38,10940.32,2026-07-26 19:54:27.153465,Swiggy,send,Bangalore,Android,1,19,31,3,2,0,0,17814.76077586207,116,-6874.440775862069,0,0.1
217,user_38,11948.2,2026-07-22 18:27:26.153465,Walmart,request,Mumbai,Web,0,18,31,4,1,3,1,17814.76077586207,116,-5866.560775862068,0,0.2
218,user_14,13278.58,2026-09-18 04:24:20.153465,Amazon,send,Pune,Android,0,4,5,0,2,4,0,18284.780597014927,134,-5006.200597014928,1,0.1
219,user_44,15543.59,2026-08-06 23:31:49.153465,Zomato,send,Bangalore,iOS,0,23,38,5,2,0,2,17327.384636363637,110,-1783.7946363636365,0,0.5
220,user_21,1739.72,2026-08-13 21:04:00.153465,Amazon,refund,Bangalore,iOS,0,21,13,0,0,0,2,4244.438115942029,138,-2504.718115942029,0,0.5
221,user_29,1378.88,2026-07-28 00:19:25.153465,Swiggy,request,Delhi,Android,0,0,21,3,1,2,0,4165.22631147541,122,-2786.3463114754095,1,0.1
222,user_23,8516.93,2026-08-27 03:57:45.153465,Amazon,send,Bangalore,Web,0,3,15,0,2,0,1,21876.48723880597,134,-13359.55723880597,1,0.2
223,user_3,59398.71,2026-09-07 07:44:29.153465,Flipkart,send,Chennai,Web,0,7,22,1,2,1,1,51628.90211538462,104,7769.80788461538,0,0.2
224,user_7,24809.69,2026-09-03 19:09:20.153465,Zomato,refund,Delhi,iOS,0,19,47,5,0,2,2,60187.18528,125,-35377.49528,0,0.5
225,user_9,2295.8,2026-08-17 04:59:43.153465,Swiggy,send,Delhi,Android,0,4,49,3,2,2,0,4747.313999999999,110,-2451.513999999999,1,0.1
226,user_50,3740.81,2026-09-09 21:38:55.153465,Walmart,refund,Pune,Android,0,21,45,4,0,4,0,4276.488269230769,104,-535.6782692307693,0,0.1
227,user_6,3038.22,2026-08-20 19:25:00.153465,Zomato,refund,Chennai,iOS,0,19,46,5,0,1,2,3699.0514728682174,129,-660.8314728682176,0,0.5
228,user_11,4229.23,2026-08-22 22:16:16.153465,Swiggy,send,Mumbai,iOS,0,22,2,3,2,3,2,3819.240342465753,146,409.98965753424636,0,0.5
229,user_28,2533.44,2026-07-31 10:32:06.153465,Zomato,request,Delhi,Android,0,10,20,5,1,2,0,4678.404529914529,117,-2144.964529914529,0,0.1
230,user_34,600.26,2026-09-18 00:23:57.153465,Walmart,request,Mumbai,Android,0,0,27,4,1,3,0,4524.1720000000005,120,-3923.9120000000003,1,0.1
231,user_41,3487.31,2026-09-15 01:58:22.153465,Flipkart,request,Bangalore,iOS,0,1,35,1,1,0,2,4057.624609375,128,-570.3146093750001,1,0.5
232,user_25,11024.47,2026-07-21 17:12:10.153465,Walmart,send,Pune,iOS,0,17,17,4,2,4,2,3615.32544,125,7409.144559999999,0,0.5
233,user_13,5493.85,2026-08-31 04:51:08.153465,Amazon,refund,Delhi,iOS,0,4,4,0,0,2,2,16363.8575,124,-10870.0075,1,0.5
234,user_41,1009.25,2026-08-21 07:12:31.153465,Amazon,refund,Chennai,Android,0,7,35,0,0,1,0,4057.624609375,128,-3048.374609375,0,0.1
235,user_32,1587.61,2026-07-31 17:54:45.153465,Flipkart,send,Mumbai,Android,0,17,25,1,2,3,0,3596.741,130,-2009.131,0,0.1
236,user_5,39746.01,2026-09-12 08:08:37.153465,Amazon,send,Mumbai,Web,1,8,44,0,2,3,1,21765.65124031008,129,17980.358759689923,0,0.2
237,user_9,2826.43,2026-08-17 23:10:08.153465,Zomato,request,Delhi,Web,0,23,49,5,1,2,1,4747.313999999999,110,-1920.8839999999996,0,0.2
238,user_43,14644.6,2026-09-05 14:23:32.153465,Flipkart,refund,Bangalore,Web,0,14,37,1,0,0,1,15429.552764227643,123,-784.9527642276425,0,0.2
239,user_31,4055.09,2026-09-10 23:57:03.153465,Flipkart,send,Delhi,Android,0,23,24,1,2,2,0,4894.9887499999995,96,-839.8987499999994,0,0.1
240,user_21,3027.05,2026-09-16 06:06:15.153465,Paytm,request,Delhi,Android,0,6,13,2,1,2,0,4244.438115942029,138,-1217.388115942029,1,0.1
241,user_31,3955.99,2026-08-17 20:14:29.153465,Amazon,request,Pune,Web,0,20,24,0,1,4,1,4894.9887499999995,96,-938.9987499999997,0,0.2
242,user_11,1537.58,2026-08-24 00:36:14.153465,Amazon,refund,Delhi,Android,0,0,2,0,0,2,0,3819.240342465753,146,-2281.6603424657533,1,0.1
243,user_49,18206.32,2026-08-12 13:04:24.153465,Flipkart,send,Mumbai,iOS,0,13,43,1,2,3,2,19333.43277227723,101,-1127.112772277229,0,0.5
244,user_10,2682.16,2026-08-20 05:05:43.153465,Zomato,refund,Mumbai,Android,0,5,1,5,0,3,0,4115.205169491525,118,-1433.0451694915255,1,0.1
245,user_34,1081.78,2026-08-24 08:55:45.153465,Zomato,send,Bangalore,Android,0,8,27,5,2,0,0,4524.1720000000005,120,-3442.3920000000007,0,0.1
246,user_10,2427.63,2026-09-04 09:23:33.153465,Paytm,send,Pune,iOS,0,9,1,2,2,4,2,4115.205169491525,118,-1687.5751694915252,0,0.5
247,user_49,15643.96,2026-07-29 23:14:51.153465,Walmart,send,Delhi,iOS,0,23,43,4,2,2,2,19333.43277227723,101,-3689.4727722772295,0,0.5
248,user_11,1960.04,2026-08-18 18:42:35.153465,Walmart,refund,Pune,iOS,0,18,2,4,0,4,2,3819.240342465753,146,-1859.2003424657532,0,0.5
249,user_35,11368.49,2026-09-14 11:22:16.153465,Walmart,refund,Pune,Web,0,11,28,4,0,4,1,15800.978582677166,127,-4432.488582677166,0,0.2
250,user_38,19018.25,2026-08-16 13:41:58.153465,Zomato,request,Bangalore,Web,1,13,31,5,1,0,1,17814.76077586207,116,1203.4892241379312,0,0.2
251,user_49,10158.04,2026-08-18 02:10:13.153465,Amazon,request,Mumbai,Android,0,2,43,0,1,3,0,19333.43277227723,101,-9175.392772277228,1,0.1
252,user_19,3379.38,2026-09-11 05:38:38.153465,Amazon,send,Mumbai,Web,0,5,10,0,2,3,1,3644.202786885246,122,-264.82278688524593,1,0.2
253,user_41,4211.22,2026-09-13 19:44:55.153465,Swiggy,request,Chennai,Android,1,19,35,3,1,1,0,4057.624609375,128,153.59539062500016,0,0.1
254,user_9,2468.43,2026-08-22 11:26:03.153465,Zomato,send,Mumbai,Web,1,11,49,5,2,3,1,4747.313999999999,110,-2278.8839999999996,0,0.2
255,user_35,5972.41,2026-08-05 12:01:04.153465,Walmart,refund,Chennai,Web,0,12,28,4,0,1,1,15800.978582677166,127,-9828.568582677166,0,0.2
256,user_36,4398.9,2026-07-21 21:02:12.153465,Flipkart,refund,Pune,iOS,1,21,29,1,0,4,2,4483.898691588785,107,-84.99869158878573,0,0.5
257,user_13,5304.08,2026-08-11 15:22:59.153465,Walmart,send,Delhi,Web,0,15,4,4,2,2,1,16363.8575,124,-11059.7775,0,0.2
258,user_48,36484.98,2026-07-25 03:16:08.153465,Paytm,refund,Delhi,Android,1,3,42,2,0,2,0,4029.46368852459,122,32455.516311475414,1,0.1
259,user_26,4097.71,2026-07-26 00:45:48.153465,Amazon,send,Delhi,Android,0,0,18,0,2,2,0,4396.555663716814,113,-298.84566371681376,1,0.1
260,user_50,1175.5,2026-09-14 05:24:08.153465,Flipkart,request,Mumbai,Web,0,5,45,1,1,3,1,4276.488269230769,104,-3100.988269230769,1,0.2
261,user_37,17189.3,2026-09-12 08:44:32.153465,Amazon,request,Pune,Web,1,8,30,0,1,4,1,15907.096030534352,131,1282.2039694656469,0,0.2
262,user_44,19703.54,2026-09-07 21:33:42.153465,Zomato,send,Mumbai,iOS,0,21,38,5,2,3,2,17327.384636363637,110,2376.155363636364,0,0.5
263,user_50,1562.99,2026-09-18 01:41:45.153465,Walmart,send,Delhi,Android,0,1,45,4,2,2,0,4276.488269230769,104,-2713.4982692307694,1,0.1
264,user_32,3088.18,2026-09-04 09:42:20.153465,Walmart,send,Mumbai,Web,0,9,25,4,2,3,1,3596.741,130,-508.56100000000015,0,0.2
265,user_33,2104.22,2026-08-24 23:55:42.153465,Swiggy,refund,Mumbai,Web,0,23,26,3,0,3,1,3974.536484375,128,-1870.316484375,0,0.2
266,user_11,2815.47,2026-07-24 04:43:59.153465,Swiggy,refund,Pune,Android,1,4,2,3,0,4,0,3819.240342465753,146,-1003.7703424657534,1,0.1
267,user_26,2441.31,2026-08-12 00:19:02.153465,Zomato,send,Chennai,Web,0,0,18,5,2,1,1,4396.555663716814,113,-1955.2456637168139,1,0.2
268,user_11,2235.18,2026-07-27 13:44:36.153465,Walmart,send,Chennai,Web,0,13,2,4,2,1,1,3819.240342465753,146,-1584.0603424657534,0,0.2
269,user_18,964.84,2026-08-01 17:16:58.153465,Paytm,refund,Mumbai,Android,0,17,9,2,0,3,0,4267.170924369748,119,-3302.3309243697477,0,0.1
270,user_22,47916.33,2026-08-26 20:18:06.153465,Zomato,refund,Bangalore,iOS,1,20,14,5,0,0,2,18343.150086206897,116,29573.179913793105,0,0.5
271,user_25,4424.63,2026-09-04 20:20:47.153465,Swiggy,send,Delhi,Android,0,20,17,3,2,2,0,3615.32544,125,809.30456,0,0.1
272,user_5,19453.27,2026-07-22 23:57:50.153465,Zomato,send,Chennai,Android,0,23,44,5,2,1,0,21765.65124031008,129,-2312.3812403100783,0,0.1
273,user_39,2212.53,2026-09-12 00:46:23.153465,Walmart,request,Chennai,iOS,0,0,32,4,1,1,2,4488.573909090909,110,-2276.043909090909,1,0.5
274,user_28,4774.14,2026-08-28 03:40:24.153465,Paytm,request,Bangalore,Web,1,3,20,2,1,0,1,4678.404529914529,117,95.7354700854712,1,0.2
275,user_20,8129.14,2026-08-23 14:33:21.153465,Walmart,send,Delhi,Android,0,14,12,4,2,2,0,19935.082280701754,114,-11805.942280701754,0,0.1
276,user_11,2677.81,2026-08-22 00:50:32.153465,Zomato,refund,Mumbai,iOS,0,0,2,5,0,3,2,3819.240342465753,146,-1141.4303424657533,1,0.5
277,user_36,10440.15,2026-09-07 03:32:46.153465,Walmart,send,Delhi,Android,1,3,29,4,2,2,0,4483.898691588785,107,5956.251308411214,1,0.1
278,user_18,1980.41,2026-08-02 23:53:36.153465,Zomato,request,Bangalore,Web,0,23,9,5,1,0,1,4267.170924369748,119,-2286.760924369748,0,0.2
279,user_29,1809.29,2026-07-31 11:09:50.153465,Flipkart,refund,Mumbai,Web,0,11,21,1,0,3,1,4165.22631147541,122,-2355.9363114754096,0,0.2
280,user_21,3167.49,2026-08-03 19:24:16.153465,Walmart,refund,Bangalore,Web,0,19,13,4,0,0,1,4244.438115942029,138,-1076.9481159420293,0,0.2
281,user_44,16476.6,2026-08-01 08:35:48.153465,Walmart,refund,Chennai,Web,0,8,38,4,0,1,1,17327.384636363637,110,-850.7846363636381,0,0.2
282,user_11,4457.25,2026-07-31 05:38:01.153465,Zomato,request,Chennai,iOS,0,5,2,5,1,1,2,3819.240342465753,146,638.0096575342468,1,0.5
283,user_4,4576.73,2026-08-01 04:07:09.153465,Swiggy,refund,Mumbai,Web,0,4,33,3,0,3,1,4960.130344827586,116,-383.4003448275862,1,0.2
284,user_32,4143.67,2026-08-02 09:06:50.153465,Paytm,request,Chennai,Android,0,9,25,2,1,1,0,3596.741,130,546.9290000000001,0,0.1
285,user_41,3848.73,2026-09-01 21:58:38.153465,Swiggy,send,Delhi,Android,0,21,35,3,2,2,0,4057.624609375,128,-208.89460937500007,0,0.1
286,user_2,56900.18,2026-08-30 17:02:55.153465,Amazon,send,Delhi,iOS,0,17,11,0,2,2,2,47401.46406779661,118,9498.715932203391,0,0.5
287,user_31,9204.9,2026-09-03 23:01:00.153465,Walmart,request,Chennai,Android,1,23,24,4,1,1,0,4894.9887499999995,96,4309.91125,0,0.1
288,user_15,18676.57,2026-08-20 05:58:53.153465,Zomato,send,Bangalore,Android,0,5,6,5,2,0,0,17357.696608695653,115,1318.873391304347,1,0.1
289,user_32,3901.69,2026-08-17 02:31:24.153465,Zomato,refund,Delhi,iOS,0,2,25,5,0,2,2,3596.741,130,304.94900000000007,1,0.5
290,user_47,8634.79,2026-08-24 17:36:12.153465,Walmart,refund,Bangalore,Web,1,17,41,4,0,0,1,3883.282635658915,129,4751.507364341086,0,0.2
291,user_36,3287.75,2026-08-13 22:23:40.153465,Zomato,refund,Delhi,Android,0,22,29,5,0,2,0,4483.898691588785,107,-1196.1486915887854,0,0.1
292,user_21,3990.28,2026-08-03 09:29:28.153465,Amazon,request,Chennai,Android,0,9,13,0,1,1,0,4244.438115942029,138,-254.15811594202887,0,0.1
293,user_20,9848.83,2026-09-07 11:59:42.153465,Amazon,send,Delhi,iOS,0,11,12,0,2,2,2,19935.082280701754,114,-10086.252280701754,0,0.5
294,user_8,4914.36,2026-08-23 18:06:02.153465,Amazon,refund,Delhi,iOS,0,18,48,0,0,2,2,4162.542654867257,113,751.817345132743,0,0.5
295,user_9,4363.34,2026-08-17 18:48:08.153465,Amazon,refund,Mumbai,iOS,1,18,49,0,0,3,2,4747.313999999999,110,-383.97399999999925,0,0.5
296,user_4,256.85,2026-08-09 19:15:56.153465,Swiggy,send,Bangalore,Web,0,19,33,3,2,0,1,4960.130344827586,116,-4703.280344827585,0,0.2
297,user_39,32076.96,2026-09-13 07:15:59.153465,Flipkart,send,Chennai,iOS,1,7,32,1,2,1,2,4488.573909090909,110,27588.38609090909,0,0.5
298,user_7,53476.15,2026-07-29 06:28:12.153465,Flipkart,refund,Mumbai,Android,1,6,47,1,0,3,0,60187.18528,125,-6711.035279999996,1,0.1
299,user_44,17231.62,2026-08-08 13:41:10.153465,Swiggy,request,Delhi,Web,0,13,38,3,1,2,1,17327.384636363637,110,-95.76463636363769,0,0.2
300,user_45,4114.03,2026-09-04 23:08:47.153465,Amazon,send,Delhi,iOS,0,23,39,0,2,2,2,3748.3989344262295,122,365.63106557377023,0,0.5
301,user_36,492.33,2026-08-10 04:46:23.153465,Zomato,send,Delhi,Android,0,4,29,5,2,2,0,4483.898691588785,107,-3991.5686915887854,1,0.1
302,user_33,375.77,2026-09-06 05:06:30.153465,Swiggy,send,Mumbai,Android,0,5,26,3,2,3,0,3974.536484375,128,-3598.766484375,1,0.1
303,user_46,2727.41,2026-09-07 18:18:22.153465,Paytm,refund,Chennai,iOS,0,18,40,2,0,1,2,4824.613684210526,133,-2097.2036842105263,0,0.5
304,user_14,12533.08,2026-08-16 17:37:51.153465,Amazon,refund,Delhi,Android,0,17,5,0,0,2,0,18284.780597014927,134,-5751.700597014928,0,0.1
305,user_23,19374.22,2026-08-24 09:40:46.153465,Flipkart,send,Mumbai,Android,0,9,15,1,2,3,0,21876.48723880597,134,-2502.267238805969,0,0.1
306,user_9,2963.39,2026-09-05 07:32:51.153465,Flipkart,refund,Pune,iOS,0,7,49,1,0,4,2,4747.313999999999,110,-1783.9239999999995,0,0.5
307,user_23,59960.94,2026-08-24 02:30:54.153465,Amazon,send,Pune,Web,1,2,15,0,2,4,1,21876.48723880597,134,38084.45276119403,1,0.2
308,user_7,22021.57,2026-08-27 21:21:02.153465,Flipkart,send,Delhi,Android,0,21,47,1,2,2,0,60187.18528,125,-38165.61528,0,0.1
309,user_12,138129.44,2026-09-05 21:20:33.153465,Paytm,send,Chennai,iOS,1,21,3,2,2,1,2,52530.11026548673,113,85599.32973451327,0,0.5
310,user_9,3018.75,2026-08-01 16:19:25.153465,Paytm,request,Delhi,Android,0,16,49,2,1,2,0,4747.313999999999,110,-1728.5639999999994,0,0.1
311,user_1,4409.54,2026-09-08 21:43:45.153465,Paytm,refund,Bangalore,Android,0,21,0,2,0,0,0,4037.2688695652173,115,372.27113043478266,0,0.1
312,user_19,1656.17,2026-09-16 00:11:23.153465,Paytm,request,Pune,Android,0,0,10,2,1,4,0,3644.202786885246,122,-1988.032786885246,1,0.1
313,user_15,9969.25,2026-09-02 09:36:14.153465,Flipkart,request,Bangalore,Android,0,9,6,1,1,0,0,17357.696608695653,115,-7388.446608695653,0,0.1
314,user_8,3808.1,2026-08-02 14:53:53.153465,Paytm,request,Delhi,Web,0,14,48,2,1,2,1,4162.542654867257,113,-354.4426548672568,0,0.2
315,user_8,4502.97,2026-09-14 01:58:09.153465,Paytm,request,Delhi,Android,0,1,48,2,1,2,0,4162.542654867257,113,340.42734513274354,1,0.1
316,user_10,8242.62,2026-08-19 07:08:00.153465,Walmart,refund,Mumbai,iOS,0,7,1,4,0,3,2,4115.205169491525,118,4127.4148305084755,0,0.5
317,user_2,18999.42,2026-09-13 08:10:10.153465,Paytm,request,Bangalore,iOS,0,8,11,2,1,0,2,47401.46406779661,118,-28402.04406779661,0,0.5
318,user_8,3388.2,2026-07-23 22:11:07.153465,Amazon,refund,Delhi,iOS,0,22,48,0,0,2,2,4162.542654867257,113,-774.3426548672569,0,0.5
319,user_45,538.66,2026-08-03 00:57:00.153465,Amazon,refund,Chennai,Web,1,0,39,0,0,1,1,3748.3989344262295,122,-3209.7389344262297,1,0.2
320,user_50,1583.48,2026-09-19 00:27:31.153465,Zomato,request,Bangalore,Android,0,0,45,5,1,0,0,4276.488269230769,104,-2693.008269230769,1,0.1
321,user_33,1626.95,2026-09-11 06:47:51.153465,Zomato,refund,Bangalore,iOS,0,6,26,5,0,0,2,3974.536484375,128,-2347.5864843749996,1,0.5
322,user_29,457.82,2026-09-07 10:11:01.153465,Zomato,request,Mumbai,Web,0,10,21,5,1,3,1,4165.22631147541,122,-3707.4063114754094,0,0.2
323,user_34,2373.3,2026-08-21 11:01:01.153465,Swiggy,refund,Chennai,Android,1,11,27,3,0,1,0,4524.1720000000005,120,-2150.8720000000003,0,0.1
324,user_39,4090.68,2026-09-06 21:49:03.153465,Zomato,send,Chennai,Web,0,21,32,5,2,1,1,4488.573909090909,110,-397.89390909090935,0,0.2
325,user_14,7838.01,2026-09-11 20:19:17.153465,Zomato,request,Delhi,iOS,0,20,5,5,1,2,2,18284.780597014927,134,-10446.770597014927,0,0.5
326,user_31,2730.29,2026-07-26 12:42:39.153465,Paytm,send,Delhi,iOS,0,12,24,2,2,2,2,4894.9887499999995,96,-2164.6987499999996,0,0.5
327,user_20,13622.4,2026-09-07 13:26:39.153465,Flipkart,request,Chennai,iOS,0,13,12,1,1,1,2,19935.082280701754,114,-6312.682280701754,0,0.5
328,user_10,478.46,2026-07-25 13:03:32.153465,Paytm,refund,Mumbai,iOS,0,13,1,2,0,3,2,4115.205169491525,118,-3636.7451694915253,0,0.5
329,user_43,12353.04,2026-08-05 07:34:21.153465,Zomato,send,Delhi,Android,0,7,37,5,2,2,0,15429.552764227643,123,-3076.512764227642,0,0.1
330,user_9,1907.21,2026-08-06 14:01:41.153465,Flipkart,refund,Bangalore,Android,0,14,49,1,0,0,0,4747.313999999999,110,-2840.1039999999994,0,0.1
331,user_10,4702.98,2026-09-10 13:43:59.153465,Zomato,request,Mumbai,Web,1,13,1,5,1,3,1,4115.205169491525,118,587.7748305084742,0,0.2
332,user_22,7222.49,2026-08-10 12:02:24.153465,Swiggy,send,Chennai,Android,0,12,14,3,2,1,0,18343.150086206897,116,-11120.660086206897,0,0.1
333,user_46,937.98,2026-08-30 12:19:59.153465,Flipkart,request,Delhi,Web,1,12,40,1,1,2,1,4824.613684210526,133,-3886.633684210526,0,0.2
334,user_34,763.02,2026-09-03 13:35:56.153465,Flipkart,refund,Pune,Android,0,13,27,1,0,4,0,4524.1720000000005,120,-3761.1520000000005,0,0.1
335,user_45,914.0,2026-08-05 15:36:18.153465,Flipkart,send,Chennai,Android,0,15,39,1,2,1,0,3748.3989344262295,122,-2834.3989344262295,0,0.1
336,user_19,3877.28,2026-08-31 05:05:28.153465,Amazon,send,Mumbai,Android,0,5,10,0,2,3,0,3644.202786885246,122,233.07721311475416,1,0.1
337,user_16,1185.78,2026-08-05 09:25:10.153465,Flipkart,request,Mumbai,Android,0,9,7,1,1,3,0,3660.321525423729,118,-2474.5415254237287,0,0.1
338,user_11,4815.32,2026-08-03 18:09:09.153465,Flipkart,request,Chennai,Android,1,18,2,1,1,1,0,3819.240342465753,146,996.0796575342465,0,0.1
339,user_47,3581.5,2026-07-29 23:35:48.153465,Flipkart,send,Pune,Web,0,23,41,1,2,4,1,3883.282635658915,129,-301.78263565891484,0,0.2
340,user_41,3357.01,2026-08-23 19:04:15.153465,Flipkart,send,Chennai,Web,0,19,35,1,2,1,1,4057.624609375,128,-700.6146093749999,0,0.2
341,user_18,8622.61,2026-08-13 23:33:46.153465,Amazon,refund,Mumbai,Android,0,23,9,0,0,3,0,4267.170924369748,119,4355.439075630253,0,0.1
342,user_34,4033.1,2026-08-12 17:05:42.153465,Amazon,send,Bangalore,Android,0,17,27,0,2,0,0,4524.1720000000005,120,-491.07200000000057,0,0.1
343,user_9,3406.93,2026-08-12 08:23:15.153465,Walmart,refund,Delhi,Android,0,8,49,4,0,2,0,4747.313999999999,110,-1340.3839999999996,0,0.1
344,user_10,8457.86,2026-08-27 14:43:49.153465,Walmart,request,Pune,Android,1,14,1,4,1,4,0,4115.205169491525,118,4342.654830508475,0,0.1
345,user_5,13343.59,2026-08-22 15:29:14.153465,Zomato,request,Mumbai,Web,0,15,44,5,1,3,1,21765.65124031008,129,-8422.061240310079,0,0.2
346,user_39,4056.23,2026-08-05 05:34:00.153465,Swiggy,refund,Delhi,Web,0,5,32,3,0,2,1,4488.573909090909,110,-432.34390909090916,1,0.2
347,user_37,13499.93,2026-07-29 20:28:31.153465,Walmart,refund,Pune,Web,0,20,30,4,0,4,1,15907.096030534352,131,-2407.166030534352,0,0.2
348,user_17,2071.52,2026-08-30 19:02:06.153465,Walmart,request,Mumbai,iOS,0,19,8,4,1,3,2,4173.412348484848,132,-2101.892348484848,0,0.5
349,user_18,4961.17,2026-09-04 20:27:41.153465,Amazon,send,Mumbai,Web,0,20,9,0,2,3,1,4267.170924369748,119,693.9990756302523,0,0.2
350,user_2,46201.38,2026-08-03 01:38:38.153465,Amazon,refund,Chennai,Android,0,1,11,0,0,1,0,47401.46406779661,118,-1200.0840677966116,1,0.1
351,user_20,7124.99,2026-09-13 15:13:46.153465,Walmart,refund,Delhi,Web,0,15,12,4,0,2,1,19935.082280701754,114,-12810.092280701754,0,0.2
352,user_15,6364.73,2026-08-14 06:52:48.153465,Walmart,send,Pune,iOS,0,6,6,4,2,4,2,17357.696608695653,115,-10992.966608695653,1,0.5
353,user_11,22697.95,2026-08-15 01:21:21.153465,Amazon,refund,Chennai,Web,1,1,2,0,0,1,1,3819.240342465753,146,18878.709657534248,1,0.2
354,user_50,4066.37,2026-08-24 17:00:05.153465,Flipkart,send,Bangalore,Web,0,17,45,1,2,0,1,4276.488269230769,104,-210.11826923076933,0,0.2
355,user_22,12708.26,2026-09-13 14:00:05.153465,Amazon,refund,Mumbai,Web,0,14,14,0,0,3,1,18343.150086206897,116,-5634.890086206897,0,0.2
356,user_37,10335.04,2026-08-30 16:42:32.153465,Paytm,send,Pune,Web,0,16,30,2,2,4,1,15907.096030534352,131,-5572.0560305343515,0,0.2
357,user_17,1319.77,2026-08-21 01:42:38.153465,Swiggy,refund,Chennai,iOS,0,1,8,3,0,1,2,4173.412348484848,132,-2853.642348484848,1,0.5
358,user_24,15164.91,2026-08-05 02:20:51.153465,Flipkart,refund,Pune,Android,1,2,16,1,0,4,0,20664.321171875,128,-5499.411171874999,1,0.1
359,user_6,4641.31,2026-08-06 14:38:20.153465,Amazon,request,Delhi,iOS,1,14,46,0,1,2,2,3699.0514728682174,129,942.258527131783,0,0.5
360,user_14,17135.9,2026-09-16 01:42:43.153465,Zomato,refund,Bangalore,Android,0,1,5,5,0,0,0,18284.780597014927,134,-1148.880597014926,1,0.1
361,user_7,49400.58,2026-07-22 09:48:38.153465,Paytm,refund,Pune,iOS,0,9,47,2,0,4,2,60187.18528,125,-10786.605279999996,0,0.5
362,user_32,2247.52,2026-09-06 14:03:45.153465,Zomato,request,Delhi,iOS,0,14,25,5,1,2,2,3596.741,130,-1349.221,0,0.5
363,user_28,909.86,2026-07-26 08:57:01.153465,Zomato,request,Bangalore,iOS,0,8,20,5,1,0,2,4678.404529914529,117,-3768.544529914529,0,0.5
364,user_45,2725.03,2026-08-16 23:41:16.153465,Zomato,refund,Mumbai,Android,0,23,39,5,0,3,0,3748.3989344262295,122,-1023.3689344262293,0,0.1
365,user_46,4166.98,2026-07-24 01:46:52.153465,Walmart,send,Bangalore,Android,1,1,40,4,2,0,0,4824.613684210526,133,-657.6336842105266,1,0.1
366,user_21,1740.41,2026-08-14 16:36:22.153465,Flipkart,send,Pune,iOS,0,16,13,1,2,4,2,4244.438115942029,138,-2504.028115942029,0,0.5
367,user_2,44304.2,2026-08-18 09:50:21.153465,Amazon,request,Bangalore,Web,0,9,11,0,1,0,1,47401.46406779661,118,-3097.264067796612,0,0.2
368,user_2,42849.0,2026-08-13 22:16:50.153465,Walmart,request,Chennai,iOS,0,22,11,4,1,1,2,47401.46406779661,118,-4552.464067796609,0,0.5
369,user_5,7164.57,2026-07-29 02:40:18.153465,Paytm,send,Chennai,Android,0,2,44,2,2,1,0,21765.65124031008,129,-14601.081240310079,1,0.1
370,user_2,40619.08,2026-08-31 05:31:53.153465,Amazon,refund,Bangalore,iOS,0,5,11,0,0,0,2,47401.46406779661,118,-6782.384067796607,1,0.5
371,user_40,7004.45,2026-08-12 11:20:08.153465,Amazon,send,Pune,Android,0,11,34,0,2,4,0,18950.453564356438,101,-11946.003564356437,0,0.1
372,user_22,14482.56,2026-08-05 02:51:33.153465,Zomato,request,Pune,Web,0,2,14,5,1,4,1,18343.150086206897,116,-3860.5900862068975,1,0.2
373,user_33,1412.75,2026-09-17 02:54:46.153465,Flipkart,refund,Bangalore,iOS,0,2,26,1,0,0,2,3974.536484375,128,-2561.786484375,1,0.5
374,user_2,57812.95,2026-07-23 09:14:25.153465,Swiggy,send,Chennai,Android,0,9,11,3,2,1,0,47401.46406779661,118,10411.485932203388,0,0.1
375,user_43,13908.53,2026-08-14 11:47:24.153465,Flipkart,request,Bangalore,Android,0,11,37,1,1,0,0,15429.552764227643,123,-1521.0227642276423,0,0.1
376,user_32,261.47,2026-08-12 19:49:51.153465,Flipkart,send,Bangalore,Web,0,19,25,1,2,0,1,3596.741,130,-3335.2709999999997,0,0.2
377,user_15,10393.53,2026-08-12 04:32:29.153465,Zomato,send,Mumbai,Web,0,4,6,5,2,3,1,17357.696608695653,115,-6964.166608695652,1,0.2
378,user_40,5401.44,2026-08-18 00:25:45.153465,Paytm,refund,Pune,iOS,0,0,34,2,0,4,2,18950.453564356438,101,-13549.013564356439,1,0.5
379,user_22,13575.05,2026-07-28 00:21:15.153465,Swiggy,request,Pune,Web,0,0,14,3,1,4,1,18343.150086206897,116,-4768.100086206898,1,0.2
380,user_49,9571.44,2026-08-03 07:31:56.153465,Paytm,send,Delhi,iOS,0,7,43,2,2,2,2,19333.43277227723,101,-9761.992772277228,0,0.5
381,user_13,10813.57,2026-08-06 17:13:05.153465,Paytm,refund,Mumbai,iOS,0,17,4,2,0,3,2,16363.8575,124,-5550.2875,0,0.5
382,user_5,137718.1,2026-09-16 10:03:23.153465,Amazon,send,Pune,Android,1,10,44,0,2,4,0,21765.65124031008,129,115952.44875968993,0,0.1
383,user_12,155488.21,2026-08-15 10:08:27.153465,Walmart,refund,Chennai,Web,1,10,3,4,0,1,1,52530.11026548673,113,102958.09973451326,0,0.2
384,user_2,15786.97,2026-09-06 15:20:44.153465,Swiggy,refund,Delhi,iOS,0,15,11,3,0,2,2,47401.46406779661,118,-31614.494067796608,0,0.5
385,user_8,2021.5,2026-08-26 16:35:18.153465,Swiggy,request,Pune,Web,0,16,48,3,1,4,1,4162.542654867257,113,-2141.0426548672567,0,0.2
386,user_44,16448.48,2026-09-13 05:28:25.153465,Flipkart,send,Chennai,iOS,1,5,38,1,2,1,2,17327.384636363637,110,-878.9046363636371,1,0.5
387,user_23,7936.38,2026-08-04 07:06:03.153465,Zomato,refund,Mumbai,iOS,0,7,15,5,0,3,2,21876.48723880597,134,-13940.10723880597,0,0.5
388,user_13,53607.92,2026-08-01 07:34:20.153465,Amazon,send,Mumbai,Web,1,7,4,0,2,3,1,16363.8575,124,37244.0625,0,0.2
389,user_40,88047.94,2026-07-21 18:01:22.153465,Swiggy,refund,Pune,iOS,1,18,34,3,0,4,2,18950.453564356438,101,69097.48643564357,0,0.5
390,user_5,16460.71,2026-08-04 22:03:54.153465,Flipkart,send,Chennai,Web,0,22,44,1,2,1,1,21765.65124031008,129,-5304.94124031008,0,0.2
391,user_26,4082.27,2026-07-27 12:17:12.153465,Flipkart,send,Mumbai,Web,0,12,18,1,2,3,1,4396.555663716814,113,-314.2856637168138,0,0.2
392,user_4,2516.14,2026-09-19 13:47:40.153465,Paytm,request,Chennai,Web,0,13,33,2,1,1,1,4960.130344827586,116,-2443.990344827586,0,0.2
393,user_50,361.87,2026-08-07 14:51:07.153465,Paytm,request,Bangalore,iOS,0,14,45,2,1,0,2,4276.488269230769,104,-3914.6182692307693,0,0.5
394,user_14,7465.88,2026-08-21 22:58:25.153465,Amazon,request,Mumbai,Web,0,22,5,0,1,3,1,18284.780597014927,134,-10818.900597014926,0,0.2
395,user_36,3343.04,2026-07-30 05:17:08.153465,Paytm,request,Delhi,Web,0,5,29,2,1,2,1,4483.898691588785,107,-1140.8586915887854,1,0.2
396,user_45,1487.51,2026-09-13 20:57:33.153465,Swiggy,request,Chennai,iOS,0,20,39,3,1,1,2,3748.3989344262295,122,-2260.8889344262298,0,0.5
397,user_31,2242.42,2026-09-16 23:18:30.153465,Paytm,send,Chennai,Android,0,23,24,2,2,1,0,4894.9887499999995,96,-2652.5687499999995,0,0.1
398,user_45,3517.59,2026-08-14 01:53:02.153465,Swiggy,refund,Pune,iOS,0,1,39,3,0,4,2,3748.3989344262295,122,-230.80893442622937,1,0.5
399,user_50,4408.97,2026-08-20 11:03:03.153465,Zomato,request,Delhi,Android,0,11,45,5,1,2,0,4276.488269230769,104,132.48173076923104,0,0.1
400,user_39,3043.5,2026-08-06 17:16:56.153465,Zomato,refund,Pune,Web,1,17,32,5,0,4,1,4488.573909090909,110,-1445.0739090909092,0,0.2
401,user_26,1008.62,2026-08-03 07:26:09.153465,Flipkart,refund,Delhi,Web,1,7,18,1,0,2,1,4396.555663716814,113,-3387.935663716814,0,0.2
402,user_44,6841.45,2026-08-13 12:02:41.153465,Swiggy,request,Chennai,Android,0,12,38,3,1,1,0,17327.384636363637,110,-10485.934636363636,0,0.1
403,user_7,17359.51,2026-08-23 14:05:34.153465,Flipkart,refund,Chennai,Web,0,14,47,1,0,1,1,60187.18528,125,-42827.675279999996,0,0.2
404,user_25,2555.31,2026-09-09 03:11:54.153465,Paytm,request,Delhi,iOS,0,3,17,2,1,2,2,3615.32544,125,-1060.0154400000001,1,0.5
405,user_26,1290.11,2026-09-03 03:42:32.153465,Amazon,refund,Chennai,iOS,0,3,18,0,0,1,2,4396.555663716814,113,-3106.445663716814,1,0.5
406,user_35,18547.04,2026-07-26 12:08:16.153465,Amazon,send,Mumbai,iOS,0,12,28,0,2,3,2,15800.978582677166,127,2746.061417322835,0,0.5
407,user_5,17953.11,2026-09-18 00:04:59.153465,Swiggy,send,Delhi,iOS,0,0,44,3,2,2,2,21765.65124031008,129,-3812.541240310078,1,0.5
408,user_39,469.02,2026-09-12 02:58:12.153465,Paytm,request,Bangalore,Android,1,2,32,2,1,0,0,4488.573909090909,110,-4019.553909090909,1,0.1
409,user_17,3007.66,2026-08-02 03:36:15.153465,Walmart,send,Bangalore,Android,0,3,8,4,2,0,0,4173.412348484848,132,-1165.752348484848,1,0.1
410,user_25,3683.77,2026-08-19 15:17:31.153465,Walmart,refund,Delhi,Android,0,15,17,4,0,2,0,3615.32544,125,68.44455999999991,0,0.1
411,user_30,145706.51,2026-08-01 09:15:13.153465,Zomato,send,Chennai,iOS,1,9,23,5,2,1,2,20780.866470588233,119,124925.64352941178,0,0.5
412,user_12,49138.37,2026-08-11 02:35:45.153465,Swiggy,request,Pune,Android,0,2,3,3,1,4,0,52530.11026548673,113,-3391.7402654867255,1,0.1
413,user_10,789.91,2026-08-12 05:42:03.153465,Paytm,refund,Delhi,Android,0,5,1,2,0,2,0,4115.205169491525,118,-3325.2951694915255,1,0.1
414,user_1,884.72,2026-09-13 14:46:37.153465,Swiggy,send,Delhi,Web,0,14,0,3,2,2,1,4037.2688695652173,115,-3152.5488695652175,0,0.2
415,user_1,4709.6,2026-09-07 12:44:07.153465,Flipkart,send,Chennai,Web,1,12,0,1,2,1,1,4037.2688695652173,115,672.3311304347831,0,0.2
416,user_39,2893.28,2026-08-15 03:41:02.153465,Walmart,refund,Pune,Web,0,3,32,4,0,4,1,4488.573909090909,110,-1595.293909090909,1,0.2
417,user_38,42405.44,2026-08-12 16:06:38.153465,Flipkart,send,Pune,iOS,1,16,31,1,2,4,2,17814.76077586207,116,24590.679224137933,0,0.5
418,user_3,52816.88,2026-09-07 17:59:26.153465,Walmart,send,Chennai,iOS,0,17,22,4,2,1,2,51628.90211538462,104,1187.9778846153786,0,0.5
419,user_39,869.99,2026-09-04 19:54:15.153465,Flipkart,request,Mumbai,iOS,0,19,32,1,1,3,2,4488.573909090909,110,-3618.5839090909094,0,0.5
420,user_8,1509.8,2026-09-10 12:36:47.153465,Walmart,refund,Bangalore,iOS,0,12,48,4,0,0,2,4162.542654867257,113,-2652.7426548672565,0,0.5
421,user_50,35430.1,2026-08-28 10:37:20.153465,Flipkart,send,Delhi,Web,0,10,45,1,2,2,1,4276.488269230769,104,31153.61173076923,0,0.2
422,user_43,15055.69,2026-09-17 06:36:51.153465,Amazon,refund,Chennai,iOS,0,6,37,0,0,1,2,15429.552764227643,123,-373.8627642276424,1,0.5
423,user_18,4148.68,2026-07-30 09:13:07.153465,Swiggy,send,Pune,Web,0,9,9,3,2,4,1,4267.170924369748,119,-118.49092436974752,0,0.2
424,user_6,13004.45,2026-08-14 16:36:58.153465,Paytm,send,Delhi,Web,1,16,46,2,2,2,1,3699.0514728682174,129,9305.398527131783,0,0.2
425,user_29,3051.17,2026-08-05 12:41:02.153465,Zomato,request,Mumbai,iOS,0,12,21,5,1,3,2,4165.22631147541,122,-1114.0563114754095,0,0.5
426,user_9,4447.18,2026-08-29 09:03:28.153465,Flipkart,refund,Mumbai,Android,0,9,49,1,0,3,0,4747.313999999999,110,-300.1339999999991,0,0.1
427,user_20,19810.53,2026-07-30 14:50:52.153465,Zomato,send,Mumbai,Android,0,14,12,5,2,3,0,19935.082280701754,114,-124.55228070175508,0,0.1
428,user_11,37987.53,2026-09-07 09:03:45.153465,Flipkart,send,Delhi,Web,1,9,2,1,2,2,1,3819.240342465753,146,34168.289657534246,0,0.2
429,user_5,12115.22,2026-08-04 01:51:55.153465,Walmart,refund,Pune,Android,0,1,44,4,0,4,0,21765.65124031008,129,-9650.43124031008,1,0.1
430,user_32,4727.93,2026-08-03 22:28:05.153465,Walmart,request,Delhi,Android,1,22,25,4,1,2,0,3596.741,130,1131.1890000000003,0,0.1
431,user_49,5196.69,2026-08-08 00:07:16.153465,Flipkart,send,Delhi,iOS,0,0,43,1,2,2,2,19333.43277227723,101,-14136.74277227723,1,0.5
432,user_45,1190.29,2026-08-14 02:19:58.153465,Amazon,refund,Delhi,Web,0,2,39,0,0,2,1,3748.3989344262295,122,-2558.1089344262296,1,0.2
433,user_46,2887.87,2026-07-21 23:28:31.153465,Paytm,request,Pune,Android,0,23,40,2,1,4,0,4824.613684210526,133,-1936.7436842105262,0,0.1
434,user_4,11018.99,2026-08-17 08:23:28.153465,Zomato,request,Pune,Web,1,8,33,5,1,4,1,4960.130344827586,116,6058.859655172414,0,0.2
435,user_22,18801.03,2026-09-18 01:05:44.153465,Amazon,request,Mumbai,Web,0,1,14,0,1,3,1,18343.150086206897,116,457.8799137931019,1,0.2
436,user_10,4289.67,2026-09-13 00:54:36.153465,Walmart,send,Mumbai,Android,1,0,1,4,2,3,0,4115.205169491525,118,174.46483050847473,1,0.1
437,user_42,4937.55,2026-09-09 23:39:43.153465,Amazon,request,Delhi,iOS,0,23,36,0,1,2,2,4749.498305084746,118,188.0516949152543,0,0.5
438,user_8,209.07,2026-08-29 12:36:56.153465,Paytm,refund,Mumbai,Android,0,12,48,2,0,3,0,4162.542654867257,113,-3953.4726548672566,0,0.1
439,user_43,9704.72,2026-07-22 16:58:42.153465,Amazon,request,Mumbai,Web,0,16,37,0,1,3,1,15429.552764227643,123,-5724.832764227644,0,0.2
440,user_28,2234.99,2026-07-31 17:59:13.153465,Walmart,request,Bangalore,Web,0,17,20,4,1,0,1,4678.404529914529,117,-2443.4145299145293,0,0.2
441,user_29,594.11,2026-09-16 06:20:06.153465,Amazon,request,Bangalore,Web,1,6,21,0,1,0,1,4165.22631147541,122,-3571.1163114754095,1,0.2
442,user_7,39443.46,2026-09-01 10:26:52.153465,Swiggy,send,Pune,Android,0,10,47,3,2,4,0,60187.18528,125,-20743.72528,0,0.1
443,user_20,15457.31,2026-09-11 13:46:53.153465,Paytm,send,Pune,Android,0,13,12,2,2,4,0,19935.082280701754,114,-4477.772280701754,0,0.1
444,user_35,9192.8,2026-09-06 22:28:59.153465,Flipkart,request,Pune,Web,0,22,28,1,1,4,1,15800.978582677166,127,-6608.178582677167,0,0.2
445,user_42,21188.4,2026-09-17 13:07:15.153465,Paytm,send,Mumbai,Web,1,13,36,2,2,3,1,4749.498305084746,118,16438.901694915257,0,0.2
446,user_10,1243.0,2026-09-15 04:05:08.153465,Swiggy,send,Mumbai,Web,0,4,1,3,2,3,1,4115.205169491525,118,-2872.2051694915253,1,0.2
447,user_48,2629.27,2026-08-21 07:20:33.153465,Paytm,refund,Delhi,iOS,0,7,42,2,0,2,2,4029.46368852459,122,-1400.19368852459,0,0.5
448,user_49,6952.14,2026-09-13 08:10:52.153465,Zomato,refund,Chennai,iOS,0,8,43,5,0,1,2,19333.43277227723,101,-12381.29277227723,0,0.5
449,user_43,8329.36,2026-09-01 23:13:28.153465,Amazon,send,Bangalore,iOS,0,23,37,0,2,0,2,15429.552764227643,123,-7100.192764227642,0,0.5
450,user_30,9110.3,2026-08-07 13:18:23.153465,Walmart,refund,Chennai,Web,0,13,23,4,0,1,1,20780.866470588233,119,-11670.566470588234,0,0.2
451,user_8,2007.86,2026-07-23 05:30:15.153465,Flipkart,refund,Bangalore,Web,0,5,48,1,0,0,1,4162.542654867257,113,-2154.682654867257,1,0.2
452,user_4,27223.94,2026-08-15 14:01:41.153465,Zomato,request,Chennai,iOS,0,14,33,5,1,1,2,4960.130344827586,116,22263.809655172412,0,0.5
453,user_7,15079.49,2026-09-18 05:51:14.153465,Zomato,send,Mumbai,iOS,1,5,47,5,2,3,2,60187.18528,125,-45107.69528,1,0.5
454,user_14,143660.49,2026-09-01 06:46:25.153465,Swiggy,refund,Bangalore,Android,1,6,5,3,0,0,0,18284.780597014927,134,125375.70940298506,1,0.1
455,user_6,782.99,2026-07-24 15:26:13.153465,Walmart,refund,Delhi,Web,0,15,46,4,0,2,1,3699.0514728682174,129,-2916.0614728682176,0,0.2
456,user_24,7244.49,2026-08-09 02:01:39.153465,Swiggy,refund,Chennai,Android,0,2,16,3,0,1,0,20664.321171875,128,-13419.831171875,1,0.1
457,user_46,4048.34,2026-07-21 15:05:44.153465,Zomato,refund,Pune,iOS,0,15,40,5,0,4,2,4824.613684210526,133,-776.273684210526,0,0.5
458,user_32,755.72,2026-08-28 01:16:16.153465,Flipkart,refund,Delhi,Android,0,1,25,1,0,2,0,3596.741,130,-2841.0209999999997,1,0.1
459,user_3,59121.31,2026-08-22 11:48:08.153465,Swiggy,send,Delhi,Web,1,11,22,3,2,2,1,51628.90211538462,104,7492.407884615379,0,0.2
460,user_44,9634.7,2026-07-23 18:40:25.153465,Amazon,refund,Bangalore,Android,0,18,38,0,0,0,0,17327.384636363637,110,-7692.684636363636,0,0.1
461,user_11,698.24,2026-09-03 02:15:30.153465,Zomato,send,Delhi,iOS,0,2,2,5,2,2,2,3819.240342465753,146,-3121.0003424657534,1,0.5
462,user_22,7150.35,2026-07-29 21:39:23.153465,Zomato,send,Pune,iOS,0,21,14,5,2,4,2,18343.150086206897,116,-11192.800086206897,0,0.5
463,user_27,16069.33,2026-08-22 09:41:51.153465,Zomato,refund,Pune,Web,0,9,19,5,0,4,1,18537.69881355932,118,-2468.36881355932,0,0.2
464,user_19,2801.77,2026-07-29 01:16:22.153465,Paytm,request,Bangalore,Android,0,1,10,2,1,0,0,3644.202786885246,122,-842.4327868852461,1,0.1
465,user_41,12974.3,2026-09-13 12:52:50.153465,Zomato,refund,Delhi,Android,1,12,35,5,0,2,0,4057.624609375,128,8916.675390625,0,0.1
466,user_32,727.99,2026-08-20 15:36:14.153465,Walmart,refund,Mumbai,iOS,0,15,25,4,0,3,2,3596.741,130,-2868.751,0,0.5
467,user_11,474.95,2026-08-14 15:00:06.153465,Paytm,request,Bangalore,iOS,0,15,2,2,1,0,2,3819.240342465753,146,-3344.2903424657534,0,0.5
468,user_25,351.21,2026-07-29 23:53:49.153465,Walmart,refund,Pune,Android,0,23,17,4,0,4,0,3615.32544,125,-3264.11544,0,0.1
469,user_22,5813.99,2026-07-22 17:10:04.153465,Flipkart,refund,Delhi,Android,0,17,14,1,0,2,0,18343.150086206897,116,-12529.160086206897,0,0.1
470,user_4,3945.53,2026-08-23 12:13:45.153465,Amazon,send,Delhi,iOS,0,12,33,0,2,2,2,4960.130344827586,116,-1014.6003448275856,0,0.5
471,user_16,447.84,2026-09-03 20:31:01.153465,Flipkart,send,Delhi,Android,0,20,7,1,2,2,0,3660.321525423729,118,-3212.4815254237287,0,0.1
472,user_16,4743.42,2026-09-01 02:01:08.153465,Walmart,refund,Mumbai,Android,0,2,7,4,0,3,0,3660.321525423729,118,1083.0984745762712,1,0.1
473,user_16,12511.57,2026-08-17 17:22:26.153465,Walmart,refund,Chennai,Android,1,17,7,4,0,1,0,3660.321525423729,118,8851.24847457627,0,0.1
474,user_11,3894.0,2026-09-18 21:52:13.153465,Swiggy,refund,Bangalore,Web,0,21,2,3,0,0,1,3819.240342465753,146,74.7596575342468,0,0.2
475,user_2,30508.49,2026-08-15 23:06:17.153465,Amazon,request,Pune,Android,1,23,11,0,1,4,0,47401.46406779661,118,-16892.974067796607,0,0.1
476,user_23,11187.27,2026-09-03 06:25:59.153465,Zomato,refund,Pune,Android,0,6,15,5,0,4,0,21876.48723880597,134,-10689.21723880597,1,0.1
477,user_19,4213.98,2026-09-10 18:07:17.153465,Swiggy,send,Mumbai,Web,0,18,10,3,2,3,1,3644.202786885246,122,569.7772131147535,0,0.2
478,user_33,2023.09,2026-08-27 11:37:53.153465,Zomato,request,Delhi,Web,0,11,26,5,1,2,1,3974.536484375,128,-1951.446484375,0,0.2
479,user_42,4432.6,2026-09-02 14:56:36.153465,Amazon,send,Mumbai,Android,0,14,36,0,2,3,0,4749.498305084746,118,-316.8983050847455,0,0.1
480,user_27,17653.37,2026-09-03 10:54:25.153465,Zomato,refund,Pune,Web,1,10,19,5,0,4,1,18537.69881355932,118,-884.3288135593211,0,0.2
481,user_24,19869.68,2026-07-27 02:04:01.153465,Walmart,refund,Pune,Android,1,2,16,4,0,4,0,20664.321171875,128,-794.6411718749987,1,0.1
482,user_25,2869.79,2026-07-28 22:09:24.153465,Walmart,send,Delhi,Web,1,22,17,4,2,2,1,3615.32544,125,-745.5354400000001,0,0.2
483,user_38,14584.96,2026-07-22 03:52:48.153465,Flipkart,request,Chennai,iOS,0,3,31,1,1,1,2,17814.76077586207,116,-3229.8007758620697,1,0.5
484,user_1,33795.56,2026-08-11 16:11:54.153465,Flipkart,request,Mumbai,Web,1,16,0,1,1,3,1,4037.2688695652173,115,29758.29113043478,0,0.2
485,user_35,14082.28,2026-09-11 07:50:57.153465,Paytm,send,Mumbai,Android,0,7,28,2,2,3,0,15800.978582677166,127,-1718.6985826771652,0,0.1
486,user_37,12360.11,2026-08-02 06:35:58.153465,Zomato,refund,Mumbai,Android,0,6,30,5,0,3,0,15907.096030534352,131,-3546.986030534352,1,0.1
487,user_11,2114.18,2026-08-06 10:22:52.153465,Paytm,refund,Chennai,Android,0,10,2,2,0,1,0,3819.240342465753,146,-1705.0603424657534,0,0.1
488,user_7,48495.12,2026-08-30 06:49:43.153465,Flipkart,request,Delhi,Web,0,6,47,1,1,2,1,60187.18528,125,-11692.065279999995,1,0.2
489,user_21,2314.95,2026-07-28 02:32:50.153465,Paytm,refund,Chennai,Android,0,2,13,2,0,1,0,4244.438115942029,138,-1929.4881159420293,1,0.1
490,user_4,3348.58,2026-08-21 00:31:13.153465,Paytm,send,Pune,Web,0,0,33,2,2,4,1,4960.130344827586,116,-1611.5503448275858,1,0.2
491,user_6,3254.89,2026-08-19 23:41:43.153465,Paytm,send,Delhi,Android,0,23,46,2,2,2,0,3699.0514728682174,129,-444.1614728682175,0,0.1
492,user_2,51427.24,2026-07-22 02:20:23.153465,Zomato,refund,Pune,Android,0,2,11,5,0,4,0,47401.46406779661,118,4025.775932203389,1,0.1
493,user_50,772.36,2026-09-12 19:28:59.153465,Paytm,request,Bangalore,iOS,0,19,45,2,1,0,2,4276.488269230769,104,-3504.128269230769,0,0.5
494,user_44,37268.19,2026-09-16 03:27:57.153465,Flipkart,refund,Pune,Web,1,3,38,1,0,4,1,17327.384636363637,110,19940.805363636366,1,0.2
495,user_13,13566.04,2026-09-19 02:33:10.153465,Swiggy,send,Delhi,Android,0,2,4,3,2,2,0,16363.8575,124,-2797.817499999999,1,0.1
496,user_11,2928.0,2026-09-03 18:28:13.153465,Amazon,send,Chennai,Web,0,18,2,0,2,1,1,3819.240342465753,146,-891.2403424657532,0,0.2
497,user_41,3354.01,2026-08-30 10:02:45.153465,Paytm,request,Mumbai,Android,0,10,35,2,1,3,0,4057.624609375,128,-703.6146093749999,0,0.1
498,user_37,10946.54,2026-07-28 03:46:55.153465,Paytm,refund,Mumbai,Android,0,3,30,2,0,3,0,15907.096030534352,131,-4960.5560305343515,1,0.1
499,user_43,54322.8,2026-08-27 16:53:35.153465,Amazon,request,Mumbai,iOS,1,16,37,0,1,3,2,15429.552764227643,123,38893.24723577236,0,0.5
500,user_41,4807.72,2026-08-18 15:41:34.153465,Swiggy,refund,Mumbai,Android,0,15,35,3,0,3,0,4057.624609375,128,750.0953906250002,0,0.1
501,user_30,12852.85,2026-09-18 05:30:37.153465,Walmart,refund,Pune,iOS,0,5,23,4,0,4,2,20780.866470588233,119,-7928.016470588233,1,0.5
502,user_25,4632.06,2026-07-23 05:28:51.153465,Zomato,send,Pune,iOS,1,5,17,5,2,4,2,3615.32544,125,1016.7345600000003,1,0.5
503,user_13,10497.36,2026-08-09 18:18:11.153465,Flipkart,request,Mumbai,iOS,1,18,4,1,1,3,2,16363.8575,124,-5866.4974999999995,0,0.5
504,user_31,2153.56,2026-08-25 18:52:34.153465,Flipkart,request,Delhi,Web,0,18,24,1,1,2,1,4894.9887499999995,96,-2741.4287499999996,0,0.2
505,user_44,6169.79,2026-09-07 11:11:04.153465,Flipkart,request,Delhi,Web,0,11,38,1,1,2,1,17327.384636363637,110,-11157.594636363636,0,0.2
506,user_37,12450.97,2026-07-23 07:37:06.153465,Swiggy,request,Chennai,iOS,0,7,30,3,1,1,2,15907.096030534352,131,-3456.126030534353,0,0.5
507,user_23,19115.89,2026-08-09 04:21:18.153465,Paytm,send,Delhi,Android,1,4,15,2,2,2,0,21876.48723880597,134,-2760.597238805971,1,0.1
508,user_7,15597.89,2026-08-03 15:39:25.153465,Amazon,send,Mumbai,Web,0,15,47,0,2,3,1,60187.18528,125,-44589.29528,0,0.2
509,user_44,19910.21,2026-08-18 02:18:08.153465,Paytm,request,Pune,Android,0,2,38,2,1,4,0,17327.384636363637,110,2582.8253636363625,1,0.1
510,user_11,1087.75,2026-08-21 21:42:10.153465,Amazon,refund,Delhi,iOS,0,21,2,0,0,2,2,3819.240342465753,146,-2731.490342465753,0,0.5
511,user_14,8642.61,2026-08-06 06:58:33.153465,Flipkart,request,Mumbai,Android,0,6,5,1,1,3,0,18284.780597014927,134,-9642.170597014927,1,0.1
512,user_13,8088.53,2026-09-03 03:47:44.153465,Flipkart,refund,Bangalore,Android,0,3,4,1,0,0,0,16363.8575,124,-8275.3275,1,0.1
513,user_42,2965.97,2026-07-27 11:17:33.153465,Zomato,send,Mumbai,Web,0,11,36,5,2,3,1,4749.498305084746,118,-1783.528305084746,0,0.2
514,user_15,9967.15,2026-09-10 18:53:19.153465,Amazon,send,Mumbai,Android,0,18,6,0,2,3,0,17357.696608695653,115,-7390.546608695653,0,0.1
515,user_23,15048.0,2026-09-16 13:44:41.153465,Swiggy,send,Chennai,Android,0,13,15,3,2,1,0,21876.48723880597,134,-6828.48723880597,0,0.1
516,user_44,12302.89,2026-08-10 18:47:35.153465,Flipkart,request,Mumbai,Android,0,18,38,1,1,3,0,17327.384636363637,110,-5024.494636363637,0,0.1
517,user_7,49336.04,2026-07-30 04:04:31.153465,Flipkart,refund,Bangalore,Web,0,4,47,1,0,0,1,60187.18528,125,-10851.145279999997,1,0.2
518,user_25,514.04,2026-08-02 14:23:57.153465,Swiggy,send,Mumbai,Android,0,14,17,3,2,3,0,3615.32544,125,-3101.28544,0,0.1
519,user_7,171075.26,2026-08-10 00:26:39.153465,Swiggy,request,Chennai,Web,1,0,47,3,1,1,1,60187.18528,125,110888.07472,1,0.2
520,user_8,2385.0,2026-09-06 08:16:35.153465,Zomato,request,Bangalore,iOS,0,8,48,5,1,0,2,4162.542654867257,113,-1777.5426548672567,0,0.5
521,user_18,2098.78,2026-09-17 01:13:16.153465,Zomato,refund,Delhi,Android,0,1,9,5,0,2,0,4267.170924369748,119,-2168.3909243697476,1,0.1
522,user_39,1991.01,2026-08-26 11:44:20.153465,Walmart,request,Chennai,Web,1,11,32,4,1,1,1,4488.573909090909,110,-2497.563909090909,0,0.2
523,user_28,963.7,2026-09-01 14:07:29.153465,Zomato,request,Delhi,Web,0,14,20,5,1,2,1,4678.404529914529,117,-3714.7045299145293,0,0.2
524,user_22,69895.97,2026-09-02 16:48:03.153465,Paytm,request,Mumbai,iOS,1,16,14,2,1,3,2,18343.150086206897,116,51552.81991379311,0,0.5
525,user_42,4609.57,2026-09-04 12:19:50.153465,Swiggy,refund,Delhi,Web,1,12,36,3,0,2,1,4749.498305084746,118,-139.92830508474617,0,0.2
526,user_21,3947.71,2026-09-16 09:41:16.153465,Zomato,send,Chennai,iOS,0,9,13,5,2,1,2,4244.438115942029,138,-296.72811594202904,0,0.5
527,user_36,3693.52,2026-09-17 07:44:25.153465,Flipkart,send,Pune,iOS,0,7,29,1,2,4,2,4483.898691588785,107,-790.3786915887854,0,0.5
528,user_24,6344.15,2026-08-05 14:30:33.153465,Amazon,refund,Delhi,Web,0,14,16,0,0,2,1,20664.321171875,128,-14320.171171875,0,0.2
529,user_12,45999.74,2026-08-02 22:02:14.153465,Zomato,send,Delhi,iOS,0,22,3,5,2,2,2,52530.11026548673,113,-6530.37026548673,0,0.5
530,user_34,3096.89,2026-08-01 05:52:20.153465,Swiggy,refund,Chennai,Web,0,5,27,3,0,1,1,4524.1720000000005,120,-1427.2820000000006,1,0.2
531,user_29,27473.07,2026-08-21 08:13:51.153465,Walmart,request,Pune,Web,1,8,21,4,1,4,1,4165.22631147541,122,23307.84368852459,0,0.2
532,user_1,1739.52,2026-08-20 19:58:57.153465,Zomato,refund,Pune,iOS,0,19,0,5,0,4,2,4037.2688695652173,115,-2297.7488695652173,0,0.5
533,user_47,7925.47,2026-09-13 15:51:04.153465,Swiggy,refund,Chennai,Android,1,15,41,3,0,1,0,3883.282635658915,129,4042.1873643410854,0,0.1
534,user_33,850.57,2026-09-03 12:38:58.153465,Flipkart,send,Mumbai,iOS,0,12,26,1,2,3,2,3974.536484375,128,-3123.9664843749997,0,0.5
535,user_16,3530.23,2026-08-02 03:26:25.153465,Flipkart,request,Mumbai,Web,0,3,7,1,1,3,1,3660.321525423729,118,-130.09152542372885,1,0.2
536,user_18,3391.07,2026-09-04 20:22:46.153465,Swiggy,request,Delhi,Android,0,20,9,3,1,2,0,4267.170924369748,119,-876.1009243697476,0,0.1
537,user_28,3613.1,2026-09-08 10:26:09.153465,Amazon,refund,Bangalore,iOS,0,10,20,0,0,0,2,4678.404529914529,117,-1065.3045299145292,0,0.5
538,user_14,58803.81,2026-07-26 08:16:55.153465,Amazon,request,Delhi,iOS,1,8,5,0,1,2,2,18284.780597014927,134,40519.02940298507,0,0.5
539,user_43,9501.0,2026-08-31 14:32:51.153465,Flipkart,refund,Pune,iOS,0,14,37,1,0,4,2,15429.552764227643,123,-5928.552764227643,0,0.5
540,user_25,4505.67,2026-08-12 22:10:12.153465,Flipkart,send,Pune,Web,0,22,17,1,2,4,1,3615.32544,125,890.34456,0,0.2
541,user_48,4090.43,2026-09-18 03:30:36.153465,Zomato,send,Mumbai,Android,0,3,42,5,2,3,0,4029.46368852459,122,60.96631147540984,1,0.1
542,user_49,6858.31,2026-07-29 00:56:01.153465,Amazon,send,Delhi,Web,0,0,43,0,2,2,1,19333.43277227723,101,-12475.122772277227,1,0.2
543,user_41,3481.69,2026-07-22 09:05:53.153465,Swiggy,send,Mumbai,Web,0,9,35,3,2,3,1,4057.624609375,128,-575.934609375,0,0.2
544,user_1,262.15,2026-07-31 07:07:59.153465,Flipkart,request,Mumbai,Android,1,7,0,1,1,3,0,4037.2688695652173,115,-3775.118869565217,0,0.1
545,user_11,3296.39,2026-09-05 14:32:33.153465,Flipkart,request,Chennai,Android,0,14,2,1,1,1,0,3819.240342465753,146,-522.8503424657533,0,0.1
546,user_25,4541.39,2026-08-13 15:39:26.153465,Paytm,request,Mumbai,Android,0,15,17,2,1,3,0,3615.32544,125,926.0645600000003,0,0.1
547,user_28,792.7,2026-09-09 00:28:21.153465,Walmart,request,Chennai,Android,0,0,20,4,1,1,0,4678.404529914529,117,-3885.7045299145293,1,0.1
548,user_49,16645.15,2026-08-13 13:16:58.153465,Flipkart,send,Bangalore,Web,0,13,43,1,2,0,1,19333.43277227723,101,-2688.282772277227,0,0.2
549,user_44,11102.69,2026-08-13 08:28:03.153465,Zomato,request,Mumbai,Android,0,8,38,5,1,3,0,17327.384636363637,110,-6224.694636363636,0,0.1
550,user_48,4924.0,2026-08-13 14:00:24.153465,Paytm,send,Bangalore,Web,0,14,42,2,2,0,1,4029.46368852459,122,894.53631147541,0,0.2
551,user_32,2417.75,2026-08-07 07:21:28.153465,Swiggy,send,Bangalore,Android,0,7,25,3,2,0,0,3596.741,130,-1178.991,0,0.1
552,user_34,432.35,2026-08-28 08:53:15.153465,Flipkart,request,Pune,Android,0,8,27,1,1,4,0,4524.1720000000005,120,-4091.8220000000006,0,0.1
553,user_35,13415.85,2026-08-21 00:36:09.153465,Flipkart,refund,Pune,Android,0,0,28,1,0,4,0,15800.978582677166,127,-2385.1285826771655,1,0.1
554,user_35,16894.37,2026-08-23 18:33:15.153465,Walmart,refund,Bangalore,Android,0,18,28,4,0,0,0,15800.978582677166,127,1093.3914173228331,0,0.1
555,user_11,2093.53,2026-08-26 20:17:43.153465,Swiggy,refund,Delhi,Android,0,20,2,3,0,2,0,3819.240342465753,146,-1725.710342465753,0,0.1
556,user_15,10497.76,2026-09-19 05:37:19.153465,Walmart,request,Mumbai,Android,1,5,6,4,1,3,0,17357.696608695653,115,-6859.9366086956525,1,0.1
557,user_8,3570.14,2026-09-14 08:18:11.153465,Walmart,refund,Delhi,Android,0,8,48,4,0,2,0,4162.542654867257,113,-592.4026548672568,0,0.1
558,user_42,3791.95,2026-09-06 21:09:19.153465,Flipkart,refund,Chennai,Web,0,21,36,1,0,1,1,4749.498305084746,118,-957.5483050847461,0,0.2
559,user_32,972.15,2026-08-11 16:32:00.153465,Amazon,request,Pune,Web,0,16,25,0,1,4,1,3596.741,130,-2624.591,0,0.2
560,user_24,8506.34,2026-08-09 12:58:17.153465,Swiggy,refund,Mumbai,iOS,0,12,16,3,0,3,2,20664.321171875,128,-12157.981171874999,0,0.5
561,user_7,40909.31,2026-07-22 01:13:31.153465,Swiggy,send,Bangalore,iOS,0,1,47,3,2,0,2,60187.18528,125,-19277.87528,1,0.5
562,user_34,3575.47,2026-08-12 09:02:30.153465,Flipkart,refund,Chennai,Web,0,9,27,1,0,1,1,4524.1720000000005,120,-948.7020000000007,0,0.2
563,user_49,12936.82,2026-09-04 00:34:18.153465,Zomato,request,Delhi,iOS,0,0,43,5,1,2,2,19333.43277227723,101,-6396.612772277229,1,0.5
564,user_3,46674.03,2026-08-21 06:02:39.153465,Amazon,refund,Pune,Web,0,6,22,0,0,4,1,51628.90211538462,104,-4954.87211538462,1,0.2
565,user_46,840.19,2026-09-15 21:33:44.153465,Paytm,send,Bangalore,Web,0,21,40,2,2,0,1,4824.613684210526,133,-3984.423684210526,0,0.2
566,user_45,1833.24,2026-08-30 05:39:24.153465,Zomato,send,Mumbai,iOS,1,5,39,5,2,3,2,3748.3989344262295,122,-1915.1589344262295,1,0.5
567,user_29,4301.8,2026-08-31 14:18:20.153465,Walmart,send,Pune,iOS,1,14,21,4,2,4,2,4165.22631147541,122,136.57368852459058,0,0.5
568,user_4,3159.25,2026-08-13 20:15:01.153465,Zomato,request,Delhi,Android,0,20,33,5,1,2,0,4960.130344827586,116,-1800.8803448275858,0,0.1
569,user_36,4174.14,2026-09-16 12:30:39.153465,Amazon,refund,Mumbai,Web,1,12,29,0,0,3,1,4483.898691588785,107,-309.75869158878504,0,0.2
570,user_3,36227.04,2026-08-22 14:12:34.153465,Zomato,refund,Mumbai,Web,0,14,22,5,0,3,1,51628.90211538462,104,-15401.862115384618,0,0.2
571,user_10,3683.72,2026-08-08 01:07:49.153465,Zomato,request,Bangalore,Web,0,1,1,5,1,0,1,4115.205169491525,118,-431.48516949152554,1,0.2
572,user_24,8093.1,2026-08-26 08:17:38.153465,Zomato,request,Mumbai,Android,0,8,16,5,1,3,0,20664.321171875,128,-12571.221171874999,0,0.1
573,user_21,693.32,2026-09-15 02:00:03.153465,Swiggy,request,Bangalore,iOS,0,2,13,3,1,0,2,4244.438115942029,138,-3551.118115942029,1,0.5
574,user_26,2876.33,2026-09-03 12:11:27.153465,Paytm,send,Mumbai,Web,0,12,18,2,2,3,1,4396.555663716814,113,-1520.2256637168139,0,0.2
575,user_9,2192.44,2026-09-17 04:27:34.153465,Flipkart,send,Chennai,Web,0,4,49,1,2,1,1,4747.313999999999,110,-2554.8739999999993,1,0.2
576,user_17,13607.81,2026-08-04 21:34:02.153465,Walmart,send,Delhi,iOS,0,21,8,4,2,2,2,4173.412348484848,132,9434.397651515152,0,0.5
577,user_4,599.06,2026-08-26 12:57:13.153465,Zomato,request,Bangalore,Web,0,12,33,5,1,0,1,4960.130344827586,116,-4361.070344827585,0,0.2
578,user_35,9152.48,2026-09-04 12:09:00.153465,Amazon,request,Bangalore,Web,0,12,28,0,1,0,1,15800.978582677166,127,-6648.498582677166,0,0.2
579,user_25,1889.49,2026-07-28 20:49:15.153465,Paytm,request,Pune,iOS,0,20,17,2,1,4,2,3615.32544,125,-1725.83544,0,0.5
580,user_50,2936.67,2026-08-27 07:41:12.153465,Walmart,refund,Delhi,Web,1,7,45,4,0,2,1,4276.488269230769,104,-1339.8182692307691,0,0.2
581,user_35,16234.82,2026-09-13 03:20:16.153465,Paytm,send,Delhi,Web,0,3,28,2,2,2,1,15800.978582677166,127,433.8414173228339,1,0.2
582,user_16,4609.62,2026-07-29 21:57:26.153465,Zomato,request,Bangalore,iOS,1,21,7,5,1,0,2,3660.321525423729,118,949.298474576271,0,0.5
583,user_21,4849.31,2026-08-28 16:55:09.153465,Amazon,request,Delhi,Android,1,16,13,0,1,2,0,4244.438115942029,138,604.8718840579713,0,0.1
584,user_2,27221.44,2026-08-26 11:19:00.153465,Zomato,request,Delhi,Android,1,11,11,5,1,2,0,47401.46406779661,118,-20180.02406779661,0,0.1
585,user_22,5382.85,2026-09-03 13:12:52.153465,Paytm,request,Pune,Android,0,13,14,2,1,4,0,18343.150086206897,116,-12960.300086206897,0,0.1
586,user_15,9809.24,2026-08-01 02:07:08.153465,Paytm,send,Chennai,Android,0,2,6,2,2,1,0,17357.696608695653,115,-7548.456608695653,1,0.1
587,user_3,121488.0,2026-08-31 18:50:30.153465,Amazon,refund,Delhi,Web,1,18,22,0,0,2,1,51628.90211538462,104,69859.09788461539,0,0.2
588,user_7,25677.38,2026-09-12 11:49:00.153465,Walmart,send,Chennai,Android,0,11,47,4,2,1,0,60187.18528,125,-34509.80528,0,0.1
589,user_5,5779.18,2026-09-11 02:37:02.153465,Paytm,refund,Mumbai,iOS,0,2,44,2,0,3,2,21765.65124031008,129,-15986.471240310078,1,0.5
590,user_22,55999.88,2026-09-07 14:05:02.153465,Amazon,refund,Delhi,Android,1,14,14,0,0,2,0,18343.150086206897,116,37656.7299137931,0,0.1
591,user_21,1310.97,2026-08-07 08:57:43.153465,Flipkart,request,Pune,Android,0,8,13,1,1,4,0,4244.438115942029,138,-2933.468115942029,0,0.1
592,user_14,9623.73,2026-07-27 11:43:29.153465,Amazon,request,Mumbai,Web,0,11,5,0,1,3,1,18284.780597014927,134,-8661.050597014928,0,0.2
593,user_29,2208.41,2026-07-26 17:09:51.153465,Swiggy,send,Delhi,Web,0,17,21,3,2,2,1,4165.22631147541,122,-1956.8163114754097,0,0.2
594,user_13,14611.57,2026-09-14 17:30:37.153465,Zomato,send,Delhi,iOS,0,17,4,5,2,2,2,16363.8575,124,-1752.2875000000004,0,0.5
595,user_5,48383.53,2026-08-25 13:59:30.153465,Swiggy,request,Mumbai,Web,1,13,44,3,1,3,1,21765.65124031008,129,26617.87875968992,0,0.2
596,user_23,10172.01,2026-08-24 03:02:36.153465,Walmart,send,Delhi,Web,0,3,15,4,2,2,1,21876.48723880597,134,-11704.47723880597,1,0.2
597,user_40,14089.51,2026-08-04 13:17:34.153465,Swiggy,refund,Pune,iOS,0,13,34,3,0,4,2,18950.453564356438,101,-4860.9435643564375,0,0.5
598,user_38,32123.27,2026-08-05 16:37:59.153465,Amazon,request,Chennai,iOS,1,16,31,0,1,1,2,17814.76077586207,116,14308.509224137932,0,0.5
599,user_2,46589.26,2026-09-15 13:26:07.153465,Zomato,send,Chennai,iOS,0,13,11,5,2,1,2,47401.46406779661,118,-812.204067796607,0,0.5
600,user_9,2405.01,2026-08-07 01:25:18.153465,Zomato,request,Mumbai,iOS,0,1,49,5,1,3,2,4747.313999999999,110,-2342.303999999999,1,0.5
601,user_46,4249.34,2026-08-17 21:35:54.153465,Swiggy,send,Bangalore,Android,0,21,40,3,2,0,0,4824.613684210526,133,-575.273684210526,0,0.1
602,user_49,13455.23,2026-08-04 20:00:49.153465,Swiggy,request,Mumbai,Web,0,20,43,3,1,3,1,19333.43277227723,101,-5878.202772277229,0,0.2
603,user_42,4924.65,2026-08-26 10:22:32.153465,Swiggy,refund,Mumbai,Web,0,10,36,3,0,3,1,4749.498305084746,118,175.15169491525376,0,0.2
604,user_16,2697.57,2026-07-30 23:03:41.153465,Walmart,refund,Mumbai,iOS,0,23,7,4,0,3,2,3660.321525423729,118,-962.7515254237287,0,0.5
605,user_44,16752.22,2026-09-02 11:48:23.153465,Paytm,request,Bangalore,Web,0,11,38,2,1,0,1,17327.384636363637,110,-575.1646363636355,0,0.2
606,user_4,3523.08,2026-09-02 22:43:56.153465,Amazon,refund,Chennai,Web,0,22,33,0,0,1,1,4960.130344827586,116,-1437.0503448275858,0,0.2
607,user_25,4639.74,2026-09-03 16:56:36.153465,Zomato,send,Chennai,iOS,1,16,17,5,2,1,2,3615.32544,125,1024.4145599999997,0,0.5
608,user_32,3218.47,2026-08-04 07:09:50.153465,Swiggy,request,Bangalore,iOS,0,7,25,3,1,0,2,3596.741,130,-378.2710000000002,0,0.5
609,user_19,4522.13,2026-07-24 03:52:34.153465,Swiggy,refund,Bangalore,Web,1,3,10,3,0,0,1,3644.202786885246,122,877.9272131147541,1,0.2
610,user_16,4569.46,2026-07-26 01:03:48.153465,Swiggy,refund,Bangalore,iOS,1,1,7,3,0,0,2,3660.321525423729,118,909.1384745762712,1,0.5
611,user_26,1739.66,2026-07-25 12:39:08.153465,Zomato,request,Mumbai,iOS,0,12,18,5,1,3,2,4396.555663716814,113,-2656.895663716814,0,0.5
612,user_46,3758.48,2026-07-30 18:37:14.153465,Walmart,request,Pune,iOS,1,18,40,4,1,4,2,4824.613684210526,133,-1066.133684210526,0,0.5
613,user_31,2094.12,2026-08-23 22:10:08.153465,Zomato,request,Pune,iOS,0,22,24,5,1,4,2,4894.9887499999995,96,-2800.8687499999996,0,0.5
614,user_13,8201.55,2026-07-26 03:46:33.153465,Zomato,request,Delhi,iOS,0,3,4,5,1,2,2,16363.8575,124,-8162.307500000001,1,0.5
615,user_18,4099.98,2026-09-04 02:45:57.153465,Paytm,request,Pune,Android,0,2,9,2,1,4,0,4267.170924369748,119,-167.19092436974825,1,0.1
616,user_14,8070.55,2026-09-09 11:38:51.153465,Paytm,send,Bangalore,iOS,0,11,5,2,2,0,2,18284.780597014927,134,-10214.230597014928,0,0.5
617,user_19,1513.51,2026-08-17 20:34:42.153465,Walmart,send,Chennai,iOS,0,20,10,4,2,1,2,3644.202786885246,122,-2130.6927868852463,0,0.5
618,user_19,4845.66,2026-08-16 06:56:32.153465,Flipkart,request,Mumbai,Web,0,6,10,1,1,3,1,3644.202786885246,122,1201.4572131147538,1,0.2
619,user_6,2979.25,2026-08-14 11:52:18.153465,Swiggy,refund,Chennai,Android,0,11,46,3,0,1,0,3699.0514728682174,129,-719.8014728682174,0,0.1
620,user_1,1534.64,2026-08-21 12:53:52.153465,Zomato,send,Mumbai,Web,1,12,0,5,2,3,1,4037.2688695652173,115,-2502.6288695652174,0,0.2
621,user_20,5745.35,2026-09-12 09:02:45.153465,Paytm,send,Delhi,Android,0,9,12,2,2,2,0,19935.082280701754,114,-14189.732280701754,0,0.1
622,user_38,11518.61,2026-08-10 00:36:01.153465,Paytm,refund,Bangalore,Web,0,0,31,2,0,0,1,17814.76077586207,116,-6296.150775862068,1,0.2
623,user_5,33832.71,2026-07-28 15:52:23.153465,Swiggy,send,Delhi,Android,1,15,44,3,2,2,0,21765.65124031008,129,12067.05875968992,0,0.1
624,user_46,856.58,2026-09-13 14:11:03.153465,Swiggy,request,Delhi,Android,0,14,40,3,1,2,0,4824.613684210526,133,-3968.033684210526,0,0.1
625,user_39,1038.71,2026-08-06 15:19:28.153465,Swiggy,refund,Pune,Android,0,15,32,3,0,4,0,4488.573909090909,110,-3449.863909090909,0,0.1
626,user_23,8406.2,2026-09-15 08:31:26.153465,Amazon,send,Pune,Android,0,8,15,0,2,4,0,21876.48723880597,134,-13470.28723880597,0,0.1
627,user_25,644.45,2026-08-14 12:12:33.153465,Amazon,send,Pune,Android,0,12,17,0,2,4,0,3615.32544,125,-2970.87544,0,0.1
628,user_33,1229.12,2026-08-16 17:40:24.153465,Zomato,refund,Delhi,Android,0,17,26,5,0,2,0,3974.536484375,128,-2745.416484375,0,0.1
629,user_9,3266.12,2026-08-20 22:22:02.153465,Swiggy,send,Delhi,Web,1,22,49,3,2,2,1,4747.313999999999,110,-1481.1939999999995,0,0.2
630,user_47,348.13,2026-07-31 10:40:16.153465,Amazon,refund,Pune,Android,0,10,41,0,0,4,0,3883.282635658915,129,-3535.1526356589147,0,0.1
631,user_23,13591.02,2026-08-18 14:23:54.153465,Zomato,request,Pune,Android,0,14,15,5,1,4,0,21876.48723880597,134,-8285.46723880597,0,0.1
632,user_39,514.15,2026-09-03 17:53:44.153465,Amazon,request,Mumbai,Android,0,17,32,0,1,3,0,4488.573909090909,110,-3974.423909090909,0,0.1
633,user_45,715.03,2026-08-31 11:05:17.153465,Paytm,send,Mumbai,Web,0,11,39,2,2,3,1,3748.3989344262295,122,-3033.3689344262293,0,0.2
634,user_45,2163.25,2026-09-05 20:29:12.153465,Paytm,request,Mumbai,iOS,0,20,39,2,1,3,2,3748.3989344262295,122,-1585.1489344262295,0,0.5
635,user_35,59682.66,2026-07-22 04:34:11.153465,Flipkart,send,Mumbai,iOS,1,4,28,1,2,3,2,15800.978582677166,127,43881.681417322834,1,0.5
636,user_31,4777.28,2026-08-19 06:39:22.153465,Flipkart,request,Chennai,iOS,0,6,24,1,1,1,2,4894.9887499999995,96,-117.70874999999978,1,0.5
637,user_39,3255.39,2026-09-05 15:44:08.153465,Amazon,request,Mumbai,Web,0,15,32,0,1,3,1,4488.573909090909,110,-1233.1839090909093,0,0.2
638,user_48,420.44,2026-07-27 08:25:23.153465,Paytm,refund,Chennai,Web,0,8,42,2,0,1,1,4029.46368852459,122,-3609.02368852459,0,0.2
639,user_8,1499.33,2026-08-29 16:56:09.153465,Amazon,request,Pune,Web,0,16,48,0,1,4,1,4162.542654867257,113,-2663.212654867257,0,0.2
640,user_18,510.87,2026-09-09 01:47:10.153465,Walmart,send,Delhi,Web,0,1,9,4,2,2,1,4267.170924369748,119,-3756.300924369748,1,0.2
641,user_29,4334.96,2026-09-14 03:43:57.153465,Flipkart,send,Pune,Android,1,3,21,1,2,4,0,4165.22631147541,122,169.73368852459043,1,0.1
642,user_43,6368.93,2026-08-01 07:10:26.153465,Flipkart,refund,Bangalore,iOS,0,7,37,1,0,0,2,15429.552764227643,123,-9060.622764227643,0,0.5
643,user_27,8793.35,2026-08-15 00:17:03.153465,Flipkart,request,Bangalore,Web,0,0,19,1,1,0,1,18537.69881355932,118,-9744.34881355932,1,0.2
644,user_48,1052.38,2026-07-25 13:15:33.153465,Swiggy,refund,Delhi,iOS,0,13,42,3,0,2,2,4029.46368852459,122,-2977.08368852459,0,0.5
645,user_6,37753.51,2026-09-11 23:44:08.153465,Swiggy,refund,Mumbai,iOS,1,23,46,3,0,3,2,3699.0514728682174,129,34054.458527131785,0,0.5
646,user_27,16617.68,2026-07-30 10:10:31.153465,Walmart,request,Pune,iOS,0,10,19,4,1,4,2,18537.69881355932,118,-1920.0188135593198,0,0.5
647,user_11,3484.95,2026-08-30 18:15:28.153465,Zomato,request,Bangalore,Web,0,18,2,5,1,0,1,3819.240342465753,146,-334.2903424657534,0,0.2
648,user_29,3777.11,2026-07-27 07:27:19.153465,Flipkart,refund,Bangalore,Web,1,7,21,1,0,0,1,4165.22631147541,122,-388.1163114754095,0,0.2
649,user_39,3937.02,2026-09-02 20:11:33.153465,Walmart,refund,Bangalore,iOS,0,20,32,4,0,0,2,4488.573909090909,110,-551.5539090909092,0,0.5
650,user_25,450.38,2026-09-16 04:07:44.153465,Amazon,request,Bangalore,Android,0,4,17,0,1,0,0,3615.32544,125,-3164.94544,1,0.1
651,user_46,4768.55,2026-08-31 09:48:52.153465,Walmart,request,Bangalore,Web,0,9,40,4,1,0,1,4824.613684210526,133,-56.063684210525935,0,0.2
652,user_38,7616.59,2026-09-08 06:30:49.153465,Amazon,request,Bangalore,Android,0,6,31,0,1,0,0,17814.76077586207,116,-10198.170775862069,1,0.1
653,user_43,5257.61,2026-08-01 01:31:33.153465,Flipkart,send,Bangalore,Web,0,1,37,1,2,0,1,15429.552764227643,123,-10171.942764227642,1,0.2
654,user_16,356.41,2026-08-28 05:03:33.153465,Flipkart,request,Bangalore,Android,0,5,7,1,1,0,0,3660.321525423729,118,-3303.911525423729,1,0.1
655,user_3,34818.43,2026-09-02 21:02:33.153465,Swiggy,refund,Pune,iOS,0,21,22,3,0,4,2,51628.90211538462,104,-16810.47211538462,0,0.5
656,user_21,495.52,2026-08-01 21:01:54.153465,Zomato,request,Bangalore,Android,0,21,13,5,1,0,0,4244.438115942029,138,-3748.918115942029,0,0.1
657,user_14,13454.2,2026-07-30 09:37:16.153465,Flipkart,send,Bangalore,Web,0,9,5,1,2,0,1,18284.780597014927,134,-4830.580597014927,0,0.2
658,user_49,19999.25,2026-09-03 08:54:42.153465,Paytm,refund,Bangalore,Web,0,8,43,2,0,0,1,19333.43277227723,101,665.8172277227713,0,0.2
659,user_37,17455.65,2026-08-15 12:51:11.153465,Swiggy,send,Bangalore,iOS,0,12,30,3,2,0,2,15907.096030534352,131,1548.553969465649,0,0.5
660,user_49,113384.82,2026-09-13 01:02:51.153465,Flipkart,send,Mumbai,Android,1,1,43,1,2,3,0,19333.43277227723,101,94051.38722772278,1,0.1
661,user_16,864.89,2026-08-15 16:16:33.153465,Swiggy,request,Bangalore,Web,1,16,7,3,1,0,1,3660.321525423729,118,-2795.431525423729,0,0.2
662,user_42,2375.79,2026-09-14 12:18:42.153465,Swiggy,send,Pune,iOS,0,12,36,3,2,4,2,4749.498305084746,118,-2373.708305084746,0,0.5
663,user_39,947.36,2026-09-06 12:16:03.153465,Zomato,refund,Delhi,Web,0,12,32,5,0,2,1,4488.573909090909,110,-3541.213909090909,0,0.2
664,user_45,1688.56,2026-08-01 09:18:05.153465,Flipkart,refund,Bangalore,iOS,0,9,39,1,0,0,2,3748.3989344262295,122,-2059.8389344262296,0,0.5
665,user_30,15194.04,2026-09-04 02:29:28.153465,Swiggy,request,Chennai,iOS,0,2,23,3,1,1,2,20780.866470588233,119,-5586.826470588232,1,0.5
666,user_18,2021.46,2026-07-26 02:32:45.153465,Flipkart,request,Delhi,Android,0,2,9,1,1,2,0,4267.170924369748,119,-2245.7109243697478,1,0.1
667,user_2,93019.33,2026-07-22 11:52:30.153465,Amazon,send,Pune,Android,0,11,11,0,2,4,0,47401.46406779661,118,45617.86593220339,0,0.1
668,user_28,2269.89,2026-08-25 21:03:56.153465,Paytm,refund,Delhi,iOS,0,21,20,2,0,2,2,4678.404529914529,117,-2408.5145299145292,0,0.5
669,user_38,49075.3,2026-09-09 15:54:15.153465,Amazon,send,Pune,iOS,0,15,31,0,2,4,2,17814.76077586207,116,31260.539224137934,0,0.5
670,user_6,4856.94,2026-09-12 15:59:17.153465,Zomato,request,Mumbai,Web,0,15,46,5,1,3,1,3699.0514728682174,129,1157.8885271317822,0,0.2
671,user_28,696.56,2026-09-07 21:50:52.153465,Swiggy,send,Delhi,iOS,0,21,20,3,2,2,2,4678.404529914529,117,-3981.844529914529,0,0.5
672,user_11,3411.09,2026-07-23 17:25:12.153465,Flipkart,request,Delhi,Android,0,17,2,1,1,2,0,3819.240342465753,146,-408.15034246575306,0,0.1
673,user_17,1940.38,2026-08-14 12:36:57.153465,Flipkart,request,Chennai,iOS,1,12,8,1,1,1,2,4173.412348484848,132,-2233.0323484848477,0,0.5
674,user_45,3569.66,2026-08-27 09:10:07.153465,Walmart,refund,Chennai,Web,0,9,39,4,0,1,1,3748.3989344262295,122,-178.73893442622966,0,0.2
675,user_3,30099.39,2026-09-07 20:45:30.153465,Paytm,send,Delhi,Android,0,20,22,2,2,2,0,51628.90211538462,104,-21529.51211538462,0,0.1
676,user_35,13417.64,2026-09-04 02:31:18.153465,Amazon,send,Pune,Android,0,2,28,0,2,4,0,15800.978582677166,127,-2383.3385826771664,1,0.1
677,user_46,1473.51,2026-08-02 12:45:44.153465,Zomato,send,Delhi,iOS,0,12,40,5,2,2,2,4824.613684210526,133,-3351.103684210526,0,0.5
678,user_33,1613.47,2026-08-31 17:34:28.153465,Amazon,send,Mumbai,Android,0,17,26,0,2,3,0,3974.536484375,128,-2361.066484375,0,0.1
679,user_4,3870.58,2026-08-13 13:20:27.153465,Swiggy,refund,Mumbai,Web,0,13,33,3,0,3,1,4960.130344827586,116,-1089.5503448275858,0,0.2
680,user_47,891.21,2026-08-17 09:15:00.153465,Paytm,refund,Bangalore,iOS,0,9,41,2,0,0,2,3883.282635658915,129,-2992.072635658915,0,0.5
681,user_11,2879.99,2026-08-28 00:43:36.153465,Flipkart,request,Chennai,iOS,0,0,2,1,1,1,2,3819.240342465753,146,-939.2503424657534,1,0.5
682,user_29,2977.4,2026-09-16 18:45:49.153465,Paytm,request,Delhi,Android,0,18,21,2,1,2,0,4165.22631147541,122,-1187.8263114754095,0,0.1
683,user_44,10176.43,2026-09-15 21:12:28.153465,Swiggy,refund,Bangalore,Android,0,21,38,3,0,0,0,17327.384636363637,110,-7150.954636363636,0,0.1
684,user_8,1664.79,2026-09-03 06:44:54.153465,Zomato,refund,Mumbai,iOS,0,6,48,5,0,3,2,4162.542654867257,113,-2497.7526548672568,1,0.5
685,user_14,19486.65,2026-07-21 15:44:20.153465,Zomato,send,Pune,iOS,0,15,5,5,2,4,2,18284.780597014927,134,1201.869402985074,0,0.5
686,user_40,7160.73,2026-08-21 12:31:55.153465,Zomato,refund,Mumbai,Web,0,12,34,5,0,3,1,18950.453564356438,101,-11789.723564356438,0,0.2
687,user_40,12263.09,2026-08-31 00:15:10.153465,Flipkart,request,Pune,iOS,0,0,34,1,1,4,2,18950.453564356438,101,-6687.363564356438,1,0.5
688,user_15,5419.68,2026-08-13 16:04:05.153465,Zomato,request,Chennai,iOS,0,16,6,5,1,1,2,17357.696608695653,115,-11938.016608695652,0,0.5
689,user_18,693.21,2026-08-02 19:38:34.153465,Paytm,send,Pune,Web,0,19,9,2,2,4,1,4267.170924369748,119,-3573.9609243697478,0,0.2
690,user_12,21186.44,2026-09-11 03:59:52.153465,Zomato,refund,Mumbai,Web,0,3,3,5,0,3,1,52530.11026548673,113,-31343.67026548673,1,0.2
691,user_41,4313.14,2026-07-29 00:22:19.153465,Flipkart,refund,Chennai,Android,0,0,35,1,0,1,0,4057.624609375,128,255.51539062500024,1,0.1
692,user_28,2737.48,2026-08-30 05:01:40.153465,Amazon,send,Bangalore,Android,0,5,20,0,2,0,0,4678.404529914529,117,-1940.924529914529,1,0.1
693,user_40,7083.84,2026-07-29 16:49:32.153465,Flipkart,refund,Pune,iOS,0,16,34,1,0,4,2,18950.453564356438,101,-11866.613564356438,0,0.5
694,user_2,39679.89,2026-07-22 07:59:41.153465,Flipkart,send,Bangalore,Android,0,7,11,1,2,0,0,47401.46406779661,118,-7721.57406779661,0,0.1
695,user_16,2078.71,2026-08-17 19:36:46.153465,Paytm,send,Pune,Web,0,19,7,2,2,4,1,3660.321525423729,118,-1581.6115254237288,0,0.2
696,user_10,4399.23,2026-07-22 08:28:48.153465,Flipkart,send,Chennai,iOS,1,8,1,1,2,1,2,4115.205169491525,118,284.0248305084742,0,0.5
697,user_27,16902.97,2026-08-15 02:50:00.153465,Amazon,send,Bangalore,Web,0,2,19,0,2,0,1,18537.69881355932,118,-1634.728813559319,1,0.2
698,user_37,17913.48,2026-09-16 14:47:05.153465,Walmart,request,Pune,Web,0,14,30,4,1,4,1,15907.096030534352,131,2006.3839694656472,0,0.2
699,user_27,8200.92,2026-08-02 23:43:36.153465,Swiggy,send,Bangalore,iOS,0,23,19,3,2,0,2,18537.69881355932,118,-10336.77881355932,0,0.5
700,user_8,28482.94,2026-07-23 09:39:21.153465,Swiggy,request,Delhi,Android,1,9,48,3,1,2,0,4162.542654867257,113,24320.39734513274,0,0.1
701,user_2,29227.97,2026-08-17 21:18:26.153465,Amazon,send,Delhi,Android,0,21,11,0,2,2,0,47401.46406779661,118,-18173.494067796608,0,0.1
702,user_13,5949.79,2026-09-07 18:19:23.153465,Amazon,send,Pune,iOS,0,18,4,0,2,4,2,16363.8575,124,-10414.067500000001,0,0.5
703,user_49,8149.78,2026-08-09 01:26:25.153465,Walmart,request,Pune,iOS,0,1,43,4,1,4,2,19333.43277227723,101,-11183.65277227723,1,0.5
704,user_44,18020.18,2026-08-11 22:57:49.153465,Flipkart,request,Chennai,Web,1,22,38,1,1,1,1,17327.384636363637,110,692.7953636363636,0,0.2
705,user_26,1125.22,2026-08-11 03:16:31.153465,Amazon,refund,Bangalore,Android,0,3,18,0,0,0,0,4396.555663716814,113,-3271.3356637168135,1,0.1
706,user_26,2800.75,2026-07-23 14:40:32.153465,Swiggy,request,Bangalore,iOS,0,14,18,3,1,0,2,4396.555663716814,113,-1595.8056637168138,0,0.5
707,user_32,3651.41,2026-08-21 16:06:15.153465,Swiggy,request,Pune,iOS,0,16,25,3,1,4,2,3596.741,130,54.66899999999987,0,0.5
708,user_5,18787.42,2026-09-07 16:30:26.153465,Walmart,request,Delhi,iOS,0,16,44,4,1,2,2,21765.65124031008,129,-2978.2312403100805,0,0.5
709,user_29,3817.67,2026-07-31 04:51:15.153465,Amazon,request,Pune,Android,0,4,21,0,1,4,0,4165.22631147541,122,-347.55631147540953,1,0.1
710,user_27,10408.11,2026-08-03 08:14:31.153465,Swiggy,request,Bangalore,Web,0,8,19,3,1,0,1,18537.69881355932,118,-8129.5888135593195,0,0.2
711,user_24,18660.96,2026-09-03 16:25:20.153465,Flipkart,send,Mumbai,Android,0,16,16,1,2,3,0,20664.321171875,128,-2003.3611718749999,0,0.1
712,user_24,101797.87,2026-08-04 19:27:51.153465,Walmart,send,Chennai,iOS,1,19,16,4,2,1,2,20664.321171875,128,81133.548828125,0,0.5
713,user_22,8568.33,2026-07-26 07:55:05.153465,Paytm,request,Mumbai,Android,0,7,14,2,1,3,0,18343.150086206897,116,-9774.820086206897,0,0.1
714,user_20,5555.64,2026-08-21 18:07:48.153465,Swiggy,refund,Pune,Android,0,18,12,3,0,4,0,19935.082280701754,114,-14379.442280701754,0,0.1
715,user_23,10210.1,2026-08-25 15:36:18.153465,Zomato,refund,Chennai,Android,0,15,15,5,0,1,0,21876.48723880597,134,-11666.38723880597,0,0.1
716,user_45,379.53,2026-08-12 04:20:00.153465,Zomato,request,Pune,Web,1,4,39,5,1,4,1,3748.3989344262295,122,-3368.8689344262293,1,0.2
717,user_24,61077.44,2026-09-02 04:33:01.153465,Paytm,request,Delhi,iOS,1,4,16,2,1,2,2,20664.321171875,128,40413.11882812501,1,0.5
718,user_12,57993.38,2026-07-23 04:41:46.153465,Paytm,refund,Mumbai,iOS,0,4,3,2,0,3,2,52530.11026548673,113,5463.269734513269,1,0.5
719,user_16,1912.92,2026-08-26 16:22:27.153465,Paytm,request,Bangalore,Android,0,16,7,2,1,0,0,3660.321525423729,118,-1747.4015254237288,0,0.1
720,user_33,2054.82,2026-09-08 00:25:06.153465,Paytm,refund,Chennai,Android,0,0,26,2,0,1,0,3974.536484375,128,-1919.7164843749997,1,0.1
721,user_26,2088.19,2026-09-16 16:30:07.153465,Flipkart,request,Bangalore,Android,0,16,18,1,1,0,0,4396.555663716814,113,-2308.3656637168137,0,0.1
722,user_25,3201.33,2026-08-10 09:07:23.153465,Walmart,send,Delhi,iOS,0,9,17,4,2,2,2,3615.32544,125,-413.99544000000014,0,0.5
723,user_18,3121.06,2026-08-16 02:10:13.153465,Zomato,request,Delhi,Android,0,2,9,5,1,2,0,4267.170924369748,119,-1146.1109243697479,1,0.1
724,user_48,2564.66,2026-07-27 16:25:18.153465,Zomato,send,Bangalore,iOS,0,16,42,5,2,0,2,4029.46368852459,122,-1464.8036885245901,0,0.5
725,user_31,38857.18,2026-08-13 01:44:43.153465,Paytm,send,Delhi,Android,1,1,24,2,2,2,0,4894.9887499999995,96,33962.19125,1,0.1
726,user_15,16800.32,2026-09-13 10:12:56.153465,Amazon,refund,Mumbai,Android,0,10,6,0,0,3,0,17357.696608695653,115,-557.376608695653,0,0.1
727,user_3,40373.82,2026-08-03 06:01:03.153465,Swiggy,request,Mumbai,Web,0,6,22,3,1,3,1,51628.90211538462,104,-11255.08211538462,1,0.2
728,user_48,2769.24,2026-09-08 23:14:07.153465,Flipkart,request,Pune,iOS,0,23,42,1,1,4,2,4029.46368852459,122,-1260.2236885245902,0,0.5
729,user_13,19528.07,2026-09-04 12:36:21.153465,Zomato,request,Mumbai,Web,0,12,4,5,1,3,1,16363.8575,124,3164.2124999999996,0,0.2
730,user_32,1880.56,2026-09-11 18:29:44.153465,Swiggy,refund,Chennai,iOS,0,18,25,3,0,1,2,3596.741,130,-1716.181,0,0.5
731,user_44,9588.61,2026-08-15 19:27:22.153465,Zomato,request,Chennai,Web,0,19,38,5,1,1,1,17327.384636363637,110,-7738.774636363636,0,0.2
732,user_30,13551.26,2026-07-26 20:48:06.153465,Paytm,request,Delhi,Android,0,20,23,2,1,2,0,20780.866470588233,119,-7229.606470588233,0,0.1
733,user_33,2471.95,2026-07-27 09:36:32.153465,Paytm,request,Chennai,iOS,0,9,26,2,1,1,2,3974.536484375,128,-1502.586484375,0,0.5
734,user_22,5626.15,2026-07-30 16:35:20.153465,Zomato,refund,Bangalore,Web,0,16,14,5,0,0,1,18343.150086206897,116,-12717.000086206897,0,0.2
735,user_12,24288.85,2026-09-04 19:23:04.153465,Zomato,refund,Mumbai,Android,0,19,3,5,0,3,0,52530.11026548673,113,-28241.26026548673,0,0.1
736,user_14,14838.5,2026-08-05 05:21:36.153465,Walmart,send,Chennai,iOS,0,5,5,4,2,1,2,18284.780597014927,134,-3446.2805970149275,1,0.5
737,user_5,14195.57,2026-09-03 21:54:43.153465,Amazon,send,Delhi,Android,0,21,44,0,2,2,0,21765.65124031008,129,-7570.081240310079,0,0.1
738,user_39,4636.9,2026-09-04 12:07:58.153465,Flipkart,send,Chennai,iOS,1,12,32,1,2,1,2,4488.573909090909,110,148.32609090909045,0,0.5
739,user_26,886.51,2026-08-24 08:54:49.153465,Zomato,request,Delhi,iOS,0,8,18,5,1,2,2,4396.555663716814,113,-3510.0456637168136,0,0.5
740,user_29,4007.42,2026-07-22 00:35:52.153465,Flipkart,send,Chennai,iOS,1,0,21,1,2,1,2,4165.22631147541,122,-157.80631147540953,1,0.5
741,user_21,2355.33,2026-08-05 05:57:28.153465,Walmart,send,Delhi,Web,0,5,13,4,2,2,1,4244.438115942029,138,-1889.1081159420291,1,0.2
742,user_45,3768.49,2026-08-02 11:28:41.153465,Flipkart,request,Pune,iOS,0,11,39,1,1,4,2,3748.3989344262295,122,20.091065573770265,0,0.5
743,user_41,1620.1,2026-08-29 07:19:20.153465,Swiggy,refund,Mumbai,Android,0,7,35,3,0,3,0,4057.624609375,128,-2437.524609375,0,0.1
744,user_29,4902.01,2026-08-03 13:07:13.153465,Flipkart,refund,Bangalore,iOS,1,13,21,1,0,0,2,4165.22631147541,122,736.7836885245906,0,0.5
745,user_35,11900.76,2026-08-18 14:30:43.153465,Amazon,send,Bangalore,Web,0,14,28,0,2,0,1,15800.978582677166,127,-3900.2185826771656,0,0.2
746,user_18,3357.47,2026-08-07 12:04:30.153465,Zomato,send,Bangalore,Web,0,12,9,5,2,0,1,4267.170924369748,119,-909.700924369748,0,0.2
747,user_9,3265.71,2026-09-17 23:54:51.153465,Zomato,refund,Pune,Web,0,23,49,5,0,4,1,4747.313999999999,110,-1481.6039999999994,0,0.2
748,user_3,20214.49,2026-09-17 21:53:28.153465,Swiggy,request,Mumbai,Android,0,21,22,3,1,3,0,51628.90211538462,104,-31414.412115384617,0,0.1
749,user_3,26224.76,2026-08-17 03:01:02.153465,Amazon,request,Mumbai,Android,0,3,22,0,1,3,0,51628.90211538462,104,-25404.14211538462,1,0.1
750,user_8,13574.37,2026-09-11 20:14:58.153465,Amazon,request,Bangalore,iOS,1,20,48,0,1,0,2,4162.542654867257,113,9411.827345132744,0,0.5
751,user_39,1677.29,2026-07-29 11:43:48.153465,Zomato,send,Bangalore,iOS,0,11,32,5,2,0,2,4488.573909090909,110,-2811.283909090909,0,0.5
752,user_32,1207.09,2026-08-14 20:31:49.153465,Amazon,refund,Delhi,Web,0,20,25,0,0,2,1,3596.741,130,-2389.651,0,0.2
753,user_3,29207.31,2026-09-10 01:51:46.153465,Swiggy,request,Mumbai,Web,1,1,22,3,1,3,1,51628.90211538462,104,-22421.592115384618,1,0.2
754,user_32,1959.24,2026-07-23 05:52:32.153465,Flipkart,refund,Delhi,iOS,0,5,25,1,0,2,2,3596.741,130,-1637.501,1,0.5
755,user_8,4610.76,2026-09-04 05:15:29.153465,Flipkart,refund,Bangalore,iOS,1,5,48,1,0,0,2,4162.542654867257,113,448.2173451327435,1,0.5
756,user_15,30392.37,2026-08-01 08:25:02.153465,Flipkart,send,Bangalore,Android,1,8,6,1,2,0,0,17357.696608695653,115,13034.673391304346,0,0.1
757,user_46,1721.25,2026-08-12 15:10:13.153465,Walmart,refund,Pune,Web,0,15,40,4,0,4,1,4824.613684210526,133,-3103.363684210526,0,0.2
758,user_45,338.37,2026-08-21 21:15:28.153465,Amazon,refund,Delhi,Android,0,21,39,0,0,2,0,3748.3989344262295,122,-3410.0289344262296,0,0.1
759,user_34,10926.88,2026-09-15 05:13:49.153465,Swiggy,request,Pune,iOS,0,5,27,3,1,4,2,4524.1720000000005,120,6402.707999999999,1,0.5
760,user_47,1348.61,2026-07-25 14:09:01.153465,Paytm,refund,Bangalore,Android,0,14,41,2,0,0,0,3883.282635658915,129,-2534.672635658915,0,0.1
761,user_32,4533.98,2026-08-15 07:22:57.153465,Walmart,refund,Mumbai,Android,1,7,25,4,0,3,0,3596.741,130,937.2389999999996,0,0.1
762,user_44,56050.95,2026-07-28 11:40:07.153465,Walmart,send,Chennai,iOS,1,11,38,4,2,1,2,17327.384636363637,110,38723.56536363636,0,0.5
763,user_47,3805.68,2026-09-06 07:31:56.153465,Flipkart,send,Bangalore,Web,0,7,41,1,2,0,1,3883.282635658915,129,-77.602635658915,0,0.2
764,user_32,479.98,2026-07-25 23:37:24.153465,Walmart,request,Chennai,iOS,0,23,25,4,1,1,2,3596.741,130,-3116.761,0,0.5
765,user_43,11753.76,2026-09-14 14:00:03.153465,Paytm,request,Pune,iOS,0,14,37,2,1,4,2,15429.552764227643,123,-3675.7927642276427,0,0.5
766,user_21,2107.49,2026-09-01 09:11:31.153465,Swiggy,request,Chennai,Web,0,9,13,3,1,1,1,4244.438115942029,138,-2136.9481159420293,0,0.2
767,user_7,300000.0,2026-08-27 09:18:30.153465,Swiggy,refund,Pune,Web,1,9,47,3,0,4,1,60187.18528,125,239812.81472,0,0.2
768,user_23,19648.57,2026-08-18 11:39:45.153465,Zomato,send,Delhi,iOS,0,11,15,5,2,2,2,21876.48723880597,134,-2227.9172388059706,0,0.5
769,user_37,14628.5,2026-08-22 01:56:46.153465,Flipkart,send,Bangalore,Android,0,1,30,1,2,0,0,15907.096030534352,131,-1278.5960305343524,1,0.1
770,user_27,14089.71,2026-08-09 14:24:08.153465,Amazon,request,Bangalore,Android,0,14,19,0,1,0,0,18537.69881355932,118,-4447.988813559321,0,0.1
771,user_47,4604.82,2026-08-28 20:48:55.153465,Amazon,send,Pune,iOS,0,20,41,0,2,4,2,3883.282635658915,129,721.5373643410849,0,0.5
772,user_41,546.79,2026-07-25 06:36:40.153465,Swiggy,request,Bangalore,iOS,0,6,35,3,1,0,2,4057.624609375,128,-3510.834609375,1,0.5
773,user_26,2677.23,2026-09-14 20:25:30.153465,Walmart,send,Bangalore,Android,1,20,18,4,2,0,0,4396.555663716814,113,-1719.3256637168138,0,0.1
774,user_37,30767.33,2026-08-14 11:51:45.153465,Zomato,refund,Bangalore,iOS,1,11,30,5,0,0,2,15907.096030534352,131,14860.23396946565,0,0.5
775,user_18,1653.21,2026-08-14 19:23:12.153465,Paytm,send,Pune,Web,0,19,9,2,2,4,1,4267.170924369748,119,-2613.9609243697478,0,0.2
776,user_17,796.09,2026-09-17 20:24:33.153465,Flipkart,request,Bangalore,Android,0,20,8,1,1,0,0,4173.412348484848,132,-3377.3223484848477,0,0.1
777,user_42,9639.41,2026-09-05 18:19:24.153465,Swiggy,send,Pune,Android,0,18,36,3,2,4,0,4749.498305084746,118,4889.911694915254,0,0.1
778,user_21,1656.35,2026-08-29 01:16:50.153465,Walmart,send,Chennai,Android,0,1,13,4,2,1,0,4244.438115942029,138,-2588.088115942029,1,0.1
779,user_36,3544.63,2026-09-03 05:44:20.153465,Amazon,send,Chennai,iOS,0,5,29,0,2,1,2,4483.898691588785,107,-939.2686915887853,1,0.5
780,user_13,11156.96,2026-08-04 00:36:45.153465,Paytm,send,Mumbai,Web,0,0,4,2,2,3,1,16363.8575,124,-5206.897500000001,1,0.2
781,user_19,2118.23,2026-08-07 13:27:53.153465,Swiggy,request,Pune,Web,0,13,10,3,1,4,1,3644.202786885246,122,-1525.972786885246,0,0.2
782,user_1,846.47,2026-09-18 09:48:31.153465,Amazon,refund,Delhi,Web,0,9,0,0,0,2,1,4037.2688695652173,115,-3190.7988695652175,0,0.2
783,user_2,22079.3,2026-08-25 00:03:32.153465,Zomato,request,Bangalore,iOS,0,0,11,5,1,0,2,47401.46406779661,118,-25322.16406779661,1,0.5
784,user_14,6166.47,2026-08-25 21:49:23.153465,Walmart,request,Bangalore,Android,0,21,5,4,1,0,0,18284.780597014927,134,-12118.310597014926,0,0.1
785,user_8,4041.66,2026-08-08 21:10:30.153465,Zomato,refund,Pune,Android,0,21,48,5,0,4,0,4162.542654867257,113,-120.88265486725686,0,0.1
786,user_19,3017.85,2026-07-22 06:04:40.153465,Zomato,request,Bangalore,iOS,0,6,10,5,1,0,2,3644.202786885246,122,-626.3527868852461,1,0.5
787,user_42,36669.15,2026-08-25 06:10:38.153465,Swiggy,send,Delhi,Web,1,6,36,3,2,2,1,4749.498305084746,118,31919.651694915257,1,0.2
788,user_25,3547.5,2026-07-21 23:57:25.153465,Walmart,refund,Mumbai,Android,0,23,17,4,0,3,0,3615.32544,125,-67.82544000000007,0,0.1
789,user_46,4384.63,2026-07-29 07:46:51.153465,Amazon,send,Mumbai,Android,1,7,40,0,2,3,0,4824.613684210526,133,-439.983684210526,0,0.1
790,user_15,11773.17,2026-08-30 10:36:28.153465,Zomato,request,Pune,iOS,0,10,6,5,1,4,2,17357.696608695653,115,-5584.526608695653,0,0.5
791,user_22,8455.41,2026-09-12 11:45:32.153465,Zomato,request,Chennai,Android,1,11,14,5,1,1,0,18343.150086206897,116,-9887.740086206897,0,0.1
792,user_40,9379.13,2026-09-13 22:34:57.153465,Walmart,send,Pune,Web,0,22,34,4,2,4,1,18950.453564356438,101,-9571.323564356439,0,0.2
793,user_20,14772.23,2026-08-22 10:42:02.153465,Flipkart,send,Pune,Android,0,10,12,1,2,4,0,19935.082280701754,114,-5162.852280701754,0,0.1
794,user_40,9056.81,2026-07-22 22:37:33.153465,Paytm,refund,Bangalore,Web,0,22,34,2,0,0,1,18950.453564356438,101,-9893.643564356438,0,0.2
795,user_33,1858.25,2026-08-28 18:05:40.153465,Zomato,refund,Delhi,Android,0,18,26,5,0,2,0,3974.536484375,128,-2116.286484375,0,0.1
796,user_45,2448.59,2026-09-04 03:18:54.153465,Paytm,send,Delhi,iOS,0,3,39,2,2,2,2,3748.3989344262295,122,-1299.8089344262294,1,0.5
797,user_16,1280.12,2026-08-22 00:51:37.153465,Amazon,refund,Bangalore,iOS,0,0,7,0,0,0,2,3660.321525423729,118,-2380.201525423729,1,0.5
798,user_49,7567.4,2026-08-24 14:02:43.153465,Paytm,request,Pune,Android,0,14,43,2,1,4,0,19333.43277227723,101,-11766.032772277229,0,0.1
799,user_42,2752.29,2026-08-05 20:02:53.153465,Paytm,request,Mumbai,iOS,0,20,36,2,1,3,2,4749.498305084746,118,-1997.208305084746,0,0.5
800,user_44,14595.43,2026-08-20 06:32:37.153465,Amazon,send,Bangalore,Android,0,6,38,0,2,0,0,17327.384636363637,110,-2731.9546363636364,1,0.1
801,user_11,1929.55,2026-08-25 08:25:02.153465,Flipkart,refund,Mumbai,Web,1,8,2,1,0,3,1,3819.240342465753,146,-1889.6903424657532,0,0.2
802,user_1,1059.73,2026-08-28 01:21:28.153465,Swiggy,send,Pune,Web,1,1,0,3,2,4,1,4037.2688695652173,115,-2977.5388695652173,1,0.2
803,user_5,11763.42,2026-08-02 09:00:35.153465,Swiggy,send,Delhi,Web,0,9,44,3,2,2,1,21765.65124031008,129,-10002.231240310079,0,0.2
804,user_16,2888.24,2026-09-10 18:55:31.153465,Swiggy,send,Bangalore,Android,0,18,7,3,2,0,0,3660.321525423729,118,-772.0815254237291,0,0.1
805,user_42,2618.17,2026-08-12 12:42:39.153465,Zomato,refund,Chennai,iOS,0,12,36,5,0,1,2,4749.498305084746,118,-2131.328305084746,0,0.5
806,user_16,2587.11,2026-08-07 15:12:02.153465,Walmart,refund,Chennai,iOS,0,15,7,4,0,1,2,3660.321525423729,118,-1073.2115254237287,0,0.5
807,user_9,1602.38,2026-08-02 20:40:24.153465,Paytm,request,Delhi,iOS,0,20,49,2,1,2,2,4747.313999999999,110,-3144.9339999999993,0,0.5
808,user_46,4201.88,2026-07-28 23:06:18.153465,Swiggy,send,Delhi,Web,0,23,40,3,2,2,1,4824.613684210526,133,-622.733684210526,0,0.2
809,user_50,960.91,2026-08-11 20:08:39.153465,Zomato,refund,Pune,Android,0,20,45,5,0,4,0,4276.488269230769,104,-3315.5782692307694,0,0.1
810,user_7,16204.02,2026-08-04 00:47:36.153465,Amazon,send,Delhi,iOS,1,0,47,0,2,2,2,60187.18528,125,-43983.16528,1,0.5
811,user_30,19274.24,2026-08-21 02:18:13.153465,Amazon,send,Pune,Web,0,2,23,0,2,4,1,20780.866470588233,119,-1506.6264705882313,1,0.2
812,user_38,19431.12,2026-07-26 07:18:49.153465,Paytm,refund,Chennai,Web,1,7,31,2,0,1,1,17814.76077586207,116,1616.3592241379301,0,0.2
813,user_35,19239.66,2026-09-05 18:38:47.153465,Swiggy,request,Chennai,Web,0,18,28,3,1,1,1,15800.978582677166,127,3438.681417322834,0,0.2
814,user_20,17670.39,2026-08-05 21:20:00.153465,Zomato,request,Pune,Android,0,21,12,5,1,4,0,19935.082280701754,114,-2264.6922807017545,0,0.1
815,user_48,2625.46,2026-07-24 09:49:17.153465,Amazon,request,Chennai,Web,0,9,42,0,1,1,1,4029.46368852459,122,-1404.00368852459,0,0.2
816,user_45,1375.44,2026-09-07 23:11:21.153465,Flipkart,send,Bangalore,Web,1,23,39,1,2,0,1,3748.3989344262295,122,-2372.9589344262295,0,0.2
817,user_49,19358.7,2026-08-13 18:43:24.153465,Amazon,send,Pune,Android,0,18,43,0,2,4,0,19333.43277227723,101,25.267227722772077,0,0.1
818,user_7,24494.34,2026-09-06 04:31:23.153465,Swiggy,request,Bangalore,iOS,0,4,47,3,1,0,2,60187.18528,125,-35692.845279999994,1,0.5
819,user_30,19067.1,2026-08-20 22:58:54.153465,Swiggy,send,Mumbai,iOS,0,22,23,3,2,3,2,20780.866470588233,119,-1713.7664705882344,0,0.5
820,user_26,1163.68,2026-07-31 23:54:20.153465,Walmart,send,Mumbai,Android,0,23,18,4,2,3,0,4396.555663716814,113,-3232.8756637168135,0,0.1
821,user_31,3509.95,2026-08-16 11:35:59.153465,Walmart,refund,Pune,Web,0,11,24,4,0,4,1,4894.9887499999995,96,-1385.0387499999997,0,0.2
822,user_37,40656.86,2026-08-18 20:04:02.153465,Amazon,refund,Delhi,Web,1,20,30,0,0,2,1,15907.096030534352,131,24749.763969465646,0,0.2
823,user_8,4379.81,2026-07-25 03:09:46.153465,Walmart,request,Mumbai,Web,0,3,48,4,1,3,1,4162.542654867257,113,217.26734513274369,1,0.2
824,user_42,1033.15,2026-08-15 12:27:58.153465,Zomato,refund,Delhi,Android,0,12,36,5,0,2,0,4749.498305084746,118,-3716.348305084746,0,0.1
825,user_41,3972.38,2026-08-01 10:03:06.153465,Walmart,request,Bangalore,Web,0,10,35,4,1,0,1,4057.624609375,128,-85.24460937499998,0,0.2
826,user_44,11277.71,2026-08-04 19:20:34.153465,Zomato,request,Chennai,Android,0,19,38,5,1,1,0,17327.384636363637,110,-6049.674636363638,0,0.1
827,user_7,31216.89,2026-08-07 09:24:38.153465,Amazon,request,Bangalore,Android,1,9,47,0,1,0,0,60187.18528,125,-28970.29528,0,0.1
828,user_42,3714.36,2026-07-27 03:28:52.153465,Walmart,refund,Pune,Android,0,3,36,4,0,4,0,4749.498305084746,118,-1035.1383050847458,1,0.1
829,user_42,4945.09,2026-08-15 14:29:41.153465,Swiggy,refund,Pune,Android,0,14,36,3,0,4,0,4749.498305084746,118,195.59169491525427,0,0.1
830,user_24,7043.62,2026-09-15 06:57:05.153465,Amazon,send,Delhi,Web,1,6,16,0,2,2,1,20664.321171875,128,-13620.701171875,1,0.2
831,user_40,16085.93,2026-09-12 00:54:48.153465,Walmart,refund,Bangalore,Android,0,0,34,4,0,0,0,18950.453564356438,101,-2864.5235643564374,1,0.1
832,user_44,19489.34,2026-07-29 11:52:57.153465,Amazon,request,Delhi,iOS,0,11,38,0,1,2,2,17327.384636363637,110,2161.9553636363635,0,0.5
833,user_26,3389.36,2026-08-11 10:56:51.153465,Swiggy,request,Bangalore,Web,0,10,18,3,1,0,1,4396.555663716814,113,-1007.1956637168137,0,0.2
834,user_23,12793.72,2026-09-08 22:56:07.153465,Paytm,refund,Mumbai,Web,1,22,15,2,0,3,1,21876.48723880597,134,-9082.767238805971,0,0.2
835,user_11,2197.67,2026-08-26 22:28:32.153465,Amazon,refund,Pune,iOS,0,22,2,0,0,4,2,3819.240342465753,146,-1621.5703424657531,0,0.5
836,user_15,8054.79,2026-08-26 02:08:26.153465,Amazon,send,Pune,Web,0,2,6,0,2,4,1,17357.696608695653,115,-9302.906608695652,1,0.2
837,user_9,711.4,2026-08-29 00:21:19.153465,Flipkart,refund,Chennai,Android,0,0,49,1,0,1,0,4747.313999999999,110,-4035.9139999999993,1,0.1
838,user_2,277852.06,2026-09-14 14:07:49.153465,Amazon,refund,Bangalore,iOS,1,14,11,0,0,0,2,47401.46406779661,118,230450.5959322034,0,0.5
839,user_14,17680.61,2026-08-19 04:02:38.153465,Flipkart,request,Bangalore,Web,0,4,5,1,1,0,1,18284.780597014927,134,-604.1705970149269,1,0.2
840,user_14,7184.13,2026-09-10 19:53:16.153465,Amazon,send,Chennai,Android,0,19,5,0,2,1,0,18284.780597014927,134,-11100.650597014926,0,0.1
841,user_19,474.56,2026-08-12 06:51:58.153465,Flipkart,refund,Chennai,Android,0,6,10,1,0,1,0,3644.202786885246,122,-3169.642786885246,1,0.1
842,user_24,16977.18,2026-09-17 19:09:19.153465,Flipkart,request,Pune,iOS,0,19,16,1,1,4,2,20664.321171875,128,-3687.1411718749987,0,0.5
843,user_14,15240.29,2026-08-05 03:23:35.153465,Swiggy,request,Mumbai,iOS,1,3,5,3,1,3,2,18284.780597014927,134,-3044.4905970149266,1,0.5
844,user_23,16676.48,2026-08-19 09:24:32.153465,Paytm,send,Chennai,iOS,0,9,15,2,2,1,2,21876.48723880597,134,-5200.007238805971,0,0.5
845,user_37,13391.23,2026-07-21 19:36:43.153465,Paytm,send,Mumbai,Android,0,19,30,2,2,3,0,15907.096030534352,131,-2515.866030534353,0,0.1
846,user_42,1015.98,2026-08-29 02:21:45.153465,Swiggy,refund,Delhi,Android,1,2,36,3,0,2,0,4749.498305084746,118,-3733.518305084746,1,0.1
847,user_45,4905.95,2026-07-30 12:22:01.153465,Zomato,refund,Bangalore,Web,1,12,39,5,0,0,1,3748.3989344262295,122,1157.5510655737703,0,0.2
848,user_28,10677.85,2026-08-23 11:20:56.153465,Zomato,request,Mumbai,Android,1,11,20,5,1,3,0,4678.404529914529,117,5999.445470085471,0,0.1
849,user_32,3940.88,2026-08-29 22:10:34.153465,Swiggy,refund,Pune,Android,0,22,25,3,0,4,0,3596.741,130,344.1390000000001,0,0.1
850,user_29,4024.83,2026-08-30 14:20:04.153465,Flipkart,refund,Chennai,iOS,0,14,21,1,0,1,2,4165.22631147541,122,-140.39631147540968,0,0.5
851,user_24,14743.37,2026-09-12 11:18:43.153465,Amazon,send,Delhi,Android,0,11,16,0,2,2,0,20664.321171875,128,-5920.951171874998,0,0.1
852,user_39,1095.2,2026-08-31 03:44:13.153465,Swiggy,request,Chennai,iOS,0,3,32,3,1,1,2,4488.573909090909,110,-3393.3739090909094,1,0.5
853,user_8,2139.72,2026-08-15 08:23:02.153465,Swiggy,request,Delhi,iOS,0,8,48,3,1,2,2,4162.542654867257,113,-2022.822654867257,0,0.5
854,user_25,4253.44,2026-08-20 11:15:36.153465,Paytm,refund,Pune,iOS,1,11,17,2,0,4,2,3615.32544,125,638.1145599999995,0,0.5
855,user_33,1954.06,2026-09-09 04:21:10.153465,Flipkart,send,Chennai,iOS,0,4,26,1,2,1,2,3974.536484375,128,-2020.476484375,1,0.5
856,user_43,13140.36,2026-09-14 18:30:10.153465,Amazon,refund,Pune,Android,0,18,37,0,0,4,0,15429.552764227643,123,-2289.1927642276423,0,0.1
857,user_31,1912.1,2026-07-23 14:10:42.153465,Flipkart,send,Chennai,Web,0,14,24,1,2,1,1,4894.9887499999995,96,-2982.8887499999996,0,0.2
858,user_44,6915.5,2026-07-29 16:26:12.153465,Swiggy,send,Pune,Android,0,16,38,3,2,4,0,17327.384636363637,110,-10411.884636363637,0,0.1
859,user_20,19752.53,2026-08-31 19:05:51.153465,Walmart,send,Pune,Android,0,19,12,4,2,4,0,19935.082280701754,114,-182.55228070175508,0,0.1
860,user_35,19758.4,2026-09-12 05:12:40.153465,Zomato,send,Bangalore,Android,0,5,28,5,2,0,0,15800.978582677166,127,3957.4214173228356,1,0.1
861,user_4,3567.06,2026-08-10 05:13:34.153465,Walmart,refund,Bangalore,Android,0,5,33,4,0,0,0,4960.130344827586,116,-1393.0703448275858,1,0.1
862,user_12,53152.79,2026-07-23 22:11:36.153465,Zomato,request,Mumbai,iOS,0,22,3,5,1,3,2,52530.11026548673,113,622.6797345132727,0,0.5
863,user_17,907.78,2026-09-17 19:20:36.153465,Walmart,refund,Pune,Android,0,19,8,4,0,4,0,4173.412348484848,132,-3265.632348484848,0,0.1
864,user_11,399.98,2026-08-05 01:28:54.153465,Flipkart,send,Bangalore,Android,0,1,2,1,2,0,0,3819.240342465753,146,-3419.260342465753,1,0.1
865,user_33,974.48,2026-08-12 17:18:23.153465,Paytm,refund,Chennai,Android,0,17,26,2,0,1,0,3974.536484375,128,-3000.056484375,0,0.1
866,user_4,3166.22,2026-07-28 21:13:21.153465,Walmart,request,Chennai,Web,1,21,33,4,1,1,1,4960.130344827586,116,-1793.910344827586,0,0.2
867,user_19,2167.15,2026-09-11 06:27:59.153465,Paytm,request,Delhi,Web,0,6,10,2,1,2,1,3644.202786885246,122,-1477.052786885246,1,0.2
868,user_33,4091.92,2026-09-06 22:35:30.153465,Swiggy,send,Bangalore,iOS,0,22,26,3,2,0,2,3974.536484375,128,117.3835156250002,0,0.5
869,user_13,16531.53,2026-08-03 18:12:15.153465,Zomato,refund,Delhi,Web,0,18,4,5,0,2,1,16363.8575,124,167.67249999999876,0,0.2
870,user_18,2477.36,2026-08-20 02:07:20.153465,Amazon,send,Delhi,Android,0,2,9,0,2,2,0,4267.170924369748,119,-1789.8109243697477,1,0.1
871,user_5,19073.66,2026-07-25 16:58:17.153465,Swiggy,send,Bangalore,Android,0,16,44,3,2,0,0,21765.65124031008,129,-2691.991240310079,0,0.1
872,user_49,137548.47,2026-08-11 17:57:19.153465,Amazon,request,Bangalore,iOS,1,17,43,0,1,0,2,19333.43277227723,101,118215.03722772277,0,0.5
873,user_45,217.58,2026-09-04 22:35:26.153465,Paytm,request,Bangalore,Web,0,22,39,2,1,0,1,3748.3989344262295,122,-3530.8189344262296,0,0.2
874,user_23,11524.9,2026-07-27 07:06:45.153465,Walmart,request,Chennai,Web,0,7,15,4,1,1,1,21876.48723880597,134,-10351.58723880597,0,0.2
875,user_15,51890.7,2026-08-22 16:13:04.153465,Zomato,refund,Pune,Web,1,16,6,5,0,4,1,17357.696608695653,115,34533.003391304344,0,0.2
876,user_5,7070.8,2026-09-16 06:10:32.153465,Zomato,refund,Bangalore,Android,0,6,44,5,0,0,0,21765.65124031008,129,-14694.85124031008,1,0.1
877,user_27,16619.69,2026-08-22 04:49:51.153465,Walmart,request,Delhi,iOS,0,4,19,4,1,2,2,18537.69881355932,118,-1918.0088135593214,1,0.5
878,user_11,1665.3,2026-09-10 07:43:46.153465,Paytm,send,Bangalore,Android,0,7,2,2,2,0,0,3819.240342465753,146,-2153.940342465753,0,0.1
879,user_23,18151.71,2026-08-30 13:26:46.153465,Amazon,refund,Pune,Web,1,13,15,0,0,4,1,21876.48723880597,134,-3724.777238805971,0,0.2
880,user_31,2070.6,2026-08-18 10:42:24.153465,Amazon,send,Delhi,Web,0,10,24,0,2,2,1,4894.9887499999995,96,-2824.3887499999996,0,0.2
881,user_29,4230.68,2026-08-31 22:18:12.153465,Swiggy,send,Pune,Web,0,22,21,3,2,4,1,4165.22631147541,122,65.45368852459069,0,0.2
882,user_47,3642.49,2026-09-07 12:37:30.153465,Walmart,request,Pune,Web,0,12,41,4,1,4,1,3883.282635658915,129,-240.79263565891506,0,0.2
883,user_1,3979.41,2026-07-22 04:25:07.153465,Walmart,send,Mumbai,Android,0,4,0,4,2,3,0,4037.2688695652173,115,-57.85886956521745,1,0.1
884,user_18,1623.88,2026-08-18 04:30:42.153465,Swiggy,send,Mumbai,Web,0,4,9,3,2,3,1,4267.170924369748,119,-2643.2909243697477,1,0.2
885,user_49,16275.87,2026-08-22 13:56:02.153465,Swiggy,request,Pune,iOS,0,13,43,3,1,4,2,19333.43277227723,101,-3057.562772277228,0,0.5
886,user_9,4677.97,2026-09-03 23:56:31.153465,Amazon,request,Bangalore,Android,0,23,49,0,1,0,0,4747.313999999999,110,-69.34399999999914,0,0.1
887,user_36,1324.68,2026-08-21 12:43:55.153465,Swiggy,request,Delhi,Web,0,12,29,3,1,2,1,4483.898691588785,107,-3159.218691588785,0,0.2
888,user_29,11189.81,2026-07-31 01:49:56.153465,Paytm,request,Delhi,Android,1,1,21,2,1,2,0,4165.22631147541,122,7024.58368852459,1,0.1
889,user_44,14561.37,2026-08-12 12:37:34.153465,Paytm,refund,Mumbai,Android,0,12,38,2,0,3,0,17327.384636363637,110,-2766.014636363636,0,0.1
890,user_23,15515.24,2026-09-14 16:40:53.153465,Swiggy,send,Mumbai,Web,0,16,15,3,2,3,1,21876.48723880597,134,-6361.2472388059705,0,0.2
891,user_49,5230.37,2026-07-22 10:56:25.153465,Amazon,send,Mumbai,iOS,0,10,43,0,2,3,2,19333.43277227723,101,-14103.06277227723,0,0.5
892,user_7,19639.28,2026-09-12 10:52:06.153465,Zomato,refund,Mumbai,iOS,0,10,47,5,0,3,2,60187.18528,125,-40547.90528,0,0.5
893,user_1,13875.59,2026-08-13 04:50:08.153465,Amazon,refund,Chennai,Web,1,4,0,0,0,1,1,4037.2688695652173,115,9838.321130434782,1,0.2
894,user_33,1596.38,2026-09-09 12:34:39.153465,Zomato,request,Mumbai,Android,0,12,26,5,1,3,0,3974.536484375,128,-2378.1564843749998,0,0.1
895,user_26,8775.71,2026-08-02 04:34:36.153465,Paytm,refund,Chennai,Android,1,4,18,2,0,1,0,4396.555663716814,113,4379.154336283185,1,0.1
896,user_3,47997.69,2026-08-11 13:51:00.153465,Swiggy,refund,Bangalore,iOS,0,13,22,3,0,0,2,51628.90211538462,104,-3631.2121153846165,0,0.5
897,user_1,3234.92,2026-08-11 14:58:27.153465,Paytm,request,Bangalore,iOS,0,14,0,2,1,0,2,4037.2688695652173,115,-802.3488695652172,0,0.5
898,user_50,2008.12,2026-08-13 13:10:31.153465,Amazon,refund,Delhi,iOS,0,13,45,0,0,2,2,4276.488269230769,104,-2268.3682692307693,0,0.5
899,user_24,6994.84,2026-08-23 15:28:27.153465,Zomato,refund,Mumbai,iOS,0,15,16,5,0,3,2,20664.321171875,128,-13669.481171874999,0,0.5
900,user_16,14767.95,2026-09-02 00:39:36.153465,Zomato,request,Pune,iOS,1,0,7,5,1,4,2,3660.321525423729,118,11107.628474576271,1,0.5
901,user_37,34848.92,2026-08-13 09:55:08.153465,Flipkart,request,Bangalore,Android,1,9,30,1,1,0,0,15907.096030534352,131,18941.823969465644,0,0.1
902,user_43,15974.12,2026-08-31 10:48:25.153465,Flipkart,refund,Mumbai,Web,1,10,37,1,0,3,1,15429.552764227643,123,544.5672357723579,0,0.2
903,user_9,3032.68,2026-08-06 13:08:15.153465,Amazon,send,Bangalore,Android,0,13,49,0,2,0,0,4747.313999999999,110,-1714.6339999999996,0,0.1
904,user_28,497.44,2026-08-10 01:17:25.153465,Walmart,send,Chennai,Web,0,1,20,4,2,1,1,4678.404529914529,117,-4180.9645299145295,1,0.2
905,user_14,13429.68,2026-09-06 13:16:07.153465,Walmart,request,Mumbai,iOS,0,13,5,4,1,3,2,18284.780597014927,134,-4855.100597014927,0,0.5
906,user_43,10557.71,2026-07-25 02:43:00.153465,Zomato,request,Chennai,Android,0,2,37,5,1,1,0,15429.552764227643,123,-4871.842764227644,1,0.1
907,user_15,15691.95,2026-08-27 10:42:29.153465,Swiggy,refund,Delhi,Web,0,10,6,3,0,2,1,17357.696608695653,115,-1665.746608695652,0,0.2
908,user_36,3498.08,2026-09-03 05:25:42.153465,Paytm,request,Pune,Web,0,5,29,2,1,4,1,4483.898691588785,107,-985.8186915887854,1,0.2
909,user_43,7742.87,2026-08-30 11:27:29.153465,Flipkart,send,Chennai,iOS,0,11,37,1,2,1,2,15429.552764227643,123,-7686.682764227643,0,0.5
910,user_33,3283.03,2026-08-11 19:33:58.153465,Walmart,send,Chennai,Web,0,19,26,4,2,1,1,3974.536484375,128,-691.5064843749997,0,0.2
911,user_40,13408.08,2026-08-21 15:40:31.153465,Swiggy,refund,Pune,iOS,0,15,34,3,0,4,2,18950.453564356438,101,-5542.373564356438,0,0.5
912,user_37,7081.49,2026-07-31 05:31:50.153465,Walmart,request,Chennai,Web,0,5,30,4,1,1,1,15907.096030534352,131,-8825.606030534353,1,0.2
913,user_39,4322.31,2026-08-31 11:01:51.153465,Zomato,send,Bangalore,iOS,0,11,32,5,2,0,2,4488.573909090909,110,-166.26390909090878,0,0.5
914,user_21,3342.96,2026-08-26 16:04:26.153465,Walmart,request,Delhi,Web,0,16,13,4,1,2,1,4244.438115942029,138,-901.478115942029,0,0.2
915,user_41,14241.76,2026-08-08 00:10:48.153465,Paytm,refund,Bangalore,Android,1,0,35,2,0,0,0,4057.624609375,128,10184.135390625,1,0.1
916,user_30,17121.12,2026-08-29 03:18:21.153465,Flipkart,refund,Delhi,Android,0,3,23,1,0,2,0,20780.866470588233,119,-3659.746470588234,1,0.1
917,user_32,1633.27,2026-07-24 01:51:04.153465,Zomato,refund,Delhi,iOS,0,1,25,5,0,2,2,3596.741,130,-1963.471,1,0.5
918,user_15,10971.15,2026-08-08 04:27:50.153465,Zomato,send,Delhi,Android,0,4,6,5,2,2,0,17357.696608695653,115,-6386.546608695653,1,0.1
919,user_7,55605.08,2026-08-18 05:08:12.153465,Swiggy,refund,Pune,Web,0,5,47,3,0,4,1,60187.18528,125,-4582.105279999996,1,0.2
920,user_39,2015.38,2026-08-14 05:49:56.153465,Paytm,send,Chennai,Web,0,5,32,2,2,1,1,4488.573909090909,110,-2473.193909090909,1,0.2
921,user_33,34882.31,2026-08-09 18:57:14.153465,Walmart,request,Chennai,iOS,1,18,26,4,1,1,2,3974.536484375,128,30907.773515625,0,0.5
922,user_29,9155.96,2026-09-10 18:25:57.153465,Zomato,refund,Bangalore,Android,0,18,21,5,0,0,0,4165.22631147541,122,4990.7336885245895,0,0.1
923,user_1,4996.27,2026-09-18 03:35:42.153465,Walmart,request,Pune,iOS,0,3,0,4,1,4,2,4037.2688695652173,115,959.0011304347831,1,0.5
924,user_39,4336.31,2026-09-09 01:59:13.153465,Flipkart,send,Mumbai,Web,1,1,32,1,2,3,1,4488.573909090909,110,-152.26390909090878,1,0.2
925,user_16,8222.64,2026-09-10 23:44:41.153465,Zomato,request,Bangalore,Android,1,23,7,5,1,0,0,3660.321525423729,118,4562.31847457627,0,0.1
926,user_33,1830.23,2026-09-02 18:03:36.153465,Zomato,send,Bangalore,Web,1,18,26,5,2,0,1,3974.536484375,128,-2144.306484375,0,0.2
927,user_45,4144.48,2026-07-25 08:46:20.153465,Swiggy,refund,Mumbai,Android,0,8,39,3,0,3,0,3748.3989344262295,122,396.08106557377005,0,0.1
928,user_32,4273.8,2026-08-31 10:25:34.153465,Walmart,refund,Mumbai,Android,1,10,25,4,0,3,0,3596.741,130,677.0590000000002,0,0.1
929,user_6,373.81,2026-07-30 16:46:52.153465,Paytm,send,Mumbai,iOS,1,16,46,2,2,3,2,3699.0514728682174,129,-3325.2414728682174,0,0.5
930,user_50,1724.49,2026-08-01 17:05:03.153465,Swiggy,refund,Delhi,Web,0,17,45,3,0,2,1,4276.488269230769,104,-2551.9982692307694,0,0.2
931,user_36,1747.17,2026-08-23 14:21:37.153465,Swiggy,request,Mumbai,Web,0,14,29,3,1,3,1,4483.898691588785,107,-2736.7286915887853,0,0.2
932,user_15,14451.18,2026-08-31 07:52:15.153465,Swiggy,refund,Bangalore,iOS,0,7,6,3,0,0,2,17357.696608695653,115,-2906.5166086956524,0,0.5
933,user_9,14759.85,2026-08-03 04:10:24.153465,Amazon,send,Bangalore,Android,1,4,49,0,2,0,0,4747.313999999999,110,10012.536,1,0.1
934,user_5,45295.87,2026-08-02 14:56:45.153465,Paytm,refund,Bangalore,Android,1,14,44,2,0,0,0,21765.65124031008,129,23530.218759689924,0,0.1
935,user_10,1630.49,2026-08-30 05:37:26.153465,Walmart,refund,Bangalore,Android,0,5,1,4,0,0,0,4115.205169491525,118,-2484.7151694915256,1,0.1
936,user_27,7834.61,2026-09-15 00:59:39.153465,Zomato,refund,Delhi,Web,0,0,19,5,0,2,1,18537.69881355932,118,-10703.08881355932,1,0.2
937,user_10,4619.79,2026-09-08 11:43:00.153465,Paytm,refund,Delhi,Web,0,11,1,2,0,2,1,4115.205169491525,118,504.5848305084746,0,0.2
938,user_33,773.45,2026-08-18 09:19:46.153465,Paytm,send,Mumbai,iOS,0,9,26,2,2,3,2,3974.536484375,128,-3201.0864843749996,0,0.5
939,user_30,7254.45,2026-08-05 21:35:12.153465,Paytm,request,Delhi,Web,0,21,23,2,1,2,1,20780.866470588233,119,-13526.416470588232,0,0.2
940,user_28,3465.39,2026-07-23 20:06:09.153465,Flipkart,request,Bangalore,Web,0,20,20,1,1,0,1,4678.404529914529,117,-1213.0145299145292,0,0.2
941,user_27,8633.22,2026-08-13 11:10:28.153465,Walmart,request,Chennai,iOS,0,11,19,4,1,1,2,18537.69881355932,118,-9904.47881355932,0,0.5
942,user_39,3146.88,2026-09-08 02:18:19.153465,Flipkart,request,Delhi,Android,0,2,32,1,1,2,0,4488.573909090909,110,-1341.693909090909,1,0.1
943,user_47,1903.69,2026-08-01 05:36:09.153465,Walmart,refund,Delhi,Android,0,5,41,4,0,2,0,3883.282635658915,129,-1979.5926356589148,1,0.1
944,user_11,1191.61,2026-07-24 11:34:36.153465,Swiggy,request,Delhi,iOS,0,11,2,3,1,2,2,3819.240342465753,146,-2627.6303424657535,0,0.5
945,user_25,3555.42,2026-09-18 19:55:59.153465,Flipkart,request,Pune,Android,0,19,17,1,1,4,0,3615.32544,125,-59.90544,0,0.1
946,user_50,3961.57,2026-09-08 20:45:12.153465,Swiggy,refund,Mumbai,Web,1,20,45,3,0,3,1,4276.488269230769,104,-314.91826923076906,0,0.2
947,user_15,10852.14,2026-08-12 08:26:39.153465,Amazon,request,Chennai,Android,0,8,6,0,1,1,0,17357.696608695653,115,-6505.556608695653,0,0.1
948,user_5,18729.36,2026-08-10 00:11:43.153465,Walmart,send,Bangalore,Web,0,0,44,4,2,0,1,21765.65124031008,129,-3036.291240310078,1,0.2
949,user_44,5127.69,2026-08-15 01:33:27.153465,Swiggy,request,Mumbai,iOS,0,1,38,3,1,3,2,17327.384636363637,110,-12199.694636363638,1,0.5
950,user_17,620.62,2026-08-14 02:19:08.153465,Zomato,refund,Mumbai,Android,0,2,8,5,0,3,0,4173.412348484848,132,-3552.792348484848,1,0.1
951,user_24,6363.09,2026-08-14 00:42:37.153465,Swiggy,request,Chennai,iOS,0,0,16,3,1,1,2,20664.321171875,128,-14301.231171874999,1,0.5
952,user_34,4219.03,2026-08-07 05:34:30.153465,Amazon,refund,Delhi,Web,0,5,27,0,0,2,1,4524.1720000000005,120,-305.14200000000073,1,0.2
953,user_13,7947.34,2026-08-01 19:48:58.153465,Walmart,refund,Mumbai,iOS,0,19,4,4,0,3,2,16363.8575,124,-8416.5175,0,0.5
954,user_9,4446.04,2026-09-03 03:01:38.153465,Walmart,refund,Pune,Android,1,3,49,4,0,4,0,4747.313999999999,110,-301.27399999999943,1,0.1
955,user_16,2392.29,2026-09-02 19:49:50.153465,Flipkart,request,Chennai,iOS,0,19,7,1,1,1,2,3660.321525423729,118,-1268.031525423729,0,0.5
956,user_31,3087.97,2026-08-28 15:07:11.153465,Amazon,refund,Pune,Web,0,15,24,0,0,4,1,4894.9887499999995,96,-1807.0187499999997,0,0.2
957,user_31,4154.2,2026-08-01 07:26:41.153465,Walmart,request,Chennai,Web,0,7,24,4,1,1,1,4894.9887499999995,96,-740.7887499999997,0,0.2
958,user_33,1159.97,2026-08-30 10:24:43.153465,Paytm,send,Pune,Android,0,10,26,2,2,4,0,3974.536484375,128,-2814.566484375,0,0.1
959,user_13,6943.41,2026-09-02 09:36:08.153465,Paytm,refund,Mumbai,Web,0,9,4,2,0,3,1,16363.8575,124,-9420.4475,0,0.2
960,user_1,2001.81,2026-08-09 09:46:38.153465,Walmart,refund,Mumbai,Web,0,9,0,4,0,3,1,4037.2688695652173,115,-2035.4588695652174,0,0.2
961,user_31,3041.11,2026-08-05 20:09:29.153465,Flipkart,refund,Mumbai,Web,0,20,24,1,0,3,1,4894.9887499999995,96,-1853.8787499999994,0,0.2
962,user_16,2994.59,2026-08-20 12:03:25.153465,Walmart,refund,Bangalore,iOS,0,12,7,4,0,0,2,3660.321525423729,118,-665.7315254237287,0,0.5
963,user_20,6764.12,2026-08-28 08:53:28.153465,Swiggy,request,Bangalore,Web,0,8,12,3,1,0,1,19935.082280701754,114,-13170.962280701755,0,0.2
964,user_39,4304.43,2026-07-31 01:29:44.153465,Flipkart,send,Delhi,Android,1,1,32,1,2,2,0,4488.573909090909,110,-184.1439090909089,1,0.1
965,user_29,591.78,2026-09-02 18:59:02.153465,Amazon,refund,Chennai,Web,0,18,21,0,0,1,1,4165.22631147541,122,-3573.44631147541,0,0.2
966,user_13,6151.08,2026-07-26 01:48:39.153465,Walmart,send,Delhi,Android,0,1,4,4,2,2,0,16363.8575,124,-10212.7775,1,0.1
967,user_42,4792.03,2026-09-02 16:08:08.153465,Flipkart,send,Mumbai,Web,1,16,36,1,2,3,1,4749.498305084746,118,42.531694915253865,0,0.2
968,user_12,233496.88,2026-07-26 22:26:21.153465,Amazon,refund,Pune,Web,1,22,3,0,0,4,1,52530.11026548673,113,180966.76973451328,0,0.2
969,user_43,13916.46,2026-09-08 00:51:50.153465,Amazon,send,Bangalore,Android,0,0,37,0,2,0,0,15429.552764227643,123,-1513.0927642276438,1,0.1
970,user_48,205.74,2026-09-05 00:34:26.153465,Amazon,refund,Delhi,iOS,0,0,42,0,0,2,2,4029.46368852459,122,-3823.72368852459,1,0.5
971,user_13,7845.16,2026-08-05 00:17:50.153465,Flipkart,send,Delhi,Android,0,0,4,1,2,2,0,16363.8575,124,-8518.6975,1,0.1
972,user_14,7549.97,2026-09-06 14:30:58.153465,Flipkart,request,Chennai,Android,0,14,5,1,1,1,0,18284.780597014927,134,-10734.810597014926,0,0.1
973,user_38,17716.88,2026-09-08 18:59:46.153465,Amazon,refund,Chennai,iOS,0,18,31,0,0,1,2,17814.76077586207,116,-97.88077586206782,0,0.5
974,user_45,8760.41,2026-09-01 10:30:03.153465,Amazon,refund,Pune,Android,0,10,39,0,0,4,0,3748.3989344262295,122,5012.01106557377,0,0.1
975,user_35,10558.74,2026-08-11 14:21:23.153465,Swiggy,request,Mumbai,Web,0,14,28,3,1,3,1,15800.978582677166,127,-5242.238582677166,0,0.2
976,user_35,14577.86,2026-09-07 21:14:36.153465,Paytm,request,Bangalore,Android,0,21,28,2,1,0,0,15800.978582677166,127,-1223.1185826771653,0,0.1
977,user_35,19657.78,2026-09-01 11:15:29.153465,Amazon,refund,Pune,Web,1,11,28,0,0,4,1,15800.978582677166,127,3856.801417322833,0,0.2
978,user_45,1793.42,2026-08-12 09:43:40.153465,Paytm,refund,Mumbai,iOS,0,9,39,2,0,3,2,3748.3989344262295,122,-1954.9789344262294,0,0.5
979,user_44,17216.78,2026-07-27 23:36:08.153465,Zomato,refund,Chennai,Web,1,23,38,5,0,1,1,17327.384636363637,110,-110.60463636363784,0,0.2
980,user_18,3120.13,2026-08-21 04:36:27.153465,Walmart,request,Chennai,Android,0,4,9,4,1,1,0,4267.170924369748,119,-1147.0409243697477,1,0.1
981,user_22,12555.94,2026-08-29 06:45:26.153465,Zomato,send,Mumbai,iOS,0,6,14,5,2,3,2,18343.150086206897,116,-5787.210086206896,1,0.5
982,user_13,18292.48,2026-08-18 23:23:01.153465,Paytm,request,Bangalore,Web,0,23,4,2,1,0,1,16363.8575,124,1928.6224999999995,0,0.2
983,user_14,14056.39,2026-08-05 19:17:47.153465,Flipkart,refund,Pune,Android,0,19,5,1,0,4,0,18284.780597014927,134,-4228.390597014928,0,0.1
984,user_13,18575.22,2026-08-28 08:53:49.153465,Zomato,request,Pune,iOS,0,8,4,5,1,4,2,16363.8575,124,2211.362500000001,0,0.5
985,user_11,3201.53,2026-09-14 23:45:59.153465,Flipkart,request,Pune,Web,0,23,2,1,1,4,1,3819.240342465753,146,-617.710342465753,0,0.2
986,user_28,14779.37,2026-09-14 20:59:46.153465,Paytm,send,Bangalore,iOS,1,20,20,2,2,0,2,4678.404529914529,117,10100.965470085472,0,0.5
987,user_9,640.89,2026-07-30 10:20:34.153465,Swiggy,refund,Mumbai,Android,0,10,49,3,0,3,0,4747.313999999999,110,-4106.423999999999,0,0.1
988,user_10,1368.61,2026-09-10 00:45:59.153465,Swiggy,refund,Bangalore,iOS,0,0,1,3,0,0,2,4115.205169491525,118,-2746.5951694915257,1,0.5
989,user_47,594.56,2026-07-22 09:45:56.153465,Swiggy,refund,Chennai,Web,0,9,41,3,0,1,1,3883.282635658915,129,-3288.722635658915,0,0.2
990,user_12,38080.97,2026-08-05 03:08:45.153465,Swiggy,request,Bangalore,Android,0,3,3,3,1,0,0,52530.11026548673,113,-14449.140265486727,1,0.1
991,user_41,4708.84,2026-09-15 15:01:54.153465,Amazon,refund,Delhi,Web,0,15,35,0,0,2,1,4057.624609375,128,651.215390625,0,0.2
992,user_5,13990.76,2026-08-17 17:50:56.153465,Paytm,refund,Bangalore,Web,0,17,44,2,0,0,1,21765.65124031008,129,-7774.8912403100785,0,0.2
993,user_50,4535.29,2026-08-31 10:34:59.153465,Amazon,request,Pune,Android,0,10,45,0,1,4,0,4276.488269230769,104,258.80173076923074,0,0.1
994,user_22,6661.5,2026-08-20 17:25:12.153465,Zomato,refund,Mumbai,iOS,0,17,14,5,0,3,2,18343.150086206897,116,-11681.650086206897,0,0.5
995,user_30,8074.85,2026-08-03 22:10:19.153465,Flipkart,send,Delhi,iOS,0,22,23,1,2,2,2,20780.866470588233,119,-12706.016470588233,0,0.5
996,user_37,14245.44,2026-08-22 09:19:08.153465,Zomato,send,Chennai,Android,0,9,30,5,2,1,0,15907.096030534352,131,-1661.6560305343519,0,0.1
997,user_41,757.28,2026-09-03 16:25:10.153465,Flipkart,send,Chennai,Web,0,16,35,1,2,1,1,4057.624609375,128,-3300.344609375,0,0.2
998,user_36,1434.78,2026-09-18 02:40:52.153465,Flipkart,request,Pune,Android,0,2,29,1,1,4,0,4483.898691588785,107,-3049.1186915887856,1,0.1
999,user_49,95817.65,2026-09-12 12:14:58.153465,Walmart,refund,Mumbai,Web,1,12,43,4,0,3,1,19333.43277227723,101,76484.21722772277,0,0.2
1000,user_30,12264.5,2026-07-21 18:50:44.153465,Swiggy,send,Mumbai,Android,0,18,23,3,2,3,0,20780.866470588233,119,-8516.366470588233,0,0.1
1001,user_19,510.86,2026-08-26 01:49:06.153465,Swiggy,request,Bangalore,iOS,0,1,10,3,1,0,2,3644.202786885246,122,-3133.342786885246,1,0.5
1002,user_37,42997.66,2026-09-06 20:21:56.153465,Zomato,request,Delhi,Android,1,20,30,5,1,2,0,15907.096030534352,131,27090.56396946565,0,0.1
1003,user_39,1905.85,2026-08-08 12:08:38.153465,Swiggy,request,Bangalore,iOS,0,12,32,3,1,0,2,4488.573909090909,110,-2582.7239090909093,0,0.5
1004,user_31,1493.82,2026-09-07 12:41:52.153465,Walmart,request,Mumbai,iOS,0,12,24,4,1,3,2,4894.9887499999995,96,-3401.16875,0,0.5
1005,user_37,15761.32,2026-08-17 02:10:08.153465,Zomato,request,Pune,iOS,1,2,30,5,1,4,2,15907.096030534352,131,-145.77603053435269,1,0.5
1006,user_15,37313.31,2026-09-07 16:09:33.153465,Walmart,send,Chennai,iOS,0,16,6,4,2,1,2,17357.696608695653,115,19955.613391304345,0,0.5
1007,user_29,3977.0,2026-08-25 22:45:06.153465,Walmart,refund,Pune,Web,0,22,21,4,0,4,1,4165.22631147541,122,-188.2263114754096,0,0.2
1008,user_43,17857.97,2026-09-10 19:55:40.153465,Flipkart,refund,Mumbai,Web,0,19,37,1,0,3,1,15429.552764227643,123,2428.4172357723583,0,0.2
1009,user_41,2357.14,2026-08-19 18:14:56.153465,Flipkart,refund,Bangalore,iOS,1,18,35,1,0,0,2,4057.624609375,128,-1700.4846093750002,0,0.5
1010,user_42,11200.23,2026-08-15 21:34:31.153465,Walmart,send,Bangalore,Android,1,21,36,4,2,0,0,4749.498305084746,118,6450.731694915254,0,0.1
1011,user_3,96207.37,2026-09-14 08:04:15.153465,Amazon,refund,Delhi,Web,1,8,22,0,0,2,1,51628.90211538462,104,44578.46788461538,0,0.2
1012,user_21,1525.32,2026-08-07 02:09:45.153465,Swiggy,refund,Pune,Web,0,2,13,3,0,4,1,4244.438115942029,138,-2719.1181159420294,1,0.2
1013,user_32,10532.25,2026-09-15 12:19:51.153465,Amazon,refund,Pune,Web,1,12,25,0,0,4,1,3596.741,130,6935.509,0,0.2
1014,user_18,2880.09,2026-09-06 23:29:22.153465,Zomato,refund,Chennai,Android,0,23,9,5,0,1,0,4267.170924369748,119,-1387.0809243697477,0,0.1
1015,user_33,862.05,2026-08-10 22:30:27.153465,Flipkart,request,Mumbai,Web,0,22,26,1,1,3,1,3974.536484375,128,-3112.486484375,0,0.2
1016,user_10,4188.0,2026-07-31 12:12:55.153465,Amazon,refund,Bangalore,Android,0,12,1,0,0,0,0,4115.205169491525,118,72.79483050847466,0,0.1
1017,user_21,469.98,2026-09-02 03:57:15.153465,Walmart,send,Pune,Android,0,3,13,4,2,4,0,4244.438115942029,138,-3774.458115942029,1,0.1
1018,user_34,4458.03,2026-09-12 13:13:18.153465,Walmart,refund,Bangalore,Web,1,13,27,4,0,0,1,4524.1720000000005,120,-66.14200000000073,0,0.2
1019,user_36,2578.74,2026-07-29 19:03:12.153465,Walmart,request,Pune,Android,0,19,29,4,1,4,0,4483.898691588785,107,-1905.1586915887856,0,0.1
1020,user_43,18921.98,2026-08-25 08:06:18.153465,Walmart,send,Pune,Android,0,8,37,4,2,4,0,15429.552764227643,123,3492.4272357723567,0,0.1
1021,user_37,7431.4,2026-08-18 13:54:46.153465,Swiggy,request,Chennai,Android,0,13,30,3,1,1,0,15907.096030534352,131,-8475.696030534353,0,0.1
1022,user_39,1700.7,2026-08-26 20:32:10.153465,Paytm,refund,Chennai,Android,0,20,32,2,0,1,0,4488.573909090909,110,-2787.8739090909094,0,0.1
1023,user_18,2806.7,2026-08-13 22:22:46.153465,Amazon,send,Bangalore,iOS,0,22,9,0,2,0,2,4267.170924369748,119,-1460.470924369748,0,0.5
1024,user_44,10919.6,2026-08-06 17:58:59.153465,Walmart,refund,Pune,Web,0,17,38,4,0,4,1,17327.384636363637,110,-6407.784636363636,0,0.2
1025,user_9,2088.16,2026-08-22 17:42:55.153465,Paytm,refund,Bangalore,iOS,0,17,49,2,0,0,2,4747.313999999999,110,-2659.1539999999995,0,0.5
1026,user_36,1677.79,2026-08-19 09:21:37.153465,Paytm,refund,Pune,Web,0,9,29,2,0,4,1,4483.898691588785,107,-2806.1086915887854,0,0.2
1027,user_9,4138.86,2026-08-11 07:30:02.153465,Paytm,refund,Mumbai,iOS,0,7,49,2,0,3,2,4747.313999999999,110,-608.4539999999997,0,0.5
1028,user_2,28216.09,2026-08-20 23:45:08.153465,Amazon,send,Delhi,Web,0,23,11,0,2,2,1,47401.46406779661,118,-19185.37406779661,0,0.2
1029,user_41,4813.48,2026-07-26 07:10:29.153465,Paytm,refund,Chennai,Android,1,7,35,2,0,1,0,4057.624609375,128,755.8553906249995,0,0.1
1030,user_30,19847.85,2026-09-17 04:47:51.153465,Swiggy,request,Chennai,Android,0,4,23,3,1,1,0,20780.866470588233,119,-933.0164705882344,1,0.1
1031,user_46,2048.57,2026-08-22 14:07:01.153465,Paytm,request,Delhi,Web,0,14,40,2,1,2,1,4824.613684210526,133,-2776.043684210526,0,0.2
1032,user_10,3497.27,2026-07-29 04:18:44.153465,Zomato,send,Mumbai,Android,0,4,1,5,2,3,0,4115.205169491525,118,-617.9351694915254,1,0.1
1033,user_42,12592.54,2026-07-29 06:18:00.153465,Swiggy,refund,Bangalore,Android,1,6,36,3,0,0,0,4749.498305084746,118,7843.041694915255,1,0.1
1034,user_34,2181.8,2026-08-07 17:36:35.153465,Flipkart,request,Delhi,iOS,0,17,27,1,1,2,2,4524.1720000000005,120,-2342.3720000000003,0,0.5
1035,user_3,25696.08,2026-08-23 07:28:58.153465,Flipkart,request,Bangalore,iOS,0,7,22,1,1,0,2,51628.90211538462,104,-25932.822115384617,0,0.5
1036,user_8,14042.03,2026-08-06 05:50:27.153465,Paytm,refund,Mumbai,iOS,1,5,48,2,0,3,2,4162.542654867257,113,9879.487345132744,1,0.5
1037,user_20,9922.78,2026-09-07 08:31:38.153465,Amazon,refund,Mumbai,Web,0,8,12,0,0,3,1,19935.082280701754,114,-10012.302280701753,0,0.2
1038,user_17,2545.55,2026-08-28 15:01:13.153465,Amazon,refund,Mumbai,iOS,0,15,8,0,0,3,2,4173.412348484848,132,-1627.8623484848476,0,0.5
1039,user_3,15276.4,2026-08-19 04:46:21.153465,Paytm,request,Pune,Web,0,4,22,2,1,4,1,51628.90211538462,104,-36352.50211538462,1,0.2
1040,user_31,1081.98,2026-08-10 14:17:05.153465,Paytm,refund,Chennai,iOS,0,14,24,2,0,1,2,4894.9887499999995,96,-3813.0087499999995,0,0.5
1041,user_33,1925.85,2026-09-04 13:23:17.153465,Amazon,request,Chennai,Android,0,13,26,0,1,1,0,3974.536484375,128,-2048.686484375,0,0.1
1042,user_9,4949.79,2026-09-02 19:35:46.153465,Zomato,refund,Bangalore,Android,0,19,49,5,0,0,0,4747.313999999999,110,202.47600000000057,0,0.1
1043,user_29,4546.99,2026-08-04 13:20:18.153465,Amazon,send,Bangalore,iOS,1,13,21,0,2,0,2,4165.22631147541,122,381.7636885245902,0,0.5
1044,user_45,1067.91,2026-08-23 10:44:23.153465,Zomato,request,Mumbai,iOS,0,10,39,5,1,3,2,3748.3989344262295,122,-2680.488934426229,0,0.5
1045,user_50,802.57,2026-08-13 23:08:26.153465,Amazon,send,Bangalore,Web,0,23,45,0,2,0,1,4276.488269230769,104,-3473.918269230769,0,0.2
1046,user_35,9934.66,2026-09-16 16:41:58.153465,Walmart,send,Pune,iOS,0,16,28,4,2,4,2,15800.978582677166,127,-5866.318582677166,0,0.5
1047,user_42,10183.06,2026-08-22 12:07:31.153465,Flipkart,send,Pune,iOS,1,12,36,1,2,4,2,4749.498305084746,118,5433.561694915254,0,0.5
1048,user_13,11114.38,2026-08-17 04:37:37.153465,Zomato,request,Mumbai,Android,0,4,4,5,1,3,0,16363.8575,124,-5249.477500000001,1,0.1
1049,user_2,53566.14,2026-09-09 06:51:19.153465,Walmart,send,Mumbai,iOS,0,6,11,4,2,3,2,47401.46406779661,118,6164.67593220339,1,0.5
1050,user_4,1158.21,2026-08-05 17:05:40.153465,Paytm,refund,Pune,iOS,0,17,33,2,0,4,2,4960.130344827586,116,-3801.9203448275857,0,0.5
1051,user_43,6729.29,2026-07-28 16:48:49.153465,Swiggy,send,Pune,Android,0,16,37,3,2,4,0,15429.552764227643,123,-8700.262764227642,0,0.1
1052,user_41,3868.56,2026-09-17 11:33:55.153465,Flipkart,request,Delhi,iOS,0,11,35,1,1,2,2,4057.624609375,128,-189.06460937500015,0,0.5
1053,user_2,23504.46,2026-09-10 21:55:04.153465,Amazon,refund,Mumbai,Web,0,21,11,0,0,3,1,47401.46406779661,118,-23897.00406779661,0,0.2
1054,user_5,6067.78,2026-07-31 10:04:16.153465,Flipkart,request,Delhi,iOS,0,10,44,1,1,2,2,21765.65124031008,129,-15697.87124031008,0,0.5
1055,user_42,3305.16,2026-08-26 12:49:31.153465,Amazon,request,Delhi,iOS,1,12,36,0,1,2,2,4749.498305084746,118,-1444.338305084746,0,0.5
1056,user_40,5697.94,2026-09-03 08:38:06.153465,Flipkart,request,Bangalore,Android,0,8,34,1,1,0,0,18950.453564356438,101,-13252.513564356439,0,0.1
1057,user_15,5078.93,2026-08-22 00:18:02.153465,Swiggy,request,Delhi,Android,0,0,6,3,1,2,0,17357.696608695653,115,-12278.766608695652,1,0.1
1058,user_14,17295.46,2026-08-09 16:24:44.153465,Zomato,refund,Chennai,iOS,0,16,5,5,0,1,2,18284.780597014927,134,-989.3205970149284,0,0.5
1059,user_11,3810.91,2026-08-23 00:12:43.153465,Swiggy,send,Pune,Android,0,0,2,3,2,4,0,3819.240342465753,146,-8.330342465753347,1,0.1
1060,user_33,4206.66,2026-08-19 04:51:40.153465,Walmart,send,Delhi,Android,0,4,26,4,2,2,0,3974.536484375,128,232.12351562499998,1,0.1
1061,user_14,13584.18,2026-07-22 09:14:21.153465,Amazon,send,Pune,Android,0,9,5,0,2,4,0,18284.780597014927,134,-4700.600597014927,0,0.1
1062,user_6,3313.7,2026-08-09 18:17:20.153465,Paytm,send,Chennai,Android,0,18,46,2,2,1,0,3699.0514728682174,129,-385.35147286821757,0,0.1
1063,user_17,3115.64,2026-09-10 23:10:19.153465,Paytm,refund,Mumbai,iOS,0,23,8,2,0,3,2,4173.412348484848,132,-1057.772348484848,0,0.5
1064,user_11,1374.6,2026-07-26 02:13:14.153465,Swiggy,send,Bangalore,Android,0,2,2,3,2,0,0,3819.240342465753,146,-2444.6403424657533,1,0.1
1065,user_27,5741.75,2026-08-22 07:08:06.153465,Amazon,refund,Delhi,iOS,0,7,19,0,0,2,2,18537.69881355932,118,-12795.94881355932,0,0.5
1066,user_13,9724.57,2026-08-20 19:48:54.153465,Zomato,send,Chennai,Android,0,19,4,5,2,1,0,16363.8575,124,-6639.2875,0,0.1
1067,user_46,4453.41,2026-08-22 03:20:02.153465,Walmart,request,Mumbai,Android,1,3,40,4,1,3,0,4824.613684210526,133,-371.20368421052626,1,0.1
1068,user_44,15688.73,2026-08-30 04:31:08.153465,Swiggy,refund,Chennai,Android,0,4,38,3,0,1,0,17327.384636363637,110,-1638.654636363637,1,0.1
1069,user_43,19172.66,2026-08-04 08:10:01.153465,Zomato,request,Delhi,iOS,0,8,37,5,1,2,2,15429.552764227643,123,3743.107235772357,0,0.5
1070,user_38,14205.47,2026-08-16 13:07:07.153465,Flipkart,send,Bangalore,Web,0,13,31,1,2,0,1,17814.76077586207,116,-3609.2907758620695,0,0.2
1071,user_4,16501.93,2026-07-23 04:39:56.153465,Flipkart,send,Chennai,iOS,0,4,33,1,2,1,2,4960.130344827586,116,11541.799655172414,1,0.5
1072,user_36,3732.2,2026-08-02 10:06:20.153465,Walmart,request,Mumbai,Web,0,10,29,4,1,3,1,4483.898691588785,107,-751.6986915887856,0,0.2
1073,user_26,9032.03,2026-08-04 17:37:27.153465,Walmart,send,Chennai,Android,1,17,18,4,2,1,0,4396.555663716814,113,4635.474336283187,0,0.1
1074,user_13,8236.64,2026-09-10 10:54:24.153465,Paytm,request,Delhi,iOS,0,10,4,2,1,2,2,16363.8575,124,-8127.217500000001,0,0.5
1075,user_41,12292.98,2026-08-08 12:19:00.153465,Amazon,request,Chennai,Android,1,12,35,0,1,1,0,4057.624609375,128,8235.355390625,0,0.1
1076,user_24,16670.15,2026-08-29 11:54:11.153465,Swiggy,request,Delhi,iOS,0,11,16,3,1,2,2,20664.321171875,128,-3994.1711718749975,0,0.5
1077,user_41,1924.79,2026-08-20 16:01:04.153465,Amazon,refund,Bangalore,Android,1,16,35,0,0,0,0,4057.624609375,128,-2132.834609375,0,0.1
1078,user_10,4501.48,2026-08-23 04:00:43.153465,Walmart,send,Chennai,iOS,1,4,1,4,2,1,2,4115.205169491525,118,386.2748305084742,1,0.5
1079,user_11,664.5,2026-08-10 18:26:07.153465,Paytm,request,Delhi,Android,0,18,2,2,1,2,0,3819.240342465753,146,-3154.740342465753,0,0.1
1080,user_3,20324.14,2026-07-30 18:18:30.153465,Paytm,request,Bangalore,Android,0,18,22,2,1,0,0,51628.90211538462,104,-31304.76211538462,0,0.1
1081,user_24,9128.16,2026-09-16 19:50:30.153465,Paytm,send,Bangalore,Android,0,19,16,2,2,0,0,20664.321171875,128,-11536.161171875,0,0.1
1082,user_26,4398.91,2026-08-13 08:38:54.153465,Flipkart,request,Mumbai,iOS,0,8,18,1,1,3,2,4396.555663716814,113,2.3543362831860577,0,0.5
1083,user_39,4100.87,2026-08-27 17:39:48.153465,Paytm,send,Bangalore,Android,0,17,32,2,2,0,0,4488.573909090909,110,-387.7039090909093,0,0.1
1084,user_35,6241.9,2026-07-23 08:55:07.153465,Zomato,refund,Mumbai,Web,0,8,28,5,0,3,1,15800.978582677166,127,-9559.078582677166,0,0.2
1085,user_48,983.02,2026-08-27 12:48:34.153465,Walmart,request,Pune,iOS,0,12,42,4,1,4,2,4029.46368852459,122,-3046.44368852459,0,0.5
1086,user_25,1679.21,2026-07-28 01:05:52.153465,Walmart,refund,Bangalore,Web,0,1,17,4,0,0,1,3615.32544,125,-1936.11544,1,0.2
1087,user_35,16195.66,2026-08-08 11:27:03.153465,Swiggy,request,Bangalore,iOS,0,11,28,3,1,0,2,15800.978582677166,127,394.681417322834,0,0.5
1088,user_33,3434.84,2026-09-13 06:22:25.153465,Amazon,send,Bangalore,Android,0,6,26,0,2,0,0,3974.536484375,128,-539.6964843749997,1,0.1
1089,user_40,19799.4,2026-07-31 12:48:24.153465,Flipkart,send,Mumbai,Web,0,12,34,1,2,3,1,18950.453564356438,101,848.9464356435637,0,0.2
1090,user_19,1658.03,2026-08-21 05:18:54.153465,Swiggy,refund,Mumbai,Web,0,5,10,3,0,3,1,3644.202786885246,122,-1986.172786885246,1,0.2
1091,user_35,12132.73,2026-08-10 10:58:19.153465,Zomato,send,Mumbai,iOS,0,10,28,5,2,3,2,15800.978582677166,127,-3668.2485826771663,0,0.5
1092,user_7,34100.1,2026-09-05 20:32:15.153465,Paytm,send,Chennai,iOS,0,20,47,2,2,1,2,60187.18528,125,-26087.08528,0,0.5
1093,user_7,38010.17,2026-07-28 01:58:22.153465,Flipkart,refund,Chennai,iOS,0,1,47,1,0,1,2,60187.18528,125,-22177.01528,1,0.5
1094,user_38,5324.54,2026-08-29 15:09:48.153465,Amazon,send,Mumbai,Android,1,15,31,0,2,3,0,17814.76077586207,116,-12490.220775862068,0,0.1
1095,user_19,3049.81,2026-08-30 02:37:33.153465,Walmart,refund,Bangalore,iOS,0,2,10,4,0,0,2,3644.202786885246,122,-594.3927868852461,1,0.5
1096,user_9,545.18,2026-08-30 19:59:09.153465,Paytm,refund,Mumbai,Android,0,19,49,2,0,3,0,4747.313999999999,110,-4202.133999999999,0,0.1
1097,user_11,3580.16,2026-09-12 03:45:15.153465,Amazon,send,Chennai,Web,0,3,2,0,2,1,1,3819.240342465753,146,-239.08034246575335,1,0.2
1098,user_40,17665.88,2026-08-14 15:13:44.153465,Paytm,request,Chennai,iOS,0,15,34,2,1,1,2,18950.453564356438,101,-1284.5735643564367,0,0.5
1099,user_6,1555.42,2026-09-11 08:19:40.153465,Amazon,refund,Chennai,iOS,0,8,46,0,0,1,2,3699.0514728682174,129,-2143.6314728682173,0,0.5
1100,user_38,9894.59,2026-08-07 20:04:05.153465,Zomato,request,Pune,Android,0,20,31,5,1,4,0,17814.76077586207,116,-7920.170775862069,0,0.1
1101,user_19,3288.42,2026-08-10 22:00:21.153465,Swiggy,send,Mumbai,iOS,0,22,10,3,2,3,2,3644.202786885246,122,-355.78278688524597,0,0.5
1102,user_15,13277.13,2026-08-02 18:37:54.153465,Walmart,refund,Pune,Android,0,18,6,4,0,4,0,17357.696608695653,115,-4080.5666086956535,0,0.1
1103,user_16,347.66,2026-09-12 05:05:02.153465,Flipkart,send,Mumbai,iOS,0,5,7,1,2,3,2,3660.321525423729,118,-3312.661525423729,1,0.5
1104,user_2,27636.26,2026-08-31 15:09:13.153465,Amazon,send,Mumbai,Web,0,15,11,0,2,3,1,47401.46406779661,118,-19765.20406779661,0,0.2
1105,user_32,906.49,2026-08-31 07:27:17.153465,Flipkart,send,Chennai,iOS,0,7,25,1,2,1,2,3596.741,130,-2690.251,0,0.5
1106,user_24,38096.95,2026-08-17 03:23:05.153465,Zomato,refund,Mumbai,iOS,0,3,16,5,0,3,2,20664.321171875,128,17432.628828124998,1,0.5
1107,user_20,17884.2,2026-07-23 04:37:40.153465,Swiggy,refund,Mumbai,Android,0,4,12,3,0,3,0,19935.082280701754,114,-2050.882280701753,1,0.1
1108,user_40,18143.46,2026-08-01 04:26:38.153465,Zomato,send,Mumbai,Android,0,4,34,5,2,3,0,18950.453564356438,101,-806.9935643564386,1,0.1
1109,user_5,16319.4,2026-07-28 20:13:16.153465,Walmart,request,Chennai,Web,0,20,44,4,1,1,1,21765.65124031008,129,-5446.251240310079,0,0.2
1110,user_19,1464.63,2026-09-15 01:08:22.153465,Flipkart,send,Chennai,Web,1,1,10,1,2,1,1,3644.202786885246,122,-2179.572786885246,1,0.2
1111,user_34,4736.83,2026-07-27 23:53:19.153465,Swiggy,request,Bangalore,Android,0,23,27,3,1,0,0,4524.1720000000005,120,212.65799999999945,0,0.1
1112,user_43,10791.0,2026-07-22 14:19:32.153465,Paytm,request,Bangalore,iOS,0,14,37,2,1,0,2,15429.552764227643,123,-4638.552764227643,0,0.5
1113,user_40,12700.95,2026-08-04 09:35:03.153465,Swiggy,send,Chennai,iOS,0,9,34,3,2,1,2,18950.453564356438,101,-6249.503564356437,0,0.5
1114,user_33,2793.28,2026-07-31 11:29:42.153465,Flipkart,send,Pune,iOS,0,11,26,1,2,4,2,3974.536484375,128,-1181.2564843749997,0,0.5
1115,user_24,19467.12,2026-08-29 04:21:32.153465,Swiggy,refund,Delhi,Android,0,4,16,3,0,2,0,20664.321171875,128,-1197.201171875,1,0.1
1116,user_30,15313.78,2026-08-23 21:41:48.153465,Swiggy,send,Chennai,iOS,0,21,23,3,2,1,2,20780.866470588233,119,-5467.086470588232,0,0.5
1117,user_38,8617.86,2026-08-06 04:16:03.153465,Zomato,send,Bangalore,Web,0,4,31,5,2,0,1,17814.76077586207,116,-9196.900775862068,1,0.2
1118,user_1,1512.27,2026-08-19 18:40:03.153465,Zomato,request,Pune,Android,0,18,0,5,1,4,0,4037.2688695652173,115,-2524.9988695652173,0,0.1
1119,user_21,222.13,2026-09-10 16:49:17.153465,Zomato,request,Bangalore,iOS,0,16,13,5,1,0,2,4244.438115942029,138,-4022.308115942029,0,0.5
1120,user_15,12937.61,2026-07-28 17:14:24.153465,Walmart,refund,Chennai,iOS,0,17,6,4,0,1,2,17357.696608695653,115,-4420.086608695652,0,0.5
1121,user_47,3347.06,2026-09-06 13:10:21.153465,Flipkart,refund,Pune,Web,0,13,41,1,0,4,1,3883.282635658915,129,-536.2226356589149,0,0.2
1122,user_42,1187.12,2026-08-27 02:23:25.153465,Paytm,request,Mumbai,Android,1,2,36,2,1,3,0,4749.498305084746,118,-3562.378305084746,1,0.1
1123,user_45,615.49,2026-08-01 05:13:54.153465,Paytm,request,Pune,iOS,0,5,39,2,1,4,2,3748.3989344262295,122,-3132.9089344262293,1,0.5
1124,user_6,1938.61,2026-08-20 14:52:40.153465,Swiggy,refund,Delhi,Web,0,14,46,3,0,2,1,3699.0514728682174,129,-1760.4414728682175,0,0.2
1125,user_8,4910.62,2026-08-16 20:13:53.153465,Amazon,request,Bangalore,iOS,0,20,48,0,1,0,2,4162.542654867257,113,748.0773451327432,0,0.5
1126,user_13,12894.63,2026-08-08 16:42:49.153465,Amazon,refund,Pune,Android,0,16,4,0,0,4,0,16363.8575,124,-3469.227500000001,0,0.1
1127,user_11,4687.38,2026-08-31 20:23:33.153465,Walmart,refund,Mumbai,iOS,0,20,2,4,0,3,2,3819.240342465753,146,868.1396575342469,0,0.5
1128,user_40,17542.48,2026-07-27 12:21:22.153465,Amazon,refund,Pune,iOS,0,12,34,0,0,4,2,18950.453564356438,101,-1407.9735643564381,0,0.5
1129,user_1,2872.21,2026-08-09 06:25:55.153465,Walmart,refund,Chennai,Android,0,6,0,4,0,1,0,4037.2688695652173,115,-1165.0588695652173,1,0.1
1130,user_5,5590.8,2026-08-29 19:45:26.153465,Zomato,refund,Mumbai,iOS,0,19,44,5,0,3,2,21765.65124031008,129,-16174.85124031008,0,0.5
1131,user_38,5476.44,2026-08-01 21:05:32.153465,Amazon,request,Pune,Web,0,21,31,0,1,4,1,17814.76077586207,116,-12338.32077586207,0,0.2
1132,user_48,2279.15,2026-09-05 02:36:50.153465,Zomato,request,Chennai,iOS,0,2,42,5,1,1,2,4029.46368852459,122,-1750.31368852459,1,0.5
1133,user_4,548.22,2026-07-28 09:59:52.153465,Amazon,request,Delhi,Web,0,9,33,0,1,2,1,4960.130344827586,116,-4411.9103448275855,0,0.2
1134,user_27,5386.29,2026-09-10 14:05:26.153465,Zomato,refund,Bangalore,Android,0,14,19,5,0,0,0,18537.69881355932,118,-13151.40881355932,0,0.1
1135,user_31,3392.22,2026-08-07 07:51:45.153465,Paytm,send,Bangalore,Android,0,7,24,2,2,0,0,4894.9887499999995,96,-1502.7687499999997,0,0.1
1136,user_17,574.15,2026-09-04 22:09:45.153465,Flipkart,refund,Delhi,Android,0,22,8,1,0,2,0,4173.412348484848,132,-3599.2623484848477,0,0.1
1137,user_41,4430.96,2026-08-25 14:41:38.153465,Paytm,refund,Delhi,Android,1,14,35,2,0,2,0,4057.624609375,128,373.33539062499995,0,0.1
1138,user_5,15378.26,2026-09-11 02:03:38.153465,Flipkart,refund,Mumbai,iOS,0,2,44,1,0,3,2,21765.65124031008,129,-6387.3912403100785,1,0.5
1139,user_29,1229.06,2026-08-28 14:25:08.153465,Walmart,send,Pune,Web,0,14,21,4,2,4,1,4165.22631147541,122,-2936.1663114754097,0,0.2
1140,user_16,4704.49,2026-09-18 14:23:17.153465,Zomato,refund,Chennai,iOS,0,14,7,5,0,1,2,3660.321525423729,118,1044.168474576271,0,0.5
1141,user_22,7442.73,2026-09-15 06:10:15.153465,Walmart,refund,Pune,iOS,0,6,14,4,0,4,2,18343.150086206897,116,-10900.420086206897,1,0.5
1142,user_38,16460.11,2026-08-13 21:54:41.153465,Paytm,request,Pune,iOS,0,21,31,2,1,4,2,17814.76077586207,116,-1354.6507758620683,0,0.5
1143,user_41,10143.97,2026-08-13 13:24:11.153465,Walmart,request,Mumbai,iOS,1,13,35,4,1,3,2,4057.624609375,128,6086.345390625,0,0.5
1144,user_43,49265.65,2026-09-08 00:38:00.153465,Amazon,request,Bangalore,Android,1,0,37,0,1,0,0,15429.552764227643,123,33836.09723577236,1,0.1
1145,user_19,4241.29,2026-09-07 16:22:01.153465,Zomato,send,Bangalore,iOS,1,16,10,5,2,0,2,3644.202786885246,122,597.0872131147539,0,0.5
1146,user_35,12502.7,2026-07-26 03:33:25.153465,Zomato,send,Delhi,Android,0,3,28,5,2,2,0,15800.978582677166,127,-3298.278582677165,1,0.1
1147,user_8,4327.42,2026-09-07 22:09:42.153465,Paytm,refund,Mumbai,Web,0,22,48,2,0,3,1,4162.542654867257,113,164.87734513274336,0,0.2
1148,user_22,16076.07,2026-07-25 09:38:10.153465,Swiggy,request,Chennai,Android,0,9,14,3,1,1,0,18343.150086206897,116,-2267.0800862068972,0,0.1
1149,user_27,47727.59,2026-08-24 10:12:15.153465,Flipkart,refund,Pune,Web,1,10,19,1,0,4,1,18537.69881355932,118,29189.891186440676,0,0.2
1150,user_20,8115.5,2026-08-19 03:02:49.153465,Zomato,refund,Bangalore,Web,0,3,12,5,0,0,1,19935.082280701754,114,-11819.582280701754,1,0.2
1151,user_30,8970.38,2026-08-19 12:16:33.153465,Swiggy,refund,Bangalore,Android,0,12,23,3,0,0,0,20780.866470588233,119,-11810.486470588234,0,0.1
1152,user_14,14132.2,2026-07-23 15:23:38.153465,Zomato,refund,Mumbai,Android,0,15,5,5,0,3,0,18284.780597014927,134,-4152.580597014927,0,0.1
1153,user_43,8719.47,2026-07-31 14:10:20.153465,Walmart,refund,Delhi,iOS,0,14,37,4,0,2,2,15429.552764227643,123,-6710.082764227644,0,0.5
1154,user_46,3783.16,2026-08-05 19:19:31.153465,Amazon,request,Bangalore,Web,0,19,40,0,1,0,1,4824.613684210526,133,-1041.4536842105263,0,0.2
1155,user_37,12692.74,2026-09-14 20:38:07.153465,Paytm,send,Bangalore,iOS,0,20,30,2,2,0,2,15907.096030534352,131,-3214.3560305343526,0,0.5
1156,user_48,3100.17,2026-07-23 05:54:42.153465,Paytm,send,Mumbai,Web,0,5,42,2,2,3,1,4029.46368852459,122,-929.2936885245899,1,0.2
1157,user_3,37416.6,2026-08-04 02:26:19.153465,Walmart,send,Mumbai,iOS,1,2,22,4,2,3,2,51628.90211538462,104,-14212.30211538462,1,0.5
1158,user_37,14780.71,2026-08-28 23:11:03.153465,Paytm,request,Mumbai,Android,0,23,30,2,1,3,0,15907.096030534352,131,-1126.3860305343533,0,0.1
1159,user_24,18368.41,2026-08-03 20:14:31.153465,Paytm,request,Chennai,Android,0,20,16,2,1,1,0,20664.321171875,128,-2295.911171874999,0,0.1
1160,user_10,2049.27,2026-08-23 15:50:41.153465,Paytm,request,Delhi,Android,0,15,1,2,1,2,0,4115.205169491525,118,-2065.9351694915254,0,0.1
1161,user_46,907.22,2026-09-17 04:59:07.153465,Flipkart,send,Mumbai,iOS,0,4,40,1,2,3,2,4824.613684210526,133,-3917.393684210526,1,0.5
1162,user_6,1095.63,2026-09-02 14:31:55.153465,Swiggy,request,Delhi,Web,0,14,46,3,1,2,1,3699.0514728682174,129,-2603.4214728682173,0,0.2
1163,user_30,11731.55,2026-09-08 15:48:45.153465,Paytm,request,Chennai,iOS,0,15,23,2,1,1,2,20780.866470588233,119,-9049.316470588234,0,0.5
1164,user_44,31208.9,2026-07-21 23:02:47.153465,Swiggy,refund,Bangalore,Android,0,23,38,3,0,0,0,17327.384636363637,110,13881.515363636365,0,0.1
1165,user_12,17066.1,2026-09-10 23:53:02.153465,Flipkart,send,Pune,Web,0,23,3,1,2,4,1,52530.11026548673,113,-35464.01026548673,0,0.2
1166,user_41,8499.59,2026-08-05 01:22:26.153465,Flipkart,refund,Delhi,Web,1,1,35,1,0,2,1,4057.624609375,128,4441.9653906250005,1,0.2
1167,user_31,4448.73,2026-09-17 19:57:59.153465,Swiggy,request,Delhi,Web,1,19,24,3,1,2,1,4894.9887499999995,96,-446.25874999999996,0,0.2
1168,user_1,4591.12,2026-07-23 01:30:32.153465,Swiggy,request,Mumbai,iOS,1,1,0,3,1,3,2,4037.2688695652173,115,553.8511304347826,1,0.5
1169,user_48,1225.8,2026-09-03 10:11:32.153465,Paytm,send,Chennai,Android,0,10,42,2,2,1,0,4029.46368852459,122,-2803.66368852459,0,0.1
1170,user_46,4279.83,2026-09-12 06:03:57.153465,Paytm,send,Delhi,Android,1,6,40,2,2,2,0,4824.613684210526,133,-544.7836842105262,1,0.1
1171,user_21,2519.73,2026-09-12 21:25:00.153465,Swiggy,send,Bangalore,iOS,0,21,13,3,2,0,2,4244.438115942029,138,-1724.708115942029,0,0.5
1172,user_26,28927.03,2026-07-31 14:05:12.153465,Paytm,send,Mumbai,Android,1,14,18,2,2,3,0,4396.555663716814,113,24530.474336283187,0,0.1
1173,user_7,24043.68,2026-08-24 14:41:35.153465,Paytm,send,Chennai,iOS,0,14,47,2,2,1,2,60187.18528,125,-36143.50528,0,0.5
1174,user_47,4567.06,2026-08-01 15:46:05.153465,Zomato,send,Pune,iOS,0,15,41,5,2,4,2,3883.282635658915,129,683.7773643410856,0,0.5
1175,user_11,4627.03,2026-08-24 00:28:00.153465,Walmart,request,Delhi,iOS,0,0,2,4,1,2,2,3819.240342465753,146,807.7896575342465,1,0.5
1176,user_19,1437.5,2026-08-31 21:24:14.153465,Flipkart,request,Delhi,Web,0,21,10,1,1,2,1,3644.202786885246,122,-2206.702786885246,0,0.2
1177,user_17,704.43,2026-07-22 20:55:52.153465,Zomato,request,Delhi,Web,0,20,8,5,1,2,1,4173.412348484848,132,-3468.982348484848,0,0.2
1178,user_47,1675.23,2026-09-08 17:34:09.153465,Paytm,refund,Mumbai,Web,0,17,41,2,0,3,1,3883.282635658915,129,-2208.052635658915,0,0.2
1179,user_13,13804.53,2026-08-23 06:35:09.153465,Swiggy,refund,Mumbai,Android,0,6,4,3,0,3,0,16363.8575,124,-2559.3274999999994,1,0.1
1180,user_11,4031.94,2026-08-16 00:33:33.153465,Zomato,request,Chennai,Android,0,0,2,5,1,1,0,3819.240342465753,146,212.69965753424685,1,0.1
1181,user_28,2047.26,2026-09-08 20:57:39.153465,Zomato,send,Mumbai,iOS,0,20,20,5,2,3,2,4678.404529914529,117,-2631.144529914529,0,0.5
1182,user_33,1592.45,2026-08-04 07:49:30.153465,Flipkart,send,Delhi,Android,0,7,26,1,2,2,0,3974.536484375,128,-2382.0864843749996,0,0.1
1183,user_15,17344.49,2026-09-12 06:29:19.153465,Walmart,request,Pune,Web,0,6,6,4,1,4,1,17357.696608695653,115,-13.206608695651084,1,0.2
1184,user_42,4986.28,2026-08-25 16:04:25.153465,Swiggy,refund,Delhi,iOS,0,16,36,3,0,2,2,4749.498305084746,118,236.78169491525387,0,0.5
1185,user_36,2932.96,2026-08-12 07:31:13.153465,Flipkart,request,Bangalore,Web,0,7,29,1,1,0,1,4483.898691588785,107,-1550.9386915887853,0,0.2
1186,user_12,49518.7,2026-07-25 07:33:17.153465,Walmart,send,Chennai,Android,0,7,3,4,2,1,0,52530.11026548673,113,-3011.410265486731,0,0.1
1187,user_8,3217.62,2026-09-02 04:32:05.153465,Swiggy,request,Bangalore,Web,0,4,48,3,1,0,1,4162.542654867257,113,-944.9226548672568,1,0.2
1188,user_25,3810.95,2026-08-23 00:16:43.153465,Walmart,send,Delhi,Web,0,0,17,4,2,2,1,3615.32544,125,195.62455999999975,1,0.2
1189,user_26,4298.85,2026-07-24 01:03:02.153465,Flipkart,send,Mumbai,iOS,1,1,18,1,2,3,2,4396.555663716814,113,-97.70566371681343,1,0.5
1190,user_35,12181.07,2026-08-24 12:55:24.153465,Zomato,request,Delhi,Android,0,12,28,5,1,2,0,15800.978582677166,127,-3619.908582677166,0,0.1
1191,user_12,141803.26,2026-08-17 00:25:25.153465,Amazon,request,Mumbai,Android,1,0,3,0,1,3,0,52530.11026548673,113,89273.14973451328,1,0.1
1192,user_2,33854.66,2026-09-19 08:46:20.153465,Flipkart,refund,Pune,Web,0,8,11,1,0,4,1,47401.46406779661,118,-13546.804067796606,0,0.2
1193,user_9,13437.13,2026-08-08 07:10:30.153465,Amazon,send,Mumbai,iOS,1,7,49,0,2,3,2,4747.313999999999,110,8689.815999999999,0,0.5
1194,user_36,2330.69,2026-08-24 14:24:36.153465,Flipkart,request,Chennai,iOS,0,14,29,1,1,1,2,4483.898691588785,107,-2153.2086915887853,0,0.5
1195,user_8,1142.92,2026-08-05 11:25:26.153465,Flipkart,send,Pune,Web,0,11,48,1,2,4,1,4162.542654867257,113,-3019.6226548672566,0,0.2
1196,user_47,10738.21,2026-08-21 12:10:02.153465,Zomato,refund,Pune,iOS,1,12,41,5,0,4,2,3883.282635658915,129,6854.927364341084,0,0.5
1197,user_24,17556.79,2026-08-13 02:34:11.153465,Walmart,send,Delhi,Android,1,2,16,4,2,2,0,20664.321171875,128,-3107.531171874998,1,0.1
1198,user_5,13373.82,2026-08-11 17:07:21.153465,Walmart,request,Bangalore,Android,0,17,44,4,1,0,0,21765.65124031008,129,-8391.831240310079,0,0.1
1199,user_43,10633.7,2026-09-09 13:49:33.153465,Swiggy,refund,Chennai,Android,0,13,37,3,0,1,0,15429.552764227643,123,-4795.852764227642,0,0.1
1200,user_17,2048.01,2026-08-22 04:05:14.153465,Walmart,send,Pune,Web,0,4,8,4,2,4,1,4173.412348484848,132,-2125.4023484848476,1,0.2
1201,user_9,3191.79,2026-08-11 07:26:57.153465,Swiggy,refund,Mumbai,Android,0,7,49,3,0,3,0,4747.313999999999,110,-1555.5239999999994,0,0.1
1202,user_45,848.86,2026-08-08 04:15:46.153465,Walmart,request,Delhi,iOS,0,4,39,4,1,2,2,3748.3989344262295,122,-2899.5389344262294,1,0.5
1203,user_3,21959.3,2026-09-07 12:27:09.153465,Amazon,send,Pune,Web,0,12,22,0,2,4,1,51628.90211538462,104,-29669.60211538462,0,0.2
1204,user_9,3046.01,2026-07-30 11:23:27.153465,Zomato,send,Chennai,Web,0,11,49,5,2,1,1,4747.313999999999,110,-1701.3039999999992,0,0.2
1205,user_14,46731.15,2026-08-02 20:42:49.153465,Walmart,send,Bangalore,Android,1,20,5,4,2,0,0,18284.780597014927,134,28446.369402985074,0,0.1
1206,user_11,1189.21,2026-08-11 20:53:36.153465,Flipkart,send,Chennai,iOS,0,20,2,1,2,1,2,3819.240342465753,146,-2630.030342465753,0,0.5
1207,user_20,17279.24,2026-09-14 14:49:24.153465,Swiggy,request,Pune,iOS,0,14,12,3,1,4,2,19935.082280701754,114,-2655.8422807017523,0,0.5
1208,user_8,1550.24,2026-09-15 19:55:46.153465,Paytm,request,Chennai,iOS,0,19,48,2,1,1,2,4162.542654867257,113,-2612.302654867257,0,0.5
1209,user_4,3501.48,2026-07-31 16:04:49.153465,Amazon,refund,Bangalore,iOS,0,16,33,0,0,0,2,4960.130344827586,116,-1458.6503448275857,0,0.5
1210,user_23,13426.22,2026-09-06 04:30:19.153465,Amazon,send,Pune,iOS,0,4,15,0,2,4,2,21876.48723880597,134,-8450.267238805971,1,0.5
1211,user_38,18260.59,2026-08-25 07:46:05.153465,Paytm,request,Pune,Android,0,7,31,2,1,4,0,17814.76077586207,116,445.8292241379313,0,0.1
1212,user_4,842.98,2026-08-28 07:28:03.153465,Amazon,send,Chennai,Android,0,7,33,0,2,1,0,4960.130344827586,116,-4117.150344827585,0,0.1
1213,user_4,3855.05,2026-08-04 23:56:18.153465,Swiggy,refund,Delhi,Android,0,23,33,3,0,2,0,4960.130344827586,116,-1105.0803448275856,0,0.1
1214,user_47,718.42,2026-09-12 07:00:12.153465,Amazon,refund,Chennai,Web,0,7,41,0,0,1,1,3883.282635658915,129,-3164.8626356589148,0,0.2
1215,user_41,2036.66,2026-08-28 15:56:18.153465,Swiggy,send,Chennai,iOS,0,15,35,3,2,1,2,4057.624609375,128,-2020.964609375,0,0.5
1216,user_40,18186.36,2026-07-30 11:59:48.153465,Flipkart,send,Bangalore,Web,0,11,34,1,2,0,1,18950.453564356438,101,-764.0935643564371,0,0.2
1217,user_11,217.15,2026-08-22 09:20:07.153465,Swiggy,request,Delhi,Web,0,9,2,3,1,2,1,3819.240342465753,146,-3602.090342465753,0,0.2
1218,user_19,12106.73,2026-08-23 00:07:18.153465,Walmart,send,Delhi,iOS,0,0,10,4,2,2,2,3644.202786885246,122,8462.527213114754,1,0.5
1219,user_43,10601.14,2026-08-22 15:17:31.153465,Zomato,send,Mumbai,iOS,0,15,37,5,2,3,2,15429.552764227643,123,-4828.4127642276435,0,0.5
1220,user_49,8050.13,2026-08-12 08:15:51.153465,Zomato,refund,Bangalore,Web,0,8,43,5,0,0,1,19333.43277227723,101,-11283.302772277228,0,0.2
1221,user_2,33251.88,2026-09-03 11:36:27.153465,Walmart,request,Delhi,Web,1,11,11,4,1,2,1,47401.46406779661,118,-14149.584067796612,0,0.2
1222,user_29,1734.6,2026-08-23 02:12:08.153465,Swiggy,refund,Delhi,Web,0,2,21,3,0,2,1,4165.22631147541,122,-2430.6263114754097,1,0.2
1223,user_31,4823.26,2026-08-27 22:26:28.153465,Amazon,refund,Pune,iOS,1,22,24,0,0,4,2,4894.9887499999995,96,-71.72874999999931,0,0.5
1224,user_9,3722.28,2026-09-01 20:47:15.153465,Swiggy,refund,Chennai,Android,0,20,49,3,0,1,0,4747.313999999999,110,-1025.0339999999992,0,0.1
1225,user_49,8537.22,2026-08-23 06:16:48.153465,Walmart,refund,Mumbai,Web,0,6,43,4,0,3,1,19333.43277227723,101,-10796.21277227723,1,0.2
1226,user_12,18509.05,2026-08-16 03:18:13.153465,Swiggy,request,Chennai,Web,0,3,3,3,1,1,1,52530.11026548673,113,-34021.060265486725,1,0.2
1227,user_11,3225.59,2026-08-16 11:40:30.153465,Walmart,send,Mumbai,iOS,0,11,2,4,2,3,2,3819.240342465753,146,-593.650342465753,0,0.5
1228,user_28,4585.97,2026-09-19 13:32:55.153465,Flipkart,request,Delhi,iOS,0,13,20,1,1,2,2,4678.404529914529,117,-92.43452991452887,0,0.5
1229,user_38,8856.42,2026-09-14 08:39:43.153465,Swiggy,send,Chennai,Android,0,8,31,3,2,1,0,17814.76077586207,116,-8958.340775862069,0,0.1
1230,user_48,935.16,2026-09-19 09:10:58.153465,Walmart,refund,Mumbai,iOS,1,9,42,4,0,3,2,4029.46368852459,122,-3094.30368852459,0,0.5
1231,user_5,8064.23,2026-08-09 01:33:16.153465,Amazon,refund,Delhi,Android,0,1,44,0,0,2,0,21765.65124031008,129,-13701.42124031008,1,0.1
1232,user_45,3967.27,2026-07-31 17:11:07.153465,Zomato,request,Chennai,Web,0,17,39,5,1,1,1,3748.3989344262295,122,218.87106557377047,0,0.2
1233,user_13,19119.98,2026-07-31 08:42:09.153465,Amazon,send,Mumbai,Android,0,8,4,0,2,3,0,16363.8575,124,2756.1224999999995,0,0.1
1234,user_19,1197.38,2026-08-13 23:33:12.153465,Zomato,request,Bangalore,Web,0,23,10,5,1,0,1,3644.202786885246,122,-2446.822786885246,0,0.2
1235,user_48,1795.92,2026-08-26 07:41:08.153465,Paytm,request,Pune,Web,1,7,42,2,1,4,1,4029.46368852459,122,-2233.54368852459,0,0.2
1236,user_18,1811.78,2026-09-07 11:20:32.153465,Walmart,send,Mumbai,Android,0,11,9,4,2,3,0,4267.170924369748,119,-2455.390924369748,0,0.1
1237,user_29,3164.91,2026-08-27 05:11:10.153465,Amazon,request,Mumbai,iOS,0,5,21,0,1,3,2,4165.22631147541,122,-1000.3163114754097,1,0.5
1238,user_8,28057.69,2026-08-25 19:26:07.153465,Paytm,send,Pune,iOS,1,19,48,2,2,4,2,4162.542654867257,113,23895.14734513274,0,0.5
1239,user_50,1371.68,2026-08-06 15:22:58.153465,Paytm,refund,Delhi,Web,0,15,45,2,0,2,1,4276.488269230769,104,-2904.808269230769,0,0.2
1240,user_34,2844.34,2026-08-03 00:15:32.153465,Walmart,request,Mumbai,iOS,0,0,27,4,1,3,2,4524.1720000000005,120,-1679.8320000000003,1,0.5
1241,user_11,906.15,2026-07-30 09:29:42.153465,Paytm,send,Mumbai,Android,0,9,2,2,2,3,0,3819.240342465753,146,-2913.090342465753,0,0.1
1242,user_24,16105.17,2026-09-04 21:55:28.153465,Walmart,send,Delhi,Web,1,21,16,4,2,2,1,20664.321171875,128,-4559.151171874999,0,0.2
1243,user_18,768.54,2026-08-24 04:31:57.153465,Swiggy,refund,Bangalore,iOS,0,4,9,3,0,0,2,4267.170924369748,119,-3498.630924369748,1,0.5
1244,user_16,2157.93,2026-08-05 09:32:22.153465,Paytm,refund,Bangalore,iOS,0,9,7,2,0,0,2,3660.321525423729,118,-1502.391525423729,0,0.5
1245,user_12,158680.12,2026-08-28 20:06:15.153465,Walmart,request,Chennai,Web,1,20,3,4,1,1,1,52530.11026548673,113,106150.00973451327,0,0.2
1246,user_41,411.74,2026-09-03 14:05:22.153465,Swiggy,send,Delhi,Android,0,14,35,3,2,2,0,4057.624609375,128,-3645.884609375,0,0.1
1247,user_35,10675.58,2026-09-17 04:37:10.153465,Amazon,request,Bangalore,Android,0,4,28,0,1,0,0,15800.978582677166,127,-5125.398582677166,1,0.1
1248,user_38,16465.41,2026-07-22 03:23:19.153465,Paytm,send,Mumbai,Android,0,3,31,2,2,3,0,17814.76077586207,116,-1349.350775862069,1,0.1
1249,user_17,3064.73,2026-08-14 12:51:06.153465,Flipkart,send,Pune,iOS,0,12,8,1,2,4,2,4173.412348484848,132,-1108.6823484848478,0,0.5
1250,user_26,2701.31,2026-09-02 04:37:10.153465,Swiggy,refund,Mumbai,Android,0,4,18,3,0,3,0,4396.555663716814,113,-1695.2456637168139,1,0.1
1251,user_21,4932.15,2026-08-30 01:49:35.153465,Walmart,request,Mumbai,iOS,1,1,13,4,1,3,2,4244.438115942029,138,687.7118840579706,1,0.5
1252,user_43,10971.17,2026-07-23 12:35:04.153465,Paytm,request,Mumbai,Web,0,12,37,2,1,3,1,15429.552764227643,123,-4458.382764227643,0,0.2
1253,user_5,12312.84,2026-08-18 21:58:10.153465,Flipkart,send,Chennai,iOS,0,21,44,1,2,1,2,21765.65124031008,129,-9452.811240310079,0,0.5
1254,user_46,2997.26,2026-07-31 10:53:17.153465,Paytm,request,Bangalore,iOS,0,10,40,2,1,0,2,4824.613684210526,133,-1827.353684210526,0,0.5
1255,user_49,12035.79,2026-07-22 01:19:47.153465,Swiggy,refund,Chennai,Web,0,1,43,3,0,1,1,19333.43277227723,101,-7297.642772277228,1,0.2
1256,user_8,602.96,2026-08-22 02:20:20.153465,Walmart,refund,Pune,Web,0,2,48,4,0,4,1,4162.542654867257,113,-3559.5826548672567,1,0.2
1257,user_26,4405.55,2026-08-09 10:38:07.153465,Swiggy,refund,Bangalore,Web,1,10,18,3,0,0,1,4396.555663716814,113,8.994336283186385,0,0.2
1258,user_30,19364.4,2026-08-09 11:39:46.153465,Paytm,refund,Mumbai,Android,0,11,23,2,0,3,0,20780.866470588233,119,-1416.4664705882315,0,0.1
1259,user_50,4953.84,2026-08-15 20:27:13.153465,Swiggy,send,Delhi,Android,1,20,45,3,2,2,0,4276.488269230769,104,677.3517307692309,0,0.1
1260,user_10,1021.47,2026-08-21 14:09:49.153465,Amazon,send,Mumbai,Android,1,14,1,0,2,3,0,4115.205169491525,118,-3093.735169491525,0,0.1
1261,user_18,2457.29,2026-08-15 21:23:55.153465,Paytm,refund,Pune,iOS,0,21,9,2,0,4,2,4267.170924369748,119,-1809.8809243697478,0,0.5
1262,user_45,578.66,2026-08-04 13:52:29.153465,Flipkart,refund,Chennai,iOS,0,13,39,1,0,1,2,3748.3989344262295,122,-3169.7389344262297,0,0.5
1263,user_47,4484.34,2026-08-05 11:52:20.153465,Flipkart,refund,Bangalore,Web,1,11,41,1,0,0,1,3883.282635658915,129,601.0573643410853,0,0.2
1264,user_32,1245.3,2026-07-30 20:50:26.153465,Swiggy,send,Mumbai,iOS,0,20,25,3,2,3,2,3596.741,130,-2351.441,0,0.5
1265,user_11,1574.37,2026-09-03 15:52:03.153465,Amazon,refund,Delhi,Web,0,15,2,0,0,2,1,3819.240342465753,146,-2244.8703424657533,0,0.2
1266,user_45,1425.55,2026-08-22 15:26:55.153465,Swiggy,request,Chennai,Android,0,15,39,3,1,1,0,3748.3989344262295,122,-2322.84893442623,0,0.1
1267,user_38,14772.84,2026-07-24 05:42:59.153465,Zomato,send,Pune,Android,0,5,31,5,2,4,0,17814.76077586207,116,-3041.9207758620687,1,0.1
1268,user_32,4935.75,2026-08-19 17:55:57.153465,Walmart,send,Pune,Web,1,17,25,4,2,4,1,3596.741,130,1339.009,0,0.2
1269,user_34,37702.48,2026-08-21 08:35:43.153465,Paytm,refund,Pune,Web,1,8,27,2,0,4,1,4524.1720000000005,120,33178.308000000005,0,0.2
1270,user_12,45997.48,2026-09-10 01:23:21.153465,Walmart,refund,Chennai,Web,0,1,3,4,0,1,1,52530.11026548673,113,-6532.630265486725,1,0.2
1271,user_1,2618.64,2026-08-02 12:02:03.153465,Walmart,request,Chennai,iOS,0,12,0,4,1,1,2,4037.2688695652173,115,-1418.6288695652174,0,0.5
1272,user_40,19597.68,2026-09-02 11:52:26.153465,Flipkart,refund,Pune,Web,0,11,34,1,0,4,1,18950.453564356438,101,647.2264356435626,0,0.2
1273,user_1,4594.92,2026-09-11 18:10:05.153465,Zomato,send,Chennai,Android,1,18,0,5,2,1,0,4037.2688695652173,115,557.6511304347828,0,0.1
1274,user_3,56864.68,2026-08-17 17:04:09.153465,Swiggy,request,Chennai,Web,0,17,22,3,1,1,1,51628.90211538462,104,5235.7778846153815,0,0.2
1275,user_6,2515.04,2026-09-11 06:35:51.153465,Swiggy,request,Chennai,Android,0,6,46,3,1,1,0,3699.0514728682174,129,-1184.0114728682174,1,0.1
1276,user_40,19590.39,2026-08-04 14:42:15.153465,Swiggy,send,Chennai,Android,0,14,34,3,2,1,0,18950.453564356438,101,639.9364356435617,0,0.1
1277,user_30,12296.41,2026-09-16 22:22:47.153465,Swiggy,request,Bangalore,iOS,0,22,23,3,1,0,2,20780.866470588233,119,-8484.456470588233,0,0.5
1278,user_36,2567.15,2026-08-13 00:05:15.153465,Swiggy,refund,Bangalore,iOS,0,0,29,3,0,0,2,4483.898691588785,107,-1916.7486915887853,1,0.5
1279,user_2,57630.07,2026-08-18 23:39:49.153465,Zomato,send,Delhi,Web,0,23,11,5,2,2,1,47401.46406779661,118,10228.60593220339,0,0.2
1280,user_12,42704.21,2026-09-05 10:08:52.153465,Paytm,refund,Pune,Android,0,10,3,2,0,4,0,52530.11026548673,113,-9825.900265486729,0,0.1
1281,user_10,2704.1,2026-09-02 19:47:09.153465,Zomato,refund,Chennai,Android,0,19,1,5,0,1,0,4115.205169491525,118,-1411.1051694915254,0,0.1
1282,user_4,22689.89,2026-09-09 14:03:14.153465,Flipkart,send,Pune,Web,1,14,33,1,2,4,1,4960.130344827586,116,17729.759655172413,0,0.2
1283,user_22,14551.03,2026-08-25 12:51:03.153465,Zomato,request,Chennai,Web,0,12,14,5,1,1,1,18343.150086206897,116,-3792.1200862068963,0,0.2
1284,user_19,770.84,2026-09-12 03:20:33.153465,Zomato,send,Pune,Android,0,3,10,5,2,4,0,3644.202786885246,122,-2873.362786885246,1,0.1
1285,user_33,3462.01,2026-09-11 18:31:26.153465,Swiggy,refund,Delhi,Android,0,18,26,3,0,2,0,3974.536484375,128,-512.5264843749997,0,0.1
1286,user_45,4076.2,2026-08-28 09:31:59.153465,Swiggy,send,Delhi,iOS,0,9,39,3,2,2,2,3748.3989344262295,122,327.8010655737703,0,0.5
1287,user_19,2438.92,2026-09-18 18:24:25.153465,Walmart,request,Bangalore,Android,0,18,10,4,1,0,0,3644.202786885246,122,-1205.282786885246,0,0.1
1288,user_29,875.66,2026-08-01 02:15:10.153465,Flipkart,refund,Bangalore,Web,0,2,21,1,0,0,1,4165.22631147541,122,-3289.5663114754097,1,0.2
1289,user_36,2756.05,2026-08-27 17:20:29.153465,Walmart,send,Pune,Web,0,17,29,4,2,4,1,4483.898691588785,107,-1727.8486915887852,0,0.2
1290,user_2,45039.62,2026-08-04 23:21:54.153465,Paytm,request,Delhi,Android,0,23,11,2,1,2,0,47401.46406779661,118,-2361.8440677966064,0,0.1
1291,user_14,10370.36,2026-08-16 21:07:19.153465,Zomato,refund,Mumbai,Web,1,21,5,5,0,3,1,18284.780597014927,134,-7914.420597014927,0,0.2
1292,user_26,18899.31,2026-08-23 14:49:52.153465,Paytm,send,Chennai,Android,1,14,18,2,2,1,0,4396.555663716814,113,14502.754336283188,0,0.1
1293,user_35,7672.86,2026-09-16 11:54:52.153465,Walmart,send,Mumbai,iOS,0,11,28,4,2,3,2,15800.978582677166,127,-8128.118582677166,0,0.5
1294,user_33,2455.18,2026-07-27 18:51:44.153465,Swiggy,send,Mumbai,Android,0,18,26,3,2,3,0,3974.536484375,128,-1519.356484375,0,0.1
1295,user_47,3904.67,2026-09-06 16:32:56.153465,Paytm,send,Pune,Android,0,16,41,2,2,4,0,3883.282635658915,129,21.38736434108523,0,0.1
1296,user_30,5564.17,2026-09-18 14:28:19.153465,Flipkart,request,Pune,iOS,0,14,23,1,1,4,2,20780.866470588233,119,-15216.696470588233,0,0.5
1297,user_9,4415.85,2026-08-05 08:45:05.153465,Zomato,refund,Pune,iOS,1,8,49,5,0,4,2,4747.313999999999,110,-331.46399999999903,0,0.5
1298,user_24,6365.33,2026-08-23 14:03:14.153465,Zomato,send,Pune,Web,0,14,16,5,2,4,1,20664.321171875,128,-14298.991171874999,0,0.2
1299,user_14,34643.0,2026-08-11 12:21:34.153465,Swiggy,refund,Pune,Web,1,12,5,3,0,4,1,18284.780597014927,134,16358.219402985073,0,0.2
1300,user_46,3629.58,2026-08-01 10:20:00.153465,Flipkart,request,Chennai,Web,0,10,40,1,1,1,1,4824.613684210526,133,-1195.0336842105262,0,0.2
1301,user_24,5850.85,2026-08-14 12:42:14.153465,Swiggy,refund,Chennai,Android,0,12,16,3,0,1,0,20664.321171875,128,-14813.471171874999,0,0.1
1302,user_11,957.18,2026-09-13 10:42:29.153465,Flipkart,refund,Delhi,Android,0,10,2,1,0,2,0,3819.240342465753,146,-2862.0603424657534,0,0.1
1303,user_18,1900.49,2026-07-22 05:11:51.153465,Swiggy,request,Chennai,Web,0,5,9,3,1,1,1,4267.170924369748,119,-2366.680924369748,1,0.2
1304,user_48,1433.32,2026-09-17 22:32:52.153465,Swiggy,refund,Pune,iOS,0,22,42,3,0,4,2,4029.46368852459,122,-2596.1436885245903,0,0.5
1305,user_49,11915.87,2026-08-25 11:30:59.153465,Swiggy,send,Chennai,iOS,0,11,43,3,2,1,2,19333.43277227723,101,-7417.562772277228,0,0.5
1306,user_39,264.7,2026-08-22 17:50:42.153465,Amazon,refund,Delhi,iOS,0,17,32,0,0,2,2,4488.573909090909,110,-4223.873909090909,0,0.5
1307,user_41,1012.53,2026-08-18 20:25:18.153465,Swiggy,send,Pune,iOS,0,20,35,3,2,4,2,4057.624609375,128,-3045.094609375,0,0.5
1308,user_19,2585.79,2026-09-12 03:46:45.153465,Flipkart,send,Bangalore,iOS,0,3,10,1,2,0,2,3644.202786885246,122,-1058.412786885246,1,0.5
1309,user_33,3682.26,2026-08-19 18:17:57.153465,Swiggy,send,Mumbai,Android,0,18,26,3,2,3,0,3974.536484375,128,-292.27648437499965,0,0.1
1310,user_12,18838.99,2026-09-16 06:28:22.153465,Paytm,request,Delhi,Android,0,6,3,2,1,2,0,52530.11026548673,113,-33691.12026548672,1,0.1
1311,user_6,3460.75,2026-09-02 11:52:19.153465,Flipkart,refund,Bangalore,Android,0,11,46,1,0,0,0,3699.0514728682174,129,-238.3014728682174,0,0.1
1312,user_13,14941.0,2026-08-09 15:09:23.153465,Swiggy,request,Chennai,Web,0,15,4,3,1,1,1,16363.8575,124,-1422.8575,0,0.2
1313,user_47,3498.55,2026-08-11 13:34:39.153465,Flipkart,send,Bangalore,Web,0,13,41,1,2,0,1,3883.282635658915,129,-384.73263565891466,0,0.2
1314,user_28,4026.71,2026-08-21 21:17:55.153465,Amazon,refund,Bangalore,Web,0,21,20,0,0,0,1,4678.404529914529,117,-651.6945299145291,0,0.2
1315,user_33,29828.3,2026-09-08 11:36:52.153465,Zomato,request,Delhi,Web,1,11,26,5,1,2,1,3974.536484375,128,25853.763515625,0,0.2
1316,user_48,1963.11,2026-09-11 22:25:37.153465,Zomato,request,Mumbai,Android,0,22,42,5,1,3,0,4029.46368852459,122,-2066.3536885245903,0,0.1
1317,user_11,2370.76,2026-08-11 06:36:40.153465,Swiggy,send,Bangalore,Android,0,6,2,3,2,0,0,3819.240342465753,146,-1448.480342465753,1,0.1
1318,user_26,1184.43,2026-09-18 22:32:33.153465,Paytm,request,Bangalore,iOS,1,22,18,2,1,0,2,4396.555663716814,113,-3212.1256637168135,0,0.5
1319,user_12,37910.11,2026-09-07 05:34:03.153465,Zomato,request,Mumbai,Android,0,5,3,5,1,3,0,52530.11026548673,113,-14620.000265486728,1,0.1
1320,user_47,2024.09,2026-08-20 09:37:24.153465,Zomato,refund,Delhi,Android,0,9,41,5,0,2,0,3883.282635658915,129,-1859.192635658915,0,0.1
1321,user_37,12364.97,2026-09-14 04:16:08.153465,Flipkart,send,Chennai,Web,0,4,30,1,2,1,1,15907.096030534352,131,-3542.126030534353,1,0.2
1322,user_24,116390.05,2026-09-04 23:38:26.153465,Swiggy,send,Bangalore,iOS,1,23,16,3,2,0,2,20664.321171875,128,95725.72882812501,0,0.5
1323,user_28,1450.98,2026-07-26 16:16:14.153465,Amazon,refund,Delhi,iOS,0,16,20,0,0,2,2,4678.404529914529,117,-3227.424529914529,0,0.5
1324,user_48,1494.18,2026-08-06 08:37:05.153465,Flipkart,refund,Mumbai,Web,0,8,42,1,0,3,1,4029.46368852459,122,-2535.2836885245897,0,0.2
1325,user_45,3938.97,2026-08-12 21:06:26.153465,Walmart,send,Mumbai,Android,0,21,39,4,2,3,0,3748.3989344262295,122,190.57106557377028,0,0.1
1326,user_27,13950.62,2026-09-05 01:15:34.153465,Zomato,request,Bangalore,iOS,0,1,19,5,1,0,2,18537.69881355932,118,-4587.078813559319,1,0.5
1327,user_1,9379.57,2026-08-18 19:11:02.153465,Walmart,refund,Chennai,Web,1,19,0,4,0,1,1,4037.2688695652173,115,5342.301130434782,0,0.2
1328,user_37,11197.9,2026-08-23 19:12:47.153465,Paytm,refund,Bangalore,Web,0,19,30,2,0,0,1,15907.096030534352,131,-4709.196030534353,0,0.2
1329,user_47,3453.98,2026-08-29 03:32:56.153465,Zomato,send,Chennai,iOS,0,3,41,5,2,1,2,3883.282635658915,129,-429.3026356589148,1,0.5
1330,user_27,152159.6,2026-08-29 20:05:42.153465,Paytm,send,Bangalore,iOS,1,20,19,2,2,0,2,18537.69881355932,118,133621.9011864407,0,0.5
1331,user_1,3837.98,2026-08-16 20:29:57.153465,Flipkart,refund,Mumbai,Android,0,20,0,1,0,3,0,4037.2688695652173,115,-199.28886956521728,0,0.1
1332,user_14,12672.35,2026-09-01 07:24:40.153465,Flipkart,request,Chennai,Web,0,7,5,1,1,1,1,18284.780597014927,134,-5612.430597014927,0,0.2
1333,user_29,1750.77,2026-08-13 23:52:36.153465,Zomato,refund,Mumbai,iOS,0,23,21,5,0,3,2,4165.22631147541,122,-2414.4563114754096,0,0.5
1334,user_41,3895.54,2026-09-13 17:53:00.153465,Zomato,refund,Bangalore,iOS,0,17,35,5,0,0,2,4057.624609375,128,-162.08460937500013,0,0.5
1335,user_32,3830.62,2026-08-21 10:10:11.153465,Walmart,request,Mumbai,Android,0,10,25,4,1,3,0,3596.741,130,233.8789999999999,0,0.1
1336,user_29,826.93,2026-09-17 01:18:03.153465,Amazon,send,Pune,Android,0,1,21,0,2,4,0,4165.22631147541,122,-3338.2963114754098,1,0.1
1337,user_29,2342.26,2026-08-15 22:30:25.153465,Flipkart,refund,Bangalore,Android,0,22,21,1,0,0,0,4165.22631147541,122,-1822.9663114754094,0,0.1
1338,user_20,10327.31,2026-07-25 08:17:23.153465,Flipkart,refund,Mumbai,Web,0,8,12,1,0,3,1,19935.082280701754,114,-9607.772280701754,0,0.2
1339,user_12,45603.69,2026-08-21 20:56:44.153465,Amazon,send,Delhi,iOS,0,20,3,0,2,2,2,52530.11026548673,113,-6926.420265486726,0,0.5
1340,user_49,15249.96,2026-08-03 11:40:43.153465,Walmart,send,Pune,iOS,0,11,43,4,2,4,2,19333.43277227723,101,-4083.4727722772295,0,0.5
1341,user_13,18795.48,2026-09-18 08:53:09.153465,Zomato,request,Mumbai,Web,0,8,4,5,1,3,1,16363.8575,124,2431.6224999999995,0,0.2
1342,user_23,19407.24,2026-09-16 00:52:28.153465,Zomato,request,Chennai,Android,0,0,15,5,1,1,0,21876.48723880597,134,-2469.2472388059687,1,0.1
1343,user_5,6258.14,2026-08-25 22:08:58.153465,Amazon,refund,Pune,Android,0,22,44,0,0,4,0,21765.65124031008,129,-15507.51124031008,0,0.1
1344,user_42,368.99,2026-08-14 19:50:25.153465,Flipkart,send,Chennai,Web,0,19,36,1,2,1,1,4749.498305084746,118,-4380.508305084746,0,0.2
1345,user_33,473.97,2026-07-31 21:58:38.153465,Zomato,refund,Chennai,Android,0,21,26,5,0,1,0,3974.536484375,128,-3500.566484375,0,0.1
1346,user_25,661.41,2026-08-11 18:53:03.153465,Amazon,send,Mumbai,Web,0,18,17,0,2,3,1,3615.32544,125,-2953.91544,0,0.2
1347,user_45,1696.81,2026-08-26 12:53:21.153465,Swiggy,request,Delhi,Android,1,12,39,3,1,2,0,3748.3989344262295,122,-2051.5889344262296,0,0.1
1348,user_46,997.64,2026-09-07 00:55:28.153465,Walmart,request,Mumbai,Android,1,0,40,4,1,3,0,4824.613684210526,133,-3826.9736842105262,1,0.1
1349,user_17,3631.46,2026-07-24 04:06:21.153465,Amazon,refund,Bangalore,iOS,0,4,8,0,0,0,2,4173.412348484848,132,-541.9523484848478,1,0.5
1350,user_26,4318.43,2026-08-19 07:10:30.153465,Amazon,request,Pune,iOS,0,7,18,0,1,4,2,4396.555663716814,113,-78.1256637168135,0,0.5
1351,user_27,53503.95,2026-07-27 00:49:11.153465,Flipkart,send,Delhi,Android,1,0,19,1,2,2,0,18537.69881355932,118,34966.25118644068,1,0.1
1352,user_25,2772.45,2026-07-26 14:05:31.153465,Walmart,refund,Delhi,iOS,0,14,17,4,0,2,2,3615.32544,125,-842.8754400000003,0,0.5
1353,user_20,86870.73,2026-08-18 20:40:32.153465,Swiggy,request,Chennai,Web,1,20,12,3,1,1,1,19935.082280701754,114,66935.64771929824,0,0.2
1354,user_2,48059.67,2026-07-22 22:57:10.153465,Flipkart,send,Delhi,Web,0,22,11,1,2,2,1,47401.46406779661,118,658.2059322033892,0,0.2
1355,user_14,6969.21,2026-08-05 07:49:37.153465,Paytm,send,Delhi,Web,0,7,5,2,2,2,1,18284.780597014927,134,-11315.570597014928,0,0.2
1356,user_34,4810.07,2026-07-30 06:38:03.153465,Swiggy,request,Mumbai,Android,1,6,27,3,1,3,0,4524.1720000000005,120,285.89799999999923,1,0.1
1357,user_32,4803.69,2026-08-16 08:47:38.153465,Zomato,send,Bangalore,iOS,0,8,25,5,2,0,2,3596.741,130,1206.9489999999996,0,0.5
1358,user_48,4675.8,2026-08-30 19:20:35.153465,Walmart,send,Bangalore,iOS,0,19,42,4,2,0,2,4029.46368852459,122,646.3363114754102,0,0.5
1359,user_41,4493.76,2026-09-03 10:11:56.153465,Swiggy,send,Delhi,Android,0,10,35,3,2,2,0,4057.624609375,128,436.1353906250001,0,0.1
1360,user_18,4680.0,2026-09-05 02:04:10.153465,Paytm,request,Bangalore,Android,0,2,9,2,1,0,0,4267.170924369748,119,412.8290756302522,1,0.1
1361,user_41,1804.13,2026-08-30 08:39:57.153465,Flipkart,request,Bangalore,iOS,0,8,35,1,1,0,2,4057.624609375,128,-2253.494609375,0,0.5
1362,user_36,4779.0,2026-08-28 01:20:39.153465,Swiggy,send,Bangalore,Android,0,1,29,3,2,0,0,4483.898691588785,107,295.10130841121463,1,0.1
1363,user_2,52371.2,2026-09-02 16:30:07.153465,Flipkart,refund,Pune,iOS,0,16,11,1,0,4,2,47401.46406779661,118,4969.735932203388,0,0.5
1364,user_3,58733.23,2026-08-02 15:07:10.153465,Swiggy,send,Pune,Web,0,15,22,3,2,4,1,51628.90211538462,104,7104.327884615384,0,0.2
1365,user_15,18387.76,2026-08-29 09:51:07.153465,Paytm,request,Delhi,Android,0,9,6,2,1,2,0,17357.696608695653,115,1030.0633913043457,0,0.1
1366,user_43,5365.25,2026-08-13 01:33:58.153465,Zomato,request,Chennai,Android,0,1,37,5,1,1,0,15429.552764227643,123,-10064.302764227643,1,0.1
1367,user_48,1520.09,2026-07-23 07:32:14.153465,Amazon,refund,Delhi,Web,0,7,42,0,0,2,1,4029.46368852459,122,-2509.37368852459,0,0.2
1368,user_39,2809.53,2026-08-10 06:18:28.153465,Swiggy,refund,Mumbai,iOS,0,6,32,3,0,3,2,4488.573909090909,110,-1679.043909090909,1,0.5
1369,user_38,5111.33,2026-09-13 20:30:36.153465,Flipkart,send,Mumbai,Web,0,20,31,1,2,3,1,17814.76077586207,116,-12703.430775862069,0,0.2
1370,user_19,4667.89,2026-07-26 22:05:14.153465,Zomato,send,Mumbai,Web,0,22,10,5,2,3,1,3644.202786885246,122,1023.6872131147543,0,0.2
1371,user_35,18400.99,2026-08-15 08:08:04.153465,Paytm,refund,Delhi,Web,0,8,28,2,0,2,1,15800.978582677166,127,2600.0114173228358,0,0.2
1372,user_15,18896.45,2026-08-31 08:50:11.153465,Swiggy,request,Chennai,iOS,0,8,6,3,1,1,2,17357.696608695653,115,1538.753391304348,0,0.5
1373,user_31,1814.2,2026-09-09 06:52:22.153465,Flipkart,send,Chennai,iOS,0,6,24,1,2,1,2,4894.9887499999995,96,-3080.7887499999997,1,0.5
1374,user_34,4947.49,2026-07-22 12:25:15.153465,Zomato,send,Chennai,Android,1,12,27,5,2,1,0,4524.1720000000005,120,423.3179999999993,0,0.1
1375,user_41,4442.53,2026-09-04 22:43:20.153465,Amazon,send,Delhi,Android,1,22,35,0,2,2,0,4057.624609375,128,384.90539062499965,0,0.1
1376,user_22,8167.03,2026-09-07 05:21:00.153465,Walmart,request,Mumbai,Web,0,5,14,4,1,3,1,18343.150086206897,116,-10176.120086206898,1,0.2
1377,user_46,1349.25,2026-08-07 14:08:59.153465,Swiggy,send,Delhi,iOS,0,14,40,3,2,2,2,4824.613684210526,133,-3475.363684210526,0,0.5
1378,user_21,3196.38,2026-08-22 21:01:46.153465,Swiggy,request,Delhi,Android,0,21,13,3,1,2,0,4244.438115942029,138,-1048.058115942029,0,0.1
1379,user_3,19355.31,2026-08-26 02:43:15.153465,Paytm,request,Chennai,iOS,0,2,22,2,1,1,2,51628.90211538462,104,-32273.592115384618,1,0.5
1380,user_48,2673.81,2026-07-30 18:14:54.153465,Paytm,refund,Delhi,Android,0,18,42,2,0,2,0,4029.46368852459,122,-1355.65368852459,0,0.1
1381,user_41,12976.83,2026-07-23 05:29:07.153465,Swiggy,send,Mumbai,Android,0,5,35,3,2,3,0,4057.624609375,128,8919.205390625,1,0.1
1382,user_39,2663.25,2026-08-09 11:30:16.153465,Swiggy,send,Pune,Web,1,11,32,3,2,4,1,4488.573909090909,110,-1825.3239090909092,0,0.2
1383,user_4,579.32,2026-08-23 09:33:41.153465,Swiggy,refund,Chennai,Web,0,9,33,3,0,1,1,4960.130344827586,116,-4380.810344827586,0,0.2
1384,user_40,16962.31,2026-08-26 04:03:45.153465,Amazon,refund,Mumbai,Android,0,4,34,0,0,3,0,18950.453564356438,101,-1988.1435643564364,1,0.1
1385,user_22,15006.3,2026-09-05 19:20:31.153465,Flipkart,refund,Mumbai,Android,0,19,14,1,0,3,0,18343.150086206897,116,-3336.8500862068977,0,0.1
1386,user_26,568.74,2026-08-07 14:44:51.153465,Swiggy,send,Bangalore,Android,0,14,18,3,2,0,0,4396.555663716814,113,-3827.815663716814,0,0.1
1387,user_4,700.76,2026-08-30 16:16:38.153465,Flipkart,send,Pune,iOS,0,16,33,1,2,4,2,4960.130344827586,116,-4259.3703448275855,0,0.5
1388,user_21,648.58,2026-09-01 16:08:32.153465,Amazon,refund,Delhi,iOS,0,16,13,0,0,2,2,4244.438115942029,138,-3595.858115942029,0,0.5
1389,user_16,3653.5,2026-09-08 21:28:26.153465,Amazon,refund,Chennai,Android,0,21,7,0,0,1,0,3660.321525423729,118,-6.821525423728872,0,0.1
1390,user_45,4354.29,2026-08-11 21:52:15.153465,Amazon,refund,Pune,Web,0,21,39,0,0,4,1,3748.3989344262295,122,605.8910655737704,0,0.2
1391,user_38,13746.55,2026-08-03 01:59:53.153465,Swiggy,send,Delhi,Web,0,1,31,3,2,2,1,17814.76077586207,116,-4068.2107758620696,1,0.2
1392,user_9,462.36,2026-09-15 01:19:43.153465,Walmart,refund,Bangalore,iOS,0,1,49,4,0,0,2,4747.313999999999,110,-4284.954,1,0.5
1393,user_36,1033.02,2026-09-05 04:17:30.153465,Amazon,request,Delhi,Web,1,4,29,0,1,2,1,4483.898691588785,107,-3450.8786915887854,1,0.2
1394,user_15,5809.15,2026-08-09 16:02:06.153465,Swiggy,request,Delhi,Web,0,16,6,3,1,2,1,17357.696608695653,115,-11548.546608695653,0,0.2
1395,user_42,4683.52,2026-09-15 00:32:11.153465,Walmart,request,Delhi,Web,0,0,36,4,1,2,1,4749.498305084746,118,-65.97830508474544,1,0.2
1396,user_48,4224.34,2026-09-06 03:02:11.153465,Paytm,request,Pune,Android,0,3,42,2,1,4,0,4029.46368852459,122,194.87631147541015,1,0.1
1397,user_34,2531.42,2026-07-27 17:50:55.153465,Swiggy,refund,Pune,iOS,0,17,27,3,0,4,2,4524.1720000000005,120,-1992.7520000000004,0,0.5
1398,user_26,1688.1,2026-08-01 03:01:34.153465,Flipkart,request,Delhi,Android,0,3,18,1,1,2,0,4396.555663716814,113,-2708.455663716814,1,0.1
1399,user_6,1168.11,2026-07-25 22:54:39.153465,Paytm,send,Chennai,iOS,0,22,46,2,2,1,2,3699.0514728682174,129,-2530.9414728682177,0,0.5
1400,user_19,1015.85,2026-08-20 23:24:16.153465,Paytm,refund,Delhi,iOS,0,23,10,2,0,2,2,3644.202786885246,122,-2628.352786885246,0,0.5
1401,user_30,12231.36,2026-08-15 15:24:10.153465,Paytm,send,Mumbai,Android,0,15,23,2,2,3,0,20780.866470588233,119,-8549.506470588232,0,0.1
1402,user_21,4493.0,2026-09-05 09:17:51.153465,Paytm,send,Delhi,iOS,1,9,13,2,2,2,2,4244.438115942029,138,248.56188405797093,0,0.5
1403,user_12,37196.19,2026-07-27 19:03:53.153465,Paytm,request,Delhi,Android,0,19,3,2,1,2,0,52530.11026548673,113,-15333.920265486726,0,0.1
1404,user_17,9856.34,2026-09-16 14:46:57.153465,Zomato,send,Pune,Web,1,14,8,5,2,4,1,4173.412348484848,132,5682.927651515152,0,0.2
1405,user_20,12444.76,2026-07-31 03:24:55.153465,Swiggy,send,Mumbai,Web,0,3,12,3,2,3,1,19935.082280701754,114,-7490.322280701754,1,0.2
1406,user_5,131543.05,2026-08-10 10:12:58.153465,Walmart,refund,Pune,Android,1,10,44,4,0,4,0,21765.65124031008,129,109777.39875968991,0,0.1
1407,user_37,12866.81,2026-07-23 02:56:23.153465,Amazon,request,Bangalore,iOS,0,2,30,0,1,0,2,15907.096030534352,131,-3040.286030534353,1,0.5
1408,user_1,716.03,2026-08-29 05:00:57.153465,Flipkart,request,Chennai,Web,1,5,0,1,1,1,1,4037.2688695652173,115,-3321.238869565217,1,0.2
1409,user_39,36945.44,2026-09-15 20:15:46.153465,Amazon,request,Mumbai,Web,1,20,32,0,1,3,1,4488.573909090909,110,32456.866090909094,0,0.2
1410,user_23,12865.11,2026-09-07 05:28:22.153465,Paytm,refund,Delhi,Android,0,5,15,2,0,2,0,21876.48723880597,134,-9011.37723880597,1,0.1
1411,user_16,3065.17,2026-09-07 05:06:19.153465,Walmart,request,Bangalore,Android,1,5,7,4,1,0,0,3660.321525423729,118,-595.1515254237288,1,0.1
1412,user_37,18331.34,2026-07-22 12:11:55.153465,Swiggy,request,Chennai,Android,0,12,30,3,1,1,0,15907.096030534352,131,2424.2439694656478,0,0.1
1413,user_44,18767.69,2026-08-24 19:01:01.153465,Zomato,request,Delhi,Web,0,19,38,5,1,2,1,17327.384636363637,110,1440.305363636362,0,0.2
1414,user_32,2307.11,2026-07-30 07:19:27.153465,Flipkart,refund,Delhi,Web,0,7,25,1,0,2,1,3596.741,130,-1289.6309999999999,0,0.2
1415,user_20,15890.68,2026-08-31 22:09:50.153465,Amazon,request,Pune,Android,0,22,12,0,1,4,0,19935.082280701754,114,-4044.4022807017536,0,0.1
1416,user_19,3091.31,2026-08-19 08:13:35.153465,Zomato,send,Chennai,Android,0,8,10,5,2,1,0,3644.202786885246,122,-552.8927868852461,0,0.1
1417,user_34,14780.94,2026-09-19 03:48:55.153465,Zomato,refund,Chennai,Web,1,3,27,5,0,1,1,4524.1720000000005,120,10256.768,1,0.2
1418,user_22,9897.8,2026-08-13 00:19:45.153465,Flipkart,send,Mumbai,Web,0,0,14,1,2,3,1,18343.150086206897,116,-8445.350086206898,1,0.2
1419,user_39,3231.66,2026-09-16 21:00:35.153465,Paytm,send,Delhi,Android,0,21,32,2,2,2,0,4488.573909090909,110,-1256.9139090909093,0,0.1
1420,user_26,1702.59,2026-09-19 11:14:52.153465,Zomato,request,Bangalore,Web,0,11,18,5,1,0,1,4396.555663716814,113,-2693.9656637168137,0,0.2
1421,user_25,1127.18,2026-08-12 03:10:49.153465,Flipkart,request,Mumbai,Android,0,3,17,1,1,3,0,3615.32544,125,-2488.1454400000002,1,0.1
1422,user_10,3432.43,2026-09-10 10:36:22.153465,Zomato,request,Mumbai,Web,0,10,1,5,1,3,1,4115.205169491525,118,-682.7751694915255,0,0.2
1423,user_14,19679.69,2026-07-31 10:57:34.153465,Flipkart,send,Pune,iOS,0,10,5,1,2,4,2,18284.780597014927,134,1394.9094029850712,0,0.5
1424,user_29,1940.97,2026-08-17 20:09:41.153465,Flipkart,request,Bangalore,iOS,0,20,21,1,1,0,2,4165.22631147541,122,-2224.2563114754093,0,0.5
1425,user_11,1140.0,2026-09-15 23:52:45.153465,Amazon,request,Pune,iOS,0,23,2,0,1,4,2,3819.240342465753,146,-2679.240342465753,0,0.5
1426,user_16,4316.36,2026-08-14 06:27:07.153465,Flipkart,request,Chennai,Web,1,6,7,1,1,1,1,3660.321525423729,118,656.0384745762708,1,0.2
1427,user_28,2167.59,2026-08-02 12:35:11.153465,Swiggy,request,Chennai,Web,0,12,20,3,1,1,1,4678.404529914529,117,-2510.814529914529,0,0.2
1428,user_28,1591.96,2026-08-31 02:45:41.153465,Flipkart,refund,Bangalore,Android,0,2,20,1,0,0,0,4678.404529914529,117,-3086.444529914529,1,0.1
1429,user_31,1375.32,2026-08-10 03:02:08.153465,Swiggy,refund,Chennai,Web,0,3,24,3,0,1,1,4894.9887499999995,96,-3519.66875,1,0.2
1430,user_29,2840.63,2026-07-28 02:42:16.153465,Walmart,refund,Chennai,iOS,0,2,21,4,0,1,2,4165.22631147541,122,-1324.5963114754095,1,0.5
1431,user_13,6678.34,2026-08-08 05:59:18.153465,Walmart,request,Delhi,Web,0,5,4,4,1,2,1,16363.8575,124,-9685.5175,1,0.2
1432,user_44,14215.97,2026-09-06 19:59:22.153465,Zomato,request,Bangalore,iOS,0,19,38,5,1,0,2,17327.384636363637,110,-3111.4146363636373,0,0.5
1433,user_41,434.01,2026-07-25 13:48:39.153465,Paytm,send,Chennai,Web,0,13,35,2,2,1,1,4057.624609375,128,-3623.6146093750003,0,0.2
1434,user_22,12427.57,2026-08-24 12:13:19.153465,Walmart,refund,Bangalore,iOS,0,12,14,4,0,0,2,18343.150086206897,116,-5915.580086206897,0,0.5
1435,user_36,13918.09,2026-09-17 08:32:32.153465,Flipkart,refund,Mumbai,Web,1,8,29,1,0,3,1,4483.898691588785,107,9434.191308411215,0,0.2
1436,user_30,15998.59,2026-09-11 06:50:20.153465,Swiggy,refund,Chennai,Android,0,6,23,3,0,1,0,20780.866470588233,119,-4782.276470588233,1,0.1
1437,user_10,3023.54,2026-08-08 11:23:25.153465,Paytm,request,Bangalore,iOS,0,11,1,2,1,0,2,4115.205169491525,118,-1091.6651694915254,0,0.5
1438,user_5,14094.99,2026-09-09 15:20:01.153465,Swiggy,refund,Delhi,Web,0,15,44,3,0,2,1,21765.65124031008,129,-7670.661240310079,0,0.2
1439,user_47,1018.89,2026-08-20 00:14:24.153465,Swiggy,send,Pune,iOS,0,0,41,3,2,4,2,3883.282635658915,129,-2864.392635658915,1,0.5
1440,user_1,1897.37,2026-08-07 22:55:12.153465,Paytm,request,Chennai,Android,0,22,0,2,1,1,0,4037.2688695652173,115,-2139.8988695652174,0,0.1
1441,user_30,6472.92,2026-09-15 14:06:17.153465,Zomato,send,Mumbai,iOS,0,14,23,5,2,3,2,20780.866470588233,119,-14307.946470588233,0,0.5
1442,user_45,3948.92,2026-09-06 21:57:41.153465,Paytm,send,Bangalore,iOS,0,21,39,2,2,0,2,3748.3989344262295,122,200.52106557377056,0,0.5
1443,user_34,2892.57,2026-08-14 22:40:44.153465,Swiggy,request,Chennai,Android,0,22,27,3,1,1,0,4524.1720000000005,120,-1631.6020000000003,0,0.1
1444,user_42,1351.21,2026-09-15 23:35:38.153465,Walmart,request,Delhi,Web,0,23,36,4,1,2,1,4749.498305084746,118,-3398.288305084746,0,0.2
1445,user_13,11398.92,2026-09-15 01:33:57.153465,Walmart,request,Delhi,Android,1,1,4,4,1,2,0,16363.8575,124,-4964.9375,1,0.1
1446,user_2,18656.29,2026-08-29 23:41:44.153465,Walmart,request,Pune,iOS,0,23,11,4,1,4,2,47401.46406779661,118,-28745.174067796608,0,0.5
1447,user_43,17881.43,2026-07-23 22:26:26.153465,Swiggy,request,Bangalore,iOS,0,22,37,3,1,0,2,15429.552764227643,123,2451.8772357723574,0,0.5
1448,user_41,4779.98,2026-08-28 13:01:27.153465,Zomato,request,Mumbai,Web,0,13,35,5,1,3,1,4057.624609375,128,722.3553906249995,0,0.2
1449,user_19,282.25,2026-08-26 01:37:37.153465,Walmart,send,Pune,Android,0,1,10,4,2,4,0,3644.202786885246,122,-3361.952786885246,1,0.1
1450,user_16,4415.14,2026-07-31 20:50:58.153465,Flipkart,request,Delhi,Web,1,20,7,1,1,2,1,3660.321525423729,118,754.8184745762715,0,0.2
1451,user_34,1902.86,2026-09-14 10:25:36.153465,Zomato,refund,Delhi,iOS,0,10,27,5,0,2,2,4524.1720000000005,120,-2621.312000000001,0,0.5
1452,user_4,4167.95,2026-07-29 13:59:35.153465,Paytm,refund,Mumbai,Web,0,13,33,2,0,3,1,4960.130344827586,116,-792.1803448275859,0,0.2
1453,user_7,15456.07,2026-08-23 12:18:48.153465,Paytm,refund,Pune,Android,1,12,47,2,0,4,0,60187.18528,125,-44731.11528,0,0.1
1454,user_39,4413.76,2026-08-29 08:21:30.153465,Paytm,send,Delhi,iOS,1,8,32,2,2,2,2,4488.573909090909,110,-74.81390909090896,0,0.5
1455,user_10,3337.92,2026-09-10 21:05:39.153465,Paytm,request,Chennai,Android,0,21,1,2,1,1,0,4115.205169491525,118,-777.2851694915253,0,0.1
1456,user_27,19051.29,2026-07-25 18:04:36.153465,Swiggy,request,Pune,Web,0,18,19,3,1,4,1,18537.69881355932,118,513.5911864406808,0,0.2
1457,user_11,2640.13,2026-09-17 01:10:06.153465,Amazon,refund,Mumbai,Android,0,1,2,0,0,3,0,3819.240342465753,146,-1179.110342465753,1,0.1
1458,user_18,4473.55,2026-07-25 16:40:32.153465,Paytm,refund,Delhi,Web,1,16,9,2,0,2,1,4267.170924369748,119,206.37907563025237,0,0.2
1459,user_10,232.23,2026-08-06 07:43:21.153465,Swiggy,refund,Chennai,iOS,0,7,1,3,0,1,2,4115.205169491525,118,-3882.9751694915253,0,0.5
1460,user_37,10600.17,2026-07-25 08:08:00.153465,Paytm,refund,Delhi,Android,0,8,30,2,0,2,0,15907.096030534352,131,-5306.926030534352,0,0.1
1461,user_21,3531.9,2026-08-13 00:30:05.153465,Paytm,request,Pune,Web,0,0,13,2,1,4,1,4244.438115942029,138,-712.538115942029,1,0.2
1462,user_49,6501.73,2026-09-12 11:25:27.153465,Walmart,refund,Pune,Web,0,11,43,4,0,4,1,19333.43277227723,101,-12831.702772277229,0,0.2
1463,user_13,5811.84,2026-09-04 02:17:30.153465,Paytm,send,Chennai,Android,0,2,4,2,2,1,0,16363.8575,124,-10552.0175,1,0.1
1464,user_46,3549.74,2026-07-26 02:34:20.153465,Swiggy,request,Mumbai,iOS,0,2,40,3,1,3,2,4824.613684210526,133,-1274.8736842105263,1,0.5
1465,user_38,5923.48,2026-09-09 01:44:25.153465,Paytm,request,Chennai,Web,0,1,31,2,1,1,1,17814.76077586207,116,-11891.28077586207,1,0.2
1466,user_36,1310.85,2026-09-17 16:59:29.153465,Flipkart,refund,Bangalore,Web,1,16,29,1,0,0,1,4483.898691588785,107,-3173.0486915887855,0,0.2
1467,user_13,19441.37,2026-09-12 22:40:08.153465,Zomato,refund,Delhi,iOS,0,22,4,5,0,2,2,16363.8575,124,3077.512499999999,0,0.5
1468,user_35,15479.57,2026-08-18 20:35:46.153465,Swiggy,refund,Pune,iOS,0,20,28,3,0,4,2,15800.978582677166,127,-321.4085826771661,0,0.5
1469,user_27,15516.09,2026-09-06 15:39:48.153465,Flipkart,refund,Mumbai,Web,0,15,19,1,0,3,1,18537.69881355932,118,-3021.60881355932,0,0.2
1470,user_41,375.67,2026-07-27 02:52:56.153465,Swiggy,refund,Bangalore,Android,0,2,35,3,0,0,0,4057.624609375,128,-3681.954609375,1,0.1
1471,user_13,17074.11,2026-08-15 02:18:07.153465,Flipkart,refund,Pune,Android,0,2,4,1,0,4,0,16363.8575,124,710.2525000000005,1,0.1
1472,user_16,1068.17,2026-08-17 05:55:15.153465,Swiggy,refund,Delhi,Android,0,5,7,3,0,2,0,3660.321525423729,118,-2592.151525423729,1,0.1
1473,user_26,1140.91,2026-08-08 14:38:10.153465,Zomato,send,Mumbai,iOS,0,14,18,5,2,3,2,4396.555663716814,113,-3255.645663716814,0,0.5
1474,user_31,3061.9,2026-08-22 06:55:47.153465,Swiggy,request,Delhi,Android,0,6,24,3,1,2,0,4894.9887499999995,96,-1833.0887499999994,1,0.1
1475,user_36,3368.03,2026-08-31 14:19:28.153465,Swiggy,send,Pune,Web,0,14,29,3,2,4,1,4483.898691588785,107,-1115.8686915887852,0,0.2
1476,user_49,15990.92,2026-09-10 18:49:02.153465,Walmart,send,Chennai,Android,0,18,43,4,2,1,0,19333.43277227723,101,-3342.5127722772286,0,0.1
1477,user_8,14350.6,2026-08-24 17:05:51.153465,Paytm,refund,Pune,Web,1,17,48,2,0,4,1,4162.542654867257,113,10188.057345132744,0,0.2
1478,user_19,2946.11,2026-08-24 18:23:31.153465,Amazon,refund,Chennai,Android,0,18,10,0,0,1,0,3644.202786885246,122,-698.0927868852459,0,0.1
1479,user_39,8691.69,2026-08-17 20:54:02.153465,Flipkart,refund,Chennai,Android,1,20,32,1,0,1,0,4488.573909090909,110,4203.116090909091,0,0.1
1480,user_29,833.37,2026-07-28 16:22:03.153465,Zomato,request,Delhi,Android,0,16,21,5,1,2,0,4165.22631147541,122,-3331.8563114754097,0,0.1
1481,user_1,3243.13,2026-08-12 05:00:45.153465,Walmart,refund,Pune,iOS,0,5,0,4,0,4,2,4037.2688695652173,115,-794.1388695652172,1,0.5
1482,user_20,10138.65,2026-08-14 15:07:23.153465,Walmart,refund,Pune,Web,0,15,12,4,0,4,1,19935.082280701754,114,-9796.432280701754,0,0.2
1483,user_7,300000.0,2026-08-09 12:34:53.153465,Zomato,send,Chennai,Android,1,12,47,5,2,1,0,60187.18528,125,239812.81472,0,0.1
1484,user_3,15980.2,2026-08-22 10:29:20.153465,Amazon,send,Pune,Android,0,10,22,0,2,4,0,51628.90211538462,104,-35648.702115384614,0,0.1
1485,user_10,451.58,2026-08-05 03:08:43.153465,Swiggy,request,Pune,Android,0,3,1,3,1,4,0,4115.205169491525,118,-3663.6251694915254,1,0.1
1486,user_18,3814.8,2026-08-01 20:17:00.153465,Flipkart,send,Pune,Android,0,20,9,1,2,4,0,4267.170924369748,119,-452.3709243697476,0,0.1
1487,user_24,109078.26,2026-07-31 21:54:49.153465,Zomato,refund,Mumbai,Web,1,21,16,5,0,3,1,20664.321171875,128,88413.938828125,0,0.2
1488,user_8,3836.09,2026-08-12 13:37:20.153465,Amazon,request,Mumbai,Android,0,13,48,0,1,3,0,4162.542654867257,113,-326.45265486725657,0,0.1
1489,user_20,17600.26,2026-08-16 10:45:10.153465,Flipkart,refund,Bangalore,Android,0,10,12,1,0,0,0,19935.082280701754,114,-2334.8222807017555,0,0.1
1490,user_2,33552.84,2026-09-15 11:16:29.153465,Zomato,refund,Pune,iOS,0,11,11,5,0,4,2,47401.46406779661,118,-13848.624067796613,0,0.5
1491,user_6,11493.88,2026-07-22 21:12:48.153465,Amazon,send,Mumbai,Android,1,21,46,0,2,3,0,3699.0514728682174,129,7794.828527131782,0,0.1
1492,user_17,3484.77,2026-09-12 20:09:26.153465,Swiggy,send,Pune,iOS,0,20,8,3,2,4,2,4173.412348484848,132,-688.6423484848478,0,0.5
1493,user_22,13192.27,2026-09-07 03:29:22.153465,Walmart,send,Mumbai,Android,0,3,14,4,2,3,0,18343.150086206897,116,-5150.8800862068965,1,0.1
1494,user_24,6632.71,2026-08-10 11:39:58.153465,Zomato,send,Mumbai,Android,0,11,16,5,2,3,0,20664.321171875,128,-14031.611171875,0,0.1
1495,user_44,9721.84,2026-08-18 19:00:26.153465,Walmart,refund,Pune,Web,0,19,38,4,0,4,1,17327.384636363637,110,-7605.5446363636365,0,0.2
1496,user_28,1354.27,2026-07-22 16:00:25.153465,Walmart,refund,Pune,iOS,0,16,20,4,0,4,2,4678.404529914529,117,-3324.134529914529,0,0.5
1497,user_47,4348.91,2026-09-01 01:21:07.153465,Walmart,send,Mumbai,iOS,1,1,41,4,2,3,2,3883.282635658915,129,465.627364341085,1,0.5
1498,user_33,14053.78,2026-08-11 12:47:25.153465,Flipkart,refund,Bangalore,Web,1,12,26,1,0,0,1,3974.536484375,128,10079.243515625001,0,0.2
1499,user_25,3751.87,2026-08-18 06:39:27.153465,Paytm,refund,Chennai,Web,0,6,17,2,0,1,1,3615.32544,125,136.54455999999982,1,0.2
1500,user_28,1496.12,2026-08-12 02:43:07.153465,Flipkart,refund,Pune,Android,0,2,20,1,0,4,0,4678.404529914529,117,-3182.2845299145292,1,0.1
1501,user_38,11978.54,2026-08-03 15:19:17.153465,Flipkart,send,Chennai,Android,0,15,31,1,2,1,0,17814.76077586207,116,-5836.220775862068,0,0.1
1502,user_42,583.56,2026-08-16 10:21:06.153465,Walmart,request,Bangalore,Web,0,10,36,4,1,0,1,4749.498305084746,118,-4165.938305084746,0,0.2
1503,user_33,4013.96,2026-08-09 03:55:59.153465,Amazon,request,Mumbai,iOS,0,3,26,0,1,3,2,3974.536484375,128,39.423515625000164,1,0.5
1504,user_40,38884.58,2026-07-25 16:04:13.153465,Amazon,request,Chennai,Android,0,16,34,0,1,1,0,18950.453564356438,101,19934.126435643564,0,0.1
1505,user_14,15720.87,2026-09-01 01:36:36.153465,Paytm,request,Mumbai,Android,0,1,5,2,1,3,0,18284.780597014927,134,-2563.9105970149267,1,0.1
1506,user_42,2401.65,2026-08-26 23:33:43.153465,Walmart,refund,Mumbai,Android,0,23,36,4,0,3,0,4749.498305084746,118,-2347.848305084746,0,0.1
1507,user_20,15898.96,2026-09-16 04:23:59.153465,Paytm,send,Pune,Web,0,4,12,2,2,4,1,19935.082280701754,114,-4036.122280701755,1,0.2
1508,user_50,2169.32,2026-08-10 10:43:22.153465,Swiggy,send,Chennai,iOS,0,10,45,3,2,1,2,4276.488269230769,104,-2107.168269230769,0,0.5
1509,user_42,3850.9,2026-08-22 07:43:15.153465,Paytm,request,Pune,iOS,0,7,36,2,1,4,2,4749.498305084746,118,-898.5983050847458,0,0.5
1510,user_24,9967.28,2026-07-29 01:06:50.153465,Amazon,send,Pune,Android,0,1,16,0,2,4,0,20664.321171875,128,-10697.041171874998,1,0.1
1511,user_33,1314.93,2026-08-16 20:51:17.153465,Amazon,send,Delhi,Web,0,20,26,0,2,2,1,3974.536484375,128,-2659.606484375,0,0.2
1512,user_14,6513.81,2026-08-30 09:22:43.153465,Swiggy,send,Delhi,Android,0,9,5,3,2,2,0,18284.780597014927,134,-11770.970597014926,0,0.1
1513,user_35,19650.51,2026-08-06 12:49:41.153465,Swiggy,refund,Delhi,Android,0,12,28,3,0,2,0,15800.978582677166,127,3849.5314173228326,0,0.1
1514,user_9,301.8,2026-08-17 11:59:00.153465,Zomato,refund,Delhi,Web,0,11,49,5,0,2,1,4747.313999999999,110,-4445.513999999999,0,0.2
1515,user_42,3683.74,2026-08-11 18:42:14.153465,Walmart,request,Bangalore,iOS,0,18,36,4,1,0,2,4749.498305084746,118,-1065.758305084746,0,0.5
1516,user_28,2440.23,2026-08-14 12:53:10.153465,Flipkart,request,Pune,Web,0,12,20,1,1,4,1,4678.404529914529,117,-2238.174529914529,0,0.2
1517,user_42,3567.18,2026-08-20 19:37:18.153465,Zomato,refund,Bangalore,Android,0,19,36,5,0,0,0,4749.498305084746,118,-1182.318305084746,0,0.1
1518,user_13,15392.79,2026-08-11 22:26:52.153465,Zomato,request,Delhi,Android,0,22,4,5,1,2,0,16363.8575,124,-971.0674999999992,0,0.1
1519,user_15,12637.56,2026-08-03 18:40:28.153465,Flipkart,refund,Pune,Web,0,18,6,1,0,4,1,17357.696608695653,115,-4720.136608695653,0,0.2
1520,user_44,38947.69,2026-08-23 16:17:30.153465,Paytm,request,Pune,Web,1,16,38,2,1,4,1,17327.384636363637,110,21620.305363636366,0,0.2
1521,user_19,2736.53,2026-09-17 10:56:09.153465,Flipkart,send,Pune,Web,0,10,10,1,2,4,1,3644.202786885246,122,-907.6727868852458,0,0.2
1522,user_42,4641.77,2026-08-26 03:39:55.153465,Walmart,send,Mumbai,Web,0,3,36,4,2,3,1,4749.498305084746,118,-107.72830508474544,1,0.2
1523,user_49,11055.25,2026-08-21 05:42:08.153465,Swiggy,refund,Bangalore,Web,1,5,43,3,0,0,1,19333.43277227723,101,-8278.182772277229,1,0.2
1524,user_15,16865.44,2026-09-11 06:04:46.153465,Zomato,send,Bangalore,Android,0,6,6,5,2,0,0,17357.696608695653,115,-492.256608695654,1,0.1
1525,user_18,1341.76,2026-08-09 07:14:40.153465,Walmart,refund,Chennai,Web,1,7,9,4,0,1,1,4267.170924369748,119,-2925.4109243697476,0,0.2
1526,user_5,16248.46,2026-09-08 15:16:53.153465,Walmart,request,Pune,Web,1,15,44,4,1,4,1,21765.65124031008,129,-5517.19124031008,0,0.2
1527,user_16,3550.44,2026-08-07 23:17:19.153465,Flipkart,send,Delhi,Android,1,23,7,1,2,2,0,3660.321525423729,118,-109.88152542372882,0,0.1
1528,user_1,3479.13,2026-07-23 04:09:44.153465,Swiggy,request,Mumbai,Android,0,4,0,3,1,3,0,4037.2688695652173,115,-558.1388695652172,1,0.1
1529,user_7,17952.33,2026-08-08 20:10:07.153465,Paytm,send,Chennai,iOS,0,20,47,2,2,1,2,60187.18528,125,-42234.855279999996,0,0.5
1530,user_19,9076.4,2026-09-05 17:01:38.153465,Amazon,refund,Pune,Android,1,17,10,0,0,4,0,3644.202786885246,122,5432.197213114754,0,0.1
1531,user_48,1839.09,2026-08-13 12:00:51.153465,Zomato,request,Chennai,iOS,0,12,42,5,1,1,2,4029.46368852459,122,-2190.37368852459,0,0.5
1532,user_19,4637.72,2026-07-31 05:55:53.153465,Flipkart,request,Chennai,iOS,0,5,10,1,1,1,2,3644.202786885246,122,993.5172131147542,1,0.5
1533,user_23,137162.69,2026-09-15 22:16:35.153465,Swiggy,send,Chennai,iOS,1,22,15,3,2,1,2,21876.48723880597,134,115286.20276119403,0,0.5
1534,user_3,50102.83,2026-08-10 04:16:09.153465,Paytm,request,Pune,Web,0,4,22,2,1,4,1,51628.90211538462,104,-1526.072115384617,1,0.2
1535,user_34,9168.35,2026-08-10 09:15:05.153465,Swiggy,send,Pune,Android,1,9,27,3,2,4,0,4524.1720000000005,120,4644.178,0,0.1
1536,user_10,419.08,2026-07-28 06:29:13.153465,Walmart,refund,Delhi,iOS,0,6,1,4,0,2,2,4115.205169491525,118,-3696.1251694915254,1,0.5
1537,user_4,612.44,2026-09-03 03:36:36.153465,Walmart,request,Chennai,Web,0,3,33,4,1,1,1,4960.130344827586,116,-4347.690344827586,1,0.2
1538,user_39,2357.9,2026-08-12 09:00:14.153465,Paytm,refund,Pune,iOS,0,9,32,2,0,4,2,4488.573909090909,110,-2130.673909090909,0,0.5
1539,user_34,2832.98,2026-08-28 20:10:32.153465,Walmart,request,Pune,Android,0,20,27,4,1,4,0,4524.1720000000005,120,-1691.1920000000005,0,0.1
1540,user_4,1222.63,2026-07-30 03:30:22.153465,Walmart,refund,Delhi,Web,0,3,33,4,0,2,1,4960.130344827586,116,-3737.5003448275856,1,0.2
1541,user_20,9544.74,2026-08-09 12:52:59.153465,Zomato,refund,Delhi,iOS,0,12,12,5,0,2,2,19935.082280701754,114,-10390.342280701754,0,0.5
1542,user_15,8314.07,2026-09-14 15:44:34.153465,Flipkart,send,Delhi,iOS,0,15,6,1,2,2,2,17357.696608695653,115,-9043.626608695653,0,0.5
1543,user_36,2174.8,2026-08-04 07:31:26.153465,Swiggy,send,Bangalore,Android,0,7,29,3,2,0,0,4483.898691588785,107,-2309.098691588785,0,0.1
1544,user_39,460.76,2026-08-22 21:48:58.153465,Zomato,refund,Delhi,Web,0,21,32,5,0,2,1,4488.573909090909,110,-4027.813909090909,0,0.2
1545,user_1,11621.62,2026-08-15 23:05:21.153465,Zomato,refund,Delhi,Web,1,23,0,5,0,2,1,4037.2688695652173,115,7584.351130434783,0,0.2
1546,user_33,2230.71,2026-07-24 10:39:22.153465,Zomato,refund,Bangalore,iOS,0,10,26,5,0,0,2,3974.536484375,128,-1743.8264843749998,0,0.5
1547,user_21,4898.74,2026-09-05 11:22:34.153465,Paytm,send,Chennai,Android,0,11,13,2,2,1,0,4244.438115942029,138,654.3018840579707,0,0.1
1548,user_14,14362.3,2026-08-10 05:57:24.153465,Walmart,send,Pune,iOS,0,5,5,4,2,4,2,18284.780597014927,134,-3922.480597014928,1,0.5
1549,user_47,2001.23,2026-08-02 00:58:14.153465,Amazon,send,Chennai,iOS,0,0,41,0,2,1,2,3883.282635658915,129,-1882.0526356589148,1,0.5
1550,user_48,4370.61,2026-07-28 14:35:26.153465,Flipkart,refund,Mumbai,Web,1,14,42,1,0,3,1,4029.46368852459,122,341.1463114754097,0,0.2
1551,user_48,4179.5,2026-08-30 06:08:20.153465,Paytm,request,Chennai,Web,0,6,42,2,1,1,1,4029.46368852459,122,150.03631147541,1,0.2
1552,user_40,8514.41,2026-09-04 19:52:17.153465,Paytm,request,Bangalore,Android,0,19,34,2,1,0,0,18950.453564356438,101,-10436.043564356438,0,0.1
1553,user_37,10400.66,2026-08-24 10:59:06.153465,Walmart,refund,Delhi,Web,0,10,30,4,0,2,1,15907.096030534352,131,-5506.4360305343525,0,0.2
1554,user_28,2021.77,2026-09-01 15:44:58.153465,Swiggy,request,Bangalore,Android,0,15,20,3,1,0,0,4678.404529914529,117,-2656.634529914529,0,0.1
1555,user_50,4394.41,2026-09-13 15:15:26.153465,Flipkart,request,Delhi,Web,1,15,45,1,1,2,1,4276.488269230769,104,117.92173076923063,0,0.2
1556,user_30,47278.95,2026-09-05 08:23:17.153465,Paytm,refund,Mumbai,Web,1,8,23,2,0,3,1,20780.866470588233,119,26498.083529411764,0,0.2
1557,user_18,4679.42,2026-07-22 18:11:26.153465,Zomato,refund,Mumbai,Android,0,18,9,5,0,3,0,4267.170924369748,119,412.24907563025226,0,0.1
1558,user_26,2938.94,2026-08-06 23:58:26.153465,Zomato,send,Delhi,Web,0,23,18,5,2,2,1,4396.555663716814,113,-1457.6156637168137,0,0.2
1559,user_5,11697.57,2026-07-26 08:25:51.153465,Zomato,send,Bangalore,Web,1,8,44,5,2,0,1,21765.65124031008,129,-10068.081240310079,0,0.2
1560,user_10,768.99,2026-08-04 08:28:28.153465,Amazon,send,Delhi,iOS,0,8,1,0,2,2,2,4115.205169491525,118,-3346.2151694915256,0,0.5
1561,user_1,3958.18,2026-08-16 13:53:19.153465,Walmart,refund,Delhi,iOS,0,13,0,4,0,2,2,4037.2688695652173,115,-79.08886956521746,0,0.5
1562,user_17,2466.06,2026-09-14 22:32:19.153465,Amazon,refund,Chennai,iOS,0,22,8,0,0,1,2,4173.412348484848,132,-1707.3523484848479,0,0.5
1563,user_44,12132.14,2026-09-04 17:07:46.153465,Zomato,request,Bangalore,iOS,0,17,38,5,1,0,2,17327.384636363637,110,-5195.244636363637,0,0.5
1564,user_27,15896.75,2026-08-04 21:32:59.153465,Zomato,refund,Bangalore,Android,0,21,19,5,0,0,0,18537.69881355932,118,-2640.94881355932,0,0.1
1565,user_9,2867.86,2026-08-01 04:10:52.153465,Paytm,refund,Mumbai,iOS,0,4,49,2,0,3,2,4747.313999999999,110,-1879.4539999999993,1,0.5
1566,user_38,13818.49,2026-07-27 22:48:22.153465,Walmart,request,Mumbai,Web,0,22,31,4,1,3,1,17814.76077586207,116,-3996.270775862069,0,0.2
1567,user_34,1150.83,2026-07-26 10:03:55.153465,Walmart,refund,Delhi,Web,0,10,27,4,0,2,1,4524.1720000000005,120,-3373.3420000000006,0,0.2
1568,user_11,985.18,2026-09-15 17:53:16.153465,Swiggy,refund,Mumbai,iOS,0,17,2,3,0,3,2,3819.240342465753,146,-2834.0603424657534,0,0.5
1569,user_22,9597.02,2026-09-10 10:24:10.153465,Zomato,refund,Pune,Web,0,10,14,5,0,4,1,18343.150086206897,116,-8746.130086206897,0,0.2
1570,user_1,2082.56,2026-08-20 17:24:18.153465,Amazon,request,Delhi,iOS,1,17,0,0,1,2,2,4037.2688695652173,115,-1954.7088695652174,0,0.5
1571,user_4,39068.78,2026-09-14 19:40:51.153465,Walmart,request,Mumbai,Web,1,19,33,4,1,3,1,4960.130344827586,116,34108.64965517241,0,0.2
1572,user_25,10443.33,2026-08-08 11:35:34.153465,Amazon,refund,Chennai,Web,1,11,17,0,0,1,1,3615.32544,125,6828.004559999999,0,0.2
1573,user_6,4229.11,2026-07-21 18:42:39.153465,Zomato,send,Delhi,Android,0,18,46,5,2,2,0,3699.0514728682174,129,530.0585271317823,0,0.1
1574,user_7,150779.29,2026-08-24 06:40:41.153465,Walmart,send,Pune,iOS,1,6,47,4,2,4,2,60187.18528,125,90592.10472,1,0.5
1575,user_45,1146.72,2026-08-01 11:22:11.153465,Flipkart,send,Bangalore,Web,1,11,39,1,2,0,1,3748.3989344262295,122,-2601.6789344262297,0,0.2
1576,user_7,300000.0,2026-07-27 19:52:37.153465,Swiggy,refund,Chennai,iOS,1,19,47,3,0,1,2,60187.18528,125,239812.81472,0,0.5
1577,user_41,4557.09,2026-08-30 23:35:56.153465,Walmart,request,Pune,Web,0,23,35,4,1,4,1,4057.624609375,128,499.46539062500005,0,0.2
1578,user_40,7595.39,2026-08-30 21:49:39.153465,Flipkart,send,Pune,Web,0,21,34,1,2,4,1,18950.453564356438,101,-11355.063564356438,0,0.2
1579,user_7,30811.45,2026-07-31 23:46:51.153465,Flipkart,refund,Bangalore,Web,0,23,47,1,0,0,1,60187.18528,125,-29375.735279999997,0,0.2
1580,user_41,1797.16,2026-08-01 02:22:18.153465,Zomato,send,Bangalore,iOS,0,2,35,5,2,0,2,4057.624609375,128,-2260.464609375,1,0.5
1581,user_5,18181.58,2026-08-07 16:39:09.153465,Zomato,request,Pune,iOS,0,16,44,5,1,4,2,21765.65124031008,129,-3584.071240310077,0,0.5
1582,user_26,1945.85,2026-08-19 04:24:46.153465,Flipkart,send,Delhi,iOS,0,4,18,1,2,2,2,4396.555663716814,113,-2450.705663716814,1,0.5
1583,user_46,3877.71,2026-09-03 19:40:19.153465,Walmart,request,Bangalore,iOS,0,19,40,4,1,0,2,4824.613684210526,133,-946.9036842105261,0,0.5
1584,user_47,890.42,2026-09-02 00:04:00.153465,Paytm,request,Pune,Web,1,0,41,2,1,4,1,3883.282635658915,129,-2992.8626356589148,1,0.2
1585,user_43,9905.85,2026-08-06 21:51:37.153465,Paytm,refund,Chennai,Android,0,21,37,2,0,1,0,15429.552764227643,123,-5523.702764227643,0,0.1
1586,user_12,16598.63,2026-09-07 23:04:54.153465,Flipkart,request,Bangalore,iOS,0,23,3,1,1,0,2,52530.11026548673,113,-35931.48026548672,0,0.5
1587,user_5,19517.37,2026-09-01 03:37:53.153465,Amazon,request,Mumbai,iOS,0,3,44,0,1,3,2,21765.65124031008,129,-2248.2812403100797,1,0.5
1588,user_25,3289.53,2026-07-27 07:25:04.153465,Flipkart,refund,Chennai,Android,0,7,17,1,0,1,0,3615.32544,125,-325.79543999999987,0,0.1
1589,user_11,8403.59,2026-07-28 20:10:36.153465,Amazon,send,Delhi,Web,1,20,2,0,2,2,1,3819.240342465753,146,4584.349657534247,0,0.2
1590,user_38,5857.98,2026-09-01 19:32:41.153465,Swiggy,request,Bangalore,iOS,0,19,31,3,1,0,2,17814.76077586207,116,-11956.78077586207,0,0.5
1591,user_35,15833.15,2026-09-16 04:47:47.153465,Paytm,refund,Chennai,iOS,0,4,28,2,0,1,2,15800.978582677166,127,32.171417322833804,1,0.5
1592,user_24,7559.51,2026-08-13 19:47:06.153465,Walmart,send,Pune,iOS,0,19,16,4,2,4,2,20664.321171875,128,-13104.811171874999,0,0.5
1593,user_43,19324.96,2026-09-12 16:46:44.153465,Swiggy,refund,Delhi,Web,0,16,37,3,0,2,1,15429.552764227643,123,3895.407235772356,0,0.2
1594,user_5,18302.2,2026-08-14 11:09:44.153465,Walmart,request,Bangalore,Web,0,11,44,4,1,0,1,21765.65124031008,129,-3463.451240310078,0,0.2
1595,user_16,4303.1,2026-08-11 04:34:31.153465,Swiggy,request,Delhi,Web,0,4,7,3,1,2,1,3660.321525423729,118,642.7784745762715,1,0.2
1596,user_33,4345.26,2026-09-11 13:34:38.153465,Zomato,request,Bangalore,iOS,0,13,26,5,1,0,2,3974.536484375,128,370.72351562500035,0,0.5
1597,user_36,630.8,2026-08-21 21:45:50.153465,Amazon,request,Mumbai,iOS,0,21,29,0,1,3,2,4483.898691588785,107,-3853.098691588785,0,0.5
1598,user_2,163088.36,2026-07-31 10:02:31.153465,Zomato,refund,Mumbai,Android,1,10,11,5,0,3,0,47401.46406779661,118,115686.89593220338,0,0.1
1599,user_42,2631.47,2026-08-07 22:57:53.153465,Swiggy,send,Delhi,Android,0,22,36,3,2,2,0,4749.498305084746,118,-2118.028305084746,0,0.1
1600,user_10,2859.18,2026-08-15 06:23:13.153465,Walmart,refund,Pune,Web,1,6,1,4,0,4,1,4115.205169491525,118,-1256.0251694915255,1,0.2
1601,user_23,14820.22,2026-08-31 08:21:30.153465,Walmart,refund,Delhi,Web,0,8,15,4,0,2,1,21876.48723880597,134,-7056.267238805971,0,0.2
1602,user_15,15003.35,2026-08-15 00:18:04.153465,Swiggy,refund,Mumbai,iOS,0,0,6,3,0,3,2,17357.696608695653,115,-2354.3466086956523,1,0.5
1603,user_5,6989.23,2026-08-13 17:20:15.153465,Swiggy,refund,Chennai,Android,0,17,44,3,0,1,0,21765.65124031008,129,-14776.42124031008,0,0.1
1604,user_1,3281.55,2026-08-28 01:52:28.153465,Flipkart,request,Mumbai,Android,0,1,0,1,1,3,0,4037.2688695652173,115,-755.7188695652171,1,0.1
1605,user_5,10762.57,2026-07-28 15:49:18.153465,Paytm,request,Bangalore,Android,0,15,44,2,1,0,0,21765.65124031008,129,-11003.081240310079,0,0.1
1606,user_17,1974.87,2026-08-01 14:37:41.153465,Swiggy,refund,Delhi,Web,0,14,8,3,0,2,1,4173.412348484848,132,-2198.542348484848,0,0.2
1607,user_5,19593.34,2026-09-09 11:33:43.153465,Walmart,refund,Delhi,Android,0,11,44,4,0,2,0,21765.65124031008,129,-2172.3112403100786,0,0.1
1608,user_18,2151.5,2026-09-16 19:52:30.153465,Swiggy,send,Delhi,iOS,0,19,9,3,2,2,2,4267.170924369748,119,-2115.670924369748,0,0.5
1609,user_8,3116.21,2026-08-10 22:25:06.153465,Flipkart,request,Delhi,Web,0,22,48,1,1,2,1,4162.542654867257,113,-1046.3326548672567,0,0.2
1610,user_44,11400.76,2026-09-17 05:02:27.153465,Swiggy,send,Delhi,iOS,0,5,38,3,2,2,2,17327.384636363637,110,-5926.6246363636365,1,0.5
1611,user_32,482.13,2026-08-28 20:33:53.153465,Amazon,request,Delhi,iOS,0,20,25,0,1,2,2,3596.741,130,-3114.611,0,0.5
1612,user_11,4285.56,2026-09-06 05:13:09.153465,Paytm,request,Mumbai,Web,1,5,2,2,1,3,1,3819.240342465753,146,466.3196575342472,1,0.2
1613,user_49,12142.16,2026-08-07 10:24:44.153465,Swiggy,send,Delhi,Android,1,10,43,3,2,2,0,19333.43277227723,101,-7191.272772277229,0,0.1
1614,user_25,886.03,2026-08-05 04:34:22.153465,Amazon,send,Delhi,Android,0,4,17,0,2,2,0,3615.32544,125,-2729.29544,1,0.1
1615,user_30,9782.35,2026-08-02 00:47:01.153465,Paytm,request,Chennai,iOS,0,0,23,2,1,1,2,20780.866470588233,119,-10998.516470588233,1,0.5
1616,user_12,34016.37,2026-08-27 07:44:13.153465,Amazon,send,Mumbai,iOS,0,7,3,0,2,3,2,52530.11026548673,113,-18513.740265486726,0,0.5
1617,user_6,3268.04,2026-07-26 05:51:17.153465,Amazon,send,Bangalore,Android,0,5,46,0,2,0,0,3699.0514728682174,129,-431.0114728682174,1,0.1
1618,user_4,1050.8,2026-07-31 22:07:52.153465,Zomato,send,Mumbai,Android,0,22,33,5,2,3,0,4960.130344827586,116,-3909.3303448275856,0,0.1
1619,user_27,10723.69,2026-07-26 06:35:38.153465,Paytm,request,Mumbai,Web,0,6,19,2,1,3,1,18537.69881355932,118,-7814.00881355932,1,0.2
1620,user_15,14933.62,2026-07-26 02:33:30.153465,Paytm,send,Chennai,iOS,0,2,6,2,2,1,2,17357.696608695653,115,-2424.076608695652,1,0.5
1621,user_34,2153.31,2026-08-18 12:37:01.153465,Swiggy,request,Bangalore,Android,0,12,27,3,1,0,0,4524.1720000000005,120,-2370.8620000000005,0,0.1
1622,user_4,4963.1,2026-09-08 10:06:02.153465,Swiggy,request,Delhi,Android,1,10,33,3,1,2,0,4960.130344827586,116,2.9696551724146047,0,0.1
1623,user_3,33718.07,2026-07-27 02:10:16.153465,Amazon,send,Chennai,iOS,0,2,22,0,2,1,2,51628.90211538462,104,-17910.83211538462,1,0.5
1624,user_50,12608.83,2026-09-14 07:52:38.153465,Paytm,send,Chennai,Android,1,7,45,2,2,1,0,4276.488269230769,104,8332.34173076923,0,0.1
1625,user_33,665.73,2026-07-29 06:47:46.153465,Swiggy,send,Delhi,Web,0,6,26,3,2,2,1,3974.536484375,128,-3308.806484375,1,0.2
1626,user_37,5206.45,2026-08-28 06:14:34.153465,Flipkart,send,Mumbai,Web,0,6,30,1,2,3,1,15907.096030534352,131,-10700.646030534353,1,0.2
1627,user_48,25453.78,2026-09-14 04:01:48.153465,Swiggy,send,Pune,Web,1,4,42,3,2,4,1,4029.46368852459,122,21424.31631147541,1,0.2
1628,user_21,4262.59,2026-07-26 15:06:38.153465,Swiggy,send,Delhi,iOS,0,15,13,3,2,2,2,4244.438115942029,138,18.151884057971074,0,0.5
1629,user_3,19211.51,2026-08-01 17:39:51.153465,Zomato,send,Mumbai,iOS,0,17,22,5,2,3,2,51628.90211538462,104,-32417.39211538462,0,0.5
1630,user_30,51523.38,2026-09-06 01:09:06.153465,Amazon,send,Pune,Android,1,1,23,0,2,4,0,20780.866470588233,119,30742.513529411764,1,0.1
1631,user_18,4455.71,2026-08-11 23:07:40.153465,Flipkart,send,Chennai,Android,1,23,9,1,2,1,0,4267.170924369748,119,188.53907563025223,0,0.1
1632,user_29,1662.29,2026-09-11 18:23:50.153465,Swiggy,request,Pune,Web,0,18,21,3,1,4,1,4165.22631147541,122,-2502.9363114754096,0,0.2
1633,user_37,6755.4,2026-08-20 15:08:49.153465,Amazon,send,Bangalore,Android,0,15,30,0,2,0,0,15907.096030534352,131,-9151.696030534353,0,0.1
1634,user_41,418.04,2026-09-09 22:08:34.153465,Flipkart,send,Mumbai,Web,0,22,35,1,2,3,1,4057.624609375,128,-3639.584609375,0,0.2
1635,user_2,31166.54,2026-08-13 21:56:53.153465,Amazon,refund,Bangalore,Android,0,21,11,0,0,0,0,47401.46406779661,118,-16234.924067796608,0,0.1
1636,user_36,1092.74,2026-09-14 03:33:59.153465,Zomato,request,Mumbai,Android,0,3,29,5,1,3,0,4483.898691588785,107,-3391.1586915887856,1,0.1
1637,user_10,2235.95,2026-07-28 08:48:11.153465,Zomato,request,Delhi,iOS,0,8,1,5,1,2,2,4115.205169491525,118,-1879.2551694915255,0,0.5
1638,user_14,16188.59,2026-08-23 20:12:39.153465,Swiggy,request,Chennai,Web,0,20,5,3,1,1,1,18284.780597014927,134,-2096.1905970149273,0,0.2
1639,user_23,19431.29,2026-09-12 23:09:35.153465,Paytm,request,Chennai,iOS,0,23,15,2,1,1,2,21876.48723880597,134,-2445.1972388059694,0,0.5
1640,user_28,3016.88,2026-07-29 07:19:14.153465,Flipkart,refund,Bangalore,Web,0,7,20,1,0,0,1,4678.404529914529,117,-1661.524529914529,0,0.2
1641,user_14,12103.37,2026-09-08 06:07:36.153465,Flipkart,send,Chennai,Android,0,6,5,1,2,1,0,18284.780597014927,134,-6181.410597014927,1,0.1
1642,user_22,10852.66,2026-07-27 12:52:20.153465,Swiggy,request,Delhi,iOS,0,12,14,3,1,2,2,18343.150086206897,116,-7490.490086206897,0,0.5
1643,user_16,2084.05,2026-09-10 10:38:54.153465,Paytm,request,Chennai,iOS,0,10,7,2,1,1,2,3660.321525423729,118,-1576.2715254237287,0,0.5
1644,user_39,1027.16,2026-08-08 14:17:04.153465,Amazon,send,Chennai,iOS,0,14,32,0,2,1,2,4488.573909090909,110,-3461.4139090909093,0,0.5
1645,user_12,25810.58,2026-09-11 02:03:12.153465,Flipkart,request,Delhi,iOS,0,2,3,1,1,2,2,52530.11026548673,113,-26719.530265486726,1,0.5
1646,user_46,3031.57,2026-09-08 00:09:50.153465,Walmart,send,Chennai,iOS,0,0,40,4,2,1,2,4824.613684210526,133,-1793.043684210526,1,0.5
1647,user_17,4582.95,2026-09-14 00:44:08.153465,Flipkart,refund,Pune,Web,1,0,8,1,0,4,1,4173.412348484848,132,409.537651515152,1,0.2
1648,user_23,12523.29,2026-08-01 02:59:09.153465,Swiggy,request,Chennai,Android,0,2,15,3,1,1,0,21876.48723880597,134,-9353.19723880597,1,0.1
1649,user_40,17410.53,2026-09-15 09:23:19.153465,Walmart,request,Bangalore,Web,0,9,34,4,1,0,1,18950.453564356438,101,-1539.9235643564389,0,0.2
1650,user_26,1755.61,2026-08-04 22:41:38.153465,Walmart,send,Mumbai,iOS,0,22,18,4,2,3,2,4396.555663716814,113,-2640.945663716814,0,0.5
1651,user_36,38323.39,2026-09-08 17:52:20.153465,Paytm,refund,Pune,iOS,0,17,29,2,0,4,2,4483.898691588785,107,33839.49130841121,0,0.5
1652,user_1,1280.92,2026-07-29 23:28:03.153465,Amazon,request,Bangalore,Android,0,23,0,0,1,0,0,4037.2688695652173,115,-2756.3488695652172,0,0.1
1653,user_14,41033.26,2026-09-17 19:39:14.153465,Flipkart,send,Pune,Web,1,19,5,1,2,4,1,18284.780597014927,134,22748.479402985075,0,0.2
1654,user_25,4646.12,2026-08-12 00:13:26.153465,Flipkart,request,Pune,Android,1,0,17,1,1,4,0,3615.32544,125,1030.7945599999998,1,0.1
1655,user_5,11394.41,2026-07-30 06:52:38.153465,Flipkart,send,Bangalore,iOS,0,6,44,1,2,0,2,21765.65124031008,129,-10371.241240310079,1,0.5
1656,user_30,7849.31,2026-09-02 10:45:28.153465,Flipkart,refund,Bangalore,iOS,0,10,23,1,0,0,2,20780.866470588233,119,-12931.556470588232,0,0.5
1657,user_13,9033.95,2026-09-01 12:10:30.153465,Paytm,send,Delhi,iOS,0,12,4,2,2,2,2,16363.8575,124,-7329.907499999999,0,0.5
1658,user_49,10602.57,2026-08-03 21:11:31.153465,Swiggy,send,Bangalore,iOS,0,21,43,3,2,0,2,19333.43277227723,101,-8730.862772277229,0,0.5
1659,user_26,3289.56,2026-09-08 07:35:25.153465,Paytm,refund,Delhi,Web,0,7,18,2,0,2,1,4396.555663716814,113,-1106.9956637168139,0,0.2
1660,user_34,37167.67,2026-08-05 20:15:08.153465,Amazon,send,Pune,Android,1,20,27,0,2,4,0,4524.1720000000005,120,32643.498,0,0.1
1661,user_14,15919.19,2026-07-22 03:44:00.153465,Paytm,request,Delhi,Android,0,3,5,2,1,2,0,18284.780597014927,134,-2365.590597014927,1,0.1
1662,user_48,3265.06,2026-07-30 21:29:55.153465,Amazon,request,Delhi,Web,0,21,42,0,1,2,1,4029.46368852459,122,-764.40368852459,0,0.2
1663,user_33,1128.25,2026-07-30 19:56:34.153465,Walmart,send,Mumbai,Android,0,19,26,4,2,3,0,3974.536484375,128,-2846.286484375,0,0.1
1664,user_29,1888.76,2026-08-16 03:34:00.153465,Paytm,request,Mumbai,Android,0,3,21,2,1,3,0,4165.22631147541,122,-2276.4663114754094,1,0.1
1665,user_5,18832.04,2026-08-09 14:54:29.153465,Walmart,send,Delhi,iOS,0,14,44,4,2,2,2,21765.65124031008,129,-2933.611240310078,0,0.5
1666,user_33,4795.14,2026-09-10 07:18:39.153465,Paytm,send,Pune,iOS,0,7,26,2,2,4,2,3974.536484375,128,820.6035156250005,0,0.5
1667,user_30,53606.8,2026-08-31 11:30:32.153465,Zomato,request,Delhi,iOS,1,11,23,5,1,2,2,20780.866470588233,119,32825.93352941177,0,0.5
1668,user_41,1590.92,2026-09-18 03:48:27.153465,Swiggy,request,Chennai,iOS,0,3,35,3,1,1,2,4057.624609375,128,-2466.704609375,1,0.5
1669,user_44,5162.99,2026-08-13 20:44:55.153465,Amazon,refund,Mumbai,iOS,0,20,38,0,0,3,2,17327.384636363637,110,-12164.394636363637,0,0.5
1670,user_30,138536.09,2026-08-19 08:12:23.153465,Zomato,send,Chennai,Android,1,8,23,5,2,1,0,20780.866470588233,119,117755.22352941177,0,0.1
1671,user_29,3693.87,2026-07-22 14:43:24.153465,Flipkart,refund,Mumbai,Android,0,14,21,1,0,3,0,4165.22631147541,122,-471.3563114754097,0,0.1
1672,user_15,7942.39,2026-09-13 01:33:50.153465,Amazon,send,Pune,iOS,0,1,6,0,2,4,2,17357.696608695653,115,-9415.306608695653,1,0.5
1673,user_13,5259.9,2026-08-09 00:37:13.153465,Swiggy,refund,Bangalore,iOS,0,0,4,3,0,0,2,16363.8575,124,-11103.9575,1,0.5
1674,user_8,3764.06,2026-08-12 06:03:19.153465,Amazon,request,Delhi,Android,0,6,48,0,1,2,0,4162.542654867257,113,-398.48265486725677,1,0.1
1675,user_13,7889.48,2026-08-06 17:32:23.153465,Swiggy,request,Mumbai,Android,0,17,4,3,1,3,0,16363.8575,124,-8474.3775,0,0.1
1676,user_16,11068.3,2026-09-01 23:31:49.153465,Amazon,refund,Chennai,Web,1,23,7,0,0,1,1,3660.321525423729,118,7407.97847457627,0,0.2
1677,user_15,6938.14,2026-09-14 02:16:27.153465,Swiggy,refund,Pune,iOS,0,2,6,3,0,4,2,17357.696608695653,115,-10419.556608695653,1,0.5
1678,user_6,548.64,2026-08-17 23:30:16.153465,Swiggy,send,Chennai,Android,0,23,46,3,2,1,0,3699.0514728682174,129,-3150.4114728682175,0,0.1
1679,user_42,1404.29,2026-09-18 01:18:42.153465,Amazon,refund,Chennai,iOS,0,1,36,0,0,1,2,4749.498305084746,118,-3345.208305084746,1,0.5
1680,user_4,2270.77,2026-08-23 21:18:16.153465,Flipkart,send,Delhi,iOS,0,21,33,1,2,2,2,4960.130344827586,116,-2689.360344827586,0,0.5
1681,user_47,4367.07,2026-07-28 06:26:15.153465,Paytm,refund,Delhi,iOS,1,6,41,2,0,2,2,3883.282635658915,129,483.78736434108487,1,0.5
1682,user_45,2943.86,2026-09-15 05:33:51.153465,Zomato,send,Pune,Web,0,5,39,5,2,4,1,3748.3989344262295,122,-804.5389344262294,1,0.2
1683,user_18,3504.41,2026-08-09 20:44:29.153465,Amazon,refund,Pune,Android,0,20,9,0,0,4,0,4267.170924369748,119,-762.760924369748,0,0.1
1684,user_50,4217.31,2026-09-10 15:00:24.153465,Swiggy,refund,Chennai,Web,1,15,45,3,0,1,1,4276.488269230769,104,-59.17826923076882,0,0.2
1685,user_32,1992.41,2026-08-03 08:52:35.153465,Walmart,request,Pune,Android,0,8,25,4,1,4,0,3596.741,130,-1604.331,0,0.1
1686,user_6,2231.27,2026-08-17 04:29:56.153465,Swiggy,send,Mumbai,Android,0,4,46,3,2,3,0,3699.0514728682174,129,-1467.7814728682174,1,0.1
1687,user_32,4582.89,2026-08-19 22:50:22.153465,Paytm,refund,Bangalore,iOS,0,22,25,2,0,0,2,3596.741,130,986.1490000000003,0,0.5
1688,user_35,7047.99,2026-09-14 14:13:14.153465,Flipkart,send,Mumbai,Android,0,14,28,1,2,3,0,15800.978582677166,127,-8752.988582677166,0,0.1
1689,user_10,1436.02,2026-09-04 05:39:46.153465,Zomato,request,Chennai,iOS,0,5,1,5,1,1,2,4115.205169491525,118,-2679.1851694915254,1,0.5
1690,user_10,1764.87,2026-08-28 01:43:11.153465,Zomato,send,Bangalore,Web,0,1,1,5,2,0,1,4115.205169491525,118,-2350.3351694915254,1,0.2
1691,user_45,606.34,2026-09-03 21:17:13.153465,Amazon,send,Delhi,Android,0,21,39,0,2,2,0,3748.3989344262295,122,-3142.0589344262294,0,0.1
1692,user_27,82362.15,2026-09-05 11:39:41.153465,Zomato,refund,Chennai,iOS,1,11,19,5,0,1,2,18537.69881355932,118,63824.451186440674,0,0.5
1693,user_32,3077.45,2026-07-27 04:56:12.153465,Zomato,send,Delhi,Android,0,4,25,5,2,2,0,3596.741,130,-519.2910000000002,1,0.1
1694,user_21,1823.26,2026-08-25 19:59:26.153465,Flipkart,refund,Mumbai,Web,0,19,13,1,0,3,1,4244.438115942029,138,-2421.178115942029,0,0.2
1695,user_17,2561.37,2026-09-07 18:45:04.153465,Flipkart,request,Mumbai,iOS,0,18,8,1,1,3,2,4173.412348484848,132,-1612.042348484848,0,0.5
1696,user_47,1833.58,2026-08-17 02:03:46.153465,Paytm,request,Bangalore,Android,0,2,41,2,1,0,0,3883.282635658915,129,-2049.702635658915,1,0.1
1697,user_25,580.03,2026-09-09 13:47:05.153465,Zomato,request,Mumbai,iOS,1,13,17,5,1,3,2,3615.32544,125,-3035.29544,0,0.5
1698,user_26,2161.4,2026-08-21 19:50:45.153465,Amazon,request,Bangalore,Web,0,19,18,0,1,0,1,4396.555663716814,113,-2235.1556637168137,0,0.2
1699,user_48,211.73,2026-08-11 10:02:35.153465,Amazon,request,Delhi,Android,0,10,42,0,1,2,0,4029.46368852459,122,-3817.73368852459,0,0.1
1700,user_9,3769.27,2026-08-15 15:27:44.153465,Zomato,send,Mumbai,iOS,0,15,49,5,2,3,2,4747.313999999999,110,-978.0439999999994,0,0.5
1701,user_34,3450.78,2026-08-26 16:03:10.153465,Swiggy,refund,Mumbai,Web,1,16,27,3,0,3,1,4524.1720000000005,120,-1073.3920000000003,0,0.2
1702,user_46,1169.82,2026-08-16 15:15:07.153465,Walmart,request,Bangalore,iOS,0,15,40,4,1,0,2,4824.613684210526,133,-3654.7936842105264,0,0.5
1703,user_15,19811.33,2026-08-02 11:38:20.153465,Swiggy,request,Mumbai,Android,0,11,6,3,1,3,0,17357.696608695653,115,2453.633391304349,0,0.1
1704,user_50,14520.4,2026-08-08 01:23:43.153465,Amazon,refund,Pune,iOS,1,1,45,0,0,4,2,4276.488269230769,104,10243.91173076923,1,0.5
1705,user_13,9359.04,2026-08-02 14:35:58.153465,Flipkart,send,Mumbai,Android,0,14,4,1,2,3,0,16363.8575,124,-7004.817499999999,0,0.1
1706,user_19,761.42,2026-07-29 19:22:12.153465,Amazon,send,Mumbai,iOS,0,19,10,0,2,3,2,3644.202786885246,122,-2882.782786885246,0,0.5
1707,user_19,221.53,2026-08-03 18:49:33.153465,Flipkart,refund,Pune,Android,0,18,10,1,0,4,0,3644.202786885246,122,-3422.672786885246,0,0.1
1708,user_1,3120.77,2026-08-17 02:39:23.153465,Paytm,refund,Pune,iOS,0,2,0,2,0,4,2,4037.2688695652173,115,-916.4988695652173,1,0.5
1709,user_49,15843.55,2026-08-28 12:21:53.153465,Paytm,send,Mumbai,Web,0,12,43,2,2,3,1,19333.43277227723,101,-3489.8827722772294,0,0.2
1710,user_6,2480.54,2026-08-06 21:26:40.153465,Amazon,refund,Chennai,Android,0,21,46,0,0,1,0,3699.0514728682174,129,-1218.5114728682174,0,0.1
1711,user_46,1210.17,2026-08-10 21:47:24.153465,Swiggy,refund,Mumbai,Android,1,21,40,3,0,3,0,4824.613684210526,133,-3614.443684210526,0,0.1
1712,user_25,2921.8,2026-07-30 10:22:48.153465,Zomato,request,Delhi,Android,0,10,17,5,1,2,0,3615.32544,125,-693.5254399999999,0,0.1
1713,user_27,10216.91,2026-08-10 17:46:08.153465,Walmart,refund,Delhi,Web,0,17,19,4,0,2,1,18537.69881355932,118,-8320.78881355932,0,0.2
1714,user_32,515.85,2026-09-02 17:44:15.153465,Swiggy,send,Delhi,Android,0,17,25,3,2,2,0,3596.741,130,-3080.891,0,0.1
1715,user_8,10300.56,2026-08-15 22:51:04.153465,Zomato,request,Pune,Web,1,22,48,5,1,4,1,4162.542654867257,113,6138.017345132743,0,0.2
1716,user_1,3763.28,2026-08-12 03:45:50.153465,Walmart,refund,Pune,Web,0,3,0,4,0,4,1,4037.2688695652173,115,-273.9888695652171,1,0.2
1717,user_29,678.53,2026-09-17 00:04:31.153465,Amazon,send,Chennai,Web,0,0,21,0,2,1,1,4165.22631147541,122,-3486.69631147541,1,0.2
1718,user_19,3589.11,2026-08-27 15:11:27.153465,Swiggy,send,Bangalore,iOS,0,15,10,3,2,0,2,3644.202786885246,122,-55.092786885245914,0,0.5
1719,user_29,3601.67,2026-09-10 07:12:03.153465,Amazon,request,Delhi,Web,0,7,21,0,1,2,1,4165.22631147541,122,-563.5563114754095,0,0.2
1720,user_45,1852.62,2026-09-03 05:35:16.153465,Walmart,refund,Mumbai,Web,0,5,39,4,0,3,1,3748.3989344262295,122,-1895.7789344262296,1,0.2
1721,user_28,23757.91,2026-07-30 01:58:06.153465,Zomato,send,Pune,Android,1,1,20,5,2,4,0,4678.404529914529,117,19079.50547008547,1,0.1
1722,user_40,12092.16,2026-08-31 07:00:55.153465,Paytm,request,Chennai,Android,0,7,34,2,1,1,0,18950.453564356438,101,-6858.293564356438,0,0.1
1723,user_16,1320.32,2026-07-23 08:27:19.153465,Paytm,refund,Mumbai,Web,0,8,7,2,0,3,1,3660.321525423729,118,-2340.0015254237287,0,0.2
1724,user_44,10605.4,2026-09-13 02:19:27.153465,Zomato,refund,Bangalore,Web,0,2,38,5,0,0,1,17327.384636363637,110,-6721.984636363637,1,0.2
1725,user_8,2620.94,2026-08-16 09:27:57.153465,Flipkart,send,Delhi,Android,0,9,48,1,2,2,0,4162.542654867257,113,-1541.6026548672567,0,0.1
1726,user_16,8997.85,2026-08-25 08:35:48.153465,Walmart,request,Bangalore,Android,1,8,7,4,1,0,0,3660.321525423729,118,5337.528474576271,0,0.1
1727,user_37,10961.03,2026-08-28 07:11:16.153465,Amazon,request,Mumbai,iOS,0,7,30,0,1,3,2,15907.096030534352,131,-4946.066030534352,0,0.5
1728,user_46,2186.42,2026-08-25 17:56:29.153465,Amazon,refund,Bangalore,iOS,0,17,40,0,0,0,2,4824.613684210526,133,-2638.193684210526,0,0.5
1729,user_27,10412.77,2026-08-03 16:37:15.153465,Swiggy,request,Chennai,Android,1,16,19,3,1,1,0,18537.69881355932,118,-8124.92881355932,0,0.1
1730,user_24,15883.9,2026-09-05 19:22:32.153465,Walmart,request,Bangalore,iOS,0,19,16,4,1,0,2,20664.321171875,128,-4780.421171874999,0,0.5
1731,user_26,4266.82,2026-08-20 09:36:44.153465,Paytm,refund,Mumbai,iOS,0,9,18,2,0,3,2,4396.555663716814,113,-129.7356637168141,0,0.5
1732,user_18,4255.43,2026-07-31 15:56:31.153465,Paytm,refund,Pune,iOS,1,15,9,2,0,4,2,4267.170924369748,119,-11.740924369747518,0,0.5
1733,user_14,17651.77,2026-09-17 03:17:03.153465,Flipkart,send,Mumbai,Web,1,3,5,1,2,3,1,18284.780597014927,134,-633.010597014927,1,0.2
1734,user_32,4472.69,2026-09-16 01:17:46.153465,Amazon,send,Chennai,iOS,1,1,25,0,2,1,2,3596.741,130,875.9489999999996,1,0.5
1735,user_17,16353.03,2026-08-14 12:42:56.153465,Swiggy,refund,Delhi,Web,1,12,8,3,0,2,1,4173.412348484848,132,12179.617651515153,0,0.2
1736,user_50,3371.02,2026-07-28 05:01:52.153465,Zomato,refund,Chennai,Web,0,5,45,5,0,1,1,4276.488269230769,104,-905.4682692307692,1,0.2
1737,user_38,16462.17,2026-08-14 13:42:28.153465,Walmart,send,Chennai,iOS,0,13,31,4,2,1,2,17814.76077586207,116,-1352.5907758620706,0,0.5
1738,user_26,592.84,2026-07-24 15:00:11.153465,Flipkart,request,Chennai,Android,0,15,18,1,1,1,0,4396.555663716814,113,-3803.7156637168137,0,0.1
1739,user_19,1474.8,2026-09-03 18:45:59.153465,Walmart,request,Delhi,Web,0,18,10,4,1,2,1,3644.202786885246,122,-2169.4027868852463,0,0.2
1740,user_23,10762.03,2026-08-13 03:24:57.153465,Swiggy,request,Chennai,iOS,0,3,15,3,1,1,2,21876.48723880597,134,-11114.45723880597,1,0.5
1741,user_17,14447.74,2026-07-27 04:49:20.153465,Flipkart,refund,Chennai,iOS,1,4,8,1,0,1,2,4173.412348484848,132,10274.327651515152,1,0.5
1742,user_15,15761.18,2026-09-05 01:34:06.153465,Zomato,request,Mumbai,Web,0,1,6,5,1,3,1,17357.696608695653,115,-1596.5166086956524,1,0.2
1743,user_28,2732.8,2026-08-30 21:17:24.153465,Amazon,refund,Pune,Android,1,21,20,0,0,4,0,4678.404529914529,117,-1945.604529914529,0,0.1
1744,user_26,498.75,2026-08-21 21:23:52.153465,Amazon,refund,Chennai,iOS,0,21,18,0,0,1,2,4396.555663716814,113,-3897.805663716814,0,0.5
1745,user_11,4350.96,2026-09-01 03:00:14.153465,Walmart,send,Bangalore,iOS,1,3,2,4,2,0,2,3819.240342465753,146,531.7196575342468,1,0.5
1746,user_30,18819.9,2026-07-25 09:33:47.153465,Swiggy,request,Chennai,Android,0,9,23,3,1,1,0,20780.866470588233,119,-1960.9664705882315,0,0.1
1747,user_12,50442.91,2026-08-31 13:34:05.153465,Walmart,request,Delhi,iOS,0,13,3,4,1,2,2,52530.11026548673,113,-2087.2002654867247,0,0.5
1748,user_11,1709.86,2026-08-06 13:25:16.153465,Paytm,send,Delhi,iOS,0,13,2,2,2,2,2,3819.240342465753,146,-2109.3803424657535,0,0.5
1749,user_32,12484.73,2026-09-02 21:02:35.153465,Amazon,request,Bangalore,Android,1,21,25,0,1,0,0,3596.741,130,8887.989,0,0.1
1750,user_6,3697.13,2026-07-26 11:58:16.153465,Zomato,send,Delhi,Android,0,11,46,5,2,2,0,3699.0514728682174,129,-1.921472868217279,0,0.1
1751,user_19,764.15,2026-08-07 01:46:59.153465,Swiggy,refund,Mumbai,iOS,0,1,10,3,0,3,2,3644.202786885246,122,-2880.052786885246,1,0.5
1752,user_39,4305.29,2026-08-19 00:28:41.153465,Walmart,refund,Mumbai,Android,0,0,32,4,0,3,0,4488.573909090909,110,-183.28390909090922,1,0.1
1753,user_41,2558.79,2026-08-25 19:56:31.153465,Flipkart,refund,Bangalore,Android,0,19,35,1,0,0,0,4057.624609375,128,-1498.8346093750001,0,0.1
1754,user_50,2500.29,2026-07-31 17:12:29.153465,Amazon,refund,Delhi,iOS,0,17,45,0,0,2,2,4276.488269230769,104,-1776.1982692307693,0,0.5
1755,user_18,2213.73,2026-08-12 09:16:52.153465,Swiggy,send,Mumbai,Android,0,9,9,3,2,3,0,4267.170924369748,119,-2053.440924369748,0,0.1
1756,user_34,12453.52,2026-09-19 08:40:00.153465,Zomato,refund,Mumbai,Android,1,8,27,5,0,3,0,4524.1720000000005,120,7929.348,0,0.1
1757,user_22,19776.35,2026-08-04 21:51:41.153465,Zomato,send,Chennai,Web,0,21,14,5,2,1,1,18343.150086206897,116,1433.1999137931016,0,0.2
1758,user_20,5218.23,2026-08-11 02:01:50.153465,Paytm,send,Mumbai,Web,0,2,12,2,2,3,1,19935.082280701754,114,-14716.852280701754,1,0.2
1759,user_39,532.15,2026-09-03 11:26:58.153465,Paytm,send,Pune,iOS,0,11,32,2,2,4,2,4488.573909090909,110,-3956.423909090909,0,0.5
1760,user_29,1164.28,2026-09-05 06:03:52.153465,Flipkart,refund,Bangalore,iOS,0,6,21,1,0,0,2,4165.22631147541,122,-3000.94631147541,1,0.5
1761,user_23,7514.3,2026-09-14 16:10:26.153465,Zomato,request,Pune,Web,0,16,15,5,1,4,1,21876.48723880597,134,-14362.187238805971,0,0.2
1762,user_38,7932.47,2026-08-28 21:47:31.153465,Swiggy,refund,Chennai,Android,0,21,31,3,0,1,0,17814.76077586207,116,-9882.290775862068,0,0.1
1763,user_46,2825.55,2026-08-07 09:13:56.153465,Swiggy,refund,Bangalore,iOS,0,9,40,3,0,0,2,4824.613684210526,133,-1999.063684210526,0,0.5
1764,user_41,4171.7,2026-08-23 04:47:42.153465,Zomato,request,Bangalore,Web,1,4,35,5,1,0,1,4057.624609375,128,114.07539062499973,1,0.2
1765,user_25,4254.0,2026-08-16 03:13:29.153465,Walmart,request,Bangalore,Android,1,3,17,4,1,0,0,3615.32544,125,638.6745599999999,1,0.1
1766,user_3,43939.94,2026-08-13 09:17:57.153465,Walmart,refund,Delhi,Web,0,9,22,4,0,2,1,51628.90211538462,104,-7688.9621153846165,0,0.2
1767,user_6,4393.68,2026-08-12 02:26:41.153465,Flipkart,send,Pune,Android,1,2,46,1,2,4,0,3699.0514728682174,129,694.6285271317829,1,0.1
1768,user_29,3152.78,2026-09-16 13:36:40.153465,Flipkart,refund,Bangalore,Web,0,13,21,1,0,0,1,4165.22631147541,122,-1012.4463114754094,0,0.2
1769,user_37,6735.66,2026-08-17 01:20:07.153465,Swiggy,refund,Delhi,Web,0,1,30,3,0,2,1,15907.096030534352,131,-9171.436030534353,1,0.2
1770,user_16,2287.56,2026-08-17 11:52:22.153465,Zomato,send,Bangalore,iOS,0,11,7,5,2,0,2,3660.321525423729,118,-1372.761525423729,0,0.5
1771,user_38,15423.4,2026-08-16 16:34:52.153465,Swiggy,request,Pune,Android,0,16,31,3,1,4,0,17814.76077586207,116,-2391.360775862069,0,0.1
1772,user_42,2182.55,2026-08-27 08:01:41.153465,Paytm,send,Delhi,Android,0,8,36,2,2,2,0,4749.498305084746,118,-2566.9483050847457,0,0.1
1773,user_47,3868.07,2026-08-12 04:10:35.153465,Flipkart,request,Chennai,iOS,0,4,41,1,1,1,2,3883.282635658915,129,-15.212635658914678,1,0.5
1774,user_10,4193.29,2026-07-29 12:43:34.153465,Flipkart,send,Bangalore,iOS,0,12,1,1,2,0,2,4115.205169491525,118,78.08483050847462,0,0.5
1775,user_18,4716.07,2026-09-16 09:45:50.153465,Zomato,refund,Pune,iOS,0,9,9,5,0,4,2,4267.170924369748,119,448.8990756302519,0,0.5
1776,user_22,11663.12,2026-07-28 19:59:51.153465,Paytm,request,Chennai,Web,0,19,14,2,1,1,1,18343.150086206897,116,-6680.030086206896,0,0.2
1777,user_30,10409.08,2026-08-24 18:44:18.153465,Swiggy,refund,Bangalore,Android,0,18,23,3,0,0,0,20780.866470588233,119,-10371.786470588233,0,0.1
1778,user_8,1140.81,2026-08-08 05:36:05.153465,Swiggy,request,Mumbai,Android,0,5,48,3,1,3,0,4162.542654867257,113,-3021.7326548672568,1,0.1
1779,user_38,15901.47,2026-08-23 21:28:47.153465,Flipkart,request,Pune,Android,0,21,31,1,1,4,0,17814.76077586207,116,-1913.2907758620695,0,0.1
1780,user_25,2100.52,2026-07-31 01:51:48.153465,Flipkart,refund,Pune,Android,0,1,17,1,0,4,0,3615.32544,125,-1514.80544,1,0.1
1781,user_35,12529.09,2026-08-18 05:34:53.153465,Amazon,refund,Chennai,Web,0,5,28,0,0,1,1,15800.978582677166,127,-3271.8885826771657,1,0.2
1782,user_5,5655.99,2026-08-23 19:42:48.153465,Swiggy,send,Chennai,iOS,0,19,44,3,2,1,2,21765.65124031008,129,-16109.661240310079,0,0.5
1783,user_13,8230.86,2026-08-21 07:09:17.153465,Amazon,send,Delhi,Android,0,7,4,0,2,2,0,16363.8575,124,-8132.9974999999995,0,0.1
1784,user_29,863.04,2026-09-16 11:53:55.153465,Flipkart,send,Chennai,Web,0,11,21,1,2,1,1,4165.22631147541,122,-3302.1863114754096,0,0.2
1785,user_30,12677.14,2026-09-13 19:40:30.153465,Zomato,refund,Pune,Web,0,19,23,5,0,4,1,20780.866470588233,119,-8103.7264705882335,0,0.2
1786,user_33,3737.18,2026-08-31 17:18:25.153465,Swiggy,request,Pune,Android,0,17,26,3,1,4,0,3974.536484375,128,-237.35648437500004,0,0.1
1787,user_47,914.26,2026-08-27 16:12:29.153465,Swiggy,refund,Pune,iOS,0,16,41,3,0,4,2,3883.282635658915,129,-2969.0226356589146,0,0.5
1788,user_10,765.88,2026-08-10 22:34:33.153465,Paytm,refund,Mumbai,Web,0,22,1,2,0,3,1,4115.205169491525,118,-3349.3251694915252,0,0.2
1789,user_24,5049.71,2026-08-05 22:56:34.153465,Walmart,refund,Bangalore,iOS,0,22,16,4,0,0,2,20664.321171875,128,-15614.611171875,0,0.5
1790,user_22,12483.39,2026-07-29 06:05:03.153465,Walmart,request,Delhi,iOS,0,6,14,4,1,2,2,18343.150086206897,116,-5859.7600862068975,1,0.5
1791,user_1,4541.89,2026-08-04 15:14:27.153465,Zomato,request,Delhi,iOS,0,15,0,5,1,2,2,4037.2688695652173,115,504.621130434783,0,0.5
1792,user_19,4534.59,2026-08-06 18:03:34.153465,Amazon,send,Mumbai,iOS,0,18,10,0,2,3,2,3644.202786885246,122,890.3872131147541,0,0.5
1793,user_14,12664.29,2026-09-05 09:42:51.153465,Swiggy,request,Mumbai,Web,0,9,5,3,1,3,1,18284.780597014927,134,-5620.490597014927,0,0.2
1794,user_32,588.31,2026-09-01 02:11:40.153465,Paytm,refund,Pune,Android,0,2,25,2,0,4,0,3596.741,130,-3008.431,1,0.1
1795,user_17,1358.4,2026-08-06 23:22:46.153465,Zomato,request,Bangalore,iOS,0,23,8,5,1,0,2,4173.412348484848,132,-2815.0123484848477,0,0.5
1796,user_38,5864.96,2026-07-26 03:12:25.153465,Walmart,request,Bangalore,Android,0,3,31,4,1,0,0,17814.76077586207,116,-11949.80077586207,1,0.1
1797,user_22,10055.02,2026-08-19 15:24:17.153465,Flipkart,request,Mumbai,Web,0,15,14,1,1,3,1,18343.150086206897,116,-8288.130086206897,0,0.2
1798,user_32,912.66,2026-07-25 17:22:08.153465,Amazon,send,Pune,Android,0,17,25,0,2,4,0,3596.741,130,-2684.081,0,0.1
1799,user_43,12697.37,2026-08-04 21:43:32.153465,Amazon,refund,Delhi,Android,0,21,37,0,0,2,0,15429.552764227643,123,-2732.182764227642,0,0.1
1800,user_39,1437.09,2026-09-15 05:06:16.153465,Amazon,request,Delhi,iOS,0,5,32,0,1,2,2,4488.573909090909,110,-3051.483909090909,1,0.5
1801,user_18,4282.05,2026-08-31 00:26:57.153465,Flipkart,refund,Bangalore,Android,1,0,9,1,0,0,0,4267.170924369748,119,14.879075630252373,1,0.1
1802,user_39,2157.21,2026-09-18 19:41:50.153465,Zomato,request,Bangalore,Android,0,19,32,5,1,0,0,4488.573909090909,110,-2331.363909090909,0,0.1
1803,user_26,27395.75,2026-07-22 12:19:56.153465,Swiggy,send,Mumbai,iOS,0,12,18,3,2,3,2,4396.555663716814,113,22999.194336283188,0,0.5
1804,user_43,17996.42,2026-09-06 22:11:44.153465,Amazon,request,Mumbai,iOS,0,22,37,0,1,3,2,15429.552764227643,123,2566.8672357723553,0,0.5
1805,user_1,3084.23,2026-09-07 00:55:48.153465,Swiggy,refund,Pune,iOS,0,0,0,3,0,4,2,4037.2688695652173,115,-953.0388695652173,1,0.5
1806,user_40,9395.76,2026-08-06 21:50:19.153465,Swiggy,send,Delhi,iOS,0,21,34,3,2,2,2,18950.453564356438,101,-9554.693564356437,0,0.5
1807,user_16,3558.8,2026-08-14 14:53:18.153465,Amazon,request,Pune,iOS,0,14,7,0,1,4,2,3660.321525423729,118,-101.52152542372869,0,0.5
1808,user_16,1638.3,2026-09-15 17:48:58.153465,Swiggy,request,Pune,Android,0,17,7,3,1,4,0,3660.321525423729,118,-2022.021525423729,0,0.1
1809,user_19,1490.86,2026-08-06 01:16:09.153465,Swiggy,request,Delhi,Web,1,1,10,3,1,2,1,3644.202786885246,122,-2153.342786885246,1,0.2
1810,user_33,4416.81,2026-08-05 09:17:12.153465,Swiggy,request,Delhi,iOS,1,9,26,3,1,2,2,3974.536484375,128,442.2735156250005,0,0.5
1811,user_37,11401.51,2026-08-01 17:33:44.153465,Walmart,send,Delhi,iOS,0,17,30,4,2,2,2,15907.096030534352,131,-4505.586030534352,0,0.5
1812,user_40,35249.48,2026-08-21 04:44:24.153465,Flipkart,send,Mumbai,iOS,0,4,34,1,2,3,2,18950.453564356438,101,16299.026435643565,1,0.5
1813,user_10,3529.78,2026-07-29 00:57:42.153465,Flipkart,request,Delhi,Android,0,0,1,1,1,2,0,4115.205169491525,118,-585.4251694915251,1,0.1
1814,user_10,510.66,2026-09-05 00:02:14.153465,Amazon,send,Mumbai,Android,0,0,1,0,2,3,0,4115.205169491525,118,-3604.5451694915255,1,0.1
1815,user_13,5011.27,2026-09-08 04:27:33.153465,Flipkart,refund,Bangalore,Android,0,4,4,1,0,0,0,16363.8575,124,-11352.5875,1,0.1
1816,user_14,17933.48,2026-09-19 00:00:39.153465,Paytm,send,Mumbai,Android,0,0,5,2,2,3,0,18284.780597014927,134,-351.3005970149279,1,0.1
1817,user_36,4751.86,2026-07-26 14:13:26.153465,Amazon,send,Delhi,Web,1,14,29,0,2,2,1,4483.898691588785,107,267.9613084112143,0,0.2
1818,user_43,14502.62,2026-09-15 20:55:00.153465,Amazon,refund,Mumbai,iOS,0,20,37,0,0,3,2,15429.552764227643,123,-926.9327642276421,0,0.5
1819,user_40,18141.81,2026-09-18 05:34:33.153465,Walmart,send,Pune,Android,1,5,34,4,2,4,0,18950.453564356438,101,-808.6435643564364,1,0.1
1820,user_16,4344.61,2026-08-06 21:02:17.153465,Amazon,refund,Bangalore,iOS,0,21,7,0,0,0,2,3660.321525423729,118,684.2884745762708,0,0.5
1821,user_9,1431.27,2026-07-30 11:37:47.153465,Swiggy,request,Mumbai,iOS,0,11,49,3,1,3,2,4747.313999999999,110,-3316.0439999999994,0,0.5
1822,user_49,12800.26,2026-09-09 19:05:15.153465,Zomato,request,Pune,Web,1,19,43,5,1,4,1,19333.43277227723,101,-6533.172772277228,0,0.2
1823,user_44,48104.59,2026-07-22 10:45:02.153465,Walmart,send,Mumbai,Web,1,10,38,4,2,3,1,17327.384636363637,110,30777.20536363636,0,0.2
1824,user_14,14763.7,2026-08-30 11:46:25.153465,Amazon,send,Delhi,iOS,0,11,5,0,2,2,2,18284.780597014927,134,-3521.0805970149268,0,0.5
1825,user_9,2835.46,2026-09-05 18:37:38.153465,Amazon,refund,Mumbai,Android,0,18,49,0,0,3,0,4747.313999999999,110,-1911.8539999999994,0,0.1
1826,user_13,12830.29,2026-08-29 08:52:03.153465,Swiggy,request,Chennai,iOS,1,8,4,3,1,1,2,16363.8575,124,-3533.567499999999,0,0.5
1827,user_1,773.17,2026-09-18 07:53:54.153465,Walmart,refund,Delhi,Web,0,7,0,4,0,2,1,4037.2688695652173,115,-3264.0988695652172,0,0.2
1828,user_2,59659.25,2026-08-10 10:39:26.153465,Amazon,request,Pune,Android,0,10,11,0,1,4,0,47401.46406779661,118,12257.785932203391,0,0.1
1829,user_2,196560.72,2026-08-17 19:42:42.153465,Amazon,request,Pune,iOS,1,19,11,0,1,4,2,47401.46406779661,118,149159.25593220338,0,0.5
1830,user_3,19172.82,2026-09-08 09:34:45.153465,Swiggy,send,Bangalore,iOS,0,9,22,3,2,0,2,51628.90211538462,104,-32456.08211538462,0,0.5
1831,user_41,4768.78,2026-09-12 15:32:10.153465,Flipkart,send,Bangalore,Web,1,15,35,1,2,0,1,4057.624609375,128,711.1553906249997,0,0.2
1832,user_3,54220.45,2026-08-28 09:47:03.153465,Flipkart,send,Bangalore,Web,0,9,22,1,2,0,1,51628.90211538462,104,2591.5478846153783,0,0.2
1833,user_17,4098.53,2026-09-04 01:05:17.153465,Paytm,refund,Mumbai,Web,0,1,8,2,0,3,1,4173.412348484848,132,-74.88234848484808,1,0.2
1834,user_28,866.03,2026-09-07 14:21:06.153465,Walmart,request,Mumbai,Web,0,14,20,4,1,3,1,4678.404529914529,117,-3812.3745299145294,0,0.2
1835,user_34,490.28,2026-09-01 23:41:39.153465,Walmart,refund,Mumbai,iOS,0,23,27,4,0,3,2,4524.1720000000005,120,-4033.8920000000007,0,0.5
1836,user_46,2097.4,2026-09-02 03:03:35.153465,Swiggy,send,Pune,iOS,0,3,40,3,2,4,2,4824.613684210526,133,-2727.213684210526,1,0.5
1837,user_28,693.32,2026-08-29 07:40:35.153465,Swiggy,refund,Bangalore,Android,0,7,20,3,0,0,0,4678.404529914529,117,-3985.084529914529,0,0.1
1838,user_49,5488.76,2026-08-11 20:39:59.153465,Swiggy,refund,Delhi,Web,0,20,43,3,0,2,1,19333.43277227723,101,-13844.672772277228,0,0.2
1839,user_12,57728.26,2026-09-17 09:27:26.153465,Zomato,refund,Delhi,iOS,0,9,3,5,0,2,2,52530.11026548673,113,5198.149734513274,0,0.5
1840,user_32,3938.74,2026-09-01 05:56:54.153465,Swiggy,send,Bangalore,Android,0,5,25,3,2,0,0,3596.741,130,341.9989999999998,1,0.1
1841,user_50,1520.15,2026-07-21 19:04:23.153465,Walmart,request,Mumbai,Web,1,19,45,4,1,3,1,4276.488269230769,104,-2756.338269230769,0,0.2
1842,user_24,9162.71,2026-07-24 03:38:33.153465,Amazon,request,Bangalore,Web,0,3,16,0,1,0,1,20664.321171875,128,-11501.611171875,1,0.2
1843,user_50,3832.75,2026-08-13 14:58:20.153465,Paytm,request,Delhi,Android,0,14,45,2,1,2,0,4276.488269230769,104,-443.7382692307692,0,0.1
1844,user_16,4450.68,2026-09-17 04:06:03.153465,Amazon,send,Chennai,iOS,0,4,7,0,2,1,2,3660.321525423729,118,790.3584745762714,1,0.5
1845,user_21,3161.17,2026-07-25 05:23:46.153465,Swiggy,request,Mumbai,Web,0,5,13,3,1,3,1,4244.438115942029,138,-1083.268115942029,1,0.2
1846,user_46,2677.64,2026-09-01 12:14:13.153465,Flipkart,request,Pune,Android,0,12,40,1,1,4,0,4824.613684210526,133,-2146.9736842105262,0,0.1
1847,user_8,3948.05,2026-08-25 14:33:02.153465,Paytm,request,Mumbai,Android,0,14,48,2,1,3,0,4162.542654867257,113,-214.49265486725653,0,0.1
1848,user_17,1589.02,2026-09-17 00:18:34.153465,Flipkart,request,Mumbai,Web,1,0,8,1,1,3,1,4173.412348484848,132,-2584.392348484848,1,0.2
1849,user_30,117458.61,2026-07-23 08:44:38.153465,Paytm,refund,Mumbai,Android,1,8,23,2,0,3,0,20780.866470588233,119,96677.74352941176,0,0.1
1850,user_43,14243.4,2026-09-12 04:06:34.153465,Flipkart,send,Mumbai,Web,0,4,37,1,2,3,1,15429.552764227643,123,-1186.1527642276433,1,0.2
1851,user_6,3880.32,2026-08-17 02:00:17.153465,Paytm,refund,Bangalore,Android,0,2,46,2,0,0,0,3699.0514728682174,129,181.26852713178278,1,0.1
1852,user_20,19781.27,2026-08-23 11:29:27.153465,Swiggy,refund,Pune,Android,0,11,12,3,0,4,0,19935.082280701754,114,-153.81228070175348,0,0.1
1853,user_35,17209.81,2026-07-26 01:58:27.153465,Amazon,refund,Chennai,Android,0,1,28,0,0,1,0,15800.978582677166,127,1408.8314173228355,1,0.1
1854,user_5,14912.82,2026-07-27 17:59:45.153465,Amazon,refund,Chennai,iOS,0,17,44,0,0,1,2,21765.65124031008,129,-6852.831240310079,0,0.5
1855,user_17,855.72,2026-07-24 06:52:05.153465,Walmart,request,Chennai,iOS,0,6,8,4,1,1,2,4173.412348484848,132,-3317.6923484848476,1,0.5
1856,user_5,14239.15,2026-09-09 18:50:01.153465,Zomato,refund,Bangalore,Android,0,18,44,5,0,0,0,21765.65124031008,129,-7526.501240310079,0,0.1
1857,user_11,304.26,2026-08-28 04:38:41.153465,Paytm,refund,Chennai,iOS,0,4,2,2,0,1,2,3819.240342465753,146,-3514.980342465753,1,0.5
1858,user_29,2314.68,2026-09-05 19:17:26.153465,Amazon,send,Delhi,Web,0,19,21,0,2,2,1,4165.22631147541,122,-1850.5463114754098,0,0.2
1859,user_16,2175.79,2026-08-25 05:23:32.153465,Amazon,refund,Mumbai,Android,0,5,7,0,0,3,0,3660.321525423729,118,-1484.531525423729,1,0.1
1860,user_10,8585.11,2026-09-07 05:32:46.153465,Walmart,refund,Chennai,Android,1,5,1,4,0,1,0,4115.205169491525,118,4469.904830508475,1,0.1
1861,user_1,4213.45,2026-09-01 09:46:36.153465,Flipkart,refund,Mumbai,Android,0,9,0,1,0,3,0,4037.2688695652173,115,176.18113043478252,0,0.1
1862,user_32,616.36,2026-07-23 04:03:30.153465,Zomato,refund,Bangalore,Web,0,4,25,5,0,0,1,3596.741,130,-2980.381,1,0.2
1863,user_33,4002.49,2026-09-14 02:32:24.153465,Zomato,send,Pune,iOS,0,2,26,5,2,4,2,3974.536484375,128,27.95351562499991,1,0.5
1864,user_33,12484.3,2026-08-05 17:13:55.153465,Swiggy,request,Chennai,Android,1,17,26,3,1,1,0,3974.536484375,128,8509.763515625,0,0.1
1865,user_3,35907.02,2026-09-19 06:31:33.153465,Flipkart,send,Bangalore,Web,0,6,22,1,2,0,1,51628.90211538462,104,-15721.882115384622,1,0.2
1866,user_3,55638.2,2026-08-09 00:44:37.153465,Zomato,request,Delhi,Android,0,0,22,5,1,2,0,51628.90211538462,104,4009.2978846153783,1,0.1
1867,user_30,16621.1,2026-08-29 13:08:00.153465,Swiggy,send,Bangalore,iOS,0,13,23,3,2,0,2,20780.866470588233,119,-4159.766470588234,0,0.5
1868,user_15,10245.69,2026-08-15 07:19:16.153465,Amazon,send,Chennai,Web,0,7,6,0,2,1,1,17357.696608695653,115,-7112.006608695652,0,0.2
1869,user_39,527.51,2026-07-27 03:29:49.153465,Flipkart,refund,Pune,Android,0,3,32,1,0,4,0,4488.573909090909,110,-3961.063909090909,1,0.1
1870,user_6,3905.19,2026-08-04 11:47:45.153465,Walmart,request,Pune,Android,0,11,46,4,1,4,0,3699.0514728682174,129,206.13852713178267,0,0.1
1871,user_17,4142.99,2026-08-10 09:18:53.153465,Walmart,refund,Delhi,Web,0,9,8,4,0,2,1,4173.412348484848,132,-30.422348484848044,0,0.2
1872,user_25,1555.8,2026-08-22 00:22:09.153465,Paytm,request,Mumbai,Web,0,0,17,2,1,3,1,3615.32544,125,-2059.5254400000003,1,0.2
1873,user_32,3355.65,2026-07-29 06:46:01.153465,Zomato,send,Chennai,iOS,0,6,25,5,2,1,2,3596.741,130,-241.0909999999999,1,0.5
1874,user_45,608.49,2026-08-11 15:33:32.153465,Flipkart,refund,Mumbai,iOS,0,15,39,1,0,3,2,3748.3989344262295,122,-3139.9089344262293,0,0.5
1875,user_17,575.45,2026-09-09 20:38:56.153465,Swiggy,send,Pune,Android,0,20,8,3,2,4,0,4173.412348484848,132,-3597.962348484848,0,0.1
1876,user_44,36629.52,2026-08-12 04:13:57.153465,Zomato,refund,Pune,Web,1,4,38,5,0,4,1,17327.384636363637,110,19302.13536363636,1,0.2
1877,user_3,24371.96,2026-09-10 06:28:09.153465,Amazon,send,Delhi,Android,0,6,22,0,2,2,0,51628.90211538462,104,-27256.94211538462,1,0.1
1878,user_27,18201.41,2026-08-24 23:32:49.153465,Swiggy,request,Delhi,Android,0,23,19,3,1,2,0,18537.69881355932,118,-336.28881355932026,0,0.1
1879,user_4,8574.78,2026-07-27 18:17:03.153465,Paytm,send,Bangalore,iOS,1,18,33,2,2,0,2,4960.130344827586,116,3614.649655172415,0,0.5
1880,user_34,4215.98,2026-08-12 10:03:34.153465,Amazon,send,Bangalore,iOS,1,10,27,0,2,0,2,4524.1720000000005,120,-308.1920000000009,0,0.5
1881,user_31,13830.56,2026-08-01 13:02:49.153465,Paytm,refund,Mumbai,Android,1,13,24,2,0,3,0,4894.9887499999995,96,8935.57125,0,0.1
1882,user_24,10460.05,2026-08-20 20:11:14.153465,Paytm,send,Chennai,Android,0,20,16,2,2,1,0,20664.321171875,128,-10204.271171875,0,0.1
1883,user_44,42135.02,2026-08-07 23:36:54.153465,Swiggy,refund,Mumbai,Android,1,23,38,3,0,3,0,17327.384636363637,110,24807.63536363636,0,0.1
1884,user_27,11479.64,2026-08-15 06:09:50.153465,Zomato,send,Chennai,Web,0,6,19,5,2,1,1,18537.69881355932,118,-7058.058813559321,1,0.2
1885,user_28,13808.66,2026-07-28 20:26:33.153465,Paytm,refund,Mumbai,Android,1,20,20,2,0,3,0,4678.404529914529,117,9130.25547008547,0,0.1
1886,user_27,7222.32,2026-08-27 18:44:46.153465,Amazon,refund,Chennai,Web,0,18,19,0,0,1,1,18537.69881355932,118,-11315.37881355932,0,0.2
1887,user_17,2533.88,2026-09-07 14:02:30.153465,Paytm,request,Mumbai,Web,0,14,8,2,1,3,1,4173.412348484848,132,-1639.5323484848477,0,0.2
1888,user_7,25666.23,2026-08-07 19:15:00.153465,Zomato,request,Chennai,Web,0,19,47,5,1,1,1,60187.18528,125,-34520.955279999995,0,0.2
1889,user_3,34608.93,2026-09-02 19:50:11.153465,Flipkart,refund,Pune,Web,0,19,22,1,0,4,1,51628.90211538462,104,-17019.97211538462,0,0.2
1890,user_47,743.37,2026-08-25 17:49:41.153465,Paytm,send,Pune,Web,0,17,41,2,2,4,1,3883.282635658915,129,-3139.912635658915,0,0.2
1891,user_14,6901.62,2026-08-06 13:14:27.153465,Walmart,refund,Chennai,Web,0,13,5,4,0,1,1,18284.780597014927,134,-11383.160597014928,0,0.2
1892,user_2,43271.77,2026-09-06 21:44:26.153465,Swiggy,refund,Pune,Android,1,21,11,3,0,4,0,47401.46406779661,118,-4129.694067796612,0,0.1
1893,user_18,4605.03,2026-09-11 22:11:34.153465,Paytm,refund,Delhi,iOS,1,22,9,2,0,2,2,4267.170924369748,119,337.85907563025194,0,0.5
1894,user_3,18207.24,2026-09-16 06:01:14.153465,Walmart,send,Pune,iOS,0,6,22,4,2,4,2,51628.90211538462,104,-33421.66211538462,1,0.5
1895,user_39,4629.6,2026-08-30 07:44:03.153465,Walmart,send,Pune,iOS,0,7,32,4,2,4,2,4488.573909090909,110,141.02609090909118,0,0.5
1896,user_29,851.25,2026-08-13 07:45:45.153465,Zomato,request,Bangalore,Web,0,7,21,5,1,0,1,4165.22631147541,122,-3313.9763114754096,0,0.2
1897,user_48,2817.4,2026-08-10 16:23:14.153465,Walmart,send,Pune,Web,0,16,42,4,2,4,1,4029.46368852459,122,-1212.06368852459,0,0.2
1898,user_41,7896.72,2026-08-29 11:58:09.153465,Swiggy,send,Bangalore,Web,1,11,35,3,2,0,1,4057.624609375,128,3839.095390625,0,0.2
1899,user_20,8367.87,2026-09-10 08:53:39.153465,Paytm,send,Pune,iOS,0,8,12,2,2,4,2,19935.082280701754,114,-11567.212280701753,0,0.5
1900,user_7,52395.75,2026-09-04 06:34:34.153465,Swiggy,refund,Delhi,Android,0,6,47,3,0,2,0,60187.18528,125,-7791.435279999998,1,0.1
1901,user_4,3112.01,2026-08-22 10:04:22.153465,Swiggy,refund,Delhi,iOS,0,10,33,3,0,2,2,4960.130344827586,116,-1848.1203448275855,0,0.5
1902,user_34,2003.47,2026-09-18 18:15:44.153465,Amazon,refund,Chennai,Android,0,18,27,0,0,1,0,4524.1720000000005,120,-2520.702,0,0.1
1903,user_22,44810.46,2026-09-14 20:43:53.153465,Swiggy,send,Bangalore,Web,1,20,14,3,2,0,1,18343.150086206897,116,26467.309913793102,0,0.2
1904,user_13,11575.63,2026-09-03 03:22:54.153465,Flipkart,send,Bangalore,Web,0,3,4,1,2,0,1,16363.8575,124,-4788.227500000001,1,0.2
1905,user_40,8148.09,2026-09-08 05:48:23.153465,Swiggy,request,Chennai,Web,1,5,34,3,1,1,1,18950.453564356438,101,-10802.363564356438,1,0.2
1906,user_24,15949.51,2026-08-28 15:39:08.153465,Paytm,refund,Bangalore,Web,0,15,16,2,0,0,1,20664.321171875,128,-4714.811171874999,0,0.2
1907,user_2,27410.42,2026-09-11 08:25:20.153465,Walmart,refund,Chennai,iOS,0,8,11,4,0,1,2,47401.46406779661,118,-19991.04406779661,0,0.5
1908,user_32,2181.7,2026-08-02 22:45:12.153465,Walmart,send,Pune,iOS,0,22,25,4,2,4,2,3596.741,130,-1415.0410000000002,0,0.5
1909,user_15,7404.71,2026-09-05 16:55:27.153465,Zomato,request,Mumbai,Web,0,16,6,5,1,3,1,17357.696608695653,115,-9952.986608695654,0,0.2
1910,user_37,19493.74,2026-08-08 06:00:56.153465,Swiggy,request,Chennai,iOS,0,6,30,3,1,1,2,15907.096030534352,131,3586.643969465649,1,0.5
1911,user_17,4992.37,2026-07-28 00:51:50.153465,Zomato,request,Pune,iOS,0,0,8,5,1,4,2,4173.412348484848,132,818.9576515151521,1,0.5
1912,user_46,1094.21,2026-08-10 12:35:05.153465,Swiggy,send,Bangalore,Android,0,12,40,3,2,0,0,4824.613684210526,133,-3730.403684210526,0,0.1
1913,user_10,13038.02,2026-07-26 17:27:04.153465,Amazon,send,Chennai,Web,1,17,1,0,2,1,1,4115.205169491525,118,8922.814830508476,0,0.2
1914,user_20,16628.47,2026-09-01 21:40:26.153465,Amazon,refund,Delhi,Web,0,21,12,0,0,2,1,19935.082280701754,114,-3306.6122807017528,0,0.2
1915,user_30,5662.09,2026-09-18 07:45:10.153465,Paytm,send,Mumbai,iOS,0,7,23,2,2,3,2,20780.866470588233,119,-15118.776470588233,0,0.5
1916,user_50,4375.41,2026-08-05 21:31:17.153465,Paytm,send,Chennai,Android,0,21,45,2,2,1,0,4276.488269230769,104,98.92173076923063,0,0.1
1917,user_46,4974.16,2026-08-24 20:48:40.153465,Amazon,request,Chennai,iOS,1,20,40,0,1,1,2,4824.613684210526,133,149.54631578947374,0,0.5
1918,user_14,5472.83,2026-08-13 13:57:51.153465,Swiggy,refund,Delhi,iOS,0,13,5,3,0,2,2,18284.780597014927,134,-12811.950597014928,0,0.5
1919,user_34,406.43,2026-08-23 16:09:37.153465,Paytm,send,Bangalore,Web,0,16,27,2,2,0,1,4524.1720000000005,120,-4117.742,0,0.2
1920,user_23,7881.63,2026-08-28 02:35:44.153465,Swiggy,refund,Bangalore,Android,0,2,15,3,0,0,0,21876.48723880597,134,-13994.85723880597,1,0.1
1921,user_40,18508.41,2026-09-16 09:47:57.153465,Amazon,send,Mumbai,iOS,0,9,34,0,2,3,2,18950.453564356438,101,-442.04356435643786,0,0.5
1922,user_11,4966.08,2026-08-23 00:42:42.153465,Amazon,refund,Mumbai,Android,1,0,2,0,0,3,0,3819.240342465753,146,1146.8396575342467,1,0.1
1923,user_6,1716.25,2026-09-11 03:51:19.153465,Zomato,request,Chennai,iOS,0,3,46,5,1,1,2,3699.0514728682174,129,-1982.8014728682174,1,0.5
1924,user_25,3052.56,2026-09-05 10:40:55.153465,Zomato,request,Pune,Android,0,10,17,5,1,4,0,3615.32544,125,-562.7654400000001,0,0.1
1925,user_40,6324.4,2026-09-07 14:19:22.153465,Swiggy,request,Mumbai,Android,0,14,34,3,1,3,0,18950.453564356438,101,-12626.053564356438,0,0.1
1926,user_28,10493.34,2026-09-14 17:08:31.153465,Zomato,refund,Delhi,Web,1,17,20,5,0,2,1,4678.404529914529,117,5814.935470085471,0,0.2
1927,user_12,49915.15,2026-07-29 20:31:15.153465,Zomato,refund,Bangalore,Web,0,20,3,5,0,0,1,52530.11026548673,113,-2614.9602654867267,0,0.2
1928,user_42,13959.17,2026-08-06 15:02:56.153465,Zomato,refund,Mumbai,Web,1,15,36,5,0,3,1,4749.498305084746,118,9209.671694915254,0,0.2
1929,user_8,10239.41,2026-08-20 05:07:42.153465,Swiggy,refund,Pune,Web,1,5,48,3,0,4,1,4162.542654867257,113,6076.867345132743,1,0.2
1930,user_11,1930.32,2026-08-21 22:35:08.153465,Zomato,refund,Mumbai,Android,0,22,2,5,0,3,0,3819.240342465753,146,-1888.9203424657533,0,0.1
1931,user_36,1900.73,2026-08-16 07:26:40.153465,Zomato,request,Mumbai,Android,0,7,29,5,1,3,0,4483.898691588785,107,-2583.1686915887854,0,0.1
1932,user_7,18941.31,2026-09-07 11:53:37.153465,Paytm,send,Mumbai,iOS,0,11,47,2,2,3,2,60187.18528,125,-41245.87527999999,0,0.5
1933,user_36,14764.19,2026-08-22 23:17:22.153465,Swiggy,refund,Delhi,Web,1,23,29,3,0,2,1,4483.898691588785,107,10280.291308411215,0,0.2
1934,user_21,2042.74,2026-08-11 07:31:01.153465,Flipkart,refund,Pune,iOS,1,7,13,1,0,4,2,4244.438115942029,138,-2201.6981159420293,0,0.5
1935,user_18,2597.78,2026-08-03 15:02:04.153465,Swiggy,send,Mumbai,Web,0,15,9,3,2,3,1,4267.170924369748,119,-1669.3909243697476,0,0.2
1936,user_1,2751.25,2026-08-17 00:44:46.153465,Walmart,refund,Bangalore,iOS,0,0,0,4,0,0,2,4037.2688695652173,115,-1286.0188695652173,1,0.5
1937,user_3,33213.0,2026-07-26 19:16:43.153465,Walmart,refund,Pune,Android,0,19,22,4,0,4,0,51628.90211538462,104,-18415.90211538462,0,0.1
1938,user_27,11504.28,2026-07-30 17:09:22.153465,Walmart,refund,Delhi,Web,0,17,19,4,0,2,1,18537.69881355932,118,-7033.4188135593195,0,0.2
1939,user_10,2722.31,2026-08-20 10:14:28.153465,Paytm,send,Delhi,Android,0,10,1,2,2,2,0,4115.205169491525,118,-1392.8951694915254,0,0.1
1940,user_20,10741.64,2026-07-31 05:36:39.153465,Walmart,request,Bangalore,iOS,0,5,12,4,1,0,2,19935.082280701754,114,-9193.442280701754,1,0.5
1941,user_13,12372.94,2026-08-10 21:55:35.153465,Zomato,send,Chennai,Android,0,21,4,5,2,1,0,16363.8575,124,-3990.9174999999996,0,0.1
1942,user_14,9243.11,2026-07-24 03:49:52.153465,Amazon,request,Delhi,Web,0,3,5,0,1,2,1,18284.780597014927,134,-9041.670597014927,1,0.2
1943,user_29,10014.38,2026-08-24 00:00:06.153465,Flipkart,request,Delhi,iOS,1,0,21,1,1,2,2,4165.22631147541,122,5849.15368852459,1,0.5
1944,user_8,3214.0,2026-08-17 22:40:07.153465,Swiggy,request,Bangalore,iOS,0,22,48,3,1,0,2,4162.542654867257,113,-948.5426548672567,0,0.5
1945,user_3,34300.11,2026-08-06 04:58:05.153465,Walmart,refund,Delhi,iOS,0,4,22,4,0,2,2,51628.90211538462,104,-17328.79211538462,1,0.5
1946,user_29,3453.53,2026-09-04 20:59:25.153465,Amazon,send,Chennai,Web,1,20,21,0,2,1,1,4165.22631147541,122,-711.6963114754094,0,0.2
1947,user_48,381.08,2026-07-31 13:09:32.153465,Flipkart,request,Pune,iOS,0,13,42,1,1,4,2,4029.46368852459,122,-3648.38368852459,0,0.5
1948,user_18,4784.13,2026-09-03 05:47:20.153465,Zomato,send,Chennai,Web,0,5,9,5,2,1,1,4267.170924369748,119,516.9590756302523,1,0.2
1949,user_22,15836.61,2026-09-10 14:27:23.153465,Swiggy,send,Mumbai,Android,0,14,14,3,2,3,0,18343.150086206897,116,-2506.5400862068964,0,0.1
1950,user_38,19382.14,2026-09-14 10:36:09.153465,Swiggy,send,Pune,iOS,0,10,31,3,2,4,2,17814.76077586207,116,1567.3792241379306,0,0.5
1951,user_13,7764.21,2026-08-19 19:55:47.153465,Flipkart,request,Bangalore,Web,1,19,4,1,1,0,1,16363.8575,124,-8599.6475,0,0.2
1952,user_29,12810.6,2026-08-17 21:50:06.153465,Paytm,request,Bangalore,iOS,1,21,21,2,1,0,2,4165.22631147541,122,8645.37368852459,0,0.5
1953,user_13,9573.91,2026-07-27 21:23:34.153465,Paytm,send,Delhi,Web,1,21,4,2,2,2,1,16363.8575,124,-6789.9475,0,0.2
1954,user_35,10453.14,2026-08-23 05:29:44.153465,Walmart,request,Bangalore,Web,1,5,28,4,1,0,1,15800.978582677166,127,-5347.838582677166,1,0.2
1955,user_4,1843.02,2026-09-11 02:29:53.153465,Zomato,refund,Chennai,Android,0,2,33,5,0,1,0,4960.130344827586,116,-3117.110344827586,1,0.1
1956,user_36,3392.59,2026-08-10 00:30:28.153465,Flipkart,refund,Chennai,Web,1,0,29,1,0,1,1,4483.898691588785,107,-1091.3086915887852,1,0.2
1957,user_42,910.24,2026-09-13 01:50:05.153465,Zomato,send,Delhi,Web,0,1,36,5,2,2,1,4749.498305084746,118,-3839.258305084746,1,0.2
1958,user_8,1934.86,2026-09-11 02:53:40.153465,Swiggy,request,Delhi,Android,0,2,48,3,1,2,0,4162.542654867257,113,-2227.682654867257,1,0.1
1959,user_48,2654.7,2026-08-24 15:33:53.153465,Swiggy,refund,Bangalore,iOS,0,15,42,3,0,0,2,4029.46368852459,122,-1374.7636885245902,0,0.5
1960,user_2,38849.36,2026-07-26 20:54:40.153465,Walmart,refund,Pune,iOS,0,20,11,4,0,4,2,47401.46406779661,118,-8552.104067796608,0,0.5
1961,user_4,3517.55,2026-09-04 23:41:10.153465,Paytm,request,Bangalore,Android,0,23,33,2,1,0,0,4960.130344827586,116,-1442.5803448275856,0,0.1
1962,user_29,3835.46,2026-09-18 20:00:18.153465,Flipkart,request,Chennai,Web,0,20,21,1,1,1,1,4165.22631147541,122,-329.76631147540957,0,0.2
1963,user_13,15560.22,2026-07-29 03:29:18.153465,Zomato,refund,Delhi,Android,0,3,4,5,0,2,0,16363.8575,124,-803.6375000000007,1,0.1
1964,user_44,18598.03,2026-09-01 08:30:13.153465,Zomato,request,Pune,Web,0,8,38,5,1,4,1,17327.384636363637,110,1270.6453636363622,0,0.2
1965,user_31,35666.86,2026-08-13 18:22:48.153465,Swiggy,refund,Mumbai,iOS,1,18,24,3,0,3,2,4894.9887499999995,96,30771.87125,0,0.5
1966,user_34,1212.35,2026-09-15 18:00:55.153465,Flipkart,refund,Delhi,iOS,0,18,27,1,0,2,2,4524.1720000000005,120,-3311.8220000000006,0,0.5
1967,user_11,876.01,2026-08-19 22:33:09.153465,Swiggy,refund,Delhi,Android,0,22,2,3,0,2,0,3819.240342465753,146,-2943.230342465753,0,0.1
1968,user_22,11317.95,2026-09-06 23:31:18.153465,Zomato,send,Delhi,Android,0,23,14,5,2,2,0,18343.150086206897,116,-7025.200086206896,0,0.1
1969,user_23,19415.79,2026-09-03 16:13:00.153465,Flipkart,send,Pune,iOS,0,16,15,1,2,4,2,21876.48723880597,134,-2460.6972388059694,0,0.5
1970,user_35,42331.42,2026-08-12 15:45:15.153465,Amazon,refund,Mumbai,Android,1,15,28,0,0,3,0,15800.978582677166,127,26530.441417322832,0,0.1
1971,user_28,24974.54,2026-09-17 18:16:31.153465,Swiggy,request,Bangalore,Web,1,18,20,3,1,0,1,4678.404529914529,117,20296.13547008547,0,0.2
1972,user_5,58723.83,2026-08-01 09:09:20.153465,Zomato,refund,Pune,Android,1,9,44,5,0,4,0,21765.65124031008,129,36958.17875968992,0,0.1
1973,user_44,17689.85,2026-08-15 12:28:09.153465,Flipkart,request,Delhi,Web,0,12,38,1,1,2,1,17327.384636363637,110,362.4653636363619,0,0.2
1974,user_33,2036.4,2026-08-02 21:43:02.153465,Swiggy,request,Pune,Web,0,21,26,3,1,4,1,3974.536484375,128,-1938.1364843749998,0,0.2
1975,user_19,28938.35,2026-09-11 16:10:27.153465,Zomato,refund,Delhi,iOS,1,16,10,5,0,2,2,3644.202786885246,122,25294.147213114753,0,0.5
1976,user_4,4559.17,2026-07-30 13:52:55.153465,Paytm,send,Bangalore,Web,0,13,33,2,2,0,1,4960.130344827586,116,-400.9603448275857,0,0.2
1977,user_24,8098.05,2026-08-24 15:37:27.153465,Paytm,refund,Chennai,Web,0,15,16,2,0,1,1,20664.321171875,128,-12566.271171875,0,0.2
1978,user_24,11589.23,2026-09-13 23:28:26.153465,Amazon,refund,Mumbai,Android,0,23,16,0,0,3,0,20664.321171875,128,-9075.091171875,0,0.1
1979,user_18,3297.2,2026-08-10 09:44:46.153465,Paytm,refund,Delhi,Android,0,9,9,2,0,2,0,4267.170924369748,119,-969.970924369748,0,0.1
1980,user_37,49159.68,2026-07-28 01:46:25.153465,Walmart,request,Delhi,Web,1,1,30,4,1,2,1,15907.096030534352,131,33252.583969465646,1,0.2
1981,user_19,1416.0,2026-07-29 22:23:52.153465,Paytm,request,Bangalore,Web,1,22,10,2,1,0,1,3644.202786885246,122,-2228.202786885246,0,0.2
1982,user_21,4546.86,2026-08-07 08:44:52.153465,Paytm,request,Bangalore,Web,1,8,13,2,1,0,1,4244.438115942029,138,302.4218840579706,0,0.2
1983,user_13,11405.1,2026-09-11 03:32:32.153465,Zomato,send,Mumbai,iOS,0,3,4,5,2,3,2,16363.8575,124,-4958.7575,1,0.5
1984,user_36,3784.57,2026-07-27 18:33:54.153465,Paytm,request,Bangalore,Web,0,18,29,2,1,0,1,4483.898691588785,107,-699.3286915887852,0,0.2
1985,user_28,4771.15,2026-09-14 01:38:06.153465,Paytm,send,Pune,Android,1,1,20,2,2,4,0,4678.404529914529,117,92.74547008547052,1,0.1
1986,user_47,2474.15,2026-08-19 22:18:20.153465,Paytm,request,Bangalore,iOS,0,22,41,2,1,0,2,3883.282635658915,129,-1409.1326356589148,0,0.5
1987,user_4,12772.68,2026-09-08 18:02:35.153465,Flipkart,send,Chennai,Web,1,18,33,1,2,1,1,4960.130344827586,116,7812.5496551724145,0,0.2
1988,user_19,3491.01,2026-08-11 08:46:40.153465,Zomato,send,Chennai,Android,0,8,10,5,2,1,0,3644.202786885246,122,-153.19278688524582,0,0.1
1989,user_13,6192.47,2026-09-12 02:19:29.153465,Swiggy,request,Delhi,Android,0,2,4,3,1,2,0,16363.8575,124,-10171.3875,1,0.1
1990,user_33,3002.0,2026-08-09 19:26:46.153465,Swiggy,send,Pune,iOS,0,19,26,3,2,4,2,3974.536484375,128,-972.5364843749999,0,0.5
1991,user_27,16027.6,2026-08-19 06:56:06.153465,Swiggy,refund,Delhi,Web,1,6,19,3,0,2,1,18537.69881355932,118,-2510.0988135593198,1,0.2
1992,user_44,16077.71,2026-08-19 20:26:18.153465,Paytm,request,Mumbai,iOS,0,20,38,2,1,3,2,17327.384636363637,110,-1249.6746363636375,0,0.5
1993,user_22,128495.5,2026-08-11 01:52:30.153465,Walmart,request,Delhi,iOS,1,1,14,4,1,2,2,18343.150086206897,116,110152.3499137931,1,0.5
1994,user_18,2330.27,2026-08-21 21:51:02.153465,Swiggy,refund,Delhi,Android,1,21,9,3,0,2,0,4267.170924369748,119,-1936.9009243697478,0,0.1
1995,user_15,12797.98,2026-08-25 09:23:52.153465,Zomato,send,Bangalore,Android,0,9,6,5,2,0,0,17357.696608695653,115,-4559.716608695653,0,0.1
1996,user_39,2929.18,2026-08-03 21:57:58.153465,Zomato,refund,Delhi,iOS,0,21,32,5,0,2,2,4488.573909090909,110,-1559.3939090909093,0,0.5
1997,user_4,3161.69,2026-08-06 08:52:37.153465,Swiggy,send,Chennai,Web,0,8,33,3,2,1,1,4960.130344827586,116,-1798.4403448275857,0,0.2
1998,user_12,34377.27,2026-08-09 20:19:23.153465,Swiggy,request,Mumbai,Web,0,20,3,3,1,3,1,52530.11026548673,113,-18152.84026548673,0,0.2
1999,user_23,76361.7,2026-08-24 09:57:47.153465,Walmart,send,Pune,Web,1,9,15,4,2,4,1,21876.48723880597,134,54485.21276119402,0,0.2
2000,user_20,18943.59,2026-08-08 00:26:28.153465,Flipkart,send,Pune,iOS,0,0,12,1,2,4,2,19935.082280701754,114,-991.4922807017538,1,0.5
2001,user_5,7232.98,2026-07-28 13:03:16.153465,Flipkart,request,Delhi,Web,1,13,44,1,1,2,1,21765.65124031008,129,-14532.67124031008,0,0.2
2002,user_1,3512.5,2026-09-12 22:21:36.153465,Amazon,request,Pune,Android,0,22,0,0,1,4,0,4037.2688695652173,115,-524.7688695652173,0,0.1
2003,user_20,10432.07,2026-08-13 09:23:00.153465,Flipkart,refund,Delhi,Android,0,9,12,1,0,2,0,19935.082280701754,114,-9503.012280701754,0,0.1
2004,user_26,804.14,2026-08-31 02:27:46.153465,Zomato,request,Pune,Web,0,2,18,5,1,4,1,4396.555663716814,113,-3592.415663716814,1,0.2
2005,user_31,2300.89,2026-07-24 14:42:01.153465,Amazon,refund,Delhi,Web,0,14,24,0,0,2,1,4894.9887499999995,96,-2594.0987499999997,0,0.2
2006,user_27,17108.56,2026-08-18 18:23:36.153465,Amazon,request,Bangalore,Web,1,18,19,0,1,0,1,18537.69881355932,118,-1429.1388135593188,0,0.2
2007,user_20,9393.66,2026-08-09 12:11:34.153465,Amazon,send,Mumbai,iOS,0,12,12,0,2,3,2,19935.082280701754,114,-10541.422280701754,0,0.5
2008,user_16,2690.68,2026-08-08 11:11:11.153465,Paytm,request,Delhi,iOS,0,11,7,2,1,2,2,3660.321525423729,118,-969.641525423729,0,0.5
2009,user_40,13547.58,2026-08-11 17:15:26.153465,Swiggy,request,Mumbai,Android,0,17,34,3,1,3,0,18950.453564356438,101,-5402.873564356438,0,0.1
2010,user_47,820.2,2026-09-11 19:16:17.153465,Zomato,refund,Mumbai,Android,0,19,41,5,0,3,0,3883.282635658915,129,-3063.082635658915,0,0.1
2011,user_47,4724.33,2026-09-01 00:30:02.153465,Amazon,send,Pune,iOS,1,0,41,0,2,4,2,3883.282635658915,129,841.0473643410851,1,0.5
2012,user_10,1581.35,2026-08-12 08:58:48.153465,Amazon,send,Bangalore,iOS,0,8,1,0,2,0,2,4115.205169491525,118,-2533.8551694915254,0,0.5
2013,user_46,3430.74,2026-09-02 17:41:21.153465,Swiggy,send,Bangalore,Android,0,17,40,3,2,0,0,4824.613684210526,133,-1393.8736842105263,0,0.1
2014,user_48,1076.47,2026-07-30 01:30:23.153465,Walmart,request,Mumbai,Web,0,1,42,4,1,3,1,4029.46368852459,122,-2952.9936885245897,1,0.2
2015,user_23,17667.87,2026-08-23 05:37:15.153465,Walmart,request,Delhi,Web,0,5,15,4,1,2,1,21876.48723880597,134,-4208.617238805971,1,0.2
2016,user_19,2989.82,2026-08-14 08:56:13.153465,Walmart,send,Bangalore,iOS,0,8,10,4,2,0,2,3644.202786885246,122,-654.3827868852459,0,0.5
2017,user_45,4037.38,2026-07-30 18:20:39.153465,Flipkart,refund,Delhi,Web,0,18,39,1,0,2,1,3748.3989344262295,122,288.9810655737706,0,0.2
2018,user_30,47696.21,2026-09-14 09:46:00.153465,Amazon,request,Chennai,Web,1,9,23,0,1,1,1,20780.866470588233,119,26915.343529411766,0,0.2
2019,user_48,1669.8,2026-09-05 14:38:12.153465,Flipkart,request,Chennai,iOS,0,14,42,1,1,1,2,4029.46368852459,122,-2359.66368852459,0,0.5
2020,user_38,8524.13,2026-07-29 16:44:20.153465,Swiggy,request,Mumbai,iOS,0,16,31,3,1,3,2,17814.76077586207,116,-9290.63077586207,0,0.5
2021,user_49,17635.79,2026-08-20 07:49:00.153465,Zomato,send,Bangalore,Web,0,7,43,5,2,0,1,19333.43277227723,101,-1697.6427722772278,0,0.2
2022,user_14,7740.27,2026-07-22 23:14:07.153465,Walmart,refund,Bangalore,Web,0,23,5,4,0,0,1,18284.780597014927,134,-10544.510597014927,0,0.2
2023,user_3,58492.41,2026-08-23 22:21:39.153465,Flipkart,refund,Bangalore,Web,0,22,22,1,0,0,1,51628.90211538462,104,6863.507884615385,0,0.2
2024,user_6,3473.26,2026-09-07 23:06:10.153465,Paytm,send,Mumbai,Android,0,23,46,2,2,3,0,3699.0514728682174,129,-225.79147286821717,0,0.1
2025,user_9,1115.99,2026-08-01 21:18:18.153465,Zomato,refund,Delhi,Android,0,21,49,5,0,2,0,4747.313999999999,110,-3631.3239999999996,0,0.1
2026,user_31,4429.01,2026-09-16 10:49:41.153465,Flipkart,send,Bangalore,Web,0,10,24,1,2,0,1,4894.9887499999995,96,-465.9787499999993,0,0.2
2027,user_11,2434.74,2026-08-18 01:18:30.153465,Amazon,refund,Bangalore,Android,1,1,2,0,0,0,0,3819.240342465753,146,-1384.5003424657534,1,0.1
2028,user_44,82882.33,2026-08-26 15:28:08.153465,Amazon,request,Pune,Web,1,15,38,0,1,4,1,17327.384636363637,110,65554.94536363636,0,0.2
2029,user_30,16436.65,2026-08-24 07:51:47.153465,Walmart,refund,Mumbai,Android,0,7,23,4,0,3,0,20780.866470588233,119,-4344.2164705882315,0,0.1
2030,user_6,4504.7,2026-07-25 06:10:21.153465,Swiggy,send,Mumbai,iOS,0,6,46,3,2,3,2,3699.0514728682174,129,805.6485271317824,1,0.5
2031,user_11,4722.15,2026-09-15 10:40:45.153465,Flipkart,request,Chennai,Web,1,10,2,1,1,1,1,3819.240342465753,146,902.9096575342464,0,0.2
2032,user_44,6750.01,2026-09-12 07:44:36.153465,Paytm,send,Pune,Web,0,7,38,2,2,4,1,17327.384636363637,110,-10577.374636363636,0,0.2
2033,user_2,52028.83,2026-07-26 10:57:47.153465,Flipkart,send,Delhi,Android,0,10,11,1,2,2,0,47401.46406779661,118,4627.365932203393,0,0.1
2034,user_20,8259.6,2026-09-05 20:03:36.153465,Zomato,request,Mumbai,iOS,0,20,12,5,1,3,2,19935.082280701754,114,-11675.482280701754,0,0.5
2035,user_35,11707.4,2026-08-10 10:04:50.153465,Flipkart,send,Pune,Android,0,10,28,1,2,4,0,15800.978582677166,127,-4093.578582677166,0,0.1
2036,user_25,2954.65,2026-08-31 03:24:02.153465,Zomato,request,Bangalore,iOS,0,3,17,5,1,0,2,3615.32544,125,-660.67544,1,0.5
2037,user_14,38386.18,2026-08-15 10:53:29.153465,Swiggy,refund,Chennai,iOS,0,10,5,3,0,1,2,18284.780597014927,134,20101.399402985073,0,0.5
2038,user_14,14091.04,2026-08-05 12:11:44.153465,Swiggy,send,Chennai,Web,0,12,5,3,2,1,1,18284.780597014927,134,-4193.740597014927,0,0.2
2039,user_39,3002.97,2026-09-10 10:32:23.153465,Walmart,request,Pune,iOS,0,10,32,4,1,4,2,4488.573909090909,110,-1485.6039090909094,0,0.5
2040,user_33,386.3,2026-08-13 10:55:30.153465,Walmart,send,Bangalore,Android,0,10,26,4,2,0,0,3974.536484375,128,-3588.2364843749997,0,0.1
2041,user_26,2212.13,2026-08-27 05:15:55.153465,Zomato,send,Mumbai,Android,0,5,18,5,2,3,0,4396.555663716814,113,-2184.4256637168137,1,0.1
2042,user_42,1062.08,2026-07-24 16:42:28.153465,Amazon,refund,Mumbai,iOS,0,16,36,0,0,3,2,4749.498305084746,118,-3687.418305084746,0,0.5
2043,user_31,3037.05,2026-08-25 07:16:43.153465,Flipkart,refund,Mumbai,iOS,0,7,24,1,0,3,2,4894.9887499999995,96,-1857.9387499999993,0,0.5
2044,user_46,2076.22,2026-09-01 15:24:27.153465,Swiggy,refund,Bangalore,Web,0,15,40,3,0,0,1,4824.613684210526,133,-2748.3936842105263,0,0.2
2045,user_38,14624.09,2026-09-13 07:54:17.153465,Paytm,send,Bangalore,iOS,0,7,31,2,2,0,2,17814.76077586207,116,-3190.6707758620687,0,0.5
2046,user_47,10052.76,2026-08-16 08:53:50.153465,Zomato,request,Chennai,Web,0,8,41,5,1,1,1,3883.282635658915,129,6169.477364341085,0,0.2
2047,user_23,12324.79,2026-09-15 21:09:41.153465,Flipkart,refund,Mumbai,Android,0,21,15,1,0,3,0,21876.48723880597,134,-9551.69723880597,0,0.1
2048,user_35,12734.83,2026-08-21 05:35:16.153465,Flipkart,send,Pune,Android,0,5,28,1,2,4,0,15800.978582677166,127,-3066.148582677166,1,0.1
2049,user_30,8940.95,2026-07-23 16:56:04.153465,Flipkart,send,Bangalore,iOS,0,16,23,1,2,0,2,20780.866470588233,119,-11839.916470588232,0,0.5
2050,user_15,5152.19,2026-08-15 13:03:05.153465,Amazon,send,Delhi,Android,0,13,6,0,2,2,0,17357.696608695653,115,-12205.506608695654,0,0.1
2051,user_26,10293.41,2026-08-23 17:15:47.153465,Walmart,request,Pune,Web,1,17,18,4,1,4,1,4396.555663716814,113,5896.854336283186,0,0.2
2052,user_33,2905.95,2026-09-11 16:34:50.153465,Paytm,refund,Delhi,Web,0,16,26,2,0,2,1,3974.536484375,128,-1068.586484375,0,0.2
2053,user_27,19380.96,2026-09-02 06:36:16.153465,Amazon,send,Bangalore,Android,0,6,19,0,2,0,0,18537.69881355932,118,843.261186440679,1,0.1
2054,user_38,7447.37,2026-08-27 05:52:48.153465,Amazon,request,Pune,iOS,0,5,31,0,1,4,2,17814.76077586207,116,-10367.39077586207,1,0.5
2055,user_7,32380.29,2026-08-03 09:34:49.153465,Flipkart,refund,Mumbai,iOS,0,9,47,1,0,3,2,60187.18528,125,-27806.895279999997,0,0.5
2056,user_14,16260.11,2026-09-13 21:11:59.153465,Amazon,request,Mumbai,Web,0,21,5,0,1,3,1,18284.780597014927,134,-2024.670597014927,0,0.2
2057,user_20,7605.0,2026-08-25 18:21:27.153465,Amazon,refund,Chennai,iOS,0,18,12,0,0,1,2,19935.082280701754,114,-12330.082280701754,0,0.5
2058,user_36,3989.21,2026-07-28 23:39:32.153465,Walmart,refund,Delhi,iOS,0,23,29,4,0,2,2,4483.898691588785,107,-494.68869158878533,0,0.5
2059,user_9,4165.65,2026-08-24 03:14:53.153465,Walmart,refund,Chennai,Android,0,3,49,4,0,1,0,4747.313999999999,110,-581.6639999999998,1,0.1
2060,user_2,31263.19,2026-07-30 23:04:32.153465,Swiggy,refund,Chennai,Android,0,23,11,3,0,1,0,47401.46406779661,118,-16138.27406779661,0,0.1
2061,user_8,592.61,2026-09-10 16:04:41.153465,Paytm,refund,Delhi,Android,0,16,48,2,0,2,0,4162.542654867257,113,-3569.9326548672566,0,0.1
2062,user_18,10808.76,2026-09-16 23:52:22.153465,Zomato,request,Chennai,Android,1,23,9,5,1,1,0,4267.170924369748,119,6541.589075630252,0,0.1
2063,user_48,2406.56,2026-08-31 05:28:02.153465,Paytm,refund,Bangalore,Android,0,5,42,2,0,0,0,4029.46368852459,122,-1622.90368852459,1,0.1
2064,user_24,15220.12,2026-09-15 17:22:20.153465,Paytm,request,Bangalore,iOS,0,17,16,2,1,0,2,20664.321171875,128,-5444.201171874998,0,0.5
2065,user_2,58261.25,2026-08-31 02:04:38.153465,Walmart,send,Pune,Android,0,2,11,4,2,4,0,47401.46406779661,118,10859.785932203391,1,0.1
2066,user_27,17922.94,2026-08-23 00:21:07.153465,Zomato,request,Delhi,Android,0,0,19,5,1,2,0,18537.69881355932,118,-614.7588135593214,1,0.1
2067,user_10,2885.25,2026-08-01 10:13:16.153465,Swiggy,request,Bangalore,iOS,0,10,1,3,1,0,2,4115.205169491525,118,-1229.9551694915253,0,0.5
2068,user_23,5417.53,2026-08-21 10:13:15.153465,Paytm,refund,Chennai,Android,0,10,15,2,0,1,0,21876.48723880597,134,-16458.95723880597,0,0.1
2069,user_29,1367.05,2026-08-17 13:03:08.153465,Swiggy,send,Delhi,Android,0,13,21,3,2,2,0,4165.22631147541,122,-2798.1763114754094,0,0.1
2070,user_8,1965.97,2026-09-12 08:35:25.153465,Swiggy,refund,Pune,Android,1,8,48,3,0,4,0,4162.542654867257,113,-2196.5726548672565,0,0.1
2071,user_13,12424.5,2026-07-28 00:13:17.153465,Paytm,request,Bangalore,Android,0,0,4,2,1,0,0,16363.8575,124,-3939.3575,1,0.1
2072,user_23,58353.84,2026-09-12 21:50:50.153465,Amazon,send,Bangalore,Android,1,21,15,0,2,0,0,21876.48723880597,134,36477.35276119402,0,0.1
2073,user_17,2692.3,2026-09-03 04:52:10.153465,Flipkart,send,Mumbai,iOS,0,4,8,1,2,3,2,4173.412348484848,132,-1481.1123484848476,1,0.5
2074,user_15,5743.43,2026-09-05 07:25:22.153465,Flipkart,send,Mumbai,Web,0,7,6,1,2,3,1,17357.696608695653,115,-11614.266608695652,0,0.2
2075,user_8,4029.17,2026-08-30 20:11:21.153465,Amazon,send,Pune,Android,0,20,48,0,2,4,0,4162.542654867257,113,-133.37265486725664,0,0.1
2076,user_30,8163.71,2026-07-28 14:40:54.153465,Paytm,send,Delhi,iOS,0,14,23,2,2,2,2,20780.866470588233,119,-12617.156470588234,0,0.5
2077,user_39,4004.53,2026-09-17 01:12:39.153465,Zomato,refund,Chennai,iOS,0,1,32,5,0,1,2,4488.573909090909,110,-484.043909090909,1,0.5
2078,user_24,12459.84,2026-08-07 14:44:17.153465,Walmart,refund,Chennai,Android,0,14,16,4,0,1,0,20664.321171875,128,-8204.481171874999,0,0.1
2079,user_11,2965.63,2026-08-12 20:42:04.153465,Zomato,send,Chennai,iOS,0,20,2,5,2,1,2,3819.240342465753,146,-853.6103424657531,0,0.5
2080,user_35,10410.01,2026-09-15 23:06:40.153465,Swiggy,refund,Bangalore,Web,0,23,28,3,0,0,1,15800.978582677166,127,-5390.968582677166,0,0.2
2081,user_39,3382.97,2026-08-12 10:53:26.153465,Amazon,send,Bangalore,Web,0,10,32,0,2,0,1,4488.573909090909,110,-1105.6039090909094,0,0.2
2082,user_12,37660.11,2026-08-08 22:13:49.153465,Amazon,send,Chennai,Web,0,22,3,0,2,1,1,52530.11026548673,113,-14870.000265486728,0,0.2
2083,user_35,17594.4,2026-09-10 07:31:17.153465,Zomato,refund,Delhi,Android,0,7,28,5,0,2,0,15800.978582677166,127,1793.4214173228356,0,0.1
2084,user_26,4687.44,2026-07-26 13:38:28.153465,Walmart,send,Chennai,iOS,0,13,18,4,2,1,2,4396.555663716814,113,290.8843362831858,0,0.5
2085,user_33,2145.63,2026-07-21 19:54:46.153465,Paytm,refund,Pune,iOS,0,19,26,2,0,4,2,3974.536484375,128,-1828.9064843749998,0,0.5
2086,user_17,4908.71,2026-08-03 07:39:37.153465,Walmart,send,Mumbai,iOS,1,7,8,4,2,3,2,4173.412348484848,132,735.2976515151522,0,0.5
2087,user_35,10068.15,2026-08-04 07:02:43.153465,Amazon,request,Delhi,Web,0,7,28,0,1,2,1,15800.978582677166,127,-5732.828582677166,0,0.2
2088,user_42,13600.5,2026-08-05 15:12:34.153465,Amazon,send,Pune,iOS,1,15,36,0,2,4,2,4749.498305084746,118,8851.001694915254,0,0.5
2089,user_24,6419.47,2026-08-29 11:08:26.153465,Swiggy,refund,Chennai,Android,0,11,16,3,0,1,0,20664.321171875,128,-14244.851171874998,0,0.1
2090,user_44,5318.37,2026-09-06 10:41:39.153465,Walmart,send,Chennai,Web,0,10,38,4,2,1,1,17327.384636363637,110,-12009.014636363638,0,0.2
2091,user_50,1142.82,2026-08-06 13:49:35.153465,Zomato,send,Mumbai,Android,0,13,45,5,2,3,0,4276.488269230769,104,-3133.6682692307695,0,0.1
2092,user_3,41093.79,2026-08-01 21:37:48.153465,Flipkart,send,Pune,Web,0,21,22,1,2,4,1,51628.90211538462,104,-10535.112115384618,0,0.2
2093,user_32,2796.17,2026-07-25 21:41:19.153465,Walmart,request,Delhi,iOS,0,21,25,4,1,2,2,3596.741,130,-800.5709999999999,0,0.5
2094,user_12,47148.66,2026-09-12 08:53:20.153465,Flipkart,request,Chennai,Android,0,8,3,1,1,1,0,52530.11026548673,113,-5381.450265486725,0,0.1
2095,user_18,4461.83,2026-09-13 02:07:34.153465,Flipkart,request,Mumbai,iOS,1,2,9,1,1,3,2,4267.170924369748,119,194.65907563025212,1,0.5
2096,user_37,58025.31,2026-07-28 19:19:17.153465,Swiggy,refund,Mumbai,Web,1,19,30,3,0,3,1,15907.096030534352,131,42118.21396946564,0,0.2
2097,user_21,2005.38,2026-08-04 09:43:52.153465,Flipkart,send,Delhi,iOS,0,9,13,1,2,2,2,4244.438115942029,138,-2239.058115942029,0,0.5
2098,user_22,37998.04,2026-09-03 15:40:20.153465,Walmart,refund,Pune,Android,0,15,14,4,0,4,0,18343.150086206897,116,19654.889913793104,0,0.1
2099,user_18,4347.06,2026-07-28 08:03:19.153465,Paytm,refund,Chennai,Web,0,8,9,2,0,1,1,4267.170924369748,119,79.88907563025259,0,0.2
2100,user_6,478.47,2026-07-29 22:50:30.153465,Flipkart,send,Delhi,Web,0,22,46,1,2,2,1,3699.0514728682174,129,-3220.581472868217,0,0.2
2101,user_48,327.47,2026-08-31 04:08:13.153465,Swiggy,send,Mumbai,iOS,0,4,42,3,2,3,2,4029.46368852459,122,-3701.9936885245897,1,0.5
2102,user_13,11946.05,2026-09-01 20:16:46.153465,Swiggy,request,Chennai,iOS,0,20,4,3,1,1,2,16363.8575,124,-4417.807500000001,0,0.5
2103,user_37,18423.6,2026-07-21 18:47:13.153465,Swiggy,request,Delhi,Android,1,18,30,3,1,2,0,15907.096030534352,131,2516.503969465646,0,0.1
2104,user_37,5196.35,2026-09-12 12:05:45.153465,Flipkart,refund,Delhi,Android,0,12,30,1,0,2,0,15907.096030534352,131,-10710.746030534352,0,0.1
2105,user_45,2217.0,2026-09-09 22:06:28.153465,Swiggy,request,Delhi,iOS,0,22,39,3,1,2,2,3748.3989344262295,122,-1531.3989344262295,0,0.5
2106,user_33,4968.43,2026-09-12 05:23:47.153465,Zomato,send,Bangalore,Web,1,5,26,5,2,0,1,3974.536484375,128,993.8935156250004,1,0.2
2107,user_9,3032.46,2026-09-07 12:35:49.153465,Paytm,send,Delhi,iOS,1,12,49,2,2,2,2,4747.313999999999,110,-1714.8539999999994,0,0.5
2108,user_17,1495.32,2026-07-22 11:16:43.153465,Amazon,refund,Pune,Web,0,11,8,0,0,4,1,4173.412348484848,132,-2678.092348484848,0,0.2
2109,user_6,4229.09,2026-08-02 09:08:41.153465,Zomato,request,Mumbai,Android,0,9,46,5,1,3,0,3699.0514728682174,129,530.0385271317828,0,0.1
2110,user_42,3450.97,2026-07-29 19:14:16.153465,Amazon,refund,Pune,Android,0,19,36,0,0,4,0,4749.498305084746,118,-1298.528305084746,0,0.1
2111,user_37,15972.82,2026-08-20 01:40:15.153465,Zomato,request,Mumbai,iOS,0,1,30,5,1,3,2,15907.096030534352,131,65.72396946564731,1,0.5
2112,user_24,6588.15,2026-08-07 04:53:42.153465,Swiggy,send,Pune,Web,0,4,16,3,2,4,1,20664.321171875,128,-14076.171171875,1,0.2
2113,user_40,14580.1,2026-08-20 01:09:02.153465,Amazon,refund,Pune,Web,1,1,34,0,0,4,1,18950.453564356438,101,-4370.353564356437,1,0.2
2114,user_46,972.19,2026-09-11 00:44:41.153465,Amazon,send,Bangalore,iOS,0,0,40,0,2,0,2,4824.613684210526,133,-3852.423684210526,1,0.5
2115,user_30,5861.33,2026-09-09 15:18:43.153465,Paytm,refund,Chennai,Web,0,15,23,2,0,1,1,20780.866470588233,119,-14919.536470588233,0,0.2
2116,user_42,910.38,2026-07-30 05:46:54.153465,Paytm,request,Pune,Android,0,5,36,2,1,4,0,4749.498305084746,118,-3839.1183050847458,1,0.1
2117,user_35,14164.44,2026-09-12 06:24:38.153465,Paytm,send,Mumbai,Android,0,6,28,2,2,3,0,15800.978582677166,127,-1636.5385826771653,1,0.1
2118,user_43,10793.2,2026-09-01 21:01:54.153465,Swiggy,refund,Chennai,iOS,0,21,37,3,0,1,2,15429.552764227643,123,-4636.352764227642,0,0.5
2119,user_48,4884.23,2026-08-28 04:31:02.153465,Paytm,request,Chennai,iOS,0,4,42,2,1,1,2,4029.46368852459,122,854.7663114754096,1,0.5
2120,user_4,3977.78,2026-08-26 22:35:05.153465,Flipkart,send,Chennai,Android,0,22,33,1,2,1,0,4960.130344827586,116,-982.3503448275856,0,0.1
2121,user_17,7682.63,2026-08-31 17:33:43.153465,Zomato,request,Pune,Web,1,17,8,5,1,4,1,4173.412348484848,132,3509.2176515151523,0,0.2
2122,user_18,3025.47,2026-09-12 07:47:36.153465,Zomato,refund,Bangalore,Android,0,7,9,5,0,0,0,4267.170924369748,119,-1241.700924369748,0,0.1
2123,user_12,27339.22,2026-09-02 23:05:19.153465,Swiggy,request,Chennai,Web,1,23,3,3,1,1,1,52530.11026548673,113,-25190.890265486727,0,0.2
2124,user_48,851.69,2026-08-25 04:03:57.153465,Zomato,request,Mumbai,Android,0,4,42,5,1,3,0,4029.46368852459,122,-3177.77368852459,1,0.1
2125,user_17,3460.58,2026-08-22 21:42:35.153465,Zomato,request,Chennai,iOS,0,21,8,5,1,1,2,4173.412348484848,132,-712.8323484848479,0,0.5
2126,user_15,14859.79,2026-09-04 18:30:37.153465,Walmart,request,Bangalore,Android,0,18,6,4,1,0,0,17357.696608695653,115,-2497.906608695652,0,0.1
2127,user_40,10059.08,2026-08-21 22:00:44.153465,Zomato,refund,Chennai,Web,0,22,34,5,0,1,1,18950.453564356438,101,-8891.373564356438,0,0.2
2128,user_33,11632.29,2026-08-06 04:22:12.153465,Paytm,request,Mumbai,Web,1,4,26,2,1,3,1,3974.536484375,128,7657.7535156250015,1,0.2
2129,user_46,4368.65,2026-08-17 11:18:55.153465,Walmart,request,Delhi,iOS,0,11,40,4,1,2,2,4824.613684210526,133,-455.9636842105265,0,0.5
2130,user_10,12074.51,2026-07-27 07:07:14.153465,Flipkart,refund,Delhi,Android,1,7,1,1,0,2,0,4115.205169491525,118,7959.304830508475,0,0.1
2131,user_11,28905.56,2026-09-05 08:22:34.153465,Walmart,request,Chennai,Android,1,8,2,4,1,1,0,3819.240342465753,146,25086.319657534248,0,0.1
2132,user_50,4997.63,2026-08-23 01:22:00.153465,Swiggy,send,Delhi,Web,1,1,45,3,2,2,1,4276.488269230769,104,721.1417307692309,1,0.2
2133,user_4,11397.92,2026-08-23 16:07:20.153465,Zomato,refund,Chennai,iOS,1,16,33,5,0,1,2,4960.130344827586,116,6437.789655172414,0,0.5
2134,user_47,4842.74,2026-08-14 19:40:17.153465,Zomato,refund,Chennai,Web,1,19,41,5,0,1,1,3883.282635658915,129,959.4573643410849,0,0.2
2135,user_24,15381.57,2026-07-29 18:02:49.153465,Swiggy,refund,Bangalore,Android,0,18,16,3,0,0,0,20664.321171875,128,-5282.751171874999,0,0.1
2136,user_4,2798.59,2026-08-24 15:37:02.153465,Paytm,request,Chennai,Web,0,15,33,2,1,1,1,4960.130344827586,116,-2161.5403448275856,0,0.2
2137,user_15,13212.75,2026-08-08 02:53:37.153465,Walmart,send,Mumbai,Android,0,2,6,4,2,3,0,17357.696608695653,115,-4144.946608695653,1,0.1
2138,user_39,1083.48,2026-09-10 21:52:13.153465,Swiggy,refund,Bangalore,iOS,0,21,32,3,0,0,2,4488.573909090909,110,-3405.093909090909,0,0.5
2139,user_32,3056.07,2026-09-06 10:59:04.153465,Walmart,refund,Delhi,iOS,0,10,25,4,0,2,2,3596.741,130,-540.6709999999998,0,0.5
2140,user_44,13038.92,2026-08-12 03:24:52.153465,Amazon,request,Mumbai,Android,0,3,38,0,1,3,0,17327.384636363637,110,-4288.464636363637,1,0.1
2141,user_41,3244.36,2026-08-10 15:50:06.153465,Swiggy,refund,Delhi,Web,0,15,35,3,0,2,1,4057.624609375,128,-813.264609375,0,0.2
2142,user_11,1684.55,2026-08-28 19:56:48.153465,Amazon,refund,Delhi,Android,1,19,2,0,0,2,0,3819.240342465753,146,-2134.690342465753,0,0.1
2143,user_6,3753.84,2026-08-05 18:14:57.153465,Zomato,request,Mumbai,iOS,1,18,46,5,1,3,2,3699.0514728682174,129,54.78852713178276,0,0.5
2144,user_24,16133.78,2026-08-09 14:08:35.153465,Amazon,send,Chennai,Android,0,14,16,0,2,1,0,20664.321171875,128,-4530.541171874998,0,0.1
2145,user_23,5896.59,2026-08-04 18:22:20.153465,Walmart,send,Pune,Android,0,18,15,4,2,4,0,21876.48723880597,134,-15979.89723880597,0,0.1
2146,user_50,4842.87,2026-07-30 10:33:12.153465,Swiggy,request,Mumbai,iOS,1,10,45,3,1,3,2,4276.488269230769,104,566.3817307692307,0,0.5
2147,user_35,12413.74,2026-09-04 02:09:42.153465,Paytm,send,Bangalore,iOS,0,2,28,2,2,0,2,15800.978582677166,127,-3387.238582677166,1,0.5
2148,user_7,34031.12,2026-08-01 23:07:19.153465,Flipkart,send,Pune,iOS,0,23,47,1,2,4,2,60187.18528,125,-26156.065279999995,0,0.5
2149,user_33,4380.68,2026-09-14 11:31:31.153465,Paytm,send,Mumbai,Web,0,11,26,2,2,3,1,3974.536484375,128,406.1435156250004,0,0.2
2150,user_11,4034.31,2026-08-13 00:31:08.153465,Swiggy,request,Chennai,iOS,0,0,2,3,1,1,2,3819.240342465753,146,215.06965753424674,1,0.5
2151,user_22,14702.17,2026-07-22 20:08:26.153465,Paytm,request,Mumbai,iOS,0,20,14,2,1,3,2,18343.150086206897,116,-3640.980086206897,0,0.5
2152,user_17,3957.27,2026-08-10 14:12:18.153465,Paytm,request,Bangalore,Android,0,14,8,2,1,0,0,4173.412348484848,132,-216.14234848484784,0,0.1
2153,user_45,2566.22,2026-08-16 13:07:15.153465,Flipkart,refund,Mumbai,Android,0,13,39,1,0,3,0,3748.3989344262295,122,-1182.1789344262297,0,0.1
2154,user_41,2686.42,2026-08-04 11:04:09.153465,Flipkart,send,Bangalore,Android,0,11,35,1,2,0,0,4057.624609375,128,-1371.204609375,0,0.1
2155,user_27,6563.97,2026-07-23 07:39:19.153465,Amazon,send,Chennai,Android,0,7,19,0,2,1,0,18537.69881355932,118,-11973.728813559319,0,0.1
2156,user_20,9864.84,2026-08-18 06:21:16.153465,Zomato,send,Bangalore,iOS,0,6,12,5,2,0,2,19935.082280701754,114,-10070.242280701754,1,0.5
2157,user_10,3163.75,2026-07-23 18:41:28.153465,Walmart,refund,Mumbai,Android,1,18,1,4,0,3,0,4115.205169491525,118,-951.4551694915253,0,0.1
2158,user_33,1468.75,2026-09-04 20:53:23.153465,Swiggy,request,Pune,Web,0,20,26,3,1,4,1,3974.536484375,128,-2505.786484375,0,0.2
2159,user_9,783.51,2026-09-18 02:54:48.153465,Amazon,request,Pune,Android,0,2,49,0,1,4,0,4747.313999999999,110,-3963.803999999999,1,0.1
2160,user_30,15042.65,2026-09-06 18:19:55.153465,Amazon,send,Bangalore,iOS,0,18,23,0,2,0,2,20780.866470588233,119,-5738.216470588233,0,0.5
2161,user_30,34562.58,2026-08-22 19:22:13.153465,Swiggy,request,Mumbai,Android,1,19,23,3,1,3,0,20780.866470588233,119,13781.713529411769,0,0.1
2162,user_20,11196.09,2026-08-02 12:27:12.153465,Paytm,request,Mumbai,iOS,0,12,12,2,1,3,2,19935.082280701754,114,-8738.992280701754,0,0.5
2163,user_1,3003.71,2026-08-28 18:09:35.153465,Paytm,request,Bangalore,iOS,0,18,0,2,1,0,2,4037.2688695652173,115,-1033.5588695652173,0,0.5
2164,user_17,1001.59,2026-09-17 13:54:15.153465,Amazon,send,Mumbai,iOS,0,13,8,0,2,3,2,4173.412348484848,132,-3171.8223484848477,0,0.5
2165,user_7,46339.5,2026-08-27 21:13:01.153465,Swiggy,refund,Delhi,Web,0,21,47,3,0,2,1,60187.18528,125,-13847.685279999998,0,0.2
2166,user_22,8783.55,2026-08-18 23:05:01.153465,Amazon,refund,Delhi,Android,0,23,14,0,0,2,0,18343.150086206897,116,-9559.600086206898,0,0.1
2167,user_11,573.88,2026-09-01 11:55:51.153465,Zomato,send,Delhi,Web,0,11,2,5,2,2,1,3819.240342465753,146,-3245.360342465753,0,0.2
2168,user_38,17192.2,2026-08-27 01:41:34.153465,Walmart,request,Delhi,Android,0,1,31,4,1,2,0,17814.76077586207,116,-622.5607758620681,1,0.1
2169,user_25,3295.54,2026-08-15 17:01:12.153465,Paytm,refund,Mumbai,Android,0,17,17,2,0,3,0,3615.32544,125,-319.7854400000001,0,0.1
2170,user_9,12043.92,2026-09-19 08:45:38.153465,Walmart,request,Mumbai,iOS,0,8,49,4,1,3,2,4747.313999999999,110,7296.606000000001,0,0.5
2171,user_37,15685.98,2026-09-05 18:15:26.153465,Flipkart,request,Bangalore,iOS,0,18,30,1,1,0,2,15907.096030534352,131,-221.11603053435283,0,0.5
2172,user_32,2948.74,2026-08-04 12:28:26.153465,Zomato,request,Delhi,Web,0,12,25,5,1,2,1,3596.741,130,-648.0010000000002,0,0.2
2173,user_15,10831.16,2026-08-15 08:54:07.153465,Amazon,send,Pune,iOS,0,8,6,0,2,4,2,17357.696608695653,115,-6526.536608695653,0,0.5
2174,user_35,15355.84,2026-09-13 06:56:06.153465,Amazon,request,Pune,iOS,0,6,28,0,1,4,2,15800.978582677166,127,-445.1385826771657,1,0.5
2175,user_4,1748.58,2026-07-30 20:37:23.153465,Walmart,send,Chennai,Web,0,20,33,4,2,1,1,4960.130344827586,116,-3211.550344827586,0,0.2
2176,user_5,13024.06,2026-08-27 01:49:25.153465,Paytm,refund,Delhi,iOS,0,1,44,2,0,2,2,21765.65124031008,129,-8741.59124031008,1,0.5
2177,user_13,17206.17,2026-08-20 09:19:35.153465,Amazon,refund,Delhi,Android,1,9,4,0,0,2,0,16363.8575,124,842.3124999999982,0,0.1
2178,user_46,7574.01,2026-09-08 03:58:50.153465,Zomato,send,Chennai,Web,1,3,40,5,2,1,1,4824.613684210526,133,2749.396315789474,1,0.2
2179,user_26,14905.14,2026-08-14 23:05:04.153465,Paytm,refund,Pune,Web,1,23,18,2,0,4,1,4396.555663716814,113,10508.584336283186,0,0.2
2180,user_34,2903.54,2026-09-09 11:54:14.153465,Paytm,refund,Chennai,iOS,0,11,27,2,0,1,2,4524.1720000000005,120,-1620.6320000000005,0,0.5
2181,user_35,9537.11,2026-09-03 01:51:02.153465,Swiggy,request,Mumbai,iOS,0,1,28,3,1,3,2,15800.978582677166,127,-6263.868582677165,1,0.5
2182,user_32,13487.95,2026-07-27 18:40:43.153465,Flipkart,refund,Pune,Android,1,18,25,1,0,4,0,3596.741,130,9891.209,0,0.1
2183,user_13,52411.79,2026-07-26 12:49:10.153465,Paytm,request,Chennai,Android,1,12,4,2,1,1,0,16363.8575,124,36047.9325,0,0.1
2184,user_22,17579.68,2026-09-11 11:38:53.153465,Flipkart,refund,Delhi,Android,0,11,14,1,0,2,0,18343.150086206897,116,-763.4700862068967,0,0.1
2185,user_9,4109.96,2026-09-14 15:50:32.153465,Walmart,request,Pune,Android,0,15,49,4,1,4,0,4747.313999999999,110,-637.3539999999994,0,0.1
2186,user_13,13758.93,2026-08-29 17:18:45.153465,Flipkart,refund,Chennai,Web,0,17,4,1,0,1,1,16363.8575,124,-2604.9275,0,0.2
2187,user_5,54752.68,2026-07-31 00:14:14.153465,Zomato,refund,Pune,iOS,1,0,44,5,0,4,2,21765.65124031008,129,32987.02875968992,1,0.5
2188,user_41,3186.85,2026-08-08 17:27:28.153465,Swiggy,request,Delhi,iOS,0,17,35,3,1,2,2,4057.624609375,128,-870.7746093750002,0,0.5
2189,user_46,3332.45,2026-08-18 07:26:12.153465,Walmart,request,Delhi,iOS,0,7,40,4,1,2,2,4824.613684210526,133,-1492.1636842105263,0,0.5
2190,user_47,4918.72,2026-08-20 03:24:07.153465,Walmart,send,Chennai,iOS,1,3,41,4,2,1,2,3883.282635658915,129,1035.4373643410854,1,0.5
2191,user_7,33135.12,2026-07-22 23:50:50.153465,Walmart,request,Bangalore,Web,0,23,47,4,1,0,1,60187.18528,125,-27052.065279999995,0,0.2
2192,user_20,18783.61,2026-08-31 21:02:25.153465,Zomato,refund,Chennai,iOS,0,21,12,5,0,1,2,19935.082280701754,114,-1151.4722807017533,0,0.5
2193,user_17,1046.64,2026-08-31 03:23:27.153465,Swiggy,send,Mumbai,Android,0,3,8,3,2,3,0,4173.412348484848,132,-3126.7723484848475,1,0.1
2194,user_40,12158.15,2026-08-01 19:20:35.153465,Swiggy,refund,Pune,iOS,0,19,34,3,0,4,2,18950.453564356438,101,-6792.303564356438,0,0.5
2195,user_50,8061.37,2026-09-18 15:57:48.153465,Amazon,send,Delhi,Web,1,15,45,0,2,2,1,4276.488269230769,104,3784.8817307692307,0,0.2
2196,user_8,2847.61,2026-07-25 23:54:41.153465,Swiggy,request,Bangalore,iOS,0,23,48,3,1,0,2,4162.542654867257,113,-1314.9326548672566,0,0.5
2197,user_4,11137.58,2026-07-27 19:44:12.153465,Zomato,refund,Mumbai,Web,1,19,33,5,0,3,1,4960.130344827586,116,6177.449655172414,0,0.2
2198,user_35,19974.6,2026-08-18 21:31:03.153465,Zomato,send,Bangalore,iOS,0,21,28,5,2,0,2,15800.978582677166,127,4173.621417322833,0,0.5
2199,user_25,10928.19,2026-08-19 13:48:08.153465,Swiggy,refund,Delhi,iOS,0,13,17,3,0,2,2,3615.32544,125,7312.86456,0,0.5
2200,user_35,7430.4,2026-09-08 06:30:34.153465,Amazon,send,Chennai,iOS,0,6,28,0,2,1,2,15800.978582677166,127,-8370.578582677166,1,0.5
2201,user_38,7817.36,2026-08-19 06:58:40.153465,Swiggy,send,Chennai,Android,0,6,31,3,2,1,0,17814.76077586207,116,-9997.400775862068,1,0.1
2202,user_47,4756.46,2026-08-21 02:39:49.153465,Walmart,request,Chennai,Android,1,2,41,4,1,1,0,3883.282635658915,129,873.1773643410852,1,0.1
2203,user_41,4144.5,2026-08-14 08:39:11.153465,Zomato,refund,Pune,iOS,0,8,35,5,0,4,2,4057.624609375,128,86.87539062499991,0,0.5
2204,user_37,8743.84,2026-09-01 19:59:26.153465,Paytm,send,Mumbai,Web,0,19,30,2,2,3,1,15907.096030534352,131,-7163.256030534352,0,0.2
2205,user_30,7529.06,2026-07-27 14:00:56.153465,Paytm,refund,Bangalore,Android,0,14,23,2,0,0,0,20780.866470588233,119,-13251.806470588232,0,0.1
2206,user_25,1081.64,2026-09-02 17:04:13.153465,Zomato,send,Mumbai,Android,0,17,17,5,2,3,0,3615.32544,125,-2533.68544,0,0.1
2207,user_30,6693.98,2026-08-23 03:26:17.153465,Paytm,refund,Delhi,iOS,0,3,23,2,0,2,2,20780.866470588233,119,-14086.886470588233,1,0.5
2208,user_43,7112.41,2026-08-10 01:45:23.153465,Zomato,send,Pune,Android,0,1,37,5,2,4,0,15429.552764227643,123,-8317.142764227643,1,0.1
2209,user_38,6338.67,2026-07-25 06:39:09.153465,Swiggy,refund,Pune,iOS,0,6,31,3,0,4,2,17814.76077586207,116,-11476.090775862069,1,0.5
2210,user_41,524.26,2026-08-17 17:25:40.153465,Amazon,send,Pune,Android,1,17,35,0,2,4,0,4057.624609375,128,-3533.3646093750003,0,0.1
2211,user_46,3907.12,2026-08-30 16:46:10.153465,Amazon,request,Mumbai,Web,0,16,40,0,1,3,1,4824.613684210526,133,-917.4936842105262,0,0.2
2212,user_45,598.21,2026-08-16 03:28:45.153465,Swiggy,refund,Mumbai,Web,1,3,39,3,0,3,1,3748.3989344262295,122,-3150.1889344262295,1,0.2
2213,user_38,14991.02,2026-08-13 12:03:55.153465,Zomato,send,Delhi,Android,0,12,31,5,2,2,0,17814.76077586207,116,-2823.7407758620684,0,0.1
2214,user_19,717.11,2026-08-25 20:58:37.153465,Flipkart,request,Chennai,iOS,0,20,10,1,1,1,2,3644.202786885246,122,-2927.092786885246,0,0.5
2215,user_41,4597.86,2026-09-03 10:27:36.153465,Swiggy,request,Mumbai,Android,1,10,35,3,1,3,0,4057.624609375,128,540.2353906249996,0,0.1
2216,user_32,1196.56,2026-09-04 22:53:08.153465,Flipkart,send,Mumbai,Android,1,22,25,1,2,3,0,3596.741,130,-2400.181,0,0.1
2217,user_23,19277.01,2026-09-03 13:11:00.153465,Walmart,request,Delhi,iOS,0,13,15,4,1,2,2,21876.48723880597,134,-2599.477238805972,0,0.5
2218,user_39,848.55,2026-08-08 01:13:46.153465,Walmart,send,Mumbai,iOS,0,1,32,4,2,3,2,4488.573909090909,110,-3640.023909090909,1,0.5
2219,user_16,3003.2,2026-09-01 12:41:38.153465,Amazon,refund,Bangalore,iOS,0,12,7,0,0,0,2,3660.321525423729,118,-657.121525423729,0,0.5
2220,user_21,346.12,2026-07-24 02:12:56.153465,Paytm,send,Pune,Web,0,2,13,2,2,4,1,4244.438115942029,138,-3898.318115942029,1,0.2
2221,user_31,1512.48,2026-09-05 05:24:53.153465,Flipkart,request,Delhi,Web,0,5,24,1,1,2,1,4894.9887499999995,96,-3382.5087499999995,1,0.2
2222,user_23,5204.33,2026-08-22 08:41:22.153465,Amazon,refund,Chennai,Web,0,8,15,0,0,1,1,21876.48723880597,134,-16672.157238805972,0,0.2
2223,user_6,1642.4,2026-08-13 00:39:18.153465,Flipkart,refund,Delhi,Web,0,0,46,1,0,2,1,3699.0514728682174,129,-2056.6514728682173,1,0.2
2224,user_10,4371.59,2026-07-23 10:26:30.153465,Paytm,send,Bangalore,Android,0,10,1,2,2,0,0,4115.205169491525,118,256.3848305084748,0,0.1
2225,user_5,13040.77,2026-07-31 18:50:35.153465,Walmart,refund,Delhi,Web,0,18,44,4,0,2,1,21765.65124031008,129,-8724.881240310078,0,0.2
2226,user_19,2559.05,2026-08-22 08:04:21.153465,Paytm,request,Bangalore,Web,0,8,10,2,1,0,1,3644.202786885246,122,-1085.1527868852459,0,0.2
2227,user_46,408.44,2026-08-08 17:54:53.153465,Flipkart,request,Mumbai,iOS,0,17,40,1,1,3,2,4824.613684210526,133,-4416.1736842105265,0,0.5
2228,user_33,4886.74,2026-07-27 17:37:15.153465,Paytm,send,Chennai,Android,0,17,26,2,2,1,0,3974.536484375,128,912.2035156249999,0,0.1
2229,user_2,39896.15,2026-08-17 14:39:33.153465,Walmart,send,Mumbai,Android,0,14,11,4,2,3,0,47401.46406779661,118,-7505.314067796608,0,0.1
2230,user_33,2441.75,2026-08-22 11:32:57.153465,Paytm,send,Delhi,iOS,0,11,26,2,2,2,2,3974.536484375,128,-1532.7864843749999,0,0.5
2231,user_7,40808.65,2026-09-11 01:59:51.153465,Zomato,request,Pune,Web,0,1,47,5,1,4,1,60187.18528,125,-19378.535279999996,1,0.2
2232,user_38,15428.71,2026-09-18 21:54:59.153465,Amazon,send,Bangalore,iOS,0,21,31,0,2,0,2,17814.76077586207,116,-2386.0507758620697,0,0.5
2233,user_5,5831.72,2026-08-15 01:44:03.153465,Swiggy,request,Chennai,Android,0,1,44,3,1,1,0,21765.65124031008,129,-15933.931240310078,1,0.1
2234,user_1,1067.67,2026-07-24 23:38:59.153465,Flipkart,request,Pune,Web,0,23,0,1,1,4,1,4037.2688695652173,115,-2969.5988695652172,0,0.2
2235,user_19,2947.32,2026-08-11 04:41:35.153465,Walmart,send,Bangalore,Android,0,4,10,4,2,0,0,3644.202786885246,122,-696.8827868852459,1,0.1
2236,user_8,4806.69,2026-08-09 03:44:07.153465,Paytm,send,Mumbai,Android,0,3,48,2,2,3,0,4162.542654867257,113,644.1473451327429,1,0.1
2237,user_23,75471.4,2026-09-04 08:18:16.153465,Walmart,refund,Mumbai,Web,0,8,15,4,0,3,1,21876.48723880597,134,53594.91276119402,0,0.2
2238,user_12,131393.05,2026-08-25 20:17:33.153465,Amazon,send,Bangalore,iOS,1,20,3,0,2,0,2,52530.11026548673,113,78862.93973451326,0,0.5
2239,user_47,840.23,2026-08-13 06:43:05.153465,Flipkart,send,Chennai,Android,0,6,41,1,2,1,0,3883.282635658915,129,-3043.052635658915,1,0.1
2240,user_26,37558.12,2026-08-04 22:11:55.153465,Amazon,refund,Pune,iOS,0,22,18,0,0,4,2,4396.555663716814,113,33161.56433628319,0,0.5
2241,user_7,199164.23,2026-08-01 03:33:45.153465,Amazon,refund,Chennai,Web,1,3,47,0,0,1,1,60187.18528,125,138977.04472,1,0.2
2242,user_6,4669.01,2026-08-23 14:38:51.153465,Swiggy,request,Chennai,Web,0,14,46,3,1,1,1,3699.0514728682174,129,969.9585271317828,0,0.2
2243,user_49,50926.17,2026-07-25 04:54:53.153465,Zomato,send,Mumbai,Web,1,4,43,5,2,3,1,19333.43277227723,101,31592.73722772277,1,0.2
2244,user_14,14898.89,2026-08-22 17:08:50.153465,Zomato,send,Delhi,Android,0,17,5,5,2,2,0,18284.780597014927,134,-3385.890597014928,0,0.1
2245,user_21,1744.99,2026-08-21 02:08:00.153465,Amazon,request,Bangalore,Web,0,2,13,0,1,0,1,4244.438115942029,138,-2499.4481159420293,1,0.2
2246,user_11,3360.17,2026-09-01 12:29:30.153465,Zomato,send,Chennai,iOS,0,12,2,5,2,1,2,3819.240342465753,146,-459.07034246575313,0,0.5
2247,user_45,547.64,2026-08-27 07:57:58.153465,Zomato,refund,Pune,Android,0,7,39,5,0,4,0,3748.3989344262295,122,-3200.7589344262296,0,0.1
2248,user_5,5698.56,2026-08-02 01:03:27.153465,Walmart,request,Mumbai,iOS,0,1,44,4,1,3,2,21765.65124031008,129,-16067.091240310077,1,0.5
2249,user_39,4648.0,2026-07-25 02:55:17.153465,Flipkart,send,Pune,Web,0,2,32,1,2,4,1,4488.573909090909,110,159.42609090909082,1,0.2
2250,user_13,6005.84,2026-08-07 14:08:16.153465,Walmart,refund,Chennai,iOS,0,14,4,4,0,1,2,16363.8575,124,-10358.0175,0,0.5
2251,user_26,3522.24,2026-09-03 02:03:07.153465,Paytm,refund,Mumbai,Web,1,2,18,2,0,3,1,4396.555663716814,113,-874.315663716814,1,0.2
2252,user_38,18321.82,2026-08-01 04:40:22.153465,Amazon,refund,Delhi,iOS,1,4,31,0,0,2,2,17814.76077586207,116,507.05922413793087,1,0.5
2253,user_6,512.13,2026-09-05 18:02:02.153465,Paytm,refund,Mumbai,iOS,0,18,46,2,0,3,2,3699.0514728682174,129,-3186.9214728682173,0,0.5
2254,user_16,835.26,2026-08-05 08:49:38.153465,Swiggy,request,Pune,Web,0,8,7,3,1,4,1,3660.321525423729,118,-2825.061525423729,0,0.2
2255,user_48,3224.62,2026-08-24 13:37:46.153465,Walmart,send,Chennai,iOS,0,13,42,4,2,1,2,4029.46368852459,122,-804.8436885245901,0,0.5
2256,user_5,8931.97,2026-08-14 09:47:10.153465,Zomato,send,Mumbai,Android,0,9,44,5,2,3,0,21765.65124031008,129,-12833.68124031008,0,0.1
2257,user_24,7657.72,2026-08-30 07:36:31.153465,Swiggy,send,Pune,Web,0,7,16,3,2,4,1,20664.321171875,128,-13006.601171874998,0,0.2
2258,user_22,13799.61,2026-09-11 17:24:30.153465,Flipkart,refund,Pune,Android,0,17,14,1,0,4,0,18343.150086206897,116,-4543.540086206896,0,0.1
2259,user_24,56097.04,2026-09-18 16:28:47.153465,Zomato,refund,Mumbai,iOS,1,16,16,5,0,3,2,20664.321171875,128,35432.718828125,0,0.5
2260,user_45,1461.07,2026-08-14 19:53:10.153465,Flipkart,send,Chennai,Web,1,19,39,1,2,1,1,3748.3989344262295,122,-2287.3289344262294,0,0.2
2261,user_42,3472.77,2026-08-21 18:42:21.153465,Swiggy,refund,Delhi,iOS,0,18,36,3,0,2,2,4749.498305084746,118,-1276.728305084746,0,0.5
2262,user_15,9567.9,2026-08-26 21:17:20.153465,Paytm,request,Bangalore,Android,1,21,6,2,1,0,0,17357.696608695653,115,-7789.796608695653,0,0.1
2263,user_32,239.49,2026-08-13 04:36:20.153465,Flipkart,send,Delhi,Android,0,4,25,1,2,2,0,3596.741,130,-3357.251,1,0.1
2264,user_22,19437.72,2026-08-16 16:44:53.153465,Swiggy,send,Delhi,iOS,0,16,14,3,2,2,2,18343.150086206897,116,1094.5699137931042,0,0.5
2265,user_31,2805.38,2026-08-26 10:34:11.153465,Swiggy,send,Chennai,iOS,0,10,24,3,2,1,2,4894.9887499999995,96,-2089.6087499999994,0,0.5
2266,user_32,3618.95,2026-08-09 15:59:40.153465,Amazon,request,Mumbai,Web,0,15,25,0,1,3,1,3596.741,130,22.208999999999833,0,0.2
2267,user_9,2094.54,2026-09-13 14:15:02.153465,Swiggy,send,Delhi,Android,0,14,49,3,2,2,0,4747.313999999999,110,-2652.7739999999994,0,0.1
2268,user_11,3247.56,2026-08-03 07:50:46.153465,Zomato,refund,Bangalore,iOS,0,7,2,5,0,0,2,3819.240342465753,146,-571.6803424657533,0,0.5
2269,user_2,57089.23,2026-09-03 15:14:17.153465,Zomato,send,Pune,iOS,0,15,11,5,2,4,2,47401.46406779661,118,9687.765932203394,0,0.5
2270,user_21,1761.39,2026-09-15 13:31:21.153465,Zomato,send,Chennai,Android,0,13,13,5,2,1,0,4244.438115942029,138,-2483.0481159420287,0,0.1
2271,user_44,8847.01,2026-07-22 08:16:39.153465,Walmart,send,Bangalore,iOS,0,8,38,4,2,0,2,17327.384636363637,110,-8480.374636363636,0,0.5
2272,user_23,48710.34,2026-09-18 05:20:23.153465,Amazon,refund,Mumbai,iOS,1,5,15,0,0,3,2,21876.48723880597,134,26833.852761194026,1,0.5
2273,user_8,8943.26,2026-09-13 03:29:25.153465,Flipkart,send,Delhi,Android,1,3,48,1,2,2,0,4162.542654867257,113,4780.7173451327435,1,0.1
2274,user_35,17056.12,2026-09-04 04:36:57.153465,Swiggy,send,Mumbai,iOS,0,4,28,3,2,3,2,15800.978582677166,127,1255.1414173228331,1,0.5
2275,user_13,17267.55,2026-08-27 05:24:15.153465,Amazon,refund,Delhi,Android,0,5,4,0,0,2,0,16363.8575,124,903.6924999999992,1,0.1
2276,user_24,5528.75,2026-08-26 12:03:02.153465,Amazon,send,Bangalore,Web,1,12,16,0,2,0,1,20664.321171875,128,-15135.571171874999,0,0.2
2277,user_21,2157.55,2026-08-07 19:09:51.153465,Zomato,request,Mumbai,Android,0,19,13,5,1,3,0,4244.438115942029,138,-2086.888115942029,0,0.1
2278,user_43,18407.93,2026-08-18 06:44:01.153465,Zomato,refund,Chennai,Web,0,6,37,5,0,1,1,15429.552764227643,123,2978.3772357723574,1,0.2
2279,user_29,2320.99,2026-09-01 22:20:07.153465,Swiggy,send,Mumbai,Android,0,22,21,3,2,3,0,4165.22631147541,122,-1844.2363114754098,0,0.1
2280,user_48,416.01,2026-08-02 06:15:21.153465,Walmart,refund,Delhi,iOS,0,6,42,4,0,2,2,4029.46368852459,122,-3613.45368852459,1,0.5
2281,user_5,17370.13,2026-08-08 04:42:33.153465,Flipkart,request,Chennai,Android,0,4,44,1,1,1,0,21765.65124031008,129,-4395.521240310078,1,0.1
2282,user_42,527.54,2026-09-13 06:01:07.153465,Flipkart,refund,Chennai,iOS,0,6,36,1,0,1,2,4749.498305084746,118,-4221.958305084746,1,0.5
2283,user_12,48064.67,2026-07-28 09:38:49.153465,Paytm,send,Pune,iOS,0,9,3,2,2,4,2,52530.11026548673,113,-4465.44026548673,0,0.5
2284,user_6,1153.6,2026-09-11 02:08:26.153465,Swiggy,request,Pune,Web,0,2,46,3,1,4,1,3699.0514728682174,129,-2545.4514728682175,1,0.2
2285,user_34,1341.63,2026-07-31 17:55:08.153465,Flipkart,request,Pune,Web,1,17,27,1,1,4,1,4524.1720000000005,120,-3182.5420000000004,0,0.2
2286,user_2,23676.67,2026-07-29 13:14:41.153465,Amazon,send,Pune,Android,0,13,11,0,2,4,0,47401.46406779661,118,-23724.79406779661,0,0.1
2287,user_42,4253.87,2026-08-01 02:48:04.153465,Swiggy,refund,Chennai,iOS,0,2,36,3,0,1,2,4749.498305084746,118,-495.628305084746,1,0.5
2288,user_18,2185.48,2026-09-08 17:14:21.153465,Amazon,send,Chennai,Web,0,17,9,0,2,1,1,4267.170924369748,119,-2081.690924369748,0,0.2
2289,user_8,535.62,2026-09-02 21:32:46.153465,Paytm,request,Mumbai,iOS,0,21,48,2,1,3,2,4162.542654867257,113,-3626.922654867257,0,0.5
2290,user_26,3721.03,2026-09-03 13:03:56.153465,Flipkart,refund,Mumbai,Android,0,13,18,1,0,3,0,4396.555663716814,113,-675.5256637168136,0,0.1
2291,user_2,26413.06,2026-08-07 01:34:42.153465,Paytm,request,Mumbai,iOS,0,1,11,2,1,3,2,47401.46406779661,118,-20988.404067796608,1,0.5
2292,user_50,37763.31,2026-08-19 01:16:01.153465,Flipkart,request,Mumbai,iOS,1,1,45,1,1,3,2,4276.488269230769,104,33486.821730769225,1,0.5
2293,user_47,2342.67,2026-09-08 02:45:38.153465,Walmart,request,Mumbai,iOS,0,2,41,4,1,3,2,3883.282635658915,129,-1540.6126356589148,1,0.5
2294,user_43,10913.03,2026-08-04 22:24:11.153465,Zomato,send,Chennai,iOS,0,22,37,5,2,1,2,15429.552764227643,123,-4516.522764227642,0,0.5
2295,user_17,3230.08,2026-07-26 16:11:41.153465,Zomato,request,Pune,Android,0,16,8,5,1,4,0,4173.412348484848,132,-943.3323484848479,0,0.1
2296,user_36,4265.18,2026-09-18 09:00:06.153465,Zomato,send,Delhi,Android,1,9,29,5,2,2,0,4483.898691588785,107,-218.71869158878508,0,0.1
2297,user_28,3502.13,2026-07-27 07:37:51.153465,Swiggy,request,Delhi,Android,0,7,20,3,1,2,0,4678.404529914529,117,-1176.274529914529,0,0.1
2298,user_16,4128.9,2026-08-21 04:50:58.153465,Walmart,request,Mumbai,Web,0,4,7,4,1,3,1,3660.321525423729,118,468.57847457627076,1,0.2
2299,user_28,1616.93,2026-08-13 16:59:05.153465,Amazon,request,Mumbai,Web,0,16,20,0,1,3,1,4678.404529914529,117,-3061.474529914529,0,0.2
2300,user_26,213.18,2026-09-03 04:59:22.153465,Swiggy,refund,Delhi,Web,0,4,18,3,0,2,1,4396.555663716814,113,-4183.3756637168135,1,0.2
2301,user_47,582.87,2026-09-05 00:40:00.153465,Walmart,refund,Chennai,iOS,0,0,41,4,0,1,2,3883.282635658915,129,-3300.412635658915,1,0.5
2302,user_23,11820.54,2026-07-28 16:10:22.153465,Paytm,request,Mumbai,Web,0,16,15,2,1,3,1,21876.48723880597,134,-10055.94723880597,0,0.2
2303,user_15,6246.85,2026-09-18 05:08:07.153465,Zomato,refund,Chennai,Android,0,5,6,5,0,1,0,17357.696608695653,115,-11110.846608695652,1,0.1
2304,user_23,11765.53,2026-08-11 11:07:29.153465,Amazon,send,Pune,iOS,0,11,15,0,2,4,2,21876.48723880597,134,-10110.95723880597,0,0.5
2305,user_50,548.76,2026-08-14 13:03:48.153465,Amazon,send,Chennai,Web,0,13,45,0,2,1,1,4276.488269230769,104,-3727.728269230769,0,0.2
2306,user_28,2185.78,2026-07-24 02:41:56.153465,Paytm,request,Bangalore,Web,0,2,20,2,1,0,1,4678.404529914529,117,-2492.624529914529,1,0.2
2307,user_19,4891.64,2026-09-01 13:26:10.153465,Paytm,send,Mumbai,Web,0,13,10,2,2,3,1,3644.202786885246,122,1247.4372131147543,0,0.2
2308,user_45,2261.94,2026-09-15 05:57:17.153465,Zomato,refund,Chennai,Web,0,5,39,5,0,1,1,3748.3989344262295,122,-1486.4589344262295,1,0.2
2309,user_18,20969.86,2026-09-01 02:39:09.153465,Swiggy,refund,Mumbai,Android,1,2,9,3,0,3,0,4267.170924369748,119,16702.689075630253,1,0.1
2310,user_9,1328.64,2026-09-18 15:45:52.153465,Zomato,refund,Chennai,Android,0,15,49,5,0,1,0,4747.313999999999,110,-3418.673999999999,0,0.1
2311,user_34,2660.68,2026-08-17 23:43:01.153465,Zomato,refund,Pune,Android,0,23,27,5,0,4,0,4524.1720000000005,120,-1863.4920000000006,0,0.1
2312,user_27,5673.37,2026-08-27 22:12:01.153465,Paytm,refund,Pune,Android,0,22,19,2,0,4,0,18537.69881355932,118,-12864.328813559321,0,0.1
2313,user_50,2207.42,2026-09-10 15:12:29.153465,Paytm,request,Delhi,Web,0,15,45,2,1,2,1,4276.488269230769,104,-2069.068269230769,0,0.2
2314,user_28,7584.96,2026-07-24 12:34:51.153465,Flipkart,send,Chennai,Web,0,12,20,1,2,1,1,4678.404529914529,117,2906.555470085471,0,0.2
2315,user_13,15227.14,2026-09-01 06:41:15.153465,Paytm,request,Pune,Android,0,6,4,2,1,4,0,16363.8575,124,-1136.7175000000007,1,0.1
2316,user_3,24996.03,2026-09-07 21:34:12.153465,Swiggy,refund,Chennai,iOS,0,21,22,3,0,1,2,51628.90211538462,104,-26632.87211538462,0,0.5
2317,user_28,4415.58,2026-08-20 22:54:07.153465,Walmart,request,Mumbai,iOS,1,22,20,4,1,3,2,4678.404529914529,117,-262.8245299145292,0,0.5
2318,user_28,904.97,2026-07-28 05:22:28.153465,Zomato,send,Pune,Web,0,5,20,5,2,4,1,4678.404529914529,117,-3773.434529914529,1,0.2
2319,user_46,3329.89,2026-08-17 16:28:54.153465,Flipkart,refund,Bangalore,Web,0,16,40,1,0,0,1,4824.613684210526,133,-1494.7236842105262,0,0.2
2320,user_1,457.34,2026-08-22 18:40:22.153465,Swiggy,request,Delhi,iOS,0,18,0,3,1,2,2,4037.2688695652173,115,-3579.928869565217,0,0.5
2321,user_16,3354.15,2026-08-16 00:35:14.153465,Flipkart,request,Mumbai,Android,0,0,7,1,1,3,0,3660.321525423729,118,-306.1715254237288,1,0.1
2322,user_34,3214.16,2026-09-18 00:43:27.153465,Flipkart,refund,Pune,Web,0,0,27,1,0,4,1,4524.1720000000005,120,-1310.0120000000006,1,0.2
2323,user_8,4850.84,2026-07-25 07:35:44.153465,Zomato,request,Pune,Web,1,7,48,5,1,4,1,4162.542654867257,113,688.2973451327434,0,0.2
2324,user_23,5390.63,2026-07-23 20:03:47.153465,Flipkart,request,Pune,iOS,0,20,15,1,1,4,2,21876.48723880597,134,-16485.85723880597,0,0.5
2325,user_43,19126.68,2026-09-18 19:20:04.153465,Flipkart,refund,Pune,Web,0,19,37,1,0,4,1,15429.552764227643,123,3697.1272357723574,0,0.2
2326,user_9,3505.47,2026-08-21 01:14:42.153465,Walmart,send,Pune,iOS,0,1,49,4,2,4,2,4747.313999999999,110,-1241.8439999999996,1,0.5
2327,user_13,18445.8,2026-09-15 12:42:04.153465,Paytm,request,Delhi,Android,0,12,4,2,1,2,0,16363.8575,124,2081.942499999999,0,0.1
2328,user_26,869.61,2026-09-12 06:16:33.153465,Flipkart,send,Pune,Android,0,6,18,1,2,4,0,4396.555663716814,113,-3526.9456637168137,1,0.1
2329,user_43,6056.78,2026-08-30 03:09:48.153465,Amazon,refund,Delhi,Web,0,3,37,0,0,2,1,15429.552764227643,123,-9372.772764227644,1,0.2
2330,user_11,4749.73,2026-07-22 17:34:26.153465,Amazon,send,Bangalore,iOS,0,17,2,0,2,0,2,3819.240342465753,146,930.4896575342464,0,0.5
2331,user_18,2463.32,2026-07-28 12:54:34.153465,Walmart,send,Delhi,iOS,0,12,9,4,2,2,2,4267.170924369748,119,-1803.8509243697476,0,0.5
2332,user_49,9212.78,2026-07-29 21:27:41.153465,Swiggy,request,Chennai,Web,0,21,43,3,1,1,1,19333.43277227723,101,-10120.652772277228,0,0.2
2333,user_44,14387.75,2026-08-21 09:37:23.153465,Paytm,send,Mumbai,iOS,0,9,38,2,2,3,2,17327.384636363637,110,-2939.6346363636367,0,0.5
2334,user_7,300000.0,2026-08-30 19:55:02.153465,Walmart,refund,Delhi,Web,1,19,47,4,0,2,1,60187.18528,125,239812.81472,0,0.2
2335,user_19,965.12,2026-09-05 18:31:53.153465,Zomato,send,Mumbai,iOS,0,18,10,5,2,3,2,3644.202786885246,122,-2679.082786885246,0,0.5
2336,user_44,8935.33,2026-08-23 22:08:13.153465,Walmart,refund,Mumbai,iOS,1,22,38,4,0,3,2,17327.384636363637,110,-8392.054636363637,0,0.5
2337,user_40,5233.78,2026-08-24 15:39:24.153465,Flipkart,request,Mumbai,Web,0,15,34,1,1,3,1,18950.453564356438,101,-13716.673564356439,0,0.2
2338,user_2,28120.62,2026-07-29 09:41:55.153465,Walmart,send,Chennai,iOS,0,9,11,4,2,1,2,47401.46406779661,118,-19280.84406779661,0,0.5
2339,user_29,4903.43,2026-08-18 00:11:33.153465,Amazon,refund,Mumbai,Web,0,0,21,0,0,3,1,4165.22631147541,122,738.2036885245907,1,0.2
2340,user_43,15437.26,2026-08-11 18:57:37.153465,Paytm,refund,Chennai,Web,0,18,37,2,0,1,1,15429.552764227643,123,7.707235772357308,0,0.2
2341,user_47,3513.17,2026-07-30 20:20:43.153465,Zomato,request,Mumbai,Web,1,20,41,5,1,3,1,3883.282635658915,129,-370.11263565891477,0,0.2
2342,user_32,2821.57,2026-09-03 00:42:56.153465,Paytm,send,Delhi,Android,0,0,25,2,2,2,0,3596.741,130,-775.1709999999998,1,0.1
2343,user_34,3144.76,2026-08-10 11:54:38.153465,Swiggy,refund,Bangalore,Web,0,11,27,3,0,0,1,4524.1720000000005,120,-1379.4120000000003,0,0.2
2344,user_40,19814.97,2026-09-12 04:24:16.153465,Walmart,request,Delhi,Web,0,4,34,4,1,2,1,18950.453564356438,101,864.5164356435635,1,0.2
2345,user_37,6859.21,2026-09-03 13:29:04.153465,Walmart,send,Pune,Android,0,13,30,4,2,4,0,15907.096030534352,131,-9047.886030534351,0,0.1
2346,user_24,12866.37,2026-09-13 00:56:25.153465,Paytm,request,Chennai,iOS,0,0,16,2,1,1,2,20664.321171875,128,-7797.951171874998,1,0.5
2347,user_21,814.16,2026-09-06 10:10:58.153465,Swiggy,request,Mumbai,iOS,1,10,13,3,1,3,2,4244.438115942029,138,-3430.278115942029,0,0.5
2348,user_26,2615.79,2026-09-06 20:45:26.153465,Swiggy,refund,Bangalore,iOS,0,20,18,3,0,0,2,4396.555663716814,113,-1780.7656637168138,0,0.5
2349,user_14,12182.6,2026-08-23 05:08:49.153465,Flipkart,request,Bangalore,iOS,0,5,5,1,1,0,2,18284.780597014927,134,-6102.180597014927,1,0.5
2350,user_3,37930.12,2026-08-04 10:47:42.153465,Amazon,refund,Pune,iOS,0,10,22,0,0,4,2,51628.90211538462,104,-13698.782115384616,0,0.5
2351,user_30,18566.0,2026-08-25 07:08:04.153465,Walmart,send,Mumbai,iOS,0,7,23,4,2,3,2,20780.866470588233,119,-2214.866470588233,0,0.5
2352,user_21,600.1,2026-07-23 17:15:12.153465,Zomato,send,Chennai,Web,0,17,13,5,2,1,1,4244.438115942029,138,-3644.338115942029,0,0.2
2353,user_18,2451.51,2026-09-10 13:44:19.153465,Paytm,send,Mumbai,Android,0,13,9,2,2,3,0,4267.170924369748,119,-1815.6609243697476,0,0.1
2354,user_14,13212.89,2026-08-06 08:10:55.153465,Flipkart,request,Bangalore,iOS,0,8,5,1,1,0,2,18284.780597014927,134,-5071.890597014928,0,0.5
2355,user_43,14334.35,2026-09-04 19:33:34.153465,Walmart,refund,Chennai,Android,0,19,37,4,0,1,0,15429.552764227643,123,-1095.2027642276425,0,0.1
2356,user_14,18141.83,2026-08-25 11:10:15.153465,Walmart,request,Pune,iOS,1,11,5,4,1,4,2,18284.780597014927,134,-142.95059701492573,0,0.5
2357,user_3,39521.83,2026-08-26 16:00:37.153465,Walmart,send,Bangalore,Web,0,16,22,4,2,0,1,51628.90211538462,104,-12107.072115384617,0,0.2
2358,user_37,15052.69,2026-08-04 06:35:13.153465,Zomato,refund,Pune,iOS,0,6,30,5,0,4,2,15907.096030534352,131,-854.4060305343519,1,0.5
2359,user_11,2780.4,2026-08-01 12:44:20.153465,Swiggy,request,Chennai,Web,0,12,2,3,1,1,1,3819.240342465753,146,-1038.840342465753,0,0.2
2360,user_17,3348.98,2026-08-17 17:27:27.153465,Amazon,refund,Pune,iOS,0,17,8,0,0,4,2,4173.412348484848,132,-824.4323484848478,0,0.5
2361,user_14,8484.28,2026-09-02 12:31:18.153465,Swiggy,send,Chennai,Web,0,12,5,3,2,1,1,18284.780597014927,134,-9800.500597014927,0,0.2
2362,user_43,32422.83,2026-08-17 17:10:15.153465,Flipkart,request,Bangalore,iOS,0,17,37,1,1,0,2,15429.552764227643,123,16993.27723577236,0,0.5
2363,user_22,10881.99,2026-08-18 17:24:46.153465,Walmart,refund,Chennai,iOS,0,17,14,4,0,1,2,18343.150086206897,116,-7461.160086206897,0,0.5
2364,user_46,4009.74,2026-09-01 01:59:09.153465,Zomato,refund,Bangalore,Android,0,1,40,5,0,0,0,4824.613684210526,133,-814.8736842105263,1,0.1
2365,user_4,3135.89,2026-08-01 15:55:36.153465,Zomato,refund,Chennai,Android,0,15,33,5,0,1,0,4960.130344827586,116,-1824.240344827586,0,0.1
2366,user_25,1294.83,2026-09-18 15:52:17.153465,Amazon,refund,Pune,iOS,1,15,17,0,0,4,2,3615.32544,125,-2320.49544,0,0.5
2367,user_34,1183.35,2026-09-14 08:48:46.153465,Amazon,send,Chennai,Android,0,8,27,0,2,1,0,4524.1720000000005,120,-3340.8220000000006,0,0.1
2368,user_39,3720.47,2026-09-01 06:30:59.153465,Amazon,send,Delhi,Web,0,6,32,0,2,2,1,4488.573909090909,110,-768.1039090909094,1,0.2
2369,user_4,4566.31,2026-08-01 08:47:52.153465,Amazon,send,Mumbai,Android,0,8,33,0,2,3,0,4960.130344827586,116,-393.82034482758536,0,0.1
2370,user_25,1564.67,2026-08-04 16:56:30.153465,Zomato,request,Chennai,iOS,0,16,17,5,1,1,2,3615.32544,125,-2050.65544,0,0.5
2371,user_27,11762.34,2026-07-29 21:06:14.153465,Paytm,request,Mumbai,Web,0,21,19,2,1,3,1,18537.69881355932,118,-6775.35881355932,0,0.2
2372,user_37,83495.31,2026-08-29 18:32:25.153465,Swiggy,request,Bangalore,Web,1,18,30,3,1,0,1,15907.096030534352,131,67588.21396946565,0,0.2
2373,user_1,2452.06,2026-08-28 05:20:33.153465,Walmart,request,Bangalore,iOS,0,5,0,4,1,0,2,4037.2688695652173,115,-1585.2088695652174,1,0.5
2374,user_34,2234.79,2026-09-07 11:14:35.153465,Swiggy,send,Chennai,iOS,0,11,27,3,2,1,2,4524.1720000000005,120,-2289.3820000000005,0,0.5
2375,user_10,1783.4,2026-09-08 14:22:23.153465,Walmart,send,Bangalore,iOS,0,14,1,4,2,0,2,4115.205169491525,118,-2331.8051694915252,0,0.5
2376,user_46,11723.08,2026-08-13 01:52:55.153465,Zomato,refund,Chennai,Android,1,1,40,5,0,1,0,4824.613684210526,133,6898.466315789474,1,0.1
2377,user_4,869.13,2026-07-25 22:41:56.153465,Flipkart,refund,Bangalore,iOS,0,22,33,1,0,0,2,4960.130344827586,116,-4091.0003448275856,0,0.5
2378,user_22,8583.95,2026-08-06 20:01:38.153465,Walmart,send,Mumbai,Android,0,20,14,4,2,3,0,18343.150086206897,116,-9759.200086206896,0,0.1
2379,user_43,11211.63,2026-08-08 20:49:25.153465,Zomato,send,Chennai,Web,0,20,37,5,2,1,1,15429.552764227643,123,-4217.922764227644,0,0.2
2380,user_24,7685.23,2026-08-14 21:25:13.153465,Flipkart,refund,Mumbai,iOS,0,21,16,1,0,3,2,20664.321171875,128,-12979.091171875,0,0.5
2381,user_39,1471.98,2026-07-22 06:35:40.153465,Paytm,refund,Chennai,iOS,0,6,32,2,0,1,2,4488.573909090909,110,-3016.593909090909,1,0.5
2382,user_27,13864.22,2026-07-25 08:05:28.153465,Flipkart,send,Mumbai,Android,0,8,19,1,2,3,0,18537.69881355932,118,-4673.478813559321,0,0.1
2383,user_43,18288.48,2026-08-30 12:04:31.153465,Paytm,request,Delhi,Android,0,12,37,2,1,2,0,15429.552764227643,123,2858.9272357723567,0,0.1
2384,user_43,10874.65,2026-08-25 08:26:20.153465,Paytm,refund,Delhi,Android,0,8,37,2,0,2,0,15429.552764227643,123,-4554.902764227643,0,0.1
2385,user_48,4698.66,2026-08-28 03:50:01.153465,Flipkart,send,Mumbai,Android,0,3,42,1,2,3,0,4029.46368852459,122,669.1963114754099,1,0.1
2386,user_27,17249.98,2026-08-15 02:34:03.153465,Zomato,request,Bangalore,iOS,0,2,19,5,1,0,2,18537.69881355932,118,-1287.7188135593206,1,0.5
2387,user_34,3442.49,2026-09-17 05:02:58.153465,Walmart,refund,Bangalore,Android,0,5,27,4,0,0,0,4524.1720000000005,120,-1081.6820000000007,1,0.1
2388,user_5,15391.03,2026-09-04 02:59:28.153465,Walmart,refund,Delhi,Android,1,2,44,4,0,2,0,21765.65124031008,129,-6374.621240310078,1,0.1
2389,user_12,38576.24,2026-07-25 16:14:02.153465,Flipkart,request,Bangalore,Web,0,16,3,1,1,0,1,52530.11026548673,113,-13953.87026548673,0,0.2
2390,user_27,11431.82,2026-07-26 14:08:02.153465,Amazon,request,Pune,Android,1,14,19,0,1,4,0,18537.69881355932,118,-7105.87881355932,0,0.1
2391,user_44,12878.87,2026-08-22 02:33:42.153465,Walmart,request,Chennai,iOS,0,2,38,4,1,1,2,17327.384636363637,110,-4448.514636363636,1,0.5
2392,user_30,5743.78,2026-08-13 15:43:44.153465,Paytm,send,Chennai,iOS,0,15,23,2,2,1,2,20780.866470588233,119,-15037.086470588234,0,0.5
2393,user_25,2922.04,2026-09-07 18:34:59.153465,Walmart,refund,Mumbai,Web,0,18,17,4,0,3,1,3615.32544,125,-693.2854400000001,0,0.2
2394,user_39,342.08,2026-07-24 10:50:42.153465,Amazon,request,Pune,Web,0,10,32,0,1,4,1,4488.573909090909,110,-4146.493909090909,0,0.2
2395,user_9,4733.08,2026-07-26 10:57:51.153465,Amazon,send,Mumbai,Web,0,10,49,0,2,3,1,4747.313999999999,110,-14.233999999999469,0,0.2
2396,user_7,19591.62,2026-09-18 06:53:58.153465,Swiggy,send,Mumbai,Android,0,6,47,3,2,3,0,60187.18528,125,-40595.565279999995,1,0.1
2397,user_1,4778.39,2026-09-06 13:58:23.153465,Amazon,refund,Delhi,Web,0,13,0,0,0,2,1,4037.2688695652173,115,741.121130434783,0,0.2
2398,user_19,2261.1,2026-07-25 22:43:02.153465,Amazon,send,Mumbai,Web,0,22,10,0,2,3,1,3644.202786885246,122,-1383.1027868852461,0,0.2
2399,user_43,40139.62,2026-08-18 02:26:57.153465,Amazon,send,Pune,Android,1,2,37,0,2,4,0,15429.552764227643,123,24710.06723577236,1,0.1
2400,user_14,19436.33,2026-07-21 22:43:46.153465,Flipkart,send,Pune,Web,1,22,5,1,2,4,1,18284.780597014927,134,1151.5494029850743,0,0.2
2401,user_1,10875.24,2026-09-18 11:59:21.153465,Flipkart,send,Bangalore,iOS,1,11,0,1,2,0,2,4037.2688695652173,115,6837.971130434782,0,0.5
2402,user_28,11561.27,2026-09-11 20:38:53.153465,Zomato,refund,Bangalore,Android,1,20,20,5,0,0,0,4678.404529914529,117,6882.865470085471,0,0.1
2403,user_19,4841.14,2026-09-08 10:56:20.153465,Swiggy,send,Delhi,Web,0,10,10,3,2,2,1,3644.202786885246,122,1196.9372131147543,0,0.2
2404,user_48,528.24,2026-08-09 20:56:56.153465,Zomato,refund,Pune,Web,0,20,42,5,0,4,1,4029.46368852459,122,-3501.22368852459,0,0.2
2405,user_44,11218.3,2026-09-07 11:52:47.153465,Flipkart,refund,Pune,iOS,0,11,38,1,0,4,2,17327.384636363637,110,-6109.084636363637,0,0.5
2406,user_43,14134.59,2026-07-31 11:14:11.153465,Zomato,request,Bangalore,iOS,0,11,37,5,1,0,2,15429.552764227643,123,-1294.9627642276428,0,0.5
2407,user_44,17713.65,2026-07-28 10:42:39.153465,Paytm,refund,Pune,Web,0,10,38,2,0,4,1,17327.384636363637,110,386.2653636363648,0,0.2
2408,user_26,889.25,2026-08-24 23:29:15.153465,Swiggy,request,Mumbai,Android,0,23,18,3,1,3,0,4396.555663716814,113,-3507.305663716814,0,0.1
2409,user_14,19705.82,2026-08-25 18:39:41.153465,Flipkart,refund,Delhi,iOS,0,18,5,1,0,2,2,18284.780597014927,134,1421.0394029850722,0,0.5
2410,user_41,9681.78,2026-09-10 06:04:39.153465,Swiggy,request,Mumbai,Web,1,6,35,3,1,3,1,4057.624609375,128,5624.155390625001,1,0.2
2411,user_18,3826.59,2026-08-12 00:06:12.153465,Walmart,send,Delhi,iOS,0,0,9,4,2,2,2,4267.170924369748,119,-440.58092436974766,1,0.5
2412,user_12,24148.4,2026-08-19 04:53:49.153465,Zomato,send,Mumbai,Android,0,4,3,5,2,3,0,52530.11026548673,113,-28381.710265486727,1,0.1
2413,user_37,14754.68,2026-07-22 18:23:42.153465,Walmart,send,Pune,iOS,0,18,30,4,2,4,2,15907.096030534352,131,-1152.416030534352,0,0.5
2414,user_3,36696.63,2026-09-18 03:09:40.153465,Amazon,refund,Pune,Android,0,3,22,0,0,4,0,51628.90211538462,104,-14932.272115384621,1,0.1
2415,user_41,4531.14,2026-07-30 13:59:06.153465,Amazon,request,Chennai,iOS,0,13,35,0,1,1,2,4057.624609375,128,473.51539062500024,0,0.5
2416,user_25,2271.45,2026-07-24 16:01:24.153465,Zomato,send,Chennai,Android,0,16,17,5,2,1,0,3615.32544,125,-1343.8754400000003,0,0.1
2417,user_1,2252.52,2026-08-13 22:48:16.153465,Flipkart,send,Chennai,Android,0,22,0,1,2,1,0,4037.2688695652173,115,-1784.7488695652173,0,0.1
2418,user_11,1632.7,2026-08-26 00:28:36.153465,Walmart,refund,Mumbai,Android,0,0,2,4,0,3,0,3819.240342465753,146,-2186.5403424657534,1,0.1
2419,user_46,4053.73,2026-08-15 09:34:48.153465,Swiggy,refund,Chennai,Web,0,9,40,3,0,1,1,4824.613684210526,133,-770.8836842105261,0,0.2
2420,user_47,4436.05,2026-08-27 13:00:43.153465,Paytm,request,Pune,Android,1,13,41,2,1,4,0,3883.282635658915,129,552.7673643410853,0,0.1
2421,user_40,19437.08,2026-09-04 16:53:44.153465,Zomato,refund,Delhi,iOS,0,16,34,5,0,2,2,18950.453564356438,101,486.62643564356404,0,0.5
2422,user_12,38442.72,2026-08-31 20:12:20.153465,Paytm,send,Bangalore,Android,0,20,3,2,2,0,0,52530.11026548673,113,-14087.390265486727,0,0.1
2423,user_29,1055.63,2026-07-31 08:20:09.153465,Paytm,send,Mumbai,iOS,0,8,21,2,2,3,2,4165.22631147541,122,-3109.5963114754095,0,0.5
2424,user_3,36717.18,2026-08-26 07:39:36.153465,Flipkart,request,Pune,iOS,0,7,22,1,1,4,2,51628.90211538462,104,-14911.722115384619,0,0.5
2425,user_30,6052.46,2026-08-11 13:30:14.153465,Swiggy,refund,Pune,Android,0,13,23,3,0,4,0,20780.866470588233,119,-14728.406470588234,0,0.1
2426,user_33,1531.78,2026-08-03 20:30:34.153465,Amazon,send,Mumbai,Web,0,20,26,0,2,3,1,3974.536484375,128,-2442.7564843749997,0,0.2
2427,user_43,51222.05,2026-08-04 03:17:55.153465,Paytm,send,Delhi,Android,1,3,37,2,2,2,0,15429.552764227643,123,35792.49723577236,1,0.1
2428,user_19,2759.45,2026-07-28 11:16:58.153465,Walmart,refund,Pune,iOS,0,11,10,4,0,4,2,3644.202786885246,122,-884.7527868852462,0,0.5
2429,user_32,4266.38,2026-09-16 02:20:28.153465,Swiggy,request,Bangalore,iOS,1,2,25,3,1,0,2,3596.741,130,669.6390000000001,1,0.5
2430,user_31,406.22,2026-08-31 03:47:55.153465,Flipkart,request,Bangalore,Android,0,3,24,1,1,0,0,4894.9887499999995,96,-4488.768749999999,1,0.1
2431,user_8,1305.55,2026-08-22 18:53:01.153465,Zomato,refund,Pune,Android,0,18,48,5,0,4,0,4162.542654867257,113,-2856.9926548672565,0,0.1
2432,user_1,4466.29,2026-09-18 11:29:11.153465,Amazon,send,Delhi,Web,0,11,0,0,2,2,1,4037.2688695652173,115,429.02113043478266,0,0.2
2433,user_49,10530.94,2026-09-12 17:31:36.153465,Flipkart,request,Chennai,Android,0,17,43,1,1,1,0,19333.43277227723,101,-8802.492772277228,0,0.1
2434,user_2,28388.08,2026-08-30 14:13:06.153465,Amazon,send,Mumbai,Android,0,14,11,0,2,3,0,47401.46406779661,118,-19013.384067796607,0,0.1
2435,user_23,5123.28,2026-08-02 22:27:56.153465,Paytm,request,Bangalore,Web,1,22,15,2,1,0,1,21876.48723880597,134,-16753.20723880597,0,0.2
2436,user_46,3264.47,2026-08-17 02:45:27.153465,Paytm,send,Chennai,Android,0,2,40,2,2,1,0,4824.613684210526,133,-1560.1436842105263,1,0.1
2437,user_32,2794.86,2026-09-03 04:04:50.153465,Walmart,send,Delhi,Web,0,4,25,4,2,2,1,3596.741,130,-801.8809999999999,1,0.2
2438,user_27,17596.18,2026-09-07 09:25:20.153465,Paytm,refund,Bangalore,Android,0,9,19,2,0,0,0,18537.69881355932,118,-941.5188135593198,0,0.1
2439,user_41,726.55,2026-09-16 01:47:44.153465,Flipkart,send,Pune,Android,0,1,35,1,2,4,0,4057.624609375,128,-3331.0746093750004,1,0.1
2440,user_19,2241.35,2026-08-11 21:47:26.153465,Swiggy,refund,Mumbai,Web,0,21,10,3,0,3,1,3644.202786885246,122,-1402.8527868852461,0,0.2
2441,user_16,24789.81,2026-08-21 19:37:45.153465,Walmart,refund,Bangalore,Web,1,19,7,4,0,0,1,3660.321525423729,118,21129.488474576272,0,0.2
2442,user_20,15032.51,2026-07-24 18:03:06.153465,Swiggy,send,Delhi,Android,0,18,12,3,2,2,0,19935.082280701754,114,-4902.572280701754,0,0.1
2443,user_29,12656.96,2026-08-04 07:38:21.153465,Swiggy,send,Delhi,Web,1,7,21,3,2,2,1,4165.22631147541,122,8491.73368852459,0,0.2
2444,user_6,3739.43,2026-08-20 19:24:20.153465,Flipkart,request,Mumbai,Android,0,19,46,1,1,3,0,3699.0514728682174,129,40.37852713178245,0,0.1
2445,user_27,13780.17,2026-08-12 00:01:35.153465,Zomato,request,Bangalore,Android,0,0,19,5,1,0,0,18537.69881355932,118,-4757.52881355932,1,0.1
2446,user_18,4676.92,2026-08-29 01:24:37.153465,Swiggy,request,Delhi,Android,0,1,9,3,1,2,0,4267.170924369748,119,409.74907563025226,1,0.1
2447,user_21,3226.74,2026-08-16 06:45:40.153465,Amazon,send,Mumbai,Android,0,6,13,0,2,3,0,4244.438115942029,138,-1017.6981159420293,1,0.1
2448,user_24,13225.85,2026-08-28 03:37:45.153465,Flipkart,request,Bangalore,Web,0,3,16,1,1,0,1,20664.321171875,128,-7438.471171874999,1,0.2
2449,user_30,11497.63,2026-09-03 16:54:09.153465,Paytm,refund,Delhi,Android,0,16,23,2,0,2,0,20780.866470588233,119,-9283.236470588234,0,0.1
2450,user_16,982.37,2026-08-31 13:15:32.153465,Zomato,refund,Delhi,Android,0,13,7,5,0,2,0,3660.321525423729,118,-2677.951525423729,0,0.1
2451,user_6,255.81,2026-07-27 17:09:38.153465,Amazon,request,Mumbai,Web,1,17,46,0,1,3,1,3699.0514728682174,129,-3443.2414728682174,0,0.2
2452,user_22,10787.06,2026-09-06 01:31:36.153465,Swiggy,refund,Bangalore,Web,0,1,14,3,0,0,1,18343.150086206897,116,-7556.0900862068975,1,0.2
2453,user_18,4476.37,2026-08-10 02:12:06.153465,Amazon,request,Pune,Web,1,2,9,0,1,4,1,4267.170924369748,119,209.19907563025208,1,0.2
2454,user_15,13633.84,2026-08-30 14:30:09.153465,Walmart,request,Mumbai,Android,0,14,6,4,1,3,0,17357.696608695653,115,-3723.8566086956525,0,0.1
2455,user_22,6801.58,2026-07-27 16:20:33.153465,Flipkart,request,Chennai,iOS,0,16,14,1,1,1,2,18343.150086206897,116,-11541.570086206897,0,0.5
2456,user_15,18435.28,2026-09-13 14:31:15.153465,Paytm,refund,Mumbai,Android,0,14,6,2,0,3,0,17357.696608695653,115,1077.5833913043462,0,0.1
2457,user_14,79731.32,2026-08-13 15:21:21.153465,Amazon,refund,Mumbai,Web,1,15,5,0,0,3,1,18284.780597014927,134,61446.53940298508,0,0.2
2458,user_6,4350.61,2026-08-06 04:15:02.153465,Walmart,send,Mumbai,Web,1,4,46,4,2,3,1,3699.0514728682174,129,651.5585271317823,1,0.2
2459,user_37,10556.12,2026-07-25 22:46:16.153465,Amazon,refund,Mumbai,iOS,0,22,30,0,0,3,2,15907.096030534352,131,-5350.976030534352,0,0.5
2460,user_37,9776.05,2026-09-12 21:10:04.153465,Swiggy,refund,Mumbai,Android,0,21,30,3,0,3,0,15907.096030534352,131,-6131.046030534353,0,0.1
2461,user_48,3100.42,2026-08-13 18:54:28.153465,Amazon,refund,Pune,Android,0,18,42,0,0,4,0,4029.46368852459,122,-929.0436885245899,0,0.1
2462,user_14,13059.61,2026-09-06 20:50:12.153465,Paytm,refund,Bangalore,iOS,0,20,5,2,0,0,2,18284.780597014927,134,-5225.170597014927,0,0.5
2463,user_18,2797.21,2026-08-27 13:29:49.153465,Walmart,send,Chennai,Android,0,13,9,4,2,1,0,4267.170924369748,119,-1469.9609243697478,0,0.1
2464,user_27,111625.72,2026-08-07 14:55:22.153465,Swiggy,send,Delhi,Android,1,14,19,3,2,2,0,18537.69881355932,118,93088.02118644069,0,0.1
2465,user_6,1490.24,2026-09-13 13:30:33.153465,Paytm,request,Chennai,Android,0,13,46,2,1,1,0,3699.0514728682174,129,-2208.8114728682176,0,0.1
2466,user_30,6785.62,2026-07-27 21:29:18.153465,Paytm,refund,Delhi,iOS,0,21,23,2,0,2,2,20780.866470588233,119,-13995.246470588234,0,0.5
2467,user_21,2434.82,2026-09-05 13:53:24.153465,Flipkart,request,Chennai,iOS,0,13,13,1,1,1,2,4244.438115942029,138,-1809.618115942029,0,0.5
2468,user_6,2131.68,2026-08-15 19:58:39.153465,Zomato,refund,Bangalore,iOS,0,19,46,5,0,0,2,3699.0514728682174,129,-1567.3714728682176,0,0.5
2469,user_46,11605.89,2026-09-19 06:28:35.153465,Swiggy,send,Mumbai,Web,1,6,40,3,2,3,1,4824.613684210526,133,6781.276315789473,1,0.2
2470,user_2,50930.26,2026-08-25 21:17:58.153465,Flipkart,request,Bangalore,Android,0,21,11,1,1,0,0,47401.46406779661,118,3528.795932203393,0,0.1
2471,user_16,1290.02,2026-08-14 22:51:34.153465,Paytm,send,Delhi,Web,0,22,7,2,2,2,1,3660.321525423729,118,-2370.301525423729,0,0.2
2472,user_28,4245.53,2026-09-18 09:19:38.153465,Swiggy,request,Chennai,Android,1,9,20,3,1,1,0,4678.404529914529,117,-432.8745299145294,0,0.1
2473,user_36,974.84,2026-08-11 18:10:03.153465,Amazon,refund,Pune,Android,0,18,29,0,0,4,0,4483.898691588785,107,-3509.058691588785,0,0.1
2474,user_38,16650.47,2026-09-06 19:33:13.153465,Amazon,send,Bangalore,Web,0,19,31,0,2,0,1,17814.76077586207,116,-1164.2907758620677,0,0.2
2475,user_25,8363.58,2026-08-29 21:21:50.153465,Swiggy,send,Mumbai,iOS,1,21,17,3,2,3,2,3615.32544,125,4748.254559999999,0,0.5
2476,user_46,4637.25,2026-07-29 01:06:32.153465,Amazon,request,Mumbai,iOS,1,1,40,0,1,3,2,4824.613684210526,133,-187.36368421052612,1,0.5
2477,user_37,9578.97,2026-08-12 16:35:54.153465,Flipkart,request,Pune,Web,0,16,30,1,1,4,1,15907.096030534352,131,-6328.126030534353,0,0.2
2478,user_32,202.01,2026-09-07 08:22:36.153465,Walmart,request,Mumbai,Web,0,8,25,4,1,3,1,3596.741,130,-3394.7309999999998,0,0.2
2479,user_39,9674.85,2026-08-18 20:47:44.153465,Swiggy,request,Chennai,Web,1,20,32,3,1,1,1,4488.573909090909,110,5186.276090909091,0,0.2
2480,user_41,4819.71,2026-08-14 03:48:35.153465,Amazon,request,Bangalore,iOS,0,3,35,0,1,0,2,4057.624609375,128,762.085390625,1,0.5
2481,user_5,12876.07,2026-07-29 07:36:44.153465,Flipkart,request,Delhi,Android,0,7,44,1,1,2,0,21765.65124031008,129,-8889.581240310079,0,0.1
2482,user_42,1114.59,2026-09-07 13:35:30.153465,Swiggy,refund,Mumbai,iOS,0,13,36,3,0,3,2,4749.498305084746,118,-3634.9083050847457,0,0.5
2483,user_21,3989.46,2026-08-20 05:55:15.153465,Zomato,send,Delhi,Web,0,5,13,5,2,2,1,4244.438115942029,138,-254.97811594202904,1,0.2
2484,user_7,43282.04,2026-09-06 10:08:20.153465,Flipkart,request,Mumbai,Android,0,10,47,1,1,3,0,60187.18528,125,-16905.145279999997,0,0.1
2485,user_31,4551.93,2026-09-04 05:43:17.153465,Flipkart,send,Delhi,Web,1,5,24,1,2,2,1,4894.9887499999995,96,-343.05874999999924,1,0.2
2486,user_27,7635.55,2026-09-15 16:56:41.153465,Swiggy,send,Bangalore,Web,0,16,19,3,2,0,1,18537.69881355932,118,-10902.14881355932,0,0.2
2487,user_4,2742.58,2026-08-24 12:18:58.153465,Flipkart,refund,Mumbai,Web,0,12,33,1,0,3,1,4960.130344827586,116,-2217.550344827586,0,0.2
2488,user_20,6168.46,2026-09-12 06:57:48.153465,Flipkart,request,Mumbai,Web,1,6,12,1,1,3,1,19935.082280701754,114,-13766.622280701755,1,0.2
2489,user_10,1337.25,2026-09-12 09:05:03.153465,Swiggy,refund,Bangalore,Android,0,9,1,3,0,0,0,4115.205169491525,118,-2777.9551694915253,0,0.1
2490,user_36,14237.16,2026-08-08 01:33:01.153465,Amazon,refund,Delhi,iOS,1,1,29,0,0,2,2,4483.898691588785,107,9753.261308411214,1,0.5
2491,user_5,77986.59,2026-08-10 08:40:33.153465,Zomato,request,Mumbai,iOS,1,8,44,5,1,3,2,21765.65124031008,129,56220.93875968992,0,0.5
2492,user_44,15594.73,2026-08-28 18:34:31.153465,Amazon,refund,Mumbai,Android,0,18,38,0,0,3,0,17327.384636363637,110,-1732.654636363637,0,0.1
2493,user_25,8464.34,2026-09-14 07:18:50.153465,Flipkart,request,Mumbai,iOS,1,7,17,1,1,3,2,3615.32544,125,4849.01456,0,0.5
2494,user_19,4119.74,2026-09-14 19:44:01.153465,Flipkart,refund,Delhi,Web,1,19,10,1,0,2,1,3644.202786885246,122,475.53721311475374,0,0.2
2495,user_40,16586.35,2026-08-15 17:43:09.153465,Paytm,send,Chennai,iOS,0,17,34,2,2,1,2,18950.453564356438,101,-2364.103564356439,0,0.5
2496,user_6,4876.99,2026-08-30 16:09:02.153465,Paytm,refund,Bangalore,Android,0,16,46,2,0,0,0,3699.0514728682174,129,1177.9385271317824,0,0.1
2497,user_3,33502.56,2026-08-03 23:40:44.153465,Flipkart,send,Chennai,iOS,0,23,22,1,2,1,2,51628.90211538462,104,-18126.34211538462,0,0.5
2498,user_2,44597.02,2026-08-14 00:17:58.153465,Walmart,refund,Pune,Android,0,0,11,4,0,4,0,47401.46406779661,118,-2804.444067796612,1,0.1
2499,user_13,7746.64,2026-09-06 13:42:11.153465,Flipkart,request,Delhi,Web,0,13,4,1,1,2,1,16363.8575,124,-8617.217499999999,0,0.2
2500,user_33,3309.49,2026-08-04 01:51:12.153465,Amazon,refund,Chennai,iOS,0,1,26,0,0,1,2,3974.536484375,128,-665.0464843750001,1,0.5
2501,user_29,12884.95,2026-08-23 11:04:55.153465,Flipkart,send,Delhi,Android,0,11,21,1,2,2,0,4165.22631147541,122,8719.723688524591,0,0.1
2502,user_11,836.03,2026-09-04 20:39:58.153465,Amazon,request,Mumbai,Android,0,20,2,0,1,3,0,3819.240342465753,146,-2983.2103424657535,0,0.1
2503,user_24,31601.5,2026-07-22 23:26:40.153465,Zomato,refund,Bangalore,iOS,1,23,16,5,0,0,2,20664.321171875,128,10937.178828125001,0,0.5
2504,user_9,1704.95,2026-09-14 21:06:01.153465,Swiggy,send,Delhi,Web,0,21,49,3,2,2,1,4747.313999999999,110,-3042.3639999999996,0,0.2
2505,user_42,1266.93,2026-07-26 10:09:44.153465,Walmart,send,Chennai,Android,0,10,36,4,2,1,0,4749.498305084746,118,-3482.5683050847456,0,0.1
2506,user_2,19558.86,2026-09-09 14:33:21.153465,Flipkart,send,Mumbai,Android,0,14,11,1,2,3,0,47401.46406779661,118,-27842.60406779661,0,0.1
2507,user_1,3648.72,2026-09-04 21:53:08.153465,Swiggy,send,Pune,iOS,0,21,0,3,2,4,2,4037.2688695652173,115,-388.5488695652175,0,0.5
2508,user_30,13762.48,2026-09-06 02:32:45.153465,Flipkart,request,Bangalore,Android,1,2,23,1,1,0,0,20780.866470588233,119,-7018.386470588233,1,0.1
2509,user_43,11462.1,2026-08-16 21:28:08.153465,Paytm,request,Bangalore,iOS,0,21,37,2,1,0,2,15429.552764227643,123,-3967.4527642276425,0,0.5
2510,user_27,8740.6,2026-09-03 17:48:00.153465,Flipkart,request,Mumbai,Android,0,17,19,1,1,3,0,18537.69881355932,118,-9797.09881355932,0,0.1
2511,user_42,1334.65,2026-09-06 05:27:08.153465,Walmart,request,Chennai,Android,0,5,36,4,1,1,0,4749.498305084746,118,-3414.848305084746,1,0.1
2512,user_41,604.62,2026-07-30 04:02:26.153465,Swiggy,refund,Pune,Android,0,4,35,3,0,4,0,4057.624609375,128,-3453.004609375,1,0.1
2513,user_1,1300.43,2026-08-31 19:33:32.153465,Paytm,request,Chennai,Web,0,19,0,2,1,1,1,4037.2688695652173,115,-2736.8388695652175,0,0.2
2514,user_43,54062.77,2026-09-13 09:39:08.153465,Flipkart,request,Delhi,Android,1,9,37,1,1,2,0,15429.552764227643,123,38633.217235772354,0,0.1
2515,user_21,12182.48,2026-07-21 22:35:33.153465,Amazon,request,Bangalore,Android,0,22,13,0,1,0,0,4244.438115942029,138,7938.0418840579705,0,0.1
2516,user_22,14900.55,2026-07-21 15:31:22.153465,Swiggy,refund,Pune,Web,0,15,14,3,0,4,1,18343.150086206897,116,-3442.6000862068977,0,0.2
2517,user_3,39952.78,2026-09-18 05:23:42.153465,Flipkart,refund,Bangalore,Web,0,5,22,1,0,0,1,51628.90211538462,104,-11676.12211538462,1,0.2
2518,user_40,6113.18,2026-08-02 15:49:36.153465,Zomato,send,Pune,Android,0,15,34,5,2,4,0,18950.453564356438,101,-12837.273564356437,0,0.1
2519,user_31,255.01,2026-08-20 12:26:30.153465,Paytm,send,Chennai,Android,0,12,24,2,2,1,0,4894.9887499999995,96,-4639.978749999999,0,0.1
2520,user_45,29887.68,2026-07-30 21:32:52.153465,Walmart,send,Mumbai,iOS,1,21,39,4,2,3,2,3748.3989344262295,122,26139.28106557377,0,0.5
2521,user_47,4997.3,2026-09-07 16:07:46.153465,Paytm,request,Delhi,Web,0,16,41,2,1,2,1,3883.282635658915,129,1114.0173643410853,0,0.2
2522,user_28,4788.26,2026-08-31 06:00:17.153465,Amazon,send,Mumbai,iOS,1,6,20,0,2,3,2,4678.404529914529,117,109.8554700854711,1,0.5
2523,user_21,27772.5,2026-09-16 23:03:13.153465,Paytm,refund,Chennai,Web,1,23,13,2,0,1,1,4244.438115942029,138,23528.06188405797,0,0.2
2524,user_33,4313.42,2026-07-23 23:51:16.153465,Zomato,send,Pune,Android,1,23,26,5,2,4,0,3974.536484375,128,338.8835156250002,0,0.1
2525,user_32,9508.74,2026-08-11 08:40:25.153465,Flipkart,request,Chennai,Android,1,8,25,1,1,1,0,3596.741,130,5911.999,0,0.1
2526,user_13,10111.28,2026-07-28 03:57:53.153465,Walmart,send,Bangalore,iOS,0,3,4,4,2,0,2,16363.8575,124,-6252.577499999999,1,0.5
2527,user_46,4051.35,2026-08-19 19:37:47.153465,Zomato,refund,Mumbai,Web,0,19,40,5,0,3,1,4824.613684210526,133,-773.2636842105262,0,0.2
2528,user_44,15035.36,2026-08-12 19:06:17.153465,Flipkart,send,Pune,Web,0,19,38,1,2,4,1,17327.384636363637,110,-2292.024636363636,0,0.2
2529,user_19,4583.26,2026-09-06 13:22:34.153465,Swiggy,send,Bangalore,Web,1,13,10,3,2,0,1,3644.202786885246,122,939.0572131147542,0,0.2
2530,user_30,8820.65,2026-08-29 08:06:56.153465,Amazon,request,Bangalore,Web,0,8,23,0,1,0,1,20780.866470588233,119,-11960.216470588233,0,0.2
2531,user_24,11859.06,2026-08-05 19:21:40.153465,Zomato,request,Mumbai,Android,0,19,16,5,1,3,0,20664.321171875,128,-8805.261171875,0,0.1
2532,user_43,19404.68,2026-09-03 03:04:55.153465,Flipkart,request,Delhi,Web,0,3,37,1,1,2,1,15429.552764227643,123,3975.1272357723574,1,0.2
2533,user_35,18316.37,2026-08-07 23:34:07.153465,Swiggy,refund,Chennai,Web,0,23,28,3,0,1,1,15800.978582677166,127,2515.391417322833,0,0.2
2534,user_1,4394.11,2026-09-10 18:31:03.153465,Flipkart,request,Mumbai,Web,0,18,0,1,1,3,1,4037.2688695652173,115,356.8411304347824,0,0.2
2535,user_43,56444.03,2026-07-28 00:25:50.153465,Swiggy,refund,Chennai,iOS,0,0,37,3,0,1,2,15429.552764227643,123,41014.477235772356,1,0.5
2536,user_20,6529.11,2026-08-18 21:15:11.153465,Zomato,refund,Delhi,iOS,0,21,12,5,0,2,2,19935.082280701754,114,-13405.972280701753,0,0.5
2537,user_42,14887.58,2026-08-24 15:47:35.153465,Swiggy,refund,Pune,Web,1,15,36,3,0,4,1,4749.498305084746,118,10138.081694915254,0,0.2
2538,user_5,6961.27,2026-09-14 13:23:13.153465,Zomato,send,Mumbai,Android,0,13,44,5,2,3,0,21765.65124031008,129,-14804.381240310078,0,0.1
2539,user_2,46023.56,2026-07-29 12:34:18.153465,Swiggy,send,Mumbai,iOS,0,12,11,3,2,3,2,47401.46406779661,118,-1377.9040677966113,0,0.5
2540,user_48,4113.73,2026-08-02 04:00:56.153465,Swiggy,request,Bangalore,iOS,0,4,42,3,1,0,2,4029.46368852459,122,84.26631147540957,1,0.5
2541,user_23,11843.5,2026-08-28 15:00:05.153465,Swiggy,request,Chennai,iOS,0,15,15,3,1,1,2,21876.48723880597,134,-10032.98723880597,0,0.5
2542,user_37,8828.48,2026-08-07 05:10:25.153465,Flipkart,request,Pune,Android,0,5,30,1,1,4,0,15907.096030534352,131,-7078.616030534353,1,0.1
2543,user_14,11866.64,2026-09-03 19:45:51.153465,Amazon,send,Pune,Android,1,19,5,0,2,4,0,18284.780597014927,134,-6418.140597014928,0,0.1
2544,user_25,1568.56,2026-09-12 05:45:43.153465,Zomato,refund,Pune,Android,0,5,17,5,0,4,0,3615.32544,125,-2046.7654400000001,1,0.1
2545,user_48,893.63,2026-07-28 07:26:21.153465,Walmart,request,Bangalore,Android,0,7,42,4,1,0,0,4029.46368852459,122,-3135.83368852459,0,0.1
2546,user_4,1447.07,2026-08-03 12:09:23.153465,Flipkart,send,Delhi,Android,0,12,33,1,2,2,0,4960.130344827586,116,-3513.060344827586,0,0.1
2547,user_46,4246.72,2026-08-30 06:37:25.153465,Zomato,refund,Chennai,Android,0,6,40,5,0,1,0,4824.613684210526,133,-577.8936842105259,1,0.1
2548,user_48,975.54,2026-09-13 01:46:57.153465,Zomato,refund,Chennai,Android,0,1,42,5,0,1,0,4029.46368852459,122,-3053.92368852459,1,0.1
2549,user_41,1364.34,2026-08-01 18:57:53.153465,Flipkart,request,Bangalore,Web,0,18,35,1,1,0,1,4057.624609375,128,-2693.2846093750004,0,0.2
2550,user_40,15931.19,2026-07-28 21:21:19.153465,Walmart,refund,Bangalore,iOS,0,21,34,4,0,0,2,18950.453564356438,101,-3019.263564356437,0,0.5
2551,user_17,1421.55,2026-09-07 08:29:06.153465,Zomato,send,Pune,Web,0,8,8,5,2,4,1,4173.412348484848,132,-2751.8623484848476,0,0.2
2552,user_29,4173.5,2026-08-26 23:41:30.153465,Walmart,refund,Bangalore,Web,0,23,21,4,0,0,1,4165.22631147541,122,8.273688524590398,0,0.2
2553,user_3,38060.26,2026-09-16 16:01:36.153465,Amazon,refund,Mumbai,Android,0,16,22,0,0,3,0,51628.90211538462,104,-13568.642115384617,0,0.1
2554,user_25,3692.2,2026-09-09 11:51:03.153465,Amazon,send,Pune,iOS,0,11,17,0,2,4,2,3615.32544,125,76.87455999999975,0,0.5
2555,user_32,1065.05,2026-07-24 12:51:12.153465,Amazon,refund,Chennai,Web,0,12,25,0,0,1,1,3596.741,130,-2531.691,0,0.2
2556,user_3,56186.62,2026-09-19 05:31:33.153465,Amazon,request,Mumbai,Android,0,5,22,0,1,3,0,51628.90211538462,104,4557.717884615384,1,0.1
2557,user_15,10328.82,2026-08-01 07:01:48.153465,Swiggy,send,Pune,iOS,0,7,6,3,2,4,2,17357.696608695653,115,-7028.876608695653,0,0.5
2558,user_31,4469.01,2026-09-04 20:19:00.153465,Amazon,send,Chennai,Web,0,20,24,0,2,1,1,4894.9887499999995,96,-425.9787499999993,0,0.2
2559,user_13,7259.99,2026-08-30 09:59:35.153465,Flipkart,refund,Bangalore,Web,0,9,4,1,0,0,1,16363.8575,124,-9103.8675,0,0.2
2560,user_39,4713.4,2026-07-27 14:03:46.153465,Paytm,send,Mumbai,Android,0,14,32,2,2,3,0,4488.573909090909,110,224.82609090909045,0,0.1
2561,user_31,27379.3,2026-08-02 10:46:40.153465,Walmart,request,Chennai,Web,1,10,24,4,1,1,1,4894.9887499999995,96,22484.31125,0,0.2
2562,user_22,19522.14,2026-08-21 15:38:23.153465,Flipkart,request,Delhi,iOS,0,15,14,1,1,2,2,18343.150086206897,116,1178.9899137931025,0,0.5
2563,user_33,488.27,2026-09-06 19:38:33.153465,Zomato,request,Pune,Android,0,19,26,5,1,4,0,3974.536484375,128,-3486.266484375,0,0.1
2564,user_41,1689.77,2026-09-05 20:01:58.153465,Amazon,refund,Delhi,iOS,0,20,35,0,0,2,2,4057.624609375,128,-2367.854609375,0,0.5
2565,user_46,4302.74,2026-09-12 03:33:48.153465,Zomato,request,Mumbai,iOS,0,3,40,5,1,3,2,4824.613684210526,133,-521.8736842105263,1,0.5
2566,user_47,1508.44,2026-07-22 16:23:01.153465,Flipkart,send,Chennai,Web,0,16,41,1,2,1,1,3883.282635658915,129,-2374.842635658915,0,0.2
2567,user_17,1931.11,2026-09-09 23:06:32.153465,Flipkart,refund,Mumbai,Web,0,23,8,1,0,3,1,4173.412348484848,132,-2242.302348484848,0,0.2
2568,user_41,1803.82,2026-09-16 17:11:52.153465,Zomato,refund,Chennai,iOS,0,17,35,5,0,1,2,4057.624609375,128,-2253.804609375,0,0.5
2569,user_28,938.87,2026-07-28 18:00:17.153465,Swiggy,request,Bangalore,Web,0,18,20,3,1,0,1,4678.404529914529,117,-3739.5345299145292,0,0.2
2570,user_14,13264.74,2026-09-02 22:06:01.153465,Amazon,request,Chennai,Android,0,22,5,0,1,1,0,18284.780597014927,134,-5020.040597014928,0,0.1
2571,user_33,3365.8,2026-08-19 20:24:18.153465,Zomato,request,Mumbai,Android,0,20,26,5,1,3,0,3974.536484375,128,-608.7364843749997,0,0.1
2572,user_30,10177.17,2026-08-13 18:20:05.153465,Walmart,request,Pune,Android,0,18,23,4,1,4,0,20780.866470588233,119,-10603.696470588233,0,0.1
2573,user_35,12062.04,2026-09-03 23:04:01.153465,Swiggy,refund,Delhi,iOS,0,23,28,3,0,2,2,15800.978582677166,127,-3738.938582677165,0,0.5
2574,user_22,11741.33,2026-08-19 17:11:10.153465,Paytm,send,Mumbai,Web,0,17,14,2,2,3,1,18343.150086206897,116,-6601.820086206897,0,0.2
2575,user_2,16518.42,2026-08-08 08:53:10.153465,Paytm,refund,Mumbai,Android,0,8,11,2,0,3,0,47401.46406779661,118,-30883.04406779661,0,0.1
2576,user_35,18893.74,2026-08-26 23:31:11.153465,Paytm,send,Bangalore,Web,0,23,28,2,2,0,1,15800.978582677166,127,3092.7614173228358,0,0.2
2577,user_6,931.52,2026-07-26 07:32:52.153465,Paytm,send,Pune,iOS,0,7,46,2,2,4,2,3699.0514728682174,129,-2767.5314728682174,0,0.5
2578,user_50,2599.18,2026-08-11 14:46:16.153465,Walmart,send,Chennai,Web,0,14,45,4,2,1,1,4276.488269230769,104,-1677.3082692307694,0,0.2
2579,user_9,1343.09,2026-08-13 11:13:30.153465,Flipkart,refund,Delhi,Web,0,11,49,1,0,2,1,4747.313999999999,110,-3404.2239999999993,0,0.2
2580,user_23,19006.69,2026-08-19 04:37:00.153465,Zomato,refund,Pune,Web,0,4,15,5,0,4,1,21876.48723880597,134,-2869.7972388059716,1,0.2
2581,user_10,2615.96,2026-08-05 21:13:50.153465,Flipkart,refund,Delhi,Web,0,21,1,1,0,2,1,4115.205169491525,118,-1499.2451694915253,0,0.2
2582,user_25,4969.27,2026-07-25 16:42:02.153465,Walmart,refund,Pune,iOS,1,16,17,4,0,4,2,3615.32544,125,1353.9445600000004,0,0.5
2583,user_17,852.79,2026-08-31 07:27:22.153465,Walmart,refund,Delhi,Web,0,7,8,4,0,2,1,4173.412348484848,132,-3320.622348484848,0,0.2
2584,user_38,12348.05,2026-08-18 19:50:01.153465,Amazon,refund,Bangalore,iOS,0,19,31,0,0,0,2,17814.76077586207,116,-5466.71077586207,0,0.5
2585,user_22,10774.42,2026-08-15 06:21:54.153465,Swiggy,request,Pune,Android,0,6,14,3,1,4,0,18343.150086206897,116,-7568.730086206897,1,0.1
2586,user_29,1967.89,2026-07-27 15:15:15.153465,Paytm,send,Chennai,Web,0,15,21,2,2,1,1,4165.22631147541,122,-2197.3363114754093,0,0.2
2587,user_5,53966.05,2026-09-01 01:32:07.153465,Paytm,send,Mumbai,iOS,1,1,44,2,2,3,2,21765.65124031008,129,32200.398759689924,1,0.5
2588,user_3,34536.85,2026-08-11 10:22:14.153465,Amazon,request,Delhi,iOS,0,10,22,0,1,2,2,51628.90211538462,104,-17092.05211538462,0,0.5
2589,user_42,4412.75,2026-09-16 15:42:20.153465,Swiggy,refund,Delhi,Android,0,15,36,3,0,2,0,4749.498305084746,118,-336.7483050847459,0,0.1
2590,user_23,7326.75,2026-08-25 01:30:30.153465,Paytm,refund,Delhi,iOS,0,1,15,2,0,2,2,21876.48723880597,134,-14549.73723880597,1,0.5
2591,user_17,203.59,2026-09-04 04:26:20.153465,Paytm,send,Delhi,Android,0,4,8,2,2,2,0,4173.412348484848,132,-3969.8223484848477,1,0.1
2592,user_6,25298.68,2026-08-01 01:39:16.153465,Amazon,refund,Mumbai,iOS,1,1,46,0,0,3,2,3699.0514728682174,129,21599.628527131783,1,0.5
2593,user_7,35251.78,2026-07-26 03:42:11.153465,Walmart,request,Delhi,Web,0,3,47,4,1,2,1,60187.18528,125,-24935.40528,1,0.2
2594,user_33,3787.04,2026-09-10 17:51:05.153465,Swiggy,request,Bangalore,Web,1,17,26,3,1,0,1,3974.536484375,128,-187.4964843749999,0,0.2
2595,user_17,12286.91,2026-08-11 15:17:41.153465,Paytm,request,Pune,Android,0,15,8,2,1,4,0,4173.412348484848,132,8113.497651515152,0,0.1
2596,user_18,3163.43,2026-09-16 11:24:02.153465,Flipkart,request,Bangalore,iOS,0,11,9,1,1,0,2,4267.170924369748,119,-1103.740924369748,0,0.5
2597,user_25,749.28,2026-08-31 15:17:56.153465,Walmart,refund,Mumbai,Web,0,15,17,4,0,3,1,3615.32544,125,-2866.04544,0,0.2
2598,user_23,12068.94,2026-09-08 02:35:46.153465,Zomato,request,Delhi,Web,0,2,15,5,1,2,1,21876.48723880597,134,-9807.54723880597,1,0.2
2599,user_5,13954.33,2026-08-28 05:34:28.153465,Zomato,refund,Delhi,Android,1,5,44,5,0,2,0,21765.65124031008,129,-7811.321240310079,1,0.1
2600,user_42,898.55,2026-08-07 05:59:48.153465,Walmart,send,Pune,Web,0,5,36,4,2,4,1,4749.498305084746,118,-3850.9483050847457,1,0.2
2601,user_45,3776.66,2026-08-01 18:59:04.153465,Walmart,request,Delhi,Web,0,18,39,4,1,2,1,3748.3989344262295,122,28.26106557377034,0,0.2
2602,user_20,13813.67,2026-08-13 11:02:44.153465,Flipkart,send,Bangalore,Web,0,11,12,1,2,0,1,19935.082280701754,114,-6121.412280701754,0,0.2
2603,user_39,3789.74,2026-07-23 14:36:09.153465,Amazon,request,Chennai,Android,0,14,32,0,1,1,0,4488.573909090909,110,-698.8339090909094,0,0.1
2604,user_18,21889.86,2026-07-25 12:02:52.153465,Amazon,send,Chennai,Web,1,12,9,0,2,1,1,4267.170924369748,119,17622.689075630253,0,0.2
2605,user_35,45013.19,2026-08-22 12:13:03.153465,Flipkart,refund,Chennai,iOS,0,12,28,1,0,1,2,15800.978582677166,127,29212.211417322836,0,0.5
2606,user_33,7840.61,2026-08-24 19:29:12.153465,Amazon,request,Bangalore,Android,0,19,26,0,1,0,0,3974.536484375,128,3866.073515625,0,0.1
2607,user_50,3565.26,2026-07-30 07:40:02.153465,Flipkart,request,Chennai,iOS,0,7,45,1,1,1,2,4276.488269230769,104,-711.228269230769,0,0.5
2608,user_8,978.39,2026-09-17 18:38:59.153465,Amazon,send,Chennai,Web,0,18,48,0,2,1,1,4162.542654867257,113,-3184.152654867257,0,0.2
2609,user_38,16753.13,2026-09-09 18:55:08.153465,Zomato,refund,Chennai,Android,0,18,31,5,0,1,0,17814.76077586207,116,-1061.6307758620678,0,0.1
2610,user_34,1943.23,2026-08-21 08:39:23.153465,Walmart,refund,Chennai,Web,0,8,27,4,0,1,1,4524.1720000000005,120,-2580.9420000000005,0,0.2
2611,user_15,46567.03,2026-08-27 18:57:29.153465,Paytm,request,Mumbai,Android,1,18,6,2,1,3,0,17357.696608695653,115,29209.333391304346,0,0.1
2612,user_17,2777.77,2026-09-12 20:03:07.153465,Zomato,refund,Delhi,iOS,1,20,8,5,0,2,2,4173.412348484848,132,-1395.6423484848478,0,0.5
2613,user_30,14469.14,2026-09-18 15:16:10.153465,Flipkart,refund,Pune,Web,0,15,23,1,0,4,1,20780.866470588233,119,-6311.7264705882335,0,0.2
2614,user_16,9226.63,2026-08-14 20:22:12.153465,Flipkart,request,Chennai,Android,1,20,7,1,1,1,0,3660.321525423729,118,5566.30847457627,0,0.1
2615,user_40,12727.75,2026-08-28 17:12:20.153465,Walmart,refund,Pune,iOS,0,17,34,4,0,4,2,18950.453564356438,101,-6222.703564356438,0,0.5
2616,user_31,3350.01,2026-08-24 14:10:09.153465,Amazon,refund,Bangalore,Android,0,14,24,0,0,0,0,4894.9887499999995,96,-1544.9787499999993,0,0.1
2617,user_26,3846.79,2026-09-06 20:23:04.153465,Swiggy,send,Delhi,Web,0,20,18,3,2,2,1,4396.555663716814,113,-549.7656637168138,0,0.2
2618,user_27,8176.59,2026-09-08 00:34:11.153465,Flipkart,refund,Chennai,iOS,0,0,19,1,0,1,2,18537.69881355932,118,-10361.10881355932,1,0.5
2619,user_26,2050.2,2026-09-05 03:32:23.153465,Amazon,send,Chennai,iOS,0,3,18,0,2,1,2,4396.555663716814,113,-2346.355663716814,1,0.5
2620,user_41,1470.01,2026-09-18 08:02:33.153465,Swiggy,request,Bangalore,Web,0,8,35,3,1,0,1,4057.624609375,128,-2587.6146093750003,0,0.2
2621,user_15,13015.64,2026-08-21 06:28:08.153465,Amazon,refund,Chennai,Android,0,6,6,0,0,1,0,17357.696608695653,115,-4342.056608695653,1,0.1
2622,user_34,2232.39,2026-09-17 04:13:07.153465,Swiggy,request,Delhi,Web,0,4,27,3,1,2,1,4524.1720000000005,120,-2291.7820000000006,1,0.2
2623,user_21,1446.54,2026-08-03 07:12:33.153465,Walmart,request,Chennai,iOS,0,7,13,4,1,1,2,4244.438115942029,138,-2797.898115942029,0,0.5
2624,user_35,7896.4,2026-09-03 21:03:44.153465,Paytm,refund,Pune,Android,0,21,28,2,0,4,0,15800.978582677166,127,-7904.578582677166,0,0.1
2625,user_11,973.42,2026-08-12 03:36:53.153465,Flipkart,refund,Bangalore,Android,0,3,2,1,0,0,0,3819.240342465753,146,-2845.820342465753,1,0.1
2626,user_7,21754.79,2026-07-28 11:56:08.153465,Flipkart,send,Pune,Web,0,11,47,1,2,4,1,60187.18528,125,-38432.39528,0,0.2
2627,user_23,9396.0,2026-09-05 21:40:34.153465,Flipkart,request,Pune,Web,0,21,15,1,1,4,1,21876.48723880597,134,-12480.48723880597,0,0.2
2628,user_21,1097.27,2026-08-26 22:49:01.153465,Swiggy,request,Bangalore,iOS,0,22,13,3,1,0,2,4244.438115942029,138,-3147.168115942029,0,0.5
2629,user_46,4400.48,2026-07-22 11:19:22.153465,Amazon,request,Bangalore,Android,0,11,40,0,1,0,0,4824.613684210526,133,-424.13368421052655,0,0.1
2630,user_14,14014.31,2026-09-01 19:29:01.153465,Swiggy,refund,Chennai,Web,0,19,5,3,0,1,1,18284.780597014927,134,-4270.470597014928,0,0.2
2631,user_15,8265.38,2026-08-30 17:39:57.153465,Zomato,send,Bangalore,Web,0,17,6,5,2,0,1,17357.696608695653,115,-9092.316608695653,0,0.2
2632,user_5,15960.28,2026-08-01 21:11:41.153465,Flipkart,refund,Chennai,Web,0,21,44,1,0,1,1,21765.65124031008,129,-5805.371240310078,0,0.2
2633,user_24,8453.77,2026-08-07 10:06:09.153465,Flipkart,refund,Bangalore,iOS,0,10,16,1,0,0,2,20664.321171875,128,-12210.551171874999,0,0.5
2634,user_4,2031.17,2026-09-15 14:46:49.153465,Swiggy,send,Delhi,Web,0,14,33,3,2,2,1,4960.130344827586,116,-2928.9603448275857,0,0.2
2635,user_30,159671.51,2026-08-10 09:31:32.153465,Amazon,refund,Pune,iOS,1,9,23,0,0,4,2,20780.866470588233,119,138890.64352941178,0,0.5
2636,user_38,135829.36,2026-07-30 00:48:51.153465,Swiggy,request,Mumbai,Android,1,0,31,3,1,3,0,17814.76077586207,116,118014.59922413791,1,0.1
2637,user_38,121836.44,2026-08-15 02:54:23.153465,Amazon,refund,Bangalore,iOS,1,2,31,0,0,0,2,17814.76077586207,116,104021.67922413793,1,0.5
2638,user_34,3666.02,2026-09-01 14:39:29.153465,Walmart,refund,Chennai,Web,0,14,27,4,0,1,1,4524.1720000000005,120,-858.1520000000005,0,0.2
2639,user_2,58094.33,2026-07-26 16:18:11.153465,Zomato,send,Pune,Android,0,16,11,5,2,4,0,47401.46406779661,118,10692.865932203393,0,0.1
2640,user_23,12792.01,2026-09-19 08:12:47.153465,Amazon,request,Chennai,iOS,0,8,15,0,1,1,2,21876.48723880597,134,-9084.47723880597,0,0.5
2641,user_20,6806.76,2026-09-19 12:30:55.153465,Amazon,send,Pune,Web,0,12,12,0,2,4,1,19935.082280701754,114,-13128.322280701754,0,0.2
2642,user_34,3902.8,2026-07-31 17:24:22.153465,Zomato,request,Bangalore,iOS,0,17,27,5,1,0,2,4524.1720000000005,120,-621.3720000000003,0,0.5
2643,user_21,3960.23,2026-08-10 02:58:07.153465,Walmart,refund,Mumbai,iOS,0,2,13,4,0,3,2,4244.438115942029,138,-284.20811594202905,1,0.5
2644,user_9,4875.55,2026-09-13 09:51:10.153465,Swiggy,request,Pune,Android,0,9,49,3,1,4,0,4747.313999999999,110,128.2360000000008,0,0.1
2645,user_48,4973.86,2026-07-25 19:15:03.153465,Amazon,send,Mumbai,Android,0,19,42,0,2,3,0,4029.46368852459,122,944.3963114754097,0,0.1
2646,user_25,14322.92,2026-07-25 08:48:58.153465,Swiggy,request,Delhi,Web,0,8,17,3,1,2,1,3615.32544,125,10707.59456,0,0.2
2647,user_40,5217.65,2026-07-30 13:11:14.153465,Amazon,send,Pune,iOS,0,13,34,0,2,4,2,18950.453564356438,101,-13732.803564356438,0,0.5
2648,user_40,19501.61,2026-08-20 01:18:02.153465,Paytm,request,Chennai,Web,0,1,34,2,1,1,1,18950.453564356438,101,551.1564356435629,1,0.2
2649,user_48,2101.73,2026-09-19 12:52:46.153465,Paytm,send,Chennai,iOS,0,12,42,2,2,1,2,4029.46368852459,122,-1927.73368852459,0,0.5
2650,user_7,15792.71,2026-08-08 22:57:29.153465,Zomato,send,Delhi,Web,0,22,47,5,2,2,1,60187.18528,125,-44394.47528,0,0.2
2651,user_47,1885.71,2026-08-25 15:19:10.153465,Swiggy,request,Pune,iOS,0,15,41,3,1,4,2,3883.282635658915,129,-1997.5726356589148,0,0.5
2652,user_18,3587.8,2026-08-30 15:13:54.153465,Zomato,request,Bangalore,iOS,0,15,9,5,1,0,2,4267.170924369748,119,-679.3709243697476,0,0.5
2653,user_33,1302.97,2026-08-05 19:14:54.153465,Paytm,send,Delhi,iOS,1,19,26,2,2,2,2,3974.536484375,128,-2671.566484375,0,0.5
2654,user_24,17238.8,2026-08-25 18:24:05.153465,Amazon,request,Pune,Android,0,18,16,0,1,4,0,20664.321171875,128,-3425.5211718749997,0,0.1
2655,user_18,810.82,2026-09-05 05:19:29.153465,Zomato,send,Mumbai,Android,0,5,9,5,2,3,0,4267.170924369748,119,-3456.3509243697476,1,0.1
2656,user_18,1208.06,2026-08-04 02:42:59.153465,Swiggy,request,Mumbai,Web,0,2,9,3,1,3,1,4267.170924369748,119,-3059.110924369748,1,0.2
2657,user_15,15953.1,2026-08-12 22:41:18.153465,Swiggy,request,Chennai,Android,0,22,6,3,1,1,0,17357.696608695653,115,-1404.5966086956523,0,0.1
2658,user_2,43115.7,2026-08-03 00:21:39.153465,Paytm,refund,Bangalore,Android,0,0,11,2,0,0,0,47401.46406779661,118,-4285.764067796612,1,0.1
2659,user_30,121809.34,2026-09-09 14:56:32.153465,Zomato,send,Delhi,iOS,1,14,23,5,2,2,2,20780.866470588233,119,101028.47352941177,0,0.5
2660,user_7,58214.85,2026-09-13 01:29:11.153465,Paytm,request,Bangalore,Android,0,1,47,2,1,0,0,60187.18528,125,-1972.3352799999993,1,0.1
2661,user_30,14773.02,2026-09-15 05:48:23.153465,Paytm,request,Chennai,Android,0,5,23,2,1,1,0,20780.866470588233,119,-6007.8464705882325,1,0.1
2662,user_48,1913.07,2026-08-04 21:43:03.153465,Zomato,send,Chennai,iOS,0,21,42,5,2,1,2,4029.46368852459,122,-2116.3936885245903,0,0.5
2663,user_8,4531.52,2026-08-30 13:27:17.153465,Paytm,request,Chennai,iOS,0,13,48,2,1,1,2,4162.542654867257,113,368.9773451327437,0,0.5
2664,user_5,13499.54,2026-08-08 05:56:15.153465,Swiggy,refund,Delhi,Android,0,5,44,3,0,2,0,21765.65124031008,129,-8266.111240310078,1,0.1
2665,user_26,3424.75,2026-09-02 03:05:13.153465,Walmart,refund,Mumbai,iOS,0,3,18,4,0,3,2,4396.555663716814,113,-971.8056637168138,1,0.5
2666,user_18,3855.76,2026-08-14 03:27:48.153465,Zomato,refund,Pune,Web,0,3,9,5,0,4,1,4267.170924369748,119,-411.4109243697476,1,0.2
2667,user_19,9154.3,2026-09-07 18:44:58.153465,Walmart,refund,Pune,Android,1,18,10,4,0,4,0,3644.202786885246,122,5510.097213114754,0,0.1
2668,user_12,20597.05,2026-08-22 02:55:13.153465,Amazon,request,Mumbai,Android,0,2,3,0,1,3,0,52530.11026548673,113,-31933.06026548673,1,0.1
2669,user_34,2888.93,2026-08-29 11:53:20.153465,Walmart,request,Pune,Web,0,11,27,4,1,4,1,4524.1720000000005,120,-1635.2420000000006,0,0.2
2670,user_43,10017.41,2026-08-23 15:44:22.153465,Paytm,request,Chennai,Web,0,15,37,2,1,1,1,15429.552764227643,123,-5412.142764227643,0,0.2
2671,user_23,8089.43,2026-07-31 02:39:26.153465,Swiggy,request,Bangalore,Web,0,2,15,3,1,0,1,21876.48723880597,134,-13787.05723880597,1,0.2
2672,user_14,49830.54,2026-07-26 15:23:33.153465,Flipkart,refund,Delhi,iOS,1,15,5,1,0,2,2,18284.780597014927,134,31545.759402985073,0,0.5
2673,user_40,7049.35,2026-07-28 03:51:23.153465,Zomato,send,Mumbai,iOS,0,3,34,5,2,3,2,18950.453564356438,101,-11901.103564356437,1,0.5
2674,user_20,6625.76,2026-08-31 23:08:29.153465,Zomato,request,Delhi,Web,0,23,12,5,1,2,1,19935.082280701754,114,-13309.322280701754,0,0.2
2675,user_26,8028.86,2026-08-25 20:24:09.153465,Amazon,refund,Pune,Android,0,20,18,0,0,4,0,4396.555663716814,113,3632.304336283186,0,0.1
2676,user_24,18778.8,2026-08-26 02:51:10.153465,Paytm,send,Chennai,Web,0,2,16,2,2,1,1,20664.321171875,128,-1885.5211718749997,1,0.2
2677,user_37,9214.39,2026-09-02 06:01:13.153465,Amazon,request,Chennai,iOS,0,6,30,0,1,1,2,15907.096030534352,131,-6692.706030534353,1,0.5
2678,user_48,1298.47,2026-08-06 16:00:52.153465,Swiggy,request,Delhi,Web,1,16,42,3,1,2,1,4029.46368852459,122,-2730.9936885245897,0,0.2
2679,user_27,17155.4,2026-08-07 04:02:13.153465,Zomato,request,Pune,Web,0,4,19,5,1,4,1,18537.69881355932,118,-1382.2988135593187,1,0.2
2680,user_50,4126.1,2026-08-08 23:55:08.153465,Amazon,refund,Chennai,Web,0,23,45,0,0,1,1,4276.488269230769,104,-150.38826923076886,0,0.2
2681,user_13,9566.99,2026-08-12 04:14:02.153465,Swiggy,refund,Pune,Web,0,4,4,3,0,4,1,16363.8575,124,-6796.8675,1,0.2
2682,user_24,5152.0,2026-08-27 16:33:42.153465,Zomato,send,Delhi,Web,0,16,16,5,2,2,1,20664.321171875,128,-15512.321171874999,0,0.2
2683,user_28,475.78,2026-08-13 14:09:41.153465,Walmart,refund,Pune,Web,0,14,20,4,0,4,1,4678.404529914529,117,-4202.624529914529,0,0.2
2684,user_22,6216.13,2026-08-17 09:31:51.153465,Walmart,refund,Delhi,Web,0,9,14,4,0,2,1,18343.150086206897,116,-12127.020086206896,0,0.2
2685,user_31,3160.05,2026-09-09 07:59:52.153465,Zomato,refund,Mumbai,Web,0,7,24,5,0,3,1,4894.9887499999995,96,-1734.9387499999993,0,0.2
2686,user_34,275.52,2026-09-14 00:49:18.153465,Walmart,send,Pune,Web,0,0,27,4,2,4,1,4524.1720000000005,120,-4248.652,1,0.2
2687,user_8,4241.83,2026-09-02 01:20:11.153465,Paytm,send,Chennai,Android,1,1,48,2,2,1,0,4162.542654867257,113,79.28734513274321,1,0.1
2688,user_21,780.5,2026-07-30 15:00:33.153465,Walmart,request,Pune,Android,0,15,13,4,1,4,0,4244.438115942029,138,-3463.938115942029,0,0.1
2689,user_20,145680.16,2026-08-03 13:52:55.153465,Walmart,request,Bangalore,Web,1,13,12,4,1,0,1,19935.082280701754,114,125745.07771929825,0,0.2
2690,user_42,2274.48,2026-08-13 10:33:20.153465,Walmart,send,Chennai,iOS,0,10,36,4,2,1,2,4749.498305084746,118,-2475.018305084746,0,0.5
2691,user_30,16344.1,2026-08-01 19:18:44.153465,Swiggy,send,Chennai,iOS,0,19,23,3,2,1,2,20780.866470588233,119,-4436.766470588233,0,0.5
2692,user_5,12301.11,2026-09-02 02:31:01.153465,Flipkart,send,Pune,Web,0,2,44,1,2,4,1,21765.65124031008,129,-9464.541240310078,1,0.2
2693,user_34,39968.79,2026-08-13 16:49:31.153465,Amazon,request,Chennai,Web,1,16,27,0,1,1,1,4524.1720000000005,120,35444.618,0,0.2
2694,user_1,10975.73,2026-07-31 01:03:02.153465,Walmart,send,Pune,Android,1,1,0,4,2,4,0,4037.2688695652173,115,6938.461130434782,1,0.1
2695,user_25,4221.27,2026-07-30 20:32:38.153465,Walmart,send,Delhi,iOS,0,20,17,4,2,2,2,3615.32544,125,605.9445600000004,0,0.5
2696,user_19,3335.54,2026-08-19 12:57:08.153465,Flipkart,request,Pune,Web,0,12,10,1,1,4,1,3644.202786885246,122,-308.6627868852461,0,0.2
2697,user_4,847.63,2026-07-25 13:20:50.153465,Paytm,send,Mumbai,iOS,0,13,33,2,2,3,2,4960.130344827586,116,-4112.500344827586,0,0.5
2698,user_9,2095.98,2026-09-18 20:59:26.153465,Swiggy,send,Delhi,Android,0,20,49,3,2,2,0,4747.313999999999,110,-2651.3339999999994,0,0.1
2699,user_38,6939.14,2026-07-27 12:21:12.153465,Paytm,refund,Delhi,Android,0,12,31,2,0,2,0,17814.76077586207,116,-10875.62077586207,0,0.1
2700,user_6,4716.31,2026-08-05 16:48:23.153465,Flipkart,refund,Mumbai,iOS,1,16,46,1,0,3,2,3699.0514728682174,129,1017.258527131783,0,0.5
2701,user_45,3964.03,2026-09-02 06:36:28.153465,Zomato,refund,Chennai,Android,0,6,39,5,0,1,0,3748.3989344262295,122,215.63106557377068,1,0.1
2702,user_18,1323.73,2026-08-07 04:14:52.153465,Flipkart,send,Delhi,Android,0,4,9,1,2,2,0,4267.170924369748,119,-2943.440924369748,1,0.1
2703,user_41,2166.43,2026-09-01 23:07:27.153465,Flipkart,refund,Chennai,iOS,0,23,35,1,0,1,2,4057.624609375,128,-1891.1946093750003,0,0.5
2704,user_50,26148.42,2026-08-16 14:11:28.153465,Flipkart,send,Delhi,Web,1,14,45,1,2,2,1,4276.488269230769,104,21871.93173076923,0,0.2
2705,user_1,4122.92,2026-08-28 03:09:24.153465,Amazon,request,Mumbai,Web,0,3,0,0,1,3,1,4037.2688695652173,115,85.65113043478277,1,0.2
2706,user_1,12788.04,2026-07-23 10:26:19.153465,Walmart,refund,Chennai,iOS,1,10,0,4,0,1,2,4037.2688695652173,115,8750.771130434783,0,0.5
2707,user_14,6613.57,2026-08-02 16:33:31.153465,Amazon,request,Pune,Web,0,16,5,0,1,4,1,18284.780597014927,134,-11671.210597014928,0,0.2
2708,user_43,8523.42,2026-08-30 11:07:44.153465,Flipkart,send,Chennai,Web,0,11,37,1,2,1,1,15429.552764227643,123,-6906.132764227643,0,0.2
2709,user_21,889.6,2026-09-09 19:54:21.153465,Paytm,request,Bangalore,Web,0,19,13,2,1,0,1,4244.438115942029,138,-3354.838115942029,0,0.2
2710,user_8,3260.66,2026-08-02 11:39:49.153465,Walmart,send,Mumbai,iOS,1,11,48,4,2,3,2,4162.542654867257,113,-901.8826548672569,0,0.5
2711,user_26,3313.04,2026-08-22 00:12:30.153465,Amazon,send,Delhi,Web,0,0,18,0,2,2,1,4396.555663716814,113,-1083.5156637168138,1,0.2
2712,user_30,9740.81,2026-09-10 15:24:27.153465,Walmart,send,Pune,iOS,0,15,23,4,2,4,2,20780.866470588233,119,-11040.056470588233,0,0.5
2713,user_10,3384.85,2026-08-20 12:50:29.153465,Flipkart,send,Chennai,Android,0,12,1,1,2,1,0,4115.205169491525,118,-730.3551694915254,0,0.1
2714,user_23,33873.43,2026-08-02 07:04:54.153465,Paytm,refund,Bangalore,Android,1,7,15,2,0,0,0,21876.48723880597,134,11996.94276119403,0,0.1
2715,user_40,10227.87,2026-09-13 00:13:06.153465,Walmart,refund,Chennai,iOS,0,0,34,4,0,1,2,18950.453564356438,101,-8722.583564356437,1,0.5
2716,user_2,50335.24,2026-08-04 21:06:39.153465,Amazon,send,Chennai,iOS,0,21,11,0,2,1,2,47401.46406779661,118,2933.775932203389,0,0.5
2717,user_48,305.13,2026-09-03 06:16:38.153465,Zomato,refund,Mumbai,iOS,0,6,42,5,0,3,2,4029.46368852459,122,-3724.33368852459,1,0.5
2718,user_35,18926.9,2026-09-04 10:12:45.153465,Amazon,send,Pune,iOS,1,10,28,0,2,4,2,15800.978582677166,127,3125.9214173228356,0,0.5
2719,user_30,5755.83,2026-08-26 13:34:49.153465,Walmart,refund,Delhi,Web,0,13,23,4,0,2,1,20780.866470588233,119,-15025.036470588233,0,0.2
2720,user_18,28192.31,2026-08-05 18:41:44.153465,Paytm,refund,Delhi,Web,1,18,9,2,0,2,1,4267.170924369748,119,23925.139075630254,0,0.2
2721,user_7,129826.61,2026-09-17 04:30:50.153465,Swiggy,send,Pune,iOS,1,4,47,3,2,4,2,60187.18528,125,69639.42472000001,1,0.5
2722,user_17,834.07,2026-09-14 03:53:08.153465,Paytm,request,Chennai,Web,0,3,8,2,1,1,1,4173.412348484848,132,-3339.3423484848477,1,0.2
2723,user_13,7894.28,2026-08-09 10:50:34.153465,Amazon,request,Mumbai,Android,0,10,4,0,1,3,0,16363.8575,124,-8469.5775,0,0.1
2724,user_7,17312.32,2026-07-26 13:18:02.153465,Zomato,send,Pune,Android,0,13,47,5,2,4,0,60187.18528,125,-42874.86528,0,0.1
2725,user_33,2315.97,2026-08-12 12:55:20.153465,Zomato,send,Chennai,Web,0,12,26,5,2,1,1,3974.536484375,128,-1658.566484375,0,0.2
2726,user_4,464.72,2026-08-22 14:35:54.153465,Amazon,request,Chennai,iOS,0,14,33,0,1,1,2,4960.130344827586,116,-4495.4103448275855,0,0.5
2727,user_2,54215.16,2026-08-08 11:58:34.153465,Swiggy,send,Pune,Web,0,11,11,3,2,4,1,47401.46406779661,118,6813.6959322033945,0,0.2
2728,user_43,12320.66,2026-09-03 18:56:23.153465,Swiggy,request,Chennai,iOS,0,18,37,3,1,1,2,15429.552764227643,123,-3108.892764227643,0,0.5
2729,user_34,4963.51,2026-09-08 14:09:12.153465,Walmart,send,Mumbai,iOS,0,14,27,4,2,3,2,4524.1720000000005,120,439.33799999999974,0,0.5
2730,user_27,16131.38,2026-08-26 12:54:01.153465,Flipkart,refund,Delhi,Android,0,12,19,1,0,2,0,18537.69881355932,118,-2406.318813559321,0,0.1
2731,user_4,14462.14,2026-07-24 17:48:15.153465,Paytm,refund,Mumbai,Android,0,17,33,2,0,3,0,4960.130344827586,116,9502.009655172413,0,0.1
2732,user_30,6005.34,2026-08-18 04:35:44.153465,Zomato,refund,Delhi,iOS,0,4,23,5,0,2,2,20780.866470588233,119,-14775.526470588233,1,0.5
2733,user_10,2620.9,2026-08-28 22:50:12.153465,Zomato,request,Bangalore,iOS,0,22,1,5,1,0,2,4115.205169491525,118,-1494.3051694915252,0,0.5
2734,user_5,6831.0,2026-07-25 06:21:14.153465,Paytm,request,Bangalore,Android,0,6,44,2,1,0,0,21765.65124031008,129,-14934.651240310079,1,0.1
2735,user_49,19705.25,2026-09-01 05:04:01.153465,Paytm,request,Chennai,iOS,0,5,43,2,1,1,2,19333.43277227723,101,371.81722772277135,1,0.5
2736,user_26,4718.56,2026-08-31 16:27:53.153465,Walmart,send,Bangalore,Android,1,16,18,4,2,0,0,4396.555663716814,113,322.0043362831866,0,0.1
2737,user_28,14858.92,2026-08-20 05:53:43.153465,Paytm,request,Bangalore,Android,1,5,20,2,1,0,0,4678.404529914529,117,10180.515470085471,1,0.1
2738,user_16,3149.4,2026-08-29 03:19:59.153465,Amazon,refund,Bangalore,iOS,0,3,7,0,0,0,2,3660.321525423729,118,-510.9215254237288,1,0.5
2739,user_49,12869.68,2026-08-08 06:32:33.153465,Amazon,send,Chennai,Android,0,6,43,0,2,1,0,19333.43277227723,101,-6463.752772277228,1,0.1
2740,user_44,15559.67,2026-07-24 18:47:54.153465,Amazon,send,Pune,Android,0,18,38,0,2,4,0,17327.384636363637,110,-1767.7146363636366,0,0.1
2741,user_31,604.91,2026-08-17 10:57:14.153465,Flipkart,refund,Mumbai,iOS,0,10,24,1,0,3,2,4894.9887499999995,96,-4290.07875,0,0.5
2742,user_21,2915.54,2026-08-09 13:58:00.153465,Paytm,send,Pune,iOS,0,13,13,2,2,4,2,4244.438115942029,138,-1328.898115942029,0,0.5
2743,user_41,2592.25,2026-08-10 10:22:23.153465,Zomato,send,Chennai,Web,0,10,35,5,2,1,1,4057.624609375,128,-1465.374609375,0,0.2
2744,user_13,10687.56,2026-09-09 04:45:03.153465,Zomato,refund,Mumbai,Web,0,4,4,5,0,3,1,16363.8575,124,-5676.297500000001,1,0.2
2745,user_5,6644.29,2026-08-24 06:22:25.153465,Swiggy,send,Bangalore,Web,0,6,44,3,2,0,1,21765.65124031008,129,-15121.361240310078,1,0.2
2746,user_30,16551.6,2026-09-16 19:09:15.153465,Flipkart,send,Mumbai,iOS,0,19,23,1,2,3,2,20780.866470588233,119,-4229.266470588234,0,0.5
2747,user_13,14514.42,2026-09-17 05:55:14.153465,Walmart,send,Bangalore,Web,0,5,4,4,2,0,1,16363.8575,124,-1849.4375,1,0.2
2748,user_14,30216.8,2026-07-26 02:25:28.153465,Swiggy,send,Mumbai,Web,1,2,5,3,2,3,1,18284.780597014927,134,11932.019402985072,1,0.2
2749,user_1,8689.63,2026-08-17 17:53:21.153465,Flipkart,send,Bangalore,Android,1,17,0,1,2,0,0,4037.2688695652173,115,4652.361130434781,0,0.1
2750,user_29,1873.13,2026-09-18 05:40:41.153465,Swiggy,request,Mumbai,Android,0,5,21,3,1,3,0,4165.22631147541,122,-2292.0963114754095,1,0.1
2751,user_46,15112.29,2026-09-02 18:28:22.153465,Flipkart,request,Mumbai,Web,1,18,40,1,1,3,1,4824.613684210526,133,10287.676315789475,0,0.2
2752,user_9,4742.01,2026-09-15 06:02:20.153465,Flipkart,refund,Delhi,iOS,0,6,49,1,0,2,2,4747.313999999999,110,-5.303999999999178,1,0.5
2753,user_6,3995.47,2026-09-02 04:43:43.153465,Flipkart,request,Pune,iOS,0,4,46,1,1,4,2,3699.0514728682174,129,296.4185271317824,1,0.5
2754,user_40,5099.65,2026-07-27 13:21:32.153465,Paytm,refund,Mumbai,Android,0,13,34,2,0,3,0,18950.453564356438,101,-13850.803564356438,0,0.1
2755,user_32,3611.34,2026-09-13 22:47:37.153465,Swiggy,send,Chennai,Web,0,22,25,3,2,1,1,3596.741,130,14.59900000000016,0,0.2
2756,user_50,1751.44,2026-09-13 03:10:46.153465,Swiggy,request,Mumbai,iOS,0,3,45,3,1,3,2,4276.488269230769,104,-2525.048269230769,1,0.5
2757,user_18,999.88,2026-08-10 03:57:12.153465,Paytm,refund,Mumbai,Android,0,3,9,2,0,3,0,4267.170924369748,119,-3267.2909243697477,1,0.1
2758,user_41,894.63,2026-07-23 08:52:29.153465,Amazon,request,Chennai,iOS,0,8,35,0,1,1,2,4057.624609375,128,-3162.994609375,0,0.5
2759,user_44,57559.31,2026-08-24 11:41:22.153465,Amazon,refund,Bangalore,Web,1,11,38,0,0,0,1,17327.384636363637,110,40231.92536363636,0,0.2
2760,user_12,28772.43,2026-09-12 03:39:34.153465,Swiggy,request,Pune,iOS,0,3,3,3,1,4,2,52530.11026548673,113,-23757.680265486728,1,0.5
2761,user_21,859.59,2026-08-26 02:55:17.153465,Walmart,refund,Pune,Android,0,2,13,4,0,4,0,4244.438115942029,138,-3384.848115942029,1,0.1
2762,user_21,2233.46,2026-08-28 17:00:30.153465,Swiggy,send,Chennai,iOS,0,17,13,3,2,1,2,4244.438115942029,138,-2010.978115942029,0,0.5
2763,user_21,1443.85,2026-08-26 22:49:34.153465,Swiggy,refund,Mumbai,Android,0,22,13,3,0,3,0,4244.438115942029,138,-2800.588115942029,0,0.1
2764,user_29,12701.72,2026-08-02 22:44:12.153465,Swiggy,send,Delhi,Android,1,22,21,3,2,2,0,4165.22631147541,122,8536.49368852459,0,0.1
2765,user_47,683.54,2026-07-29 17:03:03.153465,Walmart,request,Chennai,Web,0,17,41,4,1,1,1,3883.282635658915,129,-3199.742635658915,0,0.2
2766,user_33,4664.47,2026-08-12 11:22:31.153465,Paytm,send,Delhi,Web,0,11,26,2,2,2,1,3974.536484375,128,689.9335156250004,0,0.2
2767,user_40,5490.31,2026-09-08 16:47:09.153465,Zomato,refund,Mumbai,Android,0,16,34,5,0,3,0,18950.453564356438,101,-13460.143564356436,0,0.1
2768,user_1,3872.97,2026-08-16 21:23:35.153465,Walmart,request,Delhi,Web,1,21,0,4,1,2,1,4037.2688695652173,115,-164.2988695652175,0,0.2
2769,user_22,8654.84,2026-08-17 00:18:47.153465,Swiggy,send,Delhi,Web,0,0,14,3,2,2,1,18343.150086206897,116,-9688.310086206897,1,0.2
2770,user_5,50350.16,2026-08-03 11:03:38.153465,Zomato,request,Bangalore,Web,0,11,44,5,1,0,1,21765.65124031008,129,28584.508759689925,0,0.2
2771,user_38,11144.64,2026-09-09 06:29:28.153465,Amazon,refund,Mumbai,Web,0,6,31,0,0,3,1,17814.76077586207,116,-6670.120775862069,1,0.2
2772,user_38,11700.21,2026-09-14 14:08:25.153465,Zomato,request,Pune,Web,1,14,31,5,1,4,1,17814.76077586207,116,-6114.55077586207,0,0.2
2773,user_42,4188.38,2026-09-17 01:08:44.153465,Paytm,request,Chennai,iOS,0,1,36,2,1,1,2,4749.498305084746,118,-561.1183050847458,1,0.5
2774,user_18,4861.53,2026-09-19 09:27:48.153465,Amazon,send,Chennai,Android,0,9,9,0,2,1,0,4267.170924369748,119,594.3590756302519,0,0.1
2775,user_12,176303.22,2026-09-05 08:57:50.153465,Amazon,request,Bangalore,iOS,1,8,3,0,1,0,2,52530.11026548673,113,123773.10973451327,0,0.5
2776,user_6,4411.0,2026-08-05 08:40:19.153465,Walmart,send,Pune,Web,1,8,46,4,2,4,1,3699.0514728682174,129,711.9485271317826,0,0.2
2777,user_29,1107.1,2026-09-11 23:51:22.153465,Zomato,request,Pune,iOS,0,23,21,5,1,4,2,4165.22631147541,122,-3058.1263114754097,0,0.5
2778,user_45,573.52,2026-07-28 04:37:29.153465,Flipkart,send,Bangalore,Android,0,4,39,1,2,0,0,3748.3989344262295,122,-3174.8789344262295,1,0.1
2779,user_10,4942.88,2026-08-02 05:56:13.153465,Zomato,send,Mumbai,Web,1,5,1,5,2,3,1,4115.205169491525,118,827.6748305084748,1,0.2
2780,user_27,6094.49,2026-09-16 08:40:02.153465,Swiggy,send,Mumbai,Web,0,8,19,3,2,3,1,18537.69881355932,118,-12443.20881355932,0,0.2
2781,user_6,1160.5,2026-09-10 12:41:35.153465,Amazon,refund,Pune,Android,0,12,46,0,0,4,0,3699.0514728682174,129,-2538.5514728682174,0,0.1
2782,user_11,3794.78,2026-08-23 14:21:21.153465,Amazon,send,Delhi,Web,0,14,2,0,2,2,1,3819.240342465753,146,-24.460342465753,0,0.2
2783,user_7,23057.96,2026-09-10 07:08:02.153465,Flipkart,refund,Delhi,Android,0,7,47,1,0,2,0,60187.18528,125,-37129.22528,0,0.1
2784,user_23,15598.57,2026-07-26 07:08:47.153465,Zomato,request,Bangalore,Web,0,7,15,5,1,0,1,21876.48723880597,134,-6277.917238805971,0,0.2
2785,user_7,170049.21,2026-08-02 08:33:40.153465,Walmart,send,Mumbai,Web,1,8,47,4,2,3,1,60187.18528,125,109862.02471999999,0,0.2
2786,user_38,8249.84,2026-08-23 04:27:54.153465,Zomato,request,Delhi,iOS,0,4,31,5,1,2,2,17814.76077586207,116,-9564.920775862069,1,0.5
2787,user_29,2652.61,2026-08-07 19:12:42.153465,Flipkart,request,Bangalore,Android,0,19,21,1,1,0,0,4165.22631147541,122,-1512.6163114754095,0,0.1
2788,user_32,8927.1,2026-08-19 07:33:38.153465,Swiggy,request,Chennai,Android,1,7,25,3,1,1,0,3596.741,130,5330.359,0,0.1
2789,user_20,16918.15,2026-09-01 15:02:51.153465,Zomato,send,Pune,Android,0,15,12,5,2,4,0,19935.082280701754,114,-3016.9322807017525,0,0.1
2790,user_30,11057.43,2026-08-07 18:13:53.153465,Walmart,refund,Mumbai,iOS,0,18,23,4,0,3,2,20780.866470588233,119,-9723.436470588233,0,0.5
2791,user_13,7618.61,2026-08-13 12:47:10.153465,Zomato,send,Chennai,Android,0,12,4,5,2,1,0,16363.8575,124,-8745.247500000001,0,0.1
2792,user_36,12141.71,2026-07-23 23:31:58.153465,Paytm,send,Bangalore,Web,1,23,29,2,2,0,1,4483.898691588785,107,7657.811308411214,0,0.2
2793,user_7,153523.73,2026-09-09 00:07:21.153465,Amazon,request,Delhi,Android,1,0,47,0,1,2,0,60187.18528,125,93336.54472,1,0.1
2794,user_41,2919.56,2026-08-24 16:16:39.153465,Amazon,request,Bangalore,iOS,0,16,35,0,1,0,2,4057.624609375,128,-1138.0646093750001,0,0.5
2795,user_19,1223.24,2026-08-03 18:16:14.153465,Swiggy,send,Delhi,Android,1,18,10,3,2,2,0,3644.202786885246,122,-2420.962786885246,0,0.1
2796,user_26,846.63,2026-09-05 20:43:58.153465,Flipkart,refund,Delhi,Web,0,20,18,1,0,2,1,4396.555663716814,113,-3549.9256637168137,0,0.2
2797,user_31,21092.81,2026-08-01 11:41:56.153465,Swiggy,request,Pune,Web,0,11,24,3,1,4,1,4894.9887499999995,96,16197.82125,0,0.2
2798,user_20,11421.86,2026-08-01 09:30:12.153465,Walmart,refund,Bangalore,Web,0,9,12,4,0,0,1,19935.082280701754,114,-8513.222280701753,0,0.2
2799,user_46,3729.84,2026-09-09 09:52:18.153465,Walmart,send,Chennai,Web,0,9,40,4,2,1,1,4824.613684210526,133,-1094.773684210526,0,0.2
2800,user_15,10944.5,2026-07-28 07:22:59.153465,Flipkart,refund,Pune,iOS,0,7,6,1,0,4,2,17357.696608695653,115,-6413.196608695653,0,0.5
2801,user_32,4070.36,2026-07-29 13:14:56.153465,Flipkart,request,Pune,Web,0,13,25,1,1,4,1,3596.741,130,473.61900000000014,0,0.2
2802,user_50,4246.68,2026-08-29 15:11:38.153465,Zomato,request,Delhi,Android,1,15,45,5,1,2,0,4276.488269230769,104,-29.80826923076893,0,0.1
2803,user_37,15448.56,2026-08-11 02:26:40.153465,Zomato,refund,Pune,Android,0,2,30,5,0,4,0,15907.096030534352,131,-458.5360305343529,1,0.1
2804,user_50,1013.18,2026-09-01 16:34:43.153465,Walmart,send,Mumbai,iOS,1,16,45,4,2,3,2,4276.488269230769,104,-3263.3082692307694,0,0.5
2805,user_24,5155.42,2026-09-05 18:25:37.153465,Swiggy,send,Mumbai,iOS,0,18,16,3,2,3,2,20664.321171875,128,-15508.901171874999,0,0.5
2806,user_11,16394.5,2026-08-10 22:14:00.153465,Flipkart,refund,Pune,Android,1,22,2,1,0,4,0,3819.240342465753,146,12575.259657534247,0,0.1
2807,user_12,35446.4,2026-07-28 05:45:45.153465,Walmart,send,Bangalore,Web,0,5,3,4,2,0,1,52530.11026548673,113,-17083.710265486727,1,0.2
2808,user_1,2974.55,2026-09-07 14:21:16.153465,Walmart,refund,Mumbai,Web,0,14,0,4,0,3,1,4037.2688695652173,115,-1062.7188695652171,0,0.2
2809,user_37,5162.1,2026-08-28 12:47:40.153465,Paytm,refund,Chennai,Web,1,12,30,2,0,1,1,15907.096030534352,131,-10744.996030534352,0,0.2
2810,user_50,4179.11,2026-08-20 11:19:44.153465,Flipkart,request,Chennai,Web,1,11,45,1,1,1,1,4276.488269230769,104,-97.37826923076955,0,0.2
2811,user_21,800.24,2026-09-13 21:47:06.153465,Zomato,request,Chennai,Web,0,21,13,5,1,1,1,4244.438115942029,138,-3444.1981159420293,0,0.2
2812,user_20,8216.0,2026-09-16 19:09:23.153465,Zomato,refund,Delhi,Android,0,19,12,5,0,2,0,19935.082280701754,114,-11719.082280701754,0,0.1
2813,user_36,4950.02,2026-09-18 09:12:32.153465,Walmart,request,Delhi,Web,0,9,29,4,1,2,1,4483.898691588785,107,466.12130841121507,0,0.2
2814,user_38,8757.09,2026-08-30 14:16:07.153465,Flipkart,send,Pune,Web,0,14,31,1,2,4,1,17814.76077586207,116,-9057.670775862069,0,0.2
2815,user_33,13775.22,2026-07-28 21:37:20.153465,Paytm,request,Bangalore,iOS,1,21,26,2,1,0,2,3974.536484375,128,9800.683515625,0,0.5
2816,user_40,12262.51,2026-08-07 05:46:02.153465,Flipkart,request,Mumbai,Android,0,5,34,1,1,3,0,18950.453564356438,101,-6687.9435643564375,1,0.1
2817,user_32,1923.7,2026-08-09 12:43:23.153465,Zomato,send,Chennai,Web,0,12,25,5,2,1,1,3596.741,130,-1673.041,0,0.2
2818,user_44,9496.97,2026-08-30 14:36:10.153465,Paytm,send,Bangalore,Web,0,14,38,2,2,0,1,17327.384636363637,110,-7830.414636363637,0,0.2
2819,user_21,2146.96,2026-08-07 12:51:52.153465,Swiggy,send,Bangalore,iOS,0,12,13,3,2,0,2,4244.438115942029,138,-2097.478115942029,0,0.5
2820,user_26,1154.18,2026-08-13 17:15:09.153465,Zomato,request,Mumbai,Android,0,17,18,5,1,3,0,4396.555663716814,113,-3242.3756637168135,0,0.1
2821,user_34,1572.85,2026-07-24 00:12:25.153465,Walmart,send,Pune,Web,0,0,27,4,2,4,1,4524.1720000000005,120,-2951.3220000000006,1,0.2
2822,user_28,32204.42,2026-08-03 02:25:14.153465,Zomato,request,Pune,Android,1,2,20,5,1,4,0,4678.404529914529,117,27526.01547008547,1,0.1
2823,user_1,3680.49,2026-09-11 09:06:06.153465,Flipkart,request,Pune,iOS,0,9,0,1,1,4,2,4037.2688695652173,115,-356.7788695652175,0,0.5
2824,user_26,4832.02,2026-09-18 04:28:50.153465,Zomato,refund,Chennai,iOS,1,4,18,5,0,1,2,4396.555663716814,113,435.46433628318664,1,0.5
2825,user_25,1723.16,2026-09-16 14:28:21.153465,Swiggy,request,Bangalore,Web,0,14,17,3,1,0,1,3615.32544,125,-1892.16544,0,0.2
2826,user_1,4607.25,2026-08-16 11:50:21.153465,Amazon,request,Pune,Android,0,11,0,0,1,4,0,4037.2688695652173,115,569.9811304347827,0,0.1
2827,user_14,17766.01,2026-08-14 16:46:53.153465,Amazon,send,Mumbai,iOS,0,16,5,0,2,3,2,18284.780597014927,134,-518.7705970149291,0,0.5
2828,user_50,992.3,2026-09-14 04:43:01.153465,Amazon,send,Mumbai,Android,0,4,45,0,2,3,0,4276.488269230769,104,-3284.188269230769,1,0.1
2829,user_16,3774.04,2026-07-23 11:52:25.153465,Flipkart,send,Mumbai,Android,0,11,7,1,2,3,0,3660.321525423729,118,113.71847457627109,0,0.1
2830,user_30,63835.46,2026-08-26 07:05:34.153465,Walmart,send,Delhi,Android,1,7,23,4,2,2,0,20780.866470588233,119,43054.593529411766,0,0.1
2831,user_28,467.22,2026-08-30 21:17:21.153465,Amazon,request,Pune,Android,0,21,20,0,1,4,0,4678.404529914529,117,-4211.184529914529,0,0.1
2832,user_35,18207.35,2026-08-13 10:34:46.153465,Swiggy,request,Chennai,iOS,0,10,28,3,1,1,2,15800.978582677166,127,2406.3714173228327,0,0.5
2833,user_17,4714.07,2026-08-14 07:14:38.153465,Swiggy,send,Mumbai,Web,0,7,8,3,2,3,1,4173.412348484848,132,540.6576515151519,0,0.2
2834,user_45,4567.69,2026-08-16 00:01:57.153465,Amazon,request,Bangalore,Android,1,0,39,0,1,0,0,3748.3989344262295,122,819.2910655737701,1,0.1
2835,user_37,44393.32,2026-09-04 19:20:47.153465,Amazon,request,Chennai,Web,0,19,30,0,1,1,1,15907.096030534352,131,28486.223969465645,0,0.2
2836,user_24,38280.21,2026-08-03 03:39:40.153465,Paytm,refund,Bangalore,iOS,1,3,16,2,0,0,2,20664.321171875,128,17615.888828125,1,0.5
2837,user_7,47207.63,2026-07-27 04:17:36.153465,Amazon,request,Delhi,Web,0,4,47,0,1,2,1,60187.18528,125,-12979.55528,1,0.2
2838,user_37,18426.65,2026-08-10 10:09:37.153465,Swiggy,send,Pune,iOS,0,10,30,3,2,4,2,15907.096030534352,131,2519.553969465649,0,0.5
2839,user_3,48021.08,2026-09-12 02:45:52.153465,Zomato,send,Pune,iOS,0,2,22,5,2,4,2,51628.90211538462,104,-3607.822115384617,1,0.5
2840,user_12,28883.65,2026-08-24 06:58:10.153465,Amazon,send,Delhi,Android,0,6,3,0,2,2,0,52530.11026548673,113,-23646.460265486727,1,0.1
2841,user_36,1070.75,2026-09-09 16:30:14.153465,Flipkart,refund,Delhi,iOS,0,16,29,1,0,2,2,4483.898691588785,107,-3413.1486915887854,0,0.5
2842,user_14,6592.31,2026-09-19 14:12:45.153465,Zomato,request,Pune,iOS,0,14,5,5,1,4,2,18284.780597014927,134,-11692.470597014926,0,0.5
2843,user_27,50387.94,2026-07-25 06:37:51.153465,Walmart,send,Bangalore,iOS,1,6,19,4,2,0,2,18537.69881355932,118,31850.241186440682,1,0.5
2844,user_6,4226.09,2026-08-13 05:30:57.153465,Zomato,send,Pune,Android,1,5,46,5,2,4,0,3699.0514728682174,129,527.0385271317828,1,0.1
2845,user_39,3175.57,2026-07-23 00:06:05.153465,Amazon,request,Bangalore,Web,1,0,32,0,1,0,1,4488.573909090909,110,-1313.003909090909,1,0.2
2846,user_23,139975.0,2026-09-17 16:27:06.153465,Zomato,refund,Bangalore,Android,0,16,15,5,0,0,0,21876.48723880597,134,118098.51276119403,0,0.1
2847,user_44,13273.65,2026-07-30 23:55:36.153465,Walmart,refund,Chennai,Web,1,23,38,4,0,1,1,17327.384636363637,110,-4053.734636363637,0,0.2
2848,user_39,1605.17,2026-09-08 04:27:27.153465,Paytm,refund,Chennai,iOS,0,4,32,2,0,1,2,4488.573909090909,110,-2883.403909090909,1,0.5
2849,user_37,15288.37,2026-07-23 21:44:39.153465,Swiggy,request,Chennai,Web,0,21,30,3,1,1,1,15907.096030534352,131,-618.7260305343516,0,0.2
2850,user_23,19655.16,2026-07-25 19:28:07.153465,Walmart,send,Bangalore,iOS,0,19,15,4,2,0,2,21876.48723880597,134,-2221.3272388059704,0,0.5
2851,user_10,4480.38,2026-08-04 22:23:52.153465,Walmart,refund,Delhi,Android,1,22,1,4,0,2,0,4115.205169491525,118,365.17483050847477,0,0.1
2852,user_46,4870.34,2026-08-05 12:30:37.153465,Flipkart,send,Pune,Web,1,12,40,1,2,4,1,4824.613684210526,133,45.72631578947403,0,0.2
2853,user_11,1152.84,2026-07-28 09:16:54.153465,Zomato,refund,Pune,Android,0,9,2,5,0,4,0,3819.240342465753,146,-2666.400342465753,0,0.1
2854,user_4,3257.86,2026-09-06 20:24:14.153465,Zomato,refund,Bangalore,iOS,0,20,33,5,0,0,2,4960.130344827586,116,-1702.2703448275856,0,0.5
2855,user_29,783.82,2026-08-26 19:34:50.153465,Zomato,send,Mumbai,Android,0,19,21,5,2,3,0,4165.22631147541,122,-3381.4063114754094,0,0.1
2856,user_37,18884.22,2026-08-31 05:03:39.153465,Flipkart,refund,Delhi,Android,0,5,30,1,0,2,0,15907.096030534352,131,2977.1239694656488,1,0.1
2857,user_29,2386.22,2026-08-05 01:10:39.153465,Swiggy,request,Chennai,Android,0,1,21,3,1,1,0,4165.22631147541,122,-1779.0063114754098,1,0.1
2858,user_9,551.75,2026-08-14 07:02:09.153465,Swiggy,refund,Bangalore,Web,0,7,49,3,0,0,1,4747.313999999999,110,-4195.563999999999,0,0.2
2859,user_36,4138.53,2026-08-04 14:25:56.153465,Amazon,refund,Bangalore,iOS,0,14,29,0,0,0,2,4483.898691588785,107,-345.3686915887856,0,0.5
2860,user_31,1322.61,2026-09-11 00:25:36.153465,Zomato,refund,Mumbai,Android,0,0,24,5,0,3,0,4894.9887499999995,96,-3572.37875,1,0.1
2861,user_42,4317.08,2026-08-08 00:51:38.153465,Paytm,refund,Bangalore,Web,1,0,36,2,0,0,1,4749.498305084746,118,-432.41830508474595,1,0.2
2862,user_20,41104.19,2026-09-12 06:04:00.153465,Swiggy,send,Chennai,Web,1,6,12,3,2,1,1,19935.082280701754,114,21169.10771929825,1,0.2
2863,user_38,5419.22,2026-07-28 00:24:52.153465,Walmart,send,Chennai,Web,0,0,31,4,2,1,1,17814.76077586207,116,-12395.540775862068,1,0.2
2864,user_48,3320.03,2026-07-30 12:10:18.153465,Amazon,refund,Chennai,Web,0,12,42,0,0,1,1,4029.46368852459,122,-709.4336885245898,0,0.2
2865,user_30,17469.76,2026-08-14 23:30:27.153465,Amazon,refund,Delhi,Web,0,23,23,0,0,2,1,20780.866470588233,119,-3311.1064705882345,0,0.2
2866,user_4,3313.66,2026-07-25 05:49:37.153465,Walmart,request,Pune,Web,0,5,33,4,1,4,1,4960.130344827586,116,-1646.470344827586,1,0.2
2867,user_48,4577.31,2026-08-28 22:00:24.153465,Flipkart,request,Bangalore,Android,0,22,42,1,1,0,0,4029.46368852459,122,547.8463114754104,0,0.1
2868,user_37,17854.22,2026-08-30 10:53:49.153465,Zomato,request,Bangalore,Web,1,10,30,5,1,0,1,15907.096030534352,131,1947.1239694656488,0,0.2
2869,user_4,2863.63,2026-09-09 02:09:56.153465,Flipkart,send,Delhi,Web,0,2,33,1,2,2,1,4960.130344827586,116,-2096.5003448275856,1,0.2
2870,user_15,32718.61,2026-08-28 12:24:27.153465,Zomato,send,Mumbai,iOS,0,12,6,5,2,3,2,17357.696608695653,115,15360.913391304348,0,0.5
2871,user_28,4908.72,2026-08-16 13:55:05.153465,Zomato,send,Mumbai,Android,1,13,20,5,2,3,0,4678.404529914529,117,230.31547008547113,0,0.1
2872,user_48,38815.8,2026-08-14 07:30:02.153465,Swiggy,refund,Pune,Web,1,7,42,3,0,4,1,4029.46368852459,122,34786.33631147541,0,0.2
2873,user_28,410.55,2026-07-29 21:33:44.153465,Zomato,send,Bangalore,iOS,0,21,20,5,2,0,2,4678.404529914529,117,-4267.854529914529,0,0.5
2874,user_37,8578.41,2026-08-29 02:25:06.153465,Swiggy,refund,Delhi,Web,0,2,30,3,0,2,1,15907.096030534352,131,-7328.6860305343525,1,0.2
2875,user_8,4164.21,2026-07-24 16:29:45.153465,Zomato,refund,Delhi,Android,1,16,48,5,0,2,0,4162.542654867257,113,1.6673451327433213,0,0.1
2876,user_18,15461.27,2026-09-17 00:30:51.153465,Walmart,send,Delhi,Android,1,0,9,4,2,2,0,4267.170924369748,119,11194.099075630253,1,0.1
2877,user_15,5296.62,2026-09-02 16:37:51.153465,Zomato,send,Chennai,Web,0,16,6,5,2,1,1,17357.696608695653,115,-12061.076608695654,0,0.2
2878,user_41,3627.65,2026-08-07 11:38:04.153465,Paytm,refund,Pune,Web,0,11,35,2,0,4,1,4057.624609375,128,-429.974609375,0,0.2
2879,user_46,3479.12,2026-08-31 03:15:58.153465,Paytm,refund,Mumbai,Web,0,3,40,2,0,3,1,4824.613684210526,133,-1345.4936842105262,1,0.2
2880,user_15,9578.77,2026-09-08 08:14:49.153465,Swiggy,refund,Pune,Web,1,8,6,3,0,4,1,17357.696608695653,115,-7778.926608695652,0,0.2
2881,user_33,4918.61,2026-07-22 03:04:31.153465,Swiggy,send,Delhi,iOS,0,3,26,3,2,2,2,3974.536484375,128,944.0735156249998,1,0.5
2882,user_21,498.55,2026-07-24 23:06:52.153465,Zomato,request,Mumbai,Android,0,23,13,5,1,3,0,4244.438115942029,138,-3745.888115942029,0,0.1
2883,user_17,264.77,2026-09-04 16:13:38.153465,Amazon,refund,Delhi,Android,0,16,8,0,0,2,0,4173.412348484848,132,-3908.642348484848,0,0.1
2884,user_27,8370.48,2026-09-16 11:06:41.153465,Swiggy,refund,Delhi,Android,0,11,19,3,0,2,0,18537.69881355932,118,-10167.21881355932,0,0.1
2885,user_30,8330.13,2026-08-16 02:58:11.153465,Walmart,request,Chennai,Web,0,2,23,4,1,1,1,20780.866470588233,119,-12450.736470588234,1,0.2
2886,user_47,14252.06,2026-09-02 19:35:09.153465,Zomato,request,Chennai,Web,1,19,41,5,1,1,1,3883.282635658915,129,10368.777364341084,0,0.2
2887,user_3,54925.36,2026-08-07 18:31:57.153465,Zomato,refund,Mumbai,iOS,0,18,22,5,0,3,2,51628.90211538462,104,3296.4578846153818,0,0.5
2888,user_43,18554.84,2026-09-14 08:35:36.153465,Paytm,send,Delhi,iOS,0,8,37,2,2,2,2,15429.552764227643,123,3125.2872357723572,0,0.5
2889,user_25,2759.11,2026-09-16 08:11:59.153465,Flipkart,refund,Mumbai,Web,0,8,17,1,0,3,1,3615.32544,125,-856.21544,0,0.2
2890,user_9,3560.67,2026-08-08 16:19:08.153465,Paytm,request,Mumbai,iOS,0,16,49,2,1,3,2,4747.313999999999,110,-1186.6439999999993,0,0.5
2891,user_18,2863.21,2026-08-31 23:02:13.153465,Zomato,request,Pune,Web,0,23,9,5,1,4,1,4267.170924369748,119,-1403.9609243697478,0,0.2
2892,user_15,12648.71,2026-08-14 21:44:11.153465,Paytm,refund,Pune,Web,0,21,6,2,0,4,1,17357.696608695653,115,-4708.986608695654,0,0.2
2893,user_15,7635.82,2026-08-28 20:21:22.153465,Zomato,refund,Mumbai,Android,0,20,6,5,0,3,0,17357.696608695653,115,-9721.876608695653,0,0.1
2894,user_11,1704.4,2026-09-15 07:20:45.153465,Swiggy,refund,Delhi,Web,1,7,2,3,0,2,1,3819.240342465753,146,-2114.840342465753,0,0.2
2895,user_29,4403.54,2026-09-11 06:45:10.153465,Swiggy,refund,Pune,Android,1,6,21,3,0,4,0,4165.22631147541,122,238.31368852459036,1,0.1
2896,user_36,3040.09,2026-09-10 01:51:20.153465,Flipkart,request,Pune,iOS,0,1,29,1,1,4,2,4483.898691588785,107,-1443.8086915887852,1,0.5
2897,user_39,4355.29,2026-09-08 02:04:55.153465,Zomato,refund,Chennai,iOS,0,2,32,5,0,1,2,4488.573909090909,110,-133.28390909090922,1,0.5
2898,user_37,19676.45,2026-09-19 11:35:21.153465,Swiggy,send,Chennai,iOS,0,11,30,3,2,1,2,15907.096030534352,131,3769.3539694656483,0,0.5
2899,user_46,1015.19,2026-09-18 09:51:27.153465,Zomato,request,Chennai,Web,0,9,40,5,1,1,1,4824.613684210526,133,-3809.423684210526,0,0.2
2900,user_19,4736.78,2026-07-31 02:36:54.153465,Walmart,refund,Chennai,Android,0,2,10,4,0,1,0,3644.202786885246,122,1092.5772131147537,1,0.1
2901,user_21,4610.75,2026-09-04 12:31:11.153465,Amazon,refund,Bangalore,Android,1,12,13,0,0,0,0,4244.438115942029,138,366.31188405797093,0,0.1
2902,user_46,2803.15,2026-09-17 08:18:10.153465,Zomato,send,Chennai,Android,0,8,40,5,2,1,0,4824.613684210526,133,-2021.463684210526,0,0.1
2903,user_20,9387.35,2026-08-20 09:55:14.153465,Amazon,refund,Delhi,Web,0,9,12,0,0,2,1,19935.082280701754,114,-10547.732280701754,0,0.2
2904,user_15,11512.46,2026-08-24 16:31:05.153465,Swiggy,send,Mumbai,iOS,0,16,6,3,2,3,2,17357.696608695653,115,-5845.236608695654,0,0.5
2905,user_48,1647.25,2026-09-13 12:39:07.153465,Amazon,request,Pune,Android,0,12,42,0,1,4,0,4029.46368852459,122,-2382.21368852459,0,0.1
2906,user_16,2636.33,2026-07-30 22:06:55.153465,Swiggy,send,Chennai,Android,0,22,7,3,2,1,0,3660.321525423729,118,-1023.991525423729,0,0.1
2907,user_9,3035.68,2026-08-23 06:33:44.153465,Zomato,request,Bangalore,iOS,0,6,49,5,1,0,2,4747.313999999999,110,-1711.6339999999996,1,0.5
2908,user_24,17099.24,2026-09-08 17:04:27.153465,Zomato,refund,Chennai,Android,0,17,16,5,0,1,0,20664.321171875,128,-3565.0811718749974,0,0.1
2909,user_12,23000.52,2026-09-09 00:16:16.153465,Zomato,send,Mumbai,Android,0,0,3,5,2,3,0,52530.11026548673,113,-29529.590265486728,1,0.1
2910,user_44,16629.35,2026-09-11 00:51:23.153465,Paytm,send,Mumbai,Android,0,0,38,2,2,3,0,17327.384636363637,110,-698.0346363636381,1,0.1
2911,user_37,12844.14,2026-09-02 11:58:41.153465,Swiggy,send,Mumbai,iOS,0,11,30,3,2,3,2,15907.096030534352,131,-3062.956030534353,0,0.5
2912,user_17,19301.03,2026-09-16 23:52:12.153465,Zomato,request,Chennai,Web,1,23,8,5,1,1,1,4173.412348484848,132,15127.617651515151,0,0.2
2913,user_35,54395.5,2026-09-12 13:49:19.153465,Amazon,refund,Bangalore,iOS,1,13,28,0,0,0,2,15800.978582677166,127,38594.52141732283,0,0.5
2914,user_11,401.8,2026-09-18 05:55:48.153465,Walmart,request,Delhi,Web,0,5,2,4,1,2,1,3819.240342465753,146,-3417.440342465753,1,0.2
2915,user_16,1105.61,2026-08-24 16:20:41.153465,Swiggy,refund,Mumbai,iOS,0,16,7,3,0,3,2,3660.321525423729,118,-2554.7115254237287,0,0.5
2916,user_4,1293.14,2026-08-18 06:36:48.153465,Zomato,refund,Delhi,Web,1,6,33,5,0,2,1,4960.130344827586,116,-3666.9903448275854,1,0.2
2917,user_1,4189.82,2026-08-02 03:01:22.153465,Amazon,request,Mumbai,Web,0,3,0,0,1,3,1,4037.2688695652173,115,152.5511304347824,1,0.2
2918,user_2,49343.21,2026-07-28 12:52:08.153465,Walmart,request,Delhi,Android,0,12,11,4,1,2,0,47401.46406779661,118,1941.74593220339,0,0.1
2919,user_11,2069.78,2026-08-12 07:12:47.153465,Flipkart,send,Chennai,Android,0,7,2,1,2,1,0,3819.240342465753,146,-1749.460342465753,0,0.1
2920,user_7,27373.78,2026-09-09 03:08:34.153465,Paytm,send,Bangalore,Web,0,3,47,2,2,0,1,60187.18528,125,-32813.40528,1,0.2
2921,user_28,3422.83,2026-09-01 13:26:56.153465,Paytm,refund,Pune,Web,0,13,20,2,0,4,1,4678.404529914529,117,-1255.5745299145292,0,0.2
2922,user_8,277.46,2026-07-24 08:36:10.153465,Walmart,send,Chennai,Web,1,8,48,4,2,1,1,4162.542654867257,113,-3885.0826548672567,0,0.2
2923,user_26,3239.28,2026-09-17 23:01:21.153465,Flipkart,refund,Pune,Android,0,23,18,1,0,4,0,4396.555663716814,113,-1157.2756637168136,0,0.1
2924,user_23,13600.09,2026-07-26 17:51:56.153465,Swiggy,request,Pune,Web,0,17,15,3,1,4,1,21876.48723880597,134,-8276.39723880597,0,0.2
2925,user_24,36080.66,2026-08-19 21:04:34.153465,Walmart,refund,Bangalore,Android,1,21,16,4,0,0,0,20664.321171875,128,15416.338828125005,0,0.1
2926,user_8,689.94,2026-08-13 02:53:56.153465,Flipkart,refund,Pune,Web,0,2,48,1,0,4,1,4162.542654867257,113,-3472.6026548672567,1,0.2
2927,user_35,6514.38,2026-09-06 09:39:32.153465,Walmart,request,Bangalore,Web,0,9,28,4,1,0,1,15800.978582677166,127,-9286.598582677165,0,0.2
2928,user_35,12740.32,2026-09-08 17:55:15.153465,Flipkart,send,Delhi,Android,0,17,28,1,2,2,0,15800.978582677166,127,-3060.658582677166,0,0.1
2929,user_27,54080.03,2026-09-15 13:41:51.153465,Zomato,send,Delhi,Android,1,13,19,5,2,2,0,18537.69881355932,118,35542.33118644068,0,0.1
2930,user_32,25481.89,2026-09-03 07:00:09.153465,Paytm,refund,Chennai,iOS,1,7,25,2,0,1,2,3596.741,130,21885.148999999998,0,0.5
2931,user_33,11972.43,2026-07-31 01:18:07.153465,Amazon,send,Pune,iOS,0,1,26,0,2,4,2,3974.536484375,128,7997.893515625001,1,0.5
2932,user_3,18661.54,2026-08-15 04:19:10.153465,Swiggy,request,Pune,iOS,0,4,22,3,1,4,2,51628.90211538462,104,-32967.36211538462,1,0.5
2933,user_50,4023.88,2026-08-06 06:45:30.153465,Flipkart,refund,Delhi,Web,0,6,45,1,0,2,1,4276.488269230769,104,-252.6082692307691,1,0.2
2934,user_49,15699.03,2026-09-01 22:59:45.153465,Swiggy,refund,Chennai,iOS,0,22,43,3,0,1,2,19333.43277227723,101,-3634.402772277228,0,0.5
2935,user_26,1731.16,2026-09-13 23:33:44.153465,Paytm,request,Bangalore,iOS,0,23,18,2,1,0,2,4396.555663716814,113,-2665.395663716814,0,0.5
2936,user_28,3044.6,2026-08-30 21:21:33.153465,Zomato,request,Chennai,iOS,1,21,20,5,1,1,2,4678.404529914529,117,-1633.8045299145292,0,0.5
2937,user_8,3018.73,2026-08-31 00:11:41.153465,Swiggy,refund,Pune,Web,1,0,48,3,0,4,1,4162.542654867257,113,-1143.8126548672567,1,0.2
2938,user_24,8432.5,2026-07-24 20:43:42.153465,Zomato,send,Pune,iOS,0,20,16,5,2,4,2,20664.321171875,128,-12231.821171874999,0,0.5
2939,user_29,2461.06,2026-09-07 00:54:08.153465,Zomato,request,Mumbai,Android,0,0,21,5,1,3,0,4165.22631147541,122,-1704.1663114754097,1,0.1
2940,user_44,12169.29,2026-08-04 17:50:37.153465,Flipkart,refund,Chennai,Android,0,17,38,1,0,1,0,17327.384636363637,110,-5158.094636363636,0,0.1
2941,user_35,10049.58,2026-08-12 12:13:55.153465,Flipkart,request,Chennai,iOS,0,12,28,1,1,1,2,15800.978582677166,127,-5751.398582677166,0,0.5
2942,user_50,4083.29,2026-08-30 07:17:40.153465,Walmart,refund,Mumbai,Android,0,7,45,4,0,3,0,4276.488269230769,104,-193.19826923076926,0,0.1
2943,user_2,45667.41,2026-08-26 13:48:16.153465,Paytm,refund,Bangalore,iOS,0,13,11,2,0,0,2,47401.46406779661,118,-1734.0540677966055,0,0.5
2944,user_48,2111.14,2026-09-03 02:01:56.153465,Swiggy,send,Chennai,Web,0,2,42,3,2,1,1,4029.46368852459,122,-1918.3236885245901,1,0.2
2945,user_8,260.14,2026-08-19 07:46:13.153465,Amazon,refund,Chennai,Android,0,7,48,0,0,1,0,4162.542654867257,113,-3902.402654867257,0,0.1
2946,user_6,4054.89,2026-09-19 06:22:48.153465,Flipkart,refund,Bangalore,Web,0,6,46,1,0,0,1,3699.0514728682174,129,355.8385271317825,1,0.2
2947,user_19,3449.71,2026-07-24 02:39:26.153465,Paytm,send,Bangalore,iOS,0,2,10,2,2,0,2,3644.202786885246,122,-194.492786885246,1,0.5
2948,user_12,20064.42,2026-08-27 09:06:05.153465,Paytm,refund,Bangalore,iOS,0,9,3,2,0,0,2,52530.11026548673,113,-32465.69026548673,0,0.5
2949,user_43,14027.44,2026-09-04 15:39:08.153465,Flipkart,refund,Chennai,Web,0,15,37,1,0,1,1,15429.552764227643,123,-1402.1127642276424,0,0.2
2950,user_36,4768.83,2026-07-26 14:32:38.153465,Zomato,refund,Delhi,iOS,0,14,29,5,0,2,2,4483.898691588785,107,284.93130841121456,0,0.5
2951,user_45,2066.98,2026-08-09 20:55:43.153465,Walmart,send,Chennai,iOS,0,20,39,4,2,1,2,3748.3989344262295,122,-1681.4189344262295,0,0.5
2952,user_24,6983.86,2026-08-21 11:00:31.153465,Swiggy,request,Mumbai,Web,0,11,16,3,1,3,1,20664.321171875,128,-13680.461171874998,0,0.2
2953,user_15,6229.21,2026-08-01 07:40:17.153465,Amazon,send,Pune,iOS,0,7,6,0,2,4,2,17357.696608695653,115,-11128.486608695654,0,0.5
2954,user_5,9397.09,2026-08-21 15:54:30.153465,Walmart,send,Pune,Android,0,15,44,4,2,4,0,21765.65124031008,129,-12368.561240310079,0,0.1
2955,user_32,2915.19,2026-08-23 05:56:46.153465,Amazon,request,Bangalore,Web,0,5,25,0,1,0,1,3596.741,130,-681.5509999999999,1,0.2
2956,user_37,8237.2,2026-09-06 12:03:59.153465,Flipkart,request,Pune,iOS,0,12,30,1,1,4,2,15907.096030534352,131,-7669.896030534352,0,0.5
2957,user_37,17865.28,2026-08-18 08:17:33.153465,Walmart,refund,Mumbai,iOS,0,8,30,4,0,3,2,15907.096030534352,131,1958.1839694656464,0,0.5
2958,user_30,14482.34,2026-08-13 14:35:12.153465,Paytm,request,Chennai,Android,0,14,23,2,1,1,0,20780.866470588233,119,-6298.526470588233,0,0.1
2959,user_7,45303.76,2026-09-02 21:14:07.153465,Zomato,send,Mumbai,Web,0,21,47,5,2,3,1,60187.18528,125,-14883.425279999996,0,0.2
2960,user_23,17616.07,2026-09-07 05:46:51.153465,Paytm,send,Pune,Web,0,5,15,2,2,4,1,21876.48723880597,134,-4260.417238805971,1,0.2
2961,user_40,56845.41,2026-08-30 13:00:54.153465,Paytm,request,Mumbai,Android,1,13,34,2,1,3,0,18950.453564356438,101,37894.956435643566,0,0.1
2962,user_8,3414.84,2026-08-29 13:57:37.153465,Flipkart,send,Pune,Android,0,13,48,1,2,4,0,4162.542654867257,113,-747.7026548672566,0,0.1
2963,user_8,2655.88,2026-08-23 10:32:09.153465,Zomato,refund,Pune,Android,0,10,48,5,0,4,0,4162.542654867257,113,-1506.6626548672566,0,0.1
2964,user_18,1671.05,2026-08-18 07:00:03.153465,Swiggy,send,Mumbai,Web,0,7,9,3,2,3,1,4267.170924369748,119,-2596.1209243697476,0,0.2
2965,user_17,3147.98,2026-07-26 06:58:58.153465,Flipkart,send,Bangalore,iOS,0,6,8,1,2,0,2,4173.412348484848,132,-1025.4323484848478,1,0.5
2966,user_9,3379.72,2026-09-11 14:45:36.153465,Zomato,request,Bangalore,Android,0,14,49,5,1,0,0,4747.313999999999,110,-1367.5939999999996,0,0.1
2967,user_38,9186.43,2026-08-17 14:44:41.153465,Paytm,request,Chennai,iOS,0,14,31,2,1,1,2,17814.76077586207,116,-8628.330775862069,0,0.5
2968,user_35,10153.55,2026-08-02 06:24:36.153465,Walmart,refund,Chennai,Android,0,6,28,4,0,1,0,15800.978582677166,127,-5647.428582677167,1,0.1
2969,user_25,3142.68,2026-09-09 17:33:42.153465,Swiggy,send,Chennai,Web,0,17,17,3,2,1,1,3615.32544,125,-472.64544000000024,0,0.2
2970,user_10,3885.66,2026-08-06 07:35:06.153465,Flipkart,send,Bangalore,Web,0,7,1,1,2,0,1,4115.205169491525,118,-229.54516949152548,0,0.2
2971,user_27,6998.54,2026-08-03 16:46:20.153465,Zomato,request,Bangalore,Web,0,16,19,5,1,0,1,18537.69881355932,118,-11539.15881355932,0,0.2
2972,user_10,3263.72,2026-07-24 00:13:24.153465,Amazon,refund,Chennai,Web,0,0,1,0,0,1,1,4115.205169491525,118,-851.4851694915255,1,0.2
2973,user_21,1232.88,2026-07-27 07:52:01.153465,Walmart,refund,Mumbai,iOS,0,7,13,4,0,3,2,4244.438115942029,138,-3011.558115942029,0,0.5
2974,user_14,119177.91,2026-09-04 21:33:08.153465,Paytm,send,Chennai,Android,1,21,5,2,2,1,0,18284.780597014927,134,100893.12940298507,0,0.1
2975,user_36,36368.43,2026-07-28 07:10:14.153465,Flipkart,request,Mumbai,iOS,1,7,29,1,1,3,2,4483.898691588785,107,31884.531308411213,0,0.5
2976,user_11,394.06,2026-07-30 19:39:06.153465,Walmart,request,Mumbai,Android,0,19,2,4,1,3,0,3819.240342465753,146,-3425.1803424657533,0,0.1
2977,user_23,7754.0,2026-07-31 06:24:26.153465,Walmart,send,Mumbai,Android,0,6,15,4,2,3,0,21876.48723880597,134,-14122.48723880597,1,0.1
2978,user_36,1240.2,2026-07-24 15:26:03.153465,Paytm,send,Mumbai,Web,0,15,29,2,2,3,1,4483.898691588785,107,-3243.6986915887856,0,0.2
2979,user_5,137937.63,2026-07-31 06:19:33.153465,Paytm,request,Mumbai,Web,1,6,44,2,1,3,1,21765.65124031008,129,116171.97875968993,1,0.2
2980,user_44,48225.11,2026-08-04 03:22:53.153465,Walmart,send,Delhi,iOS,1,3,38,4,2,2,2,17327.384636363637,110,30897.725363636364,1,0.5
2981,user_20,14042.88,2026-09-06 01:13:56.153465,Walmart,request,Mumbai,iOS,0,1,12,4,1,3,2,19935.082280701754,114,-5892.202280701755,1,0.5
2982,user_47,2940.58,2026-08-05 08:44:15.153465,Walmart,request,Mumbai,iOS,0,8,41,4,1,3,2,3883.282635658915,129,-942.7026356589149,0,0.5
2983,user_40,63598.7,2026-08-03 22:58:36.153465,Swiggy,refund,Bangalore,iOS,1,22,34,3,0,0,2,18950.453564356438,101,44648.24643564356,0,0.5
2984,user_9,3944.35,2026-07-26 23:52:48.153465,Flipkart,send,Mumbai,Android,0,23,49,1,2,3,0,4747.313999999999,110,-802.9639999999995,0,0.1
2985,user_25,4482.0,2026-09-11 02:24:35.153465,Swiggy,request,Chennai,Android,0,2,17,3,1,1,0,3615.32544,125,866.6745599999999,1,0.1
2986,user_13,104985.78,2026-08-15 19:41:09.153465,Zomato,refund,Mumbai,Web,1,19,4,5,0,3,1,16363.8575,124,88621.9225,0,0.2
2987,user_6,500.19,2026-07-29 20:34:21.153465,Zomato,refund,Pune,Web,0,20,46,5,0,4,1,3699.0514728682174,129,-3198.8614728682173,0,0.2
2988,user_21,3394.3,2026-09-16 21:19:44.153465,Zomato,send,Pune,Android,0,21,13,5,2,4,0,4244.438115942029,138,-850.1381159420289,0,0.1
2989,user_45,13586.36,2026-07-23 15:03:20.153465,Flipkart,refund,Chennai,iOS,1,15,39,1,0,1,2,3748.3989344262295,122,9837.96106557377,0,0.5
2990,user_45,2785.65,2026-07-29 02:59:08.153465,Amazon,request,Delhi,iOS,0,2,39,0,1,2,2,3748.3989344262295,122,-962.7489344262294,1,0.5
2991,user_35,9625.83,2026-09-11 00:54:23.153465,Paytm,request,Pune,iOS,0,0,28,2,1,4,2,15800.978582677166,127,-6175.148582677166,1,0.5
2992,user_30,9737.95,2026-09-16 22:17:00.153465,Zomato,request,Chennai,iOS,0,22,23,5,1,1,2,20780.866470588233,119,-11042.916470588232,0,0.5
2993,user_11,1674.39,2026-08-02 00:27:36.153465,Walmart,send,Pune,Web,0,0,2,4,2,4,1,3819.240342465753,146,-2144.850342465753,1,0.2
2994,user_42,439.93,2026-07-26 04:22:19.153465,Swiggy,request,Pune,Web,0,4,36,3,1,4,1,4749.498305084746,118,-4309.568305084746,1,0.2
2995,user_23,15542.38,2026-09-05 11:17:43.153465,Swiggy,refund,Delhi,Android,0,11,15,3,0,2,0,21876.48723880597,134,-6334.107238805971,0,0.1
2996,user_6,1190.77,2026-09-13 22:25:03.153465,Flipkart,refund,Bangalore,Web,0,22,46,1,0,0,1,3699.0514728682174,129,-2508.2814728682174,0,0.2
2997,user_43,10053.06,2026-08-07 12:53:13.153465,Swiggy,request,Pune,Web,0,12,37,3,1,4,1,15429.552764227643,123,-5376.492764227643,0,0.2
2998,user_17,1775.99,2026-07-22 23:20:12.153465,Zomato,request,Pune,Android,0,23,8,5,1,4,0,4173.412348484848,132,-2397.422348484848,0,0.1
2999,user_37,12180.91,2026-07-22 16:45:25.153465,Swiggy,request,Delhi,Android,0,16,30,3,1,2,0,15907.096030534352,131,-3726.1860305343525,0,0.1
3000,user_17,4004.55,2026-07-25 14:45:59.153465,Walmart,send,Pune,Web,0,14,8,4,2,4,1,4173.412348484848,132,-168.86234848484764,0,0.2
3001,user_9,21883.2,2026-09-18 00:50:14.153465,Walmart,send,Bangalore,iOS,0,0,49,4,2,0,2,4747.313999999999,110,17135.886000000002,1,0.5
3002,user_35,12975.25,2026-08-30 21:31:07.153465,Zomato,request,Delhi,Web,0,21,28,5,1,2,1,15800.978582677166,127,-2825.728582677166,0,0.2
3003,user_30,12948.11,2026-08-13 07:08:32.153465,Swiggy,request,Chennai,Web,1,7,23,3,1,1,1,20780.866470588233,119,-7832.756470588232,0,0.2
3004,user_33,3608.6,2026-08-24 06:45:49.153465,Walmart,refund,Pune,Android,0,6,26,4,0,4,0,3974.536484375,128,-365.93648437499996,1,0.1
3005,user_29,4448.8,2026-08-14 08:14:52.153465,Swiggy,send,Mumbai,Web,1,8,21,3,2,3,1,4165.22631147541,122,283.5736885245906,0,0.2
3006,user_19,2124.46,2026-07-23 11:31:56.153465,Paytm,request,Chennai,Web,0,11,10,2,1,1,1,3644.202786885246,122,-1519.742786885246,0,0.2
3007,user_12,19490.23,2026-09-19 01:37:29.153465,Paytm,request,Mumbai,iOS,0,1,3,2,1,3,2,52530.11026548673,113,-33039.88026548673,1,0.5
3008,user_36,3307.19,2026-08-12 10:39:43.153465,Amazon,request,Pune,Web,0,10,29,0,1,4,1,4483.898691588785,107,-1176.7086915887853,0,0.2
3009,user_7,23133.61,2026-08-31 17:20:39.153465,Swiggy,send,Delhi,Android,0,17,47,3,2,2,0,60187.18528,125,-37053.57528,0,0.1
3010,user_10,4103.2,2026-09-11 02:22:36.153465,Flipkart,refund,Bangalore,Android,0,2,1,1,0,0,0,4115.205169491525,118,-12.005169491525521,1,0.1
3011,user_19,9290.18,2026-09-10 15:07:24.153465,Amazon,request,Bangalore,iOS,1,15,10,0,1,0,2,3644.202786885246,122,5645.977213114755,0,0.5
3012,user_45,1221.06,2026-08-19 15:15:48.153465,Amazon,request,Delhi,iOS,0,15,39,0,1,2,2,3748.3989344262295,122,-2527.3389344262296,0,0.5
3013,user_50,1385.12,2026-08-19 03:17:59.153465,Amazon,send,Bangalore,Web,1,3,45,0,2,0,1,4276.488269230769,104,-2891.3682692307693,1,0.2
3014,user_12,53511.53,2026-08-04 17:40:43.153465,Flipkart,request,Chennai,iOS,0,17,3,1,1,1,2,52530.11026548673,113,981.4197345132707,0,0.5
3015,user_15,17765.33,2026-08-31 13:30:25.153465,Paytm,send,Pune,Web,0,13,6,2,2,4,1,17357.696608695653,115,407.63339130434906,0,0.2
3016,user_1,3662.59,2026-08-14 23:20:40.153465,Zomato,request,Chennai,Web,0,23,0,5,1,1,1,4037.2688695652173,115,-374.67886956521716,0,0.2
3017,user_38,11988.06,2026-09-17 23:47:21.153465,Amazon,request,Pune,Web,0,23,31,0,1,4,1,17814.76077586207,116,-5826.700775862069,0,0.2
3018,user_47,3032.32,2026-09-10 12:15:12.153465,Swiggy,refund,Delhi,Web,0,12,41,3,0,2,1,3883.282635658915,129,-850.9626356589147,0,0.2
3019,user_2,16956.2,2026-09-15 13:35:57.153465,Paytm,request,Chennai,Web,1,13,11,2,1,1,1,47401.46406779661,118,-30445.26406779661,0,0.2
3020,user_31,1314.61,2026-07-23 11:24:24.153465,Flipkart,send,Mumbai,Android,0,11,24,1,2,3,0,4894.9887499999995,96,-3580.37875,0,0.1
3021,user_18,1826.3,2026-08-09 17:50:25.153465,Zomato,refund,Bangalore,Web,1,17,9,5,0,0,1,4267.170924369748,119,-2440.8709243697476,0,0.2
3022,user_10,990.14,2026-08-16 14:24:35.153465,Flipkart,request,Pune,Android,0,14,1,1,1,4,0,4115.205169491525,118,-3125.0651694915255,0,0.1
3023,user_40,18515.72,2026-08-25 13:26:47.153465,Swiggy,request,Bangalore,Android,0,13,34,3,1,0,0,18950.453564356438,101,-434.73356435643655,0,0.1
3024,user_28,2077.63,2026-07-26 07:03:40.153465,Paytm,refund,Pune,iOS,0,7,20,2,0,4,2,4678.404529914529,117,-2600.774529914529,0,0.5
3025,user_26,14729.87,2026-09-12 23:04:53.153465,Zomato,request,Delhi,Android,1,23,18,5,1,2,0,4396.555663716814,113,10333.314336283187,0,0.1
3026,user_8,1751.29,2026-08-27 07:29:12.153465,Walmart,refund,Chennai,Android,0,7,48,4,0,1,0,4162.542654867257,113,-2411.2526548672568,0,0.1
3027,user_21,21277.05,2026-09-11 20:59:40.153465,Swiggy,refund,Bangalore,iOS,1,20,13,3,0,0,2,4244.438115942029,138,17032.61188405797,0,0.5
3028,user_28,2327.4,2026-08-12 02:05:01.153465,Flipkart,send,Pune,iOS,0,2,20,1,2,4,2,4678.404529914529,117,-2351.004529914529,1,0.5
3029,user_47,4328.83,2026-08-08 05:09:47.153465,Amazon,request,Bangalore,Web,1,5,41,0,1,0,1,3883.282635658915,129,445.5473643410851,1,0.2
3030,user_32,4750.4,2026-08-17 07:04:22.153465,Swiggy,refund,Bangalore,Web,0,7,25,3,0,0,1,3596.741,130,1153.6589999999997,0,0.2
3031,user_47,3165.21,2026-08-27 23:38:35.153465,Amazon,request,Chennai,Android,0,23,41,0,1,1,0,3883.282635658915,129,-718.0726356589148,0,0.1
3032,user_11,1691.11,2026-09-04 19:10:03.153465,Paytm,refund,Mumbai,Android,0,19,2,2,0,3,0,3819.240342465753,146,-2128.1303424657535,0,0.1
3033,user_18,4789.94,2026-07-23 00:15:38.153465,Paytm,send,Bangalore,Web,1,0,9,2,2,0,1,4267.170924369748,119,522.7690756302518,1,0.2
3034,user_41,3811.14,2026-09-05 01:50:32.153465,Paytm,request,Delhi,Android,0,1,35,2,1,2,0,4057.624609375,128,-246.48460937500022,1,0.1
3035,user_44,13881.99,2026-09-05 00:30:35.153465,Flipkart,send,Pune,Android,0,0,38,1,2,4,0,17327.384636363637,110,-3445.394636363637,1,0.1
3036,user_18,1439.09,2026-09-02 19:08:44.153465,Flipkart,request,Chennai,Web,1,19,9,1,1,1,1,4267.170924369748,119,-2828.0809243697477,0,0.2
3037,user_27,5010.88,2026-09-19 07:27:58.153465,Walmart,refund,Mumbai,iOS,0,7,19,4,0,3,2,18537.69881355932,118,-13526.81881355932,0,0.5
3038,user_47,2277.1,2026-09-04 12:37:33.153465,Flipkart,request,Delhi,Web,0,12,41,1,1,2,1,3883.282635658915,129,-1606.182635658915,0,0.2
3039,user_17,2766.53,2026-08-24 05:14:25.153465,Amazon,request,Mumbai,Web,0,5,8,0,1,3,1,4173.412348484848,132,-1406.8823484848476,1,0.2
3040,user_27,13587.59,2026-09-14 03:16:40.153465,Walmart,send,Bangalore,Web,0,3,19,4,2,0,1,18537.69881355932,118,-4950.10881355932,1,0.2
3041,user_19,635.8,2026-08-18 01:30:44.153465,Amazon,send,Chennai,iOS,0,1,10,0,2,1,2,3644.202786885246,122,-3008.4027868852463,1,0.5
3042,user_11,3074.6,2026-08-28 15:25:43.153465,Walmart,send,Bangalore,Android,0,15,2,4,2,0,0,3819.240342465753,146,-744.6403424657533,0,0.1
3043,user_11,2744.62,2026-07-25 03:56:56.153465,Paytm,send,Mumbai,Web,0,3,2,2,2,3,1,3819.240342465753,146,-1074.6203424657533,1,0.2
3044,user_26,3379.49,2026-08-05 03:44:39.153465,Swiggy,refund,Chennai,iOS,0,3,18,3,0,1,2,4396.555663716814,113,-1017.065663716814,1,0.5
3045,user_4,1658.55,2026-08-21 23:18:43.153465,Zomato,refund,Chennai,Web,0,23,33,5,0,1,1,4960.130344827586,116,-3301.5803448275856,0,0.2
3046,user_23,5894.39,2026-09-13 19:35:35.153465,Flipkart,request,Pune,Android,0,19,15,1,1,4,0,21876.48723880597,134,-15982.09723880597,0,0.1
3047,user_16,3628.88,2026-07-25 23:41:29.153465,Paytm,request,Mumbai,Web,0,23,7,2,1,3,1,3660.321525423729,118,-31.441525423728763,0,0.2
3048,user_42,11237.68,2026-09-19 04:57:29.153465,Amazon,refund,Mumbai,iOS,1,4,36,0,0,3,2,4749.498305084746,118,6488.181694915254,1,0.5
3049,user_17,3988.83,2026-08-28 16:30:36.153465,Walmart,request,Chennai,iOS,0,16,8,4,1,1,2,4173.412348484848,132,-184.5823484848479,0,0.5
3050,user_17,22771.48,2026-08-04 19:28:40.153465,Paytm,send,Mumbai,Web,1,19,8,2,2,3,1,4173.412348484848,132,18598.06765151515,0,0.2
3051,user_42,22182.63,2026-08-30 13:41:46.153465,Paytm,send,Chennai,Android,1,13,36,2,2,1,0,4749.498305084746,118,17433.131694915253,0,0.1
3052,user_17,599.76,2026-08-19 14:03:27.153465,Flipkart,send,Bangalore,iOS,0,14,8,1,2,0,2,4173.412348484848,132,-3573.6523484848476,0,0.5
3053,user_9,4662.9,2026-09-18 14:26:25.153465,Walmart,send,Bangalore,iOS,0,14,49,4,2,0,2,4747.313999999999,110,-84.41399999999976,0,0.5
3054,user_11,2030.47,2026-07-23 07:27:27.153465,Swiggy,send,Mumbai,Android,0,7,2,3,2,3,0,3819.240342465753,146,-1788.7703424657532,0,0.1
3055,user_33,1930.12,2026-09-17 23:20:12.153465,Flipkart,refund,Bangalore,Android,0,23,26,1,0,0,0,3974.536484375,128,-2044.416484375,0,0.1
3056,user_11,3322.45,2026-08-28 02:53:36.153465,Swiggy,request,Delhi,iOS,0,2,2,3,1,2,2,3819.240342465753,146,-496.7903424657534,1,0.5
3057,user_40,59184.94,2026-07-25 17:16:09.153465,Walmart,request,Mumbai,Android,1,17,34,4,1,3,0,18950.453564356438,101,40234.486435643565,0,0.1
3058,user_21,4156.51,2026-08-01 07:43:13.153465,Flipkart,refund,Delhi,iOS,0,7,13,1,0,2,2,4244.438115942029,138,-87.92811594202885,0,0.5
3059,user_27,18873.16,2026-09-03 13:26:05.153465,Flipkart,refund,Chennai,iOS,0,13,19,1,0,1,2,18537.69881355932,118,335.46118644067974,0,0.5
3060,user_14,11034.76,2026-07-30 09:31:54.153465,Paytm,refund,Chennai,iOS,1,9,5,2,0,1,2,18284.780597014927,134,-7250.020597014927,0,0.5
3061,user_34,404.33,2026-09-07 15:15:20.153465,Flipkart,request,Pune,iOS,0,15,27,1,1,4,2,4524.1720000000005,120,-4119.842000000001,0,0.5
3062,user_10,739.46,2026-09-05 20:36:32.153465,Paytm,request,Bangalore,Android,0,20,1,2,1,0,0,4115.205169491525,118,-3375.7451694915253,0,0.1
3063,user_23,146193.82,2026-09-03 10:12:33.153465,Walmart,request,Pune,Android,1,10,15,4,1,4,0,21876.48723880597,134,124317.33276119403,0,0.1
3064,user_23,12944.64,2026-08-03 16:51:53.153465,Zomato,request,Bangalore,Android,0,16,15,5,1,0,0,21876.48723880597,134,-8931.84723880597,0,0.1
3065,user_21,4995.23,2026-08-01 20:12:46.153465,Paytm,send,Pune,iOS,0,20,13,2,2,4,2,4244.438115942029,138,750.7918840579705,0,0.5
3066,user_37,6036.38,2026-09-01 11:43:07.153465,Walmart,request,Bangalore,Web,0,11,30,4,1,0,1,15907.096030534352,131,-9870.716030534353,0,0.2
3067,user_10,4226.96,2026-08-05 02:10:39.153465,Walmart,send,Chennai,iOS,0,2,1,4,2,1,2,4115.205169491525,118,111.7548305084747,1,0.5
3068,user_7,24813.05,2026-07-22 04:32:07.153465,Flipkart,refund,Chennai,iOS,0,4,47,1,0,1,2,60187.18528,125,-35374.13528,1,0.5
3069,user_5,7990.26,2026-08-23 18:31:23.153465,Zomato,request,Mumbai,Web,0,18,44,5,1,3,1,21765.65124031008,129,-13775.391240310079,0,0.2
3070,user_45,303.91,2026-08-21 00:41:09.153465,Amazon,request,Delhi,Android,0,0,39,0,1,2,0,3748.3989344262295,122,-3444.4889344262297,1,0.1
3071,user_1,701.29,2026-07-30 12:51:37.153465,Paytm,request,Bangalore,iOS,0,12,0,2,1,0,2,4037.2688695652173,115,-3335.9788695652173,0,0.5
3072,user_10,3621.85,2026-08-06 02:24:07.153465,Amazon,request,Bangalore,Web,0,2,1,0,1,0,1,4115.205169491525,118,-493.35516949152543,1,0.2
3073,user_26,1023.3,2026-09-11 01:55:23.153465,Zomato,request,Delhi,Web,0,1,18,5,1,2,1,4396.555663716814,113,-3373.2556637168136,1,0.2
3074,user_32,3662.17,2026-07-30 06:19:56.153465,Amazon,refund,Chennai,iOS,1,6,25,0,0,1,2,3596.741,130,65.42900000000009,1,0.5
3075,user_27,18495.57,2026-08-03 15:37:22.153465,Flipkart,request,Pune,Android,0,15,19,1,1,4,0,18537.69881355932,118,-42.128813559320406,0,0.1
3076,user_15,96381.15,2026-09-11 00:00:56.153465,Flipkart,send,Mumbai,Web,1,0,6,1,2,3,1,17357.696608695653,115,79023.45339130434,1,0.2
3077,user_40,9804.87,2026-09-16 16:27:38.153465,Amazon,send,Pune,Android,0,16,34,0,2,4,0,18950.453564356438,101,-9145.583564356437,0,0.1
3078,user_4,1834.38,2026-08-29 15:51:49.153465,Swiggy,request,Mumbai,iOS,0,15,33,3,1,3,2,4960.130344827586,116,-3125.7503448275856,0,0.5
3079,user_47,3164.18,2026-07-23 11:45:25.153465,Swiggy,send,Chennai,Web,0,11,41,3,2,1,1,3883.282635658915,129,-719.102635658915,0,0.2
3080,user_3,35262.72,2026-09-16 04:58:14.153465,Swiggy,request,Chennai,Web,0,4,22,3,1,1,1,51628.90211538462,104,-16366.182115384618,1,0.2
3081,user_22,9750.49,2026-08-09 03:27:44.153465,Paytm,refund,Mumbai,iOS,0,3,14,2,0,3,2,18343.150086206897,116,-8592.660086206897,1,0.5
3082,user_2,26971.46,2026-08-20 17:23:15.153465,Amazon,request,Chennai,Web,0,17,11,0,1,1,1,47401.46406779661,118,-20430.00406779661,0,0.2
3083,user_33,3800.95,2026-08-06 03:57:37.153465,Paytm,request,Mumbai,Web,1,3,26,2,1,3,1,3974.536484375,128,-173.58648437500005,1,0.2
3084,user_6,4078.02,2026-09-01 15:13:15.153465,Zomato,request,Bangalore,iOS,0,15,46,5,1,0,2,3699.0514728682174,129,378.9685271317826,0,0.5
3085,user_21,790.75,2026-08-20 03:53:30.153465,Paytm,refund,Delhi,iOS,0,3,13,2,0,2,2,4244.438115942029,138,-3453.688115942029,1,0.5
3086,user_8,4973.49,2026-08-18 22:21:19.153465,Swiggy,refund,Bangalore,iOS,1,22,48,3,0,0,2,4162.542654867257,113,810.9473451327431,0,0.5
3087,user_32,954.52,2026-09-16 17:00:51.153465,Zomato,send,Delhi,iOS,0,17,25,5,2,2,2,3596.741,130,-2642.221,0,0.5
3088,user_8,588.73,2026-08-22 14:55:59.153465,Amazon,refund,Chennai,iOS,0,14,48,0,0,1,2,4162.542654867257,113,-3573.8126548672567,0,0.5
3089,user_49,100996.33,2026-08-13 12:44:23.153465,Walmart,refund,Bangalore,Android,1,12,43,4,0,0,0,19333.43277227723,101,81662.89722772277,0,0.1
3090,user_49,7501.88,2026-09-11 13:27:16.153465,Swiggy,send,Delhi,iOS,0,13,43,3,2,2,2,19333.43277227723,101,-11831.552772277228,0,0.5
3091,user_20,19142.05,2026-08-06 19:25:06.153465,Zomato,send,Chennai,Android,0,19,12,5,2,1,0,19935.082280701754,114,-793.0322807017546,0,0.1
3092,user_47,1849.42,2026-08-26 05:10:06.153465,Paytm,request,Chennai,Android,0,5,41,2,1,1,0,3883.282635658915,129,-2033.8626356589148,1,0.1
3093,user_27,6898.99,2026-08-18 00:00:42.153465,Zomato,refund,Delhi,Android,0,0,19,5,0,2,0,18537.69881355932,118,-11638.70881355932,1,0.1
3094,user_32,2629.76,2026-08-08 02:49:18.153465,Walmart,request,Bangalore,Android,0,2,25,4,1,0,0,3596.741,130,-966.9809999999998,1,0.1
3095,user_20,16091.76,2026-09-05 03:21:24.153465,Paytm,send,Bangalore,iOS,0,3,12,2,2,0,2,19935.082280701754,114,-3843.3222807017537,1,0.5
3096,user_34,2975.41,2026-08-17 16:23:38.153465,Flipkart,refund,Bangalore,Android,1,16,27,1,0,0,0,4524.1720000000005,120,-1548.7620000000006,0,0.1
3097,user_21,4369.02,2026-07-30 21:25:16.153465,Paytm,refund,Pune,Web,0,21,13,2,0,4,1,4244.438115942029,138,124.58188405797137,0,0.2
3098,user_21,4576.81,2026-09-13 03:17:33.153465,Paytm,send,Bangalore,iOS,0,3,13,2,2,0,2,4244.438115942029,138,332.37188405797133,1,0.5
3099,user_22,15123.74,2026-08-10 15:53:14.153465,Walmart,refund,Bangalore,Android,0,15,14,4,0,0,0,18343.150086206897,116,-3219.410086206897,0,0.1
3100,user_22,15035.54,2026-08-25 11:26:41.153465,Zomato,refund,Chennai,Android,0,11,14,5,0,1,0,18343.150086206897,116,-3307.610086206896,0,0.1
3101,user_12,38641.73,2026-08-04 01:19:07.153465,Walmart,send,Chennai,Web,0,1,3,4,2,1,1,52530.11026548673,113,-13888.380265486725,1,0.2
3102,user_22,12330.23,2026-09-04 19:32:08.153465,Paytm,refund,Chennai,iOS,0,19,14,2,0,1,2,18343.150086206897,116,-6012.920086206897,0,0.5
3103,user_39,3662.34,2026-07-23 13:46:32.153465,Amazon,refund,Mumbai,Web,0,13,32,0,0,3,1,4488.573909090909,110,-826.233909090909,0,0.2
3104,user_22,18263.14,2026-08-14 11:20:53.153465,Flipkart,refund,Bangalore,iOS,0,11,14,1,0,0,2,18343.150086206897,116,-80.01008620689754,0,0.5
3105,user_10,14235.08,2026-08-30 07:40:38.153465,Paytm,request,Bangalore,iOS,1,7,1,2,1,0,2,4115.205169491525,118,10119.874830508474,0,0.5
3106,user_13,150689.08,2026-07-29 18:55:55.153465,Amazon,send,Mumbai,iOS,1,18,4,0,2,3,2,16363.8575,124,134325.22249999997,0,0.5
3107,user_22,58439.87,2026-08-26 02:16:22.153465,Swiggy,refund,Mumbai,iOS,1,2,14,3,0,3,2,18343.150086206897,116,40096.7199137931,1,0.5
3108,user_12,19555.3,2026-07-25 17:41:47.153465,Amazon,refund,Bangalore,iOS,0,17,3,0,0,0,2,52530.11026548673,113,-32974.810265486725,0,0.5
3109,user_10,241.55,2026-08-26 14:48:52.153465,Swiggy,request,Chennai,iOS,0,14,1,3,1,1,2,4115.205169491525,118,-3873.655169491525,0,0.5
3110,user_31,4256.94,2026-08-24 14:33:36.153465,Flipkart,refund,Mumbai,iOS,0,14,24,1,0,3,2,4894.9887499999995,96,-638.0487499999999,0,0.5
3111,user_23,9375.44,2026-08-10 09:47:09.153465,Walmart,request,Mumbai,iOS,0,9,15,4,1,3,2,21876.48723880597,134,-12501.04723880597,0,0.5
3112,user_2,42795.65,2026-09-06 01:40:33.153465,Paytm,refund,Chennai,Android,0,1,11,2,0,1,0,47401.46406779661,118,-4605.814067796608,1,0.1
3113,user_37,6400.66,2026-09-13 18:48:49.153465,Paytm,refund,Chennai,Android,1,18,30,2,0,1,0,15907.096030534352,131,-9506.436030534353,0,0.1
3114,user_6,4664.07,2026-08-14 11:21:38.153465,Paytm,request,Chennai,iOS,0,11,46,2,1,1,2,3699.0514728682174,129,965.0185271317823,0,0.5
3115,user_8,4256.94,2026-09-16 02:22:17.153465,Swiggy,refund,Delhi,Web,1,2,48,3,0,2,1,4162.542654867257,113,94.39734513274288,1,0.2
3116,user_8,1205.72,2026-08-08 07:51:55.153465,Amazon,refund,Mumbai,Web,0,7,48,0,0,3,1,4162.542654867257,113,-2956.8226548672565,0,0.2
3117,user_10,4730.3,2026-08-27 15:18:37.153465,Flipkart,send,Chennai,Web,1,15,1,1,2,1,1,4115.205169491525,118,615.0948305084748,0,0.2
3118,user_27,16143.8,2026-09-18 01:16:32.153465,Flipkart,send,Pune,Android,0,1,19,1,2,4,0,18537.69881355932,118,-2393.898813559321,1,0.1
3119,user_10,4180.8,2026-08-29 03:04:19.153465,Walmart,refund,Bangalore,Android,0,3,1,4,0,0,0,4115.205169491525,118,65.59483050847484,1,0.1
3120,user_49,16757.57,2026-09-01 08:48:22.153465,Zomato,refund,Bangalore,Web,0,8,43,5,0,0,1,19333.43277227723,101,-2575.862772277229,0,0.2
3121,user_38,12112.56,2026-08-07 06:02:26.153465,Paytm,send,Bangalore,Web,0,6,31,2,2,0,1,17814.76077586207,116,-5702.200775862069,1,0.2
3122,user_21,1091.34,2026-07-28 03:43:24.153465,Walmart,request,Pune,Android,0,3,13,4,1,4,0,4244.438115942029,138,-3153.098115942029,1,0.1
3123,user_37,35841.88,2026-09-16 19:37:33.153465,Zomato,refund,Chennai,iOS,0,19,30,5,0,1,2,15907.096030534352,131,19934.783969465643,0,0.5
3124,user_30,7325.1,2026-07-31 10:25:00.153465,Zomato,send,Mumbai,iOS,0,10,23,5,2,3,2,20780.866470588233,119,-13455.766470588233,0,0.5
3125,user_20,10339.19,2026-09-16 19:27:08.153465,Swiggy,request,Mumbai,Web,0,19,12,3,1,3,1,19935.082280701754,114,-9595.892280701753,0,0.2
3126,user_7,38158.99,2026-08-18 03:12:59.153465,Zomato,refund,Chennai,Android,0,3,47,5,0,1,0,60187.18528,125,-22028.19528,1,0.1
3127,user_28,3627.18,2026-09-02 07:22:53.153465,Walmart,refund,Delhi,Android,0,7,20,4,0,2,0,4678.404529914529,117,-1051.2245299145293,0,0.1
3128,user_34,795.89,2026-09-11 06:18:46.153465,Flipkart,request,Delhi,Web,0,6,27,1,1,2,1,4524.1720000000005,120,-3728.2820000000006,1,0.2
3129,user_33,795.58,2026-08-07 22:20:01.153465,Paytm,refund,Delhi,Web,0,22,26,2,0,2,1,3974.536484375,128,-3178.956484375,0,0.2
3130,user_32,3322.56,2026-08-18 02:06:06.153465,Flipkart,request,Chennai,iOS,0,2,25,1,1,1,2,3596.741,130,-274.18100000000004,1,0.5
3131,user_7,27448.19,2026-08-18 12:39:08.153465,Swiggy,request,Delhi,iOS,0,12,47,3,1,2,2,60187.18528,125,-32738.99528,0,0.5
3132,user_27,11503.36,2026-08-12 14:57:21.153465,Flipkart,request,Mumbai,Android,0,14,19,1,1,3,0,18537.69881355932,118,-7034.3388135593195,0,0.1
3133,user_42,1081.26,2026-07-31 08:37:27.153465,Amazon,send,Chennai,Web,0,8,36,0,2,1,1,4749.498305084746,118,-3668.2383050847457,0,0.2
3134,user_5,6516.23,2026-07-25 03:39:02.153465,Zomato,refund,Pune,Android,0,3,44,5,0,4,0,21765.65124031008,129,-15249.42124031008,1,0.1
3135,user_25,3129.84,2026-09-01 05:09:38.153465,Paytm,refund,Delhi,Android,0,5,17,2,0,2,0,3615.32544,125,-485.4854399999999,1,0.1
3136,user_38,19197.25,2026-07-28 02:13:13.153465,Swiggy,send,Chennai,Web,1,2,31,3,2,1,1,17814.76077586207,116,1382.4892241379312,1,0.2
3137,user_29,1866.68,2026-08-20 16:41:39.153465,Flipkart,request,Pune,Web,0,16,21,1,1,4,1,4165.22631147541,122,-2298.5463114754093,0,0.2
3138,user_45,4722.31,2026-08-21 22:35:39.153465,Walmart,request,Chennai,iOS,0,22,39,4,1,1,2,3748.3989344262295,122,973.9110655737709,0,0.5
3139,user_20,127360.78,2026-08-02 09:05:15.153465,Walmart,refund,Chennai,Web,1,9,12,4,0,1,1,19935.082280701754,114,107425.69771929824,0,0.2
3140,user_22,12012.92,2026-09-12 07:51:23.153465,Zomato,send,Chennai,Web,1,7,14,5,2,1,1,18343.150086206897,116,-6330.230086206897,0,0.2
3141,user_6,4649.64,2026-08-06 10:54:11.153465,Flipkart,refund,Mumbai,Android,0,10,46,1,0,3,0,3699.0514728682174,129,950.5885271317829,0,0.1
3142,user_40,15805.23,2026-08-07 04:16:32.153465,Paytm,refund,Chennai,iOS,0,4,34,2,0,1,2,18950.453564356438,101,-3145.223564356438,1,0.5
3143,user_38,5119.82,2026-08-26 00:34:43.153465,Walmart,send,Mumbai,iOS,0,0,31,4,2,3,2,17814.76077586207,116,-12694.94077586207,1,0.5
3144,user_34,4407.92,2026-08-17 00:02:46.153465,Swiggy,send,Bangalore,iOS,1,0,27,3,2,0,2,4524.1720000000005,120,-116.25200000000041,1,0.5
3145,user_27,16812.44,2026-08-07 03:45:02.153465,Zomato,request,Mumbai,Web,0,3,19,5,1,3,1,18537.69881355932,118,-1725.2588135593214,1,0.2
3146,user_14,16887.2,2026-07-24 01:35:14.153465,Walmart,request,Pune,Web,0,1,5,4,1,4,1,18284.780597014927,134,-1397.5805970149268,1,0.2
3147,user_2,34750.06,2026-08-26 09:38:14.153465,Amazon,send,Delhi,Android,1,9,11,0,2,2,0,47401.46406779661,118,-12651.404067796611,0,0.1
3148,user_41,4390.03,2026-07-22 17:01:41.153465,Paytm,refund,Bangalore,Android,0,17,35,2,0,0,0,4057.624609375,128,332.40539062499965,0,0.1
3149,user_5,13474.52,2026-09-12 14:24:51.153465,Flipkart,send,Chennai,Web,0,14,44,1,2,1,1,21765.65124031008,129,-8291.131240310078,0,0.2
3150,user_8,434.56,2026-09-08 16:00:32.153465,Zomato,request,Chennai,iOS,0,16,48,5,1,1,2,4162.542654867257,113,-3727.9826548672568,0,0.5
3151,user_49,5004.44,2026-08-19 09:24:01.153465,Amazon,send,Pune,Web,0,9,43,0,2,4,1,19333.43277227723,101,-14328.99277227723,0,0.2
3152,user_49,58121.18,2026-08-14 12:47:11.153465,Amazon,refund,Delhi,Android,1,12,43,0,0,2,0,19333.43277227723,101,38787.74722772277,0,0.1
3153,user_12,55382.92,2026-08-30 01:45:19.153465,Walmart,refund,Chennai,Android,0,1,3,4,0,1,0,52530.11026548673,113,2852.80973451327,1,0.1
3154,user_11,21312.68,2026-09-15 01:09:48.153465,Swiggy,send,Pune,iOS,1,1,2,3,2,4,2,3819.240342465753,146,17493.439657534247,1,0.5
3155,user_50,4455.01,2026-08-18 10:55:16.153465,Swiggy,send,Mumbai,iOS,1,10,45,3,2,3,2,4276.488269230769,104,178.521730769231,0,0.5
3156,user_23,8358.61,2026-08-04 20:25:20.153465,Swiggy,request,Bangalore,Web,0,20,15,3,1,0,1,21876.48723880597,134,-13517.87723880597,0,0.2
3157,user_13,8067.28,2026-09-11 02:06:42.153465,Flipkart,refund,Pune,Web,0,2,4,1,0,4,1,16363.8575,124,-8296.5775,1,0.2
3158,user_47,1432.99,2026-08-01 02:52:34.153465,Swiggy,request,Bangalore,Web,1,2,41,3,1,0,1,3883.282635658915,129,-2450.292635658915,1,0.2
3159,user_8,31781.53,2026-08-15 16:21:45.153465,Zomato,request,Bangalore,Web,1,16,48,5,1,0,1,4162.542654867257,113,27618.987345132744,0,0.2
3160,user_23,19337.11,2026-09-08 06:57:35.153465,Zomato,send,Pune,iOS,0,6,15,5,2,4,2,21876.48723880597,134,-2539.3772388059697,1,0.5
3161,user_18,3692.65,2026-08-22 00:23:43.153465,Walmart,send,Chennai,iOS,0,0,9,4,2,1,2,4267.170924369748,119,-574.5209243697477,1,0.5
3162,user_45,1707.17,2026-08-21 15:35:25.153465,Walmart,refund,Chennai,iOS,0,15,39,4,0,1,2,3748.3989344262295,122,-2041.2289344262294,0,0.5
3163,user_46,38928.88,2026-09-15 18:28:49.153465,Paytm,request,Bangalore,Web,1,18,40,2,1,0,1,4824.613684210526,133,34104.26631578947,0,0.2
3164,user_41,2415.12,2026-07-26 16:06:52.153465,Walmart,request,Mumbai,iOS,0,16,35,4,1,3,2,4057.624609375,128,-1642.5046093750002,0,0.5
3165,user_36,3707.95,2026-09-12 01:10:45.153465,Swiggy,request,Mumbai,iOS,0,1,29,3,1,3,2,4483.898691588785,107,-775.9486915887856,1,0.5
3166,user_39,980.21,2026-08-19 07:53:30.153465,Zomato,refund,Chennai,Web,0,7,32,5,0,1,1,4488.573909090909,110,-3508.363909090909,0,0.2
3167,user_11,4263.91,2026-08-10 22:31:58.153465,Swiggy,send,Delhi,Web,1,22,2,3,2,2,1,3819.240342465753,146,444.66965753424665,0,0.2
3168,user_12,47158.3,2026-09-03 17:09:11.153465,Swiggy,refund,Mumbai,iOS,0,17,3,3,0,3,2,52530.11026548673,113,-5371.810265486725,0,0.5
3169,user_9,2407.81,2026-08-01 06:55:05.153465,Flipkart,refund,Pune,iOS,0,6,49,1,0,4,2,4747.313999999999,110,-2339.5039999999995,1,0.5
3170,user_44,7770.24,2026-07-26 10:49:29.153465,Flipkart,refund,Bangalore,iOS,1,10,38,1,0,0,2,17327.384636363637,110,-9557.144636363637,0,0.5
3171,user_4,11701.61,2026-08-01 16:29:43.153465,Amazon,refund,Pune,iOS,1,16,33,0,0,4,2,4960.130344827586,116,6741.479655172415,0,0.5
3172,user_6,3500.91,2026-09-18 17:55:35.153465,Paytm,refund,Chennai,iOS,0,17,46,2,0,1,2,3699.0514728682174,129,-198.14147286821753,0,0.5
3173,user_46,34007.99,2026-09-05 23:50:48.153465,Zomato,refund,Chennai,iOS,1,23,40,5,0,1,2,4824.613684210526,133,29183.376315789472,0,0.5
3174,user_5,16235.08,2026-09-02 05:14:36.153465,Flipkart,refund,Pune,Android,0,5,44,1,0,4,0,21765.65124031008,129,-5530.571240310079,1,0.1
3175,user_47,1679.99,2026-08-30 22:11:43.153465,Swiggy,send,Chennai,iOS,0,22,41,3,2,1,2,3883.282635658915,129,-2203.292635658915,0,0.5
3176,user_39,2487.29,2026-08-22 21:06:51.153465,Walmart,refund,Mumbai,Web,0,21,32,4,0,3,1,4488.573909090909,110,-2001.2839090909092,0,0.2
3177,user_6,3249.84,2026-08-01 08:10:22.153465,Flipkart,request,Delhi,Android,0,8,46,1,1,2,0,3699.0514728682174,129,-449.21147286821724,0,0.1
3178,user_3,20978.05,2026-07-26 01:30:33.153465,Paytm,send,Bangalore,Web,0,1,22,2,2,0,1,51628.90211538462,104,-30650.85211538462,1,0.2
3179,user_34,3142.5,2026-09-08 23:34:24.153465,Swiggy,request,Pune,iOS,0,23,27,3,1,4,2,4524.1720000000005,120,-1381.6720000000005,0,0.5
3180,user_26,4423.61,2026-08-13 03:00:50.153465,Zomato,send,Pune,Web,0,3,18,5,2,4,1,4396.555663716814,113,27.054336283185876,1,0.2
3181,user_22,5360.26,2026-08-13 21:13:34.153465,Walmart,send,Bangalore,iOS,0,21,14,4,2,0,2,18343.150086206897,116,-12982.890086206897,0,0.5
3182,user_7,300000.0,2026-08-06 23:46:27.153465,Amazon,request,Bangalore,iOS,0,23,47,0,1,0,2,60187.18528,125,239812.81472,0,0.5
3183,user_32,3953.41,2026-08-10 06:11:17.153465,Paytm,send,Pune,Android,0,6,25,2,2,4,0,3596.741,130,356.66899999999987,1,0.1
3184,user_48,2572.12,2026-08-15 07:29:47.153465,Walmart,refund,Delhi,iOS,0,7,42,4,0,2,2,4029.46368852459,122,-1457.34368852459,0,0.5
3185,user_45,3590.2,2026-08-10 08:38:07.153465,Flipkart,request,Chennai,Web,0,8,39,1,1,1,1,3748.3989344262295,122,-158.1989344262297,0,0.2
3186,user_8,13570.94,2026-09-04 16:09:22.153465,Swiggy,refund,Pune,Android,1,16,48,3,0,4,0,4162.542654867257,113,9408.397345132744,0,0.1
3187,user_43,12457.21,2026-07-25 05:09:41.153465,Flipkart,request,Bangalore,Android,0,5,37,1,1,0,0,15429.552764227643,123,-2972.342764227644,1,0.1
3188,user_7,55929.65,2026-08-12 04:33:22.153465,Zomato,refund,Mumbai,iOS,0,4,47,5,0,3,2,60187.18528,125,-4257.535279999996,1,0.5
3189,user_3,42262.42,2026-07-22 06:12:25.153465,Amazon,send,Pune,Android,0,6,22,0,2,4,0,51628.90211538462,104,-9366.48211538462,1,0.1
3190,user_17,3702.31,2026-09-11 09:08:31.153465,Walmart,request,Bangalore,Android,0,9,8,4,1,0,0,4173.412348484848,132,-471.1023484848479,0,0.1
3191,user_25,4533.86,2026-08-03 03:58:24.153465,Paytm,send,Delhi,Android,0,3,17,2,2,2,0,3615.32544,125,918.5345599999996,1,0.1
3192,user_46,4032.01,2026-07-23 19:46:38.153465,Amazon,send,Chennai,iOS,0,19,40,0,2,1,2,4824.613684210526,133,-792.6036842105259,0,0.5
3193,user_14,9738.81,2026-09-07 04:40:24.153465,Walmart,request,Delhi,Web,1,4,5,4,1,2,1,18284.780597014927,134,-8545.970597014928,1,0.2
3194,user_24,46601.8,2026-08-10 21:02:43.153465,Paytm,send,Pune,Android,1,21,16,2,2,4,0,20664.321171875,128,25937.478828125004,0,0.1
3195,user_48,1075.59,2026-09-13 02:10:21.153465,Paytm,request,Bangalore,Web,0,2,42,2,1,0,1,4029.46368852459,122,-2953.87368852459,1,0.2
3196,user_50,2654.21,2026-08-23 01:18:53.153465,Zomato,send,Mumbai,Android,0,1,45,5,2,3,0,4276.488269230769,104,-1622.2782692307692,1,0.1
3197,user_30,57424.83,2026-08-31 13:41:43.153465,Walmart,refund,Chennai,Android,0,13,23,4,0,1,0,20780.866470588233,119,36643.96352941177,0,0.1
3198,user_31,3940.73,2026-08-18 20:02:12.153465,Walmart,request,Delhi,iOS,0,20,24,4,1,2,2,4894.9887499999995,96,-954.2587499999995,0,0.5
3199,user_20,14368.61,2026-08-19 03:06:44.153465,Flipkart,send,Delhi,iOS,0,3,12,1,2,2,2,19935.082280701754,114,-5566.472280701753,1,0.5
3200,user_4,1718.07,2026-08-09 15:27:27.153465,Paytm,request,Delhi,Web,1,15,33,2,1,2,1,4960.130344827586,116,-3242.060344827586,0,0.2
3201,user_17,3271.61,2026-09-05 18:33:09.153465,Zomato,refund,Mumbai,Android,0,18,8,5,0,3,0,4173.412348484848,132,-901.8023484848477,0,0.1
3202,user_30,11999.85,2026-08-31 09:15:18.153465,Amazon,request,Delhi,iOS,0,9,23,0,1,2,2,20780.866470588233,119,-8781.016470588233,0,0.5
3203,user_36,3712.13,2026-08-03 01:09:38.153465,Flipkart,send,Pune,Android,0,1,29,1,2,4,0,4483.898691588785,107,-771.7686915887853,1,0.1
3204,user_38,12740.86,2026-09-11 11:42:08.153465,Walmart,request,Mumbai,Web,0,11,31,4,1,3,1,17814.76077586207,116,-5073.900775862068,0,0.2
3205,user_43,19308.6,2026-09-12 19:34:43.153465,Amazon,request,Delhi,Web,0,19,37,0,1,2,1,15429.552764227643,123,3879.0472357723556,0,0.2
3206,user_7,20046.86,2026-09-11 08:44:00.153465,Flipkart,send,Mumbai,Web,0,8,47,1,2,3,1,60187.18528,125,-40140.32528,0,0.2
3207,user_7,147154.25,2026-09-18 11:52:36.153465,Flipkart,request,Pune,iOS,1,11,47,1,1,4,2,60187.18528,125,86967.06472,0,0.5
3208,user_37,18039.67,2026-08-25 04:15:18.153465,Paytm,send,Bangalore,Web,0,4,30,2,2,0,1,15907.096030534352,131,2132.573969465646,1,0.2
3209,user_29,2893.57,2026-08-19 03:15:30.153465,Zomato,request,Mumbai,Web,1,3,21,5,1,3,1,4165.22631147541,122,-1271.6563114754094,1,0.2
3210,user_1,4995.01,2026-08-30 02:54:04.153465,Walmart,request,Bangalore,iOS,0,2,0,4,1,0,2,4037.2688695652173,115,957.7411304347829,1,0.5
3211,user_1,4691.32,2026-09-18 23:15:57.153465,Zomato,request,Chennai,iOS,1,23,0,5,1,1,2,4037.2688695652173,115,654.0511304347824,0,0.5
3212,user_11,4402.92,2026-09-03 18:35:15.153465,Amazon,send,Chennai,Android,1,18,2,0,2,1,0,3819.240342465753,146,583.6796575342469,0,0.1
3213,user_25,3427.46,2026-09-13 00:50:13.153465,Amazon,request,Bangalore,Android,0,0,17,0,1,0,0,3615.32544,125,-187.86544000000004,1,0.1
3214,user_23,17390.77,2026-08-26 05:54:08.153465,Walmart,send,Mumbai,Android,0,5,15,4,2,3,0,21876.48723880597,134,-4485.71723880597,1,0.1
3215,user_44,19014.87,2026-08-07 23:21:08.153465,Zomato,send,Chennai,iOS,0,23,38,5,2,1,2,17327.384636363637,110,1687.4853636363623,0,0.5
3216,user_1,2955.74,2026-08-16 15:01:11.153465,Walmart,request,Chennai,Android,0,15,0,4,1,1,0,4037.2688695652173,115,-1081.5288695652175,0,0.1
3217,user_20,19979.52,2026-07-26 14:53:04.153465,Swiggy,request,Delhi,iOS,0,14,12,3,1,2,2,19935.082280701754,114,44.43771929824652,0,0.5
3218,user_6,2649.75,2026-09-19 03:48:02.153465,Paytm,request,Bangalore,iOS,0,3,46,2,1,0,2,3699.0514728682174,129,-1049.3014728682174,1,0.5
3219,user_1,1608.06,2026-08-27 12:28:04.153465,Zomato,send,Bangalore,Web,0,12,0,5,2,0,1,4037.2688695652173,115,-2429.2088695652174,0,0.2
3220,user_35,5125.64,2026-08-26 23:22:13.153465,Walmart,refund,Chennai,Android,0,23,28,4,0,1,0,15800.978582677166,127,-10675.338582677166,0,0.1
3221,user_24,30108.69,2026-08-25 16:09:48.153465,Amazon,send,Mumbai,iOS,1,16,16,0,2,3,2,20664.321171875,128,9444.368828125,0,0.5
3222,user_4,1102.08,2026-09-05 10:42:00.153465,Flipkart,send,Bangalore,iOS,0,10,33,1,2,0,2,4960.130344827586,116,-3858.050344827586,0,0.5
3223,user_9,34118.56,2026-08-07 02:34:47.153465,Swiggy,request,Delhi,Android,1,2,49,3,1,2,0,4747.313999999999,110,29371.246,1,0.1
3224,user_46,9522.55,2026-08-01 00:17:49.153465,Paytm,request,Pune,Web,1,0,40,2,1,4,1,4824.613684210526,133,4697.936315789473,1,0.2
3225,user_40,16815.51,2026-08-23 23:54:35.153465,Swiggy,request,Delhi,Android,0,23,34,3,1,2,0,18950.453564356438,101,-2134.9435643564393,0,0.1
3226,user_50,3894.18,2026-09-03 21:17:52.153465,Walmart,request,Mumbai,Web,0,21,45,4,1,3,1,4276.488269230769,104,-382.3082692307694,0,0.2
3227,user_7,19678.15,2026-09-01 18:59:43.153465,Zomato,send,Bangalore,iOS,0,18,47,5,2,0,2,60187.18528,125,-40509.03528,0,0.5
3228,user_17,1128.83,2026-08-24 01:38:26.153465,Zomato,refund,Chennai,Web,0,1,8,5,0,1,1,4173.412348484848,132,-3044.582348484848,1,0.2
3229,user_32,4435.68,2026-07-28 00:27:36.153465,Zomato,request,Bangalore,Web,1,0,25,5,1,0,1,3596.741,130,838.9390000000003,1,0.2
3230,user_23,14554.47,2026-08-21 13:44:40.153465,Paytm,refund,Mumbai,Android,0,13,15,2,0,3,0,21876.48723880597,134,-7322.017238805971,0,0.1
3231,user_2,54174.28,2026-08-31 18:39:42.153465,Swiggy,request,Bangalore,iOS,0,18,11,3,1,0,2,47401.46406779661,118,6772.81593220339,0,0.5
3232,user_27,10554.56,2026-09-12 17:27:38.153465,Paytm,request,Mumbai,Android,0,17,19,2,1,3,0,18537.69881355932,118,-7983.138813559321,0,0.1
3233,user_21,1543.77,2026-08-16 04:17:51.153465,Zomato,send,Chennai,Android,1,4,13,5,2,1,0,4244.438115942029,138,-2700.668115942029,1,0.1
3234,user_5,54690.85,2026-08-31 03:11:40.153465,Flipkart,send,Mumbai,Web,1,3,44,1,2,3,1,21765.65124031008,129,32925.19875968992,1,0.2
3235,user_9,12662.94,2026-08-12 20:45:37.153465,Amazon,send,Pune,Android,1,20,49,0,2,4,0,4747.313999999999,110,7915.626000000001,0,0.1
3236,user_32,698.24,2026-08-28 12:01:13.153465,Swiggy,refund,Chennai,iOS,0,12,25,3,0,1,2,3596.741,130,-2898.501,0,0.5
3237,user_47,923.71,2026-08-09 11:52:44.153465,Walmart,request,Mumbai,Web,0,11,41,4,1,3,1,3883.282635658915,129,-2959.572635658915,0,0.2
3238,user_24,16576.86,2026-07-30 15:02:51.153465,Flipkart,send,Delhi,Web,0,15,16,1,2,2,1,20664.321171875,128,-4087.4611718749984,0,0.2
3239,user_21,27807.19,2026-08-07 20:50:36.153465,Paytm,refund,Mumbai,Android,0,20,13,2,0,3,0,4244.438115942029,138,23562.75188405797,0,0.1
3240,user_39,825.77,2026-08-06 13:07:28.153465,Zomato,refund,Pune,Web,0,13,32,5,0,4,1,4488.573909090909,110,-3662.803909090909,0,0.2
3241,user_43,7122.65,2026-09-06 07:56:38.153465,Flipkart,send,Mumbai,iOS,0,7,37,1,2,3,2,15429.552764227643,123,-8306.902764227643,0,0.5
3242,user_48,262.02,2026-08-21 16:51:50.153465,Swiggy,send,Delhi,Web,0,16,42,3,2,2,1,4029.46368852459,122,-3767.44368852459,0,0.2
3243,user_33,330.1,2026-09-02 01:16:51.153465,Amazon,send,Bangalore,Web,0,1,26,0,2,0,1,3974.536484375,128,-3644.436484375,1,0.2
3244,user_41,2678.39,2026-08-25 22:47:15.153465,Swiggy,send,Mumbai,Web,0,22,35,3,2,3,1,4057.624609375,128,-1379.2346093750002,0,0.2
3245,user_28,1434.01,2026-09-17 00:42:45.153465,Walmart,send,Delhi,Android,0,0,20,4,2,2,0,4678.404529914529,117,-3244.394529914529,1,0.1
3246,user_37,15444.09,2026-09-11 16:11:19.153465,Swiggy,send,Pune,iOS,1,16,30,3,2,4,2,15907.096030534352,131,-463.00603053435225,0,0.5
3247,user_49,14831.9,2026-08-30 02:17:00.153465,Paytm,refund,Pune,Android,0,2,43,2,0,4,0,19333.43277227723,101,-4501.532772277229,1,0.1
3248,user_12,58143.09,2026-08-17 08:21:31.153465,Swiggy,refund,Pune,Web,0,8,3,3,0,4,1,52530.11026548673,113,5612.979734513268,0,0.2
3249,user_32,4012.25,2026-09-06 08:55:59.153465,Flipkart,refund,Bangalore,Web,0,8,25,1,0,0,1,3596.741,130,415.509,0,0.2
3250,user_32,2617.59,2026-09-14 14:03:11.153465,Swiggy,request,Mumbai,iOS,0,14,25,3,1,3,2,3596.741,130,-979.1509999999998,0,0.5
3251,user_37,57796.44,2026-08-16 09:10:03.153465,Swiggy,send,Chennai,iOS,1,9,30,3,2,1,2,15907.096030534352,131,41889.34396946565,0,0.5
3252,user_44,9747.96,2026-09-04 15:46:57.153465,Amazon,refund,Bangalore,Android,0,15,38,0,0,0,0,17327.384636363637,110,-7579.424636363638,0,0.1
3253,user_33,2878.83,2026-07-22 17:08:23.153465,Paytm,send,Chennai,Android,0,17,26,2,2,1,0,3974.536484375,128,-1095.706484375,0,0.1
3254,user_7,40012.15,2026-07-29 14:12:20.153465,Walmart,refund,Bangalore,Web,0,14,47,4,0,0,1,60187.18528,125,-20175.035279999996,0,0.2
3255,user_41,2293.46,2026-09-04 13:09:35.153465,Walmart,send,Mumbai,iOS,0,13,35,4,2,3,2,4057.624609375,128,-1764.164609375,0,0.5
3256,user_13,6283.84,2026-07-26 06:26:02.153465,Swiggy,refund,Bangalore,iOS,0,6,4,3,0,0,2,16363.8575,124,-10080.0175,1,0.5
3257,user_29,2605.43,2026-08-28 08:15:25.153465,Walmart,refund,Chennai,Android,0,8,21,4,0,1,0,4165.22631147541,122,-1559.7963114754098,0,0.1
3258,user_24,13464.26,2026-08-02 14:44:39.153465,Amazon,refund,Bangalore,Web,0,14,16,0,0,0,1,20664.321171875,128,-7200.061171874999,0,0.2
3259,user_12,47967.83,2026-07-25 08:10:39.153465,Walmart,request,Chennai,Android,0,8,3,4,1,1,0,52530.11026548673,113,-4562.280265486726,0,0.1
3260,user_33,783.33,2026-08-17 04:21:50.153465,Paytm,send,Delhi,iOS,0,4,26,2,2,2,2,3974.536484375,128,-3191.206484375,1,0.5
3261,user_27,15232.13,2026-09-15 15:08:52.153465,Amazon,send,Bangalore,Android,0,15,19,0,2,0,0,18537.69881355932,118,-3305.568813559321,0,0.1
3262,user_10,29056.71,2026-07-23 00:28:26.153465,Zomato,send,Mumbai,iOS,1,0,1,5,2,3,2,4115.205169491525,118,24941.504830508475,1,0.5
3263,user_26,4688.77,2026-08-25 15:14:44.153465,Paytm,refund,Mumbai,iOS,1,15,18,2,0,3,2,4396.555663716814,113,292.21433628318664,0,0.5
3264,user_24,7363.89,2026-08-04 09:35:49.153465,Walmart,send,Bangalore,iOS,0,9,16,4,2,0,2,20664.321171875,128,-13300.431171875,0,0.5
3265,user_7,20970.58,2026-07-31 16:31:34.153465,Swiggy,send,Pune,Android,0,16,47,3,2,4,0,60187.18528,125,-39216.605279999996,0,0.1
3266,user_14,16926.26,2026-08-23 16:44:19.153465,Swiggy,refund,Mumbai,Web,1,16,5,3,0,3,1,18284.780597014927,134,-1358.520597014929,0,0.2
3267,user_30,15807.21,2026-08-20 06:17:13.153465,Walmart,refund,Mumbai,Web,1,6,23,4,0,3,1,20780.866470588233,119,-4973.656470588234,1,0.2
3268,user_47,557.29,2026-07-30 02:45:39.153465,Swiggy,request,Delhi,Web,0,2,41,3,1,2,1,3883.282635658915,129,-3325.992635658915,1,0.2
3269,user_29,1042.33,2026-08-03 06:43:57.153465,Flipkart,request,Bangalore,iOS,0,6,21,1,1,0,2,4165.22631147541,122,-3122.8963114754097,1,0.5
3270,user_31,1214.87,2026-09-10 22:31:44.153465,Walmart,request,Delhi,Android,0,22,24,4,1,2,0,4894.9887499999995,96,-3680.1187499999996,0,0.1
3271,user_20,5265.4,2026-08-24 13:00:08.153465,Paytm,send,Delhi,Android,0,13,12,2,2,2,0,19935.082280701754,114,-14669.682280701754,0,0.1
3272,user_39,1460.71,2026-09-08 21:26:56.153465,Amazon,refund,Delhi,Android,0,21,32,0,0,2,0,4488.573909090909,110,-3027.863909090909,0,0.1
3273,user_31,1851.16,2026-07-21 23:15:07.153465,Walmart,refund,Pune,Android,0,23,24,4,0,4,0,4894.9887499999995,96,-3043.8287499999997,0,0.1
3274,user_10,35640.14,2026-08-30 09:33:31.153465,Flipkart,refund,Delhi,Android,1,9,1,1,0,2,0,4115.205169491525,118,31524.934830508475,0,0.1
3275,user_42,3496.81,2026-08-01 14:30:19.153465,Swiggy,refund,Bangalore,Web,0,14,36,3,0,0,1,4749.498305084746,118,-1252.688305084746,0,0.2
3276,user_43,18385.16,2026-08-29 13:44:10.153465,Amazon,send,Mumbai,Android,0,13,37,0,2,3,0,15429.552764227643,123,2955.607235772357,0,0.1
3277,user_28,3102.06,2026-08-02 14:07:30.153465,Flipkart,refund,Bangalore,Android,0,14,20,1,0,0,0,4678.404529914529,117,-1576.3445299145292,0,0.1
3278,user_29,569.6,2026-09-08 23:58:04.153465,Amazon,refund,Pune,iOS,0,23,21,0,0,4,2,4165.22631147541,122,-3595.6263114754097,0,0.5
3279,user_28,12458.31,2026-07-27 07:01:54.153465,Paytm,request,Delhi,iOS,1,7,20,2,1,2,2,4678.404529914529,117,7779.90547008547,0,0.5
3280,user_47,4413.64,2026-08-16 16:44:31.153465,Zomato,refund,Mumbai,Web,1,16,41,5,0,3,1,3883.282635658915,129,530.3573643410855,0,0.2
3281,user_9,2814.13,2026-09-15 01:10:48.153465,Amazon,refund,Chennai,iOS,0,1,49,0,0,1,2,4747.313999999999,110,-1933.1839999999993,1,0.5
3282,user_15,13182.6,2026-08-03 05:46:14.153465,Swiggy,request,Delhi,iOS,0,5,6,3,1,2,2,17357.696608695653,115,-4175.096608695652,1,0.5
3283,user_7,49760.3,2026-07-21 15:02:39.153465,Zomato,refund,Chennai,iOS,0,15,47,5,0,1,2,60187.18528,125,-10426.885279999995,0,0.5
3284,user_19,13372.98,2026-09-13 21:49:52.153465,Walmart,send,Chennai,iOS,1,21,10,4,2,1,2,3644.202786885246,122,9728.777213114754,0,0.5
3285,user_3,97224.31,2026-08-12 01:22:36.153465,Paytm,refund,Chennai,Web,1,1,22,2,0,1,1,51628.90211538462,104,45595.40788461538,1,0.2
3286,user_49,19902.21,2026-07-24 14:25:41.153465,Flipkart,request,Mumbai,Android,0,14,43,1,1,3,0,19333.43277227723,101,568.7772277227705,0,0.1
3287,user_13,17419.7,2026-08-01 19:49:42.153465,Flipkart,request,Chennai,iOS,0,19,4,1,1,1,2,16363.8575,124,1055.8425000000007,0,0.5
3288,user_34,3836.52,2026-08-12 23:23:18.153465,Zomato,refund,Chennai,iOS,0,23,27,5,0,1,2,4524.1720000000005,120,-687.6520000000005,0,0.5
3289,user_40,13615.67,2026-08-12 22:04:51.153465,Walmart,request,Delhi,iOS,0,22,34,4,1,2,2,18950.453564356438,101,-5334.783564356438,0,0.5
3290,user_44,17214.16,2026-09-17 02:06:22.153465,Flipkart,send,Mumbai,Android,0,2,38,1,2,3,0,17327.384636363637,110,-113.22463636363682,1,0.1
3291,user_17,13340.75,2026-08-31 18:41:16.153465,Swiggy,request,Bangalore,Android,1,18,8,3,1,0,0,4173.412348484848,132,9167.337651515152,0,0.1
3292,user_32,4669.62,2026-09-08 12:36:34.153465,Flipkart,send,Chennai,Android,0,12,25,1,2,1,0,3596.741,130,1072.879,0,0.1
3293,user_44,10280.27,2026-08-01 02:50:54.153465,Paytm,send,Pune,Android,0,2,38,2,2,4,0,17327.384636363637,110,-7047.114636363636,1,0.1
3294,user_21,2303.58,2026-08-05 21:16:53.153465,Paytm,send,Chennai,iOS,0,21,13,2,2,1,2,4244.438115942029,138,-1940.8581159420291,0,0.5
3295,user_43,12811.63,2026-09-11 12:25:00.153465,Paytm,refund,Mumbai,Web,0,12,37,2,0,3,1,15429.552764227643,123,-2617.9227642276437,0,0.2
3296,user_27,9353.85,2026-09-01 00:22:57.153465,Paytm,send,Delhi,iOS,0,0,19,2,2,2,2,18537.69881355932,118,-9183.84881355932,1,0.5
3297,user_23,10656.72,2026-09-06 05:19:28.153465,Zomato,send,Chennai,Android,0,5,15,5,2,1,0,21876.48723880597,134,-11219.767238805971,1,0.1
3298,user_27,19887.7,2026-08-19 12:19:38.153465,Walmart,refund,Pune,Web,0,12,19,4,0,4,1,18537.69881355932,118,1350.0011864406806,0,0.2
3299,user_47,2906.31,2026-07-30 19:20:45.153465,Swiggy,refund,Bangalore,Android,0,19,41,3,0,0,0,3883.282635658915,129,-976.9726356589149,0,0.1
3300,user_15,6437.24,2026-07-24 17:37:40.153465,Zomato,send,Pune,iOS,0,17,6,5,2,4,2,17357.696608695653,115,-10920.456608695653,0,0.5
3301,user_44,9464.67,2026-09-08 04:42:31.153465,Zomato,request,Chennai,iOS,0,4,38,5,1,1,2,17327.384636363637,110,-7862.714636363637,1,0.5
3302,user_33,9452.26,2026-08-26 02:29:37.153465,Zomato,refund,Mumbai,Web,1,2,26,5,0,3,1,3974.536484375,128,5477.723515625001,1,0.2
3303,user_43,10087.96,2026-09-17 19:57:58.153465,Paytm,request,Pune,iOS,0,19,37,2,1,4,2,15429.552764227643,123,-5341.592764227644,0,0.5
3304,user_46,1439.32,2026-09-18 14:17:28.153465,Flipkart,send,Bangalore,Android,0,14,40,1,2,0,0,4824.613684210526,133,-3385.2936842105264,0,0.1
3305,user_8,3909.44,2026-07-25 20:47:37.153465,Zomato,refund,Delhi,Android,0,20,48,5,0,2,0,4162.542654867257,113,-253.10265486725666,0,0.1
3306,user_7,19725.98,2026-08-19 12:38:58.153465,Paytm,refund,Chennai,Android,0,12,47,2,0,1,0,60187.18528,125,-40461.205279999995,0,0.1
3307,user_2,31849.58,2026-08-13 15:25:51.153465,Paytm,refund,Pune,Web,0,15,11,2,0,4,1,47401.46406779661,118,-15551.884067796607,0,0.2
3308,user_2,58701.35,2026-08-25 13:25:06.153465,Flipkart,send,Mumbai,iOS,0,13,11,1,2,3,2,47401.46406779661,118,11299.88593220339,0,0.5
3309,user_13,15859.3,2026-08-18 23:24:47.153465,Paytm,request,Bangalore,Android,0,23,4,2,1,0,0,16363.8575,124,-504.5575000000008,0,0.1
3310,user_42,2546.48,2026-09-18 08:58:48.153465,Swiggy,refund,Mumbai,Web,0,8,36,3,0,3,1,4749.498305084746,118,-2203.018305084746,0,0.2
3311,user_35,13933.05,2026-09-02 10:29:44.153465,Flipkart,refund,Chennai,iOS,0,10,28,1,0,1,2,15800.978582677166,127,-1867.9285826771666,0,0.5
3312,user_49,10723.78,2026-08-17 10:48:53.153465,Flipkart,send,Mumbai,Web,0,10,43,1,2,3,1,19333.43277227723,101,-8609.652772277228,0,0.2
3313,user_41,3255.4,2026-08-26 16:14:00.153465,Swiggy,request,Delhi,iOS,0,16,35,3,1,2,2,4057.624609375,128,-802.224609375,0,0.5
3314,user_44,5776.34,2026-08-20 16:56:58.153465,Flipkart,send,Pune,iOS,0,16,38,1,2,4,2,17327.384636363637,110,-11551.044636363637,0,0.5
3315,user_22,12335.27,2026-08-10 08:22:32.153465,Paytm,send,Mumbai,Android,0,8,14,2,2,3,0,18343.150086206897,116,-6007.8800862068965,0,0.1
3316,user_42,1497.58,2026-09-13 07:13:33.153465,Swiggy,request,Mumbai,iOS,0,7,36,3,1,3,2,4749.498305084746,118,-3251.918305084746,0,0.5
3317,user_13,9529.87,2026-08-01 19:34:57.153465,Amazon,refund,Bangalore,iOS,0,19,4,0,0,0,2,16363.8575,124,-6833.987499999999,0,0.5
3318,user_41,2082.12,2026-08-15 22:00:44.153465,Paytm,request,Mumbai,iOS,0,22,35,2,1,3,2,4057.624609375,128,-1975.5046093750002,0,0.5
3319,user_38,58348.55,2026-07-25 10:05:40.153465,Flipkart,refund,Chennai,Web,1,10,31,1,0,1,1,17814.76077586207,116,40533.78922413793,0,0.2
3320,user_46,2847.38,2026-09-08 10:21:50.153465,Walmart,request,Bangalore,Web,0,10,40,4,1,0,1,4824.613684210526,133,-1977.233684210526,0,0.2
3321,user_1,1554.93,2026-08-22 05:40:36.153465,Walmart,refund,Pune,Android,0,5,0,4,0,4,0,4037.2688695652173,115,-2482.3388695652175,1,0.1
3322,user_30,11007.19,2026-08-22 07:00:37.153465,Amazon,refund,Pune,Android,1,7,23,0,0,4,0,20780.866470588233,119,-9773.676470588232,0,0.1
3323,user_28,4166.85,2026-09-19 08:08:34.153465,Amazon,send,Chennai,iOS,0,8,20,0,2,1,2,4678.404529914529,117,-511.55452991452876,0,0.5
3324,user_6,4021.35,2026-09-06 15:13:08.153465,Amazon,refund,Delhi,Android,0,15,46,0,0,2,0,3699.0514728682174,129,322.2985271317825,0,0.1
3325,user_19,7535.01,2026-08-14 21:16:49.153465,Amazon,request,Chennai,Web,1,21,10,0,1,1,1,3644.202786885246,122,3890.807213114754,0,0.2
3326,user_12,36497.77,2026-08-29 16:44:23.153465,Zomato,request,Delhi,Web,0,16,3,5,1,2,1,52530.11026548673,113,-16032.340265486731,0,0.2
3327,user_47,3090.3,2026-08-08 19:36:29.153465,Walmart,send,Pune,Web,0,19,41,4,2,4,1,3883.282635658915,129,-792.9826356589147,0,0.2
3328,user_27,18391.73,2026-09-05 19:48:51.153465,Amazon,refund,Delhi,Android,0,19,19,0,0,2,0,18537.69881355932,118,-145.96881355932055,0,0.1
3329,user_31,1457.58,2026-08-23 15:55:04.153465,Flipkart,send,Pune,Web,0,15,24,1,2,4,1,4894.9887499999995,96,-3437.4087499999996,0,0.2
3330,user_20,12352.73,2026-08-14 21:14:17.153465,Swiggy,refund,Pune,Android,0,21,12,3,0,4,0,19935.082280701754,114,-7582.352280701754,0,0.1
3331,user_26,469.7,2026-07-24 01:09:03.153465,Paytm,refund,Chennai,iOS,1,1,18,2,0,1,2,4396.555663716814,113,-3926.855663716814,1,0.5
3332,user_44,19690.1,2026-08-04 05:41:02.153465,Swiggy,request,Pune,iOS,0,5,38,3,1,4,2,17327.384636363637,110,2362.715363636362,1,0.5
3333,user_31,2639.62,2026-09-12 12:12:10.153465,Paytm,send,Mumbai,Android,0,12,24,2,2,3,0,4894.9887499999995,96,-2255.3687499999996,0,0.1
3334,user_41,1345.1,2026-08-26 06:26:18.153465,Swiggy,refund,Chennai,Web,0,6,35,3,0,1,1,4057.624609375,128,-2712.524609375,1,0.2
3335,user_22,15859.66,2026-07-31 04:37:57.153465,Amazon,request,Delhi,Android,0,4,14,0,1,2,0,18343.150086206897,116,-2483.490086206897,1,0.1
3336,user_33,462.28,2026-09-11 09:32:22.153465,Flipkart,request,Delhi,Web,0,9,26,1,1,2,1,3974.536484375,128,-3512.2564843749997,0,0.2
3337,user_10,851.79,2026-08-13 02:19:14.153465,Flipkart,send,Delhi,iOS,0,2,1,1,2,2,2,4115.205169491525,118,-3263.4151694915254,1,0.5
3338,user_34,4811.38,2026-08-02 04:43:38.153465,Walmart,refund,Mumbai,iOS,1,4,27,4,0,3,2,4524.1720000000005,120,287.20799999999963,1,0.5
3339,user_37,7820.63,2026-07-25 11:04:22.153465,Paytm,request,Delhi,iOS,0,11,30,2,1,2,2,15907.096030534352,131,-8086.466030534352,0,0.5
3340,user_3,53297.49,2026-09-14 02:21:45.153465,Amazon,request,Bangalore,iOS,0,2,22,0,1,0,2,51628.90211538462,104,1668.5878846153792,1,0.5
3341,user_25,2721.16,2026-08-29 00:49:57.153465,Zomato,send,Pune,Web,1,0,17,5,2,4,1,3615.32544,125,-894.1654400000002,1,0.2
3342,user_13,7695.32,2026-09-08 06:27:52.153465,Swiggy,request,Chennai,iOS,0,6,4,3,1,1,2,16363.8575,124,-8668.5375,1,0.5
3343,user_1,2595.11,2026-09-18 04:06:19.153465,Zomato,request,Bangalore,iOS,0,4,0,5,1,0,2,4037.2688695652173,115,-1442.1588695652172,1,0.5
3344,user_26,4186.7,2026-07-30 08:27:25.153465,Walmart,request,Pune,iOS,1,8,18,4,1,4,2,4396.555663716814,113,-209.85566371681398,0,0.5
3345,user_24,15406.9,2026-08-30 00:08:19.153465,Walmart,request,Chennai,Android,0,0,16,4,1,1,0,20664.321171875,128,-5257.421171874999,1,0.1
3346,user_31,8799.84,2026-09-03 02:30:43.153465,Flipkart,send,Bangalore,Web,1,2,24,1,2,0,1,4894.9887499999995,96,3904.8512500000006,1,0.2
3347,user_41,3297.81,2026-09-14 10:29:09.153465,Zomato,request,Chennai,iOS,0,10,35,5,1,1,2,4057.624609375,128,-759.8146093750001,0,0.5
3348,user_14,5064.77,2026-09-18 13:16:32.153465,Walmart,request,Mumbai,iOS,0,13,5,4,1,3,2,18284.780597014927,134,-13220.010597014927,0,0.5
3349,user_33,4013.93,2026-08-14 21:00:55.153465,Walmart,refund,Mumbai,iOS,0,21,26,4,0,3,2,3974.536484375,128,39.393515624999964,0,0.5
3350,user_37,49965.83,2026-07-25 03:53:46.153465,Amazon,request,Pune,Android,1,3,30,0,1,4,0,15907.096030534352,131,34058.73396946565,1,0.1
3351,user_46,379.01,2026-08-04 11:59:13.153465,Paytm,request,Chennai,iOS,0,11,40,2,1,1,2,4824.613684210526,133,-4445.603684210526,0,0.5
3352,user_3,32509.59,2026-09-12 09:12:01.153465,Zomato,send,Mumbai,Android,0,9,22,5,2,3,0,51628.90211538462,104,-19119.31211538462,0,0.1
3353,user_45,1565.83,2026-08-26 14:04:31.153465,Swiggy,send,Pune,iOS,0,14,39,3,2,4,2,3748.3989344262295,122,-2182.5689344262296,0,0.5
3354,user_8,1714.08,2026-07-23 00:00:25.153465,Paytm,refund,Mumbai,Android,0,0,48,2,0,3,0,4162.542654867257,113,-2448.462654867257,1,0.1
3355,user_26,9414.26,2026-08-23 17:29:33.153465,Zomato,send,Chennai,Android,1,17,18,5,2,1,0,4396.555663716814,113,5017.704336283186,0,0.1
3356,user_8,2271.55,2026-09-08 19:41:46.153465,Flipkart,refund,Delhi,Web,0,19,48,1,0,2,1,4162.542654867257,113,-1890.9926548672565,0,0.2
3357,user_49,5696.92,2026-09-08 00:10:24.153465,Flipkart,send,Mumbai,Web,0,0,43,1,2,3,1,19333.43277227723,101,-13636.512772277229,1,0.2
3358,user_36,8057.16,2026-08-01 14:46:28.153465,Flipkart,refund,Bangalore,iOS,0,14,29,1,0,0,2,4483.898691588785,107,3573.2613084112145,0,0.5
3359,user_38,18198.8,2026-07-28 09:56:29.153465,Amazon,refund,Pune,iOS,0,9,31,0,0,4,2,17814.76077586207,116,384.03922413793043,0,0.5
3360,user_10,2212.64,2026-09-08 10:00:27.153465,Zomato,refund,Pune,Android,0,10,1,5,0,4,0,4115.205169491525,118,-1902.5651694915255,0,0.1
3361,user_5,9106.35,2026-07-22 14:33:35.153465,Swiggy,request,Delhi,iOS,1,14,44,3,1,2,2,21765.65124031008,129,-12659.301240310078,0,0.5
3362,user_50,4495.0,2026-08-20 06:39:26.153465,Zomato,send,Mumbai,Android,0,6,45,5,2,3,0,4276.488269230769,104,218.51173076923078,1,0.1
3363,user_47,3831.44,2026-08-15 03:30:31.153465,Swiggy,send,Chennai,Web,0,3,41,3,2,1,1,3883.282635658915,129,-51.84263565891479,1,0.2
3364,user_6,481.89,2026-07-23 10:11:47.153465,Zomato,request,Delhi,iOS,0,10,46,5,1,2,2,3699.0514728682174,129,-3217.1614728682175,0,0.5
3365,user_8,3934.11,2026-08-06 14:11:09.153465,Amazon,refund,Chennai,iOS,0,14,48,0,0,1,2,4162.542654867257,113,-228.4326548672566,0,0.5
3366,user_26,2160.45,2026-08-29 00:40:39.153465,Flipkart,send,Bangalore,iOS,0,0,18,1,2,0,2,4396.555663716814,113,-2236.105663716814,1,0.5
3367,user_33,2070.6,2026-09-01 05:32:55.153465,Zomato,refund,Bangalore,iOS,0,5,26,5,0,0,2,3974.536484375,128,-1903.936484375,1,0.5
3368,user_35,7522.98,2026-09-14 02:10:57.153465,Swiggy,refund,Chennai,iOS,0,2,28,3,0,1,2,15800.978582677166,127,-8277.998582677166,1,0.5
3369,user_6,4541.53,2026-09-18 08:03:34.153465,Swiggy,request,Chennai,iOS,0,8,46,3,1,1,2,3699.0514728682174,129,842.4785271317824,0,0.5
3370,user_20,19707.62,2026-09-04 03:38:35.153465,Zomato,send,Mumbai,Web,0,3,12,5,2,3,1,19935.082280701754,114,-227.46228070175493,1,0.2
3371,user_17,3606.6,2026-08-23 01:20:04.153465,Paytm,send,Chennai,iOS,0,1,8,2,2,1,2,4173.412348484848,132,-566.8123484848479,1,0.5
3372,user_39,12573.74,2026-07-22 00:15:20.153465,Flipkart,send,Mumbai,iOS,1,0,32,1,2,3,2,4488.573909090909,110,8085.166090909091,1,0.5
3373,user_18,2562.67,2026-09-09 18:08:40.153465,Zomato,send,Mumbai,Web,0,18,9,5,2,3,1,4267.170924369748,119,-1704.5009243697477,0,0.2
3374,user_23,10183.35,2026-09-08 16:14:20.153465,Zomato,send,Bangalore,iOS,0,16,15,5,2,0,2,21876.48723880597,134,-11693.13723880597,0,0.5
3375,user_49,32872.62,2026-09-02 15:47:55.153465,Zomato,send,Chennai,Web,0,15,43,5,2,1,1,19333.43277227723,101,13539.187227722774,0,0.2
3376,user_17,3723.91,2026-08-19 17:35:42.153465,Paytm,send,Pune,Android,0,17,8,2,2,4,0,4173.412348484848,132,-449.50234848484797,0,0.1
3377,user_37,18324.16,2026-08-30 08:26:13.153465,Swiggy,request,Mumbai,Android,0,8,30,3,1,3,0,15907.096030534352,131,2417.0639694656475,0,0.1
3378,user_5,19651.18,2026-08-01 20:29:43.153465,Zomato,refund,Chennai,Web,0,20,44,5,0,1,1,21765.65124031008,129,-2114.4712403100784,0,0.2
3379,user_20,18718.13,2026-09-03 21:29:30.153465,Swiggy,send,Mumbai,Android,0,21,12,3,2,3,0,19935.082280701754,114,-1216.952280701753,0,0.1
3380,user_48,1972.28,2026-09-02 14:40:54.153465,Zomato,request,Delhi,Web,0,14,42,5,1,2,1,4029.46368852459,122,-2057.1836885245903,0,0.2
3381,user_15,8340.03,2026-07-31 04:43:45.153465,Flipkart,send,Chennai,Web,0,4,6,1,2,1,1,17357.696608695653,115,-9017.666608695652,1,0.2
3382,user_35,12275.21,2026-08-10 07:24:10.153465,Walmart,send,Bangalore,Android,0,7,28,4,2,0,0,15800.978582677166,127,-3525.7685826771667,0,0.1
3383,user_45,9375.87,2026-08-07 15:51:06.153465,Amazon,refund,Chennai,Android,1,15,39,0,0,1,0,3748.3989344262295,122,5627.471065573771,0,0.1
3384,user_20,10920.93,2026-08-07 03:25:56.153465,Zomato,request,Bangalore,Web,1,3,12,5,1,0,1,19935.082280701754,114,-9014.152280701754,1,0.2
3385,user_38,16975.77,2026-08-02 19:25:33.153465,Walmart,send,Pune,Android,0,19,31,4,2,4,0,17814.76077586207,116,-838.9907758620684,0,0.1
3386,user_29,1191.85,2026-08-19 15:56:19.153465,Amazon,refund,Chennai,iOS,0,15,21,0,0,1,2,4165.22631147541,122,-2973.3763114754097,0,0.5
3387,user_48,10167.73,2026-09-08 20:57:51.153465,Paytm,send,Mumbai,Android,1,20,42,2,2,3,0,4029.46368852459,122,6138.26631147541,0,0.1
3388,user_37,9677.39,2026-09-14 16:32:58.153465,Amazon,refund,Pune,Android,0,16,30,0,0,4,0,15907.096030534352,131,-6229.706030534353,0,0.1
3389,user_16,4655.58,2026-09-08 09:49:50.153465,Walmart,send,Pune,Web,0,9,7,4,2,4,1,3660.321525423729,118,995.258474576271,0,0.2
3390,user_5,5648.37,2026-08-25 07:16:21.153465,Walmart,refund,Chennai,Android,0,7,44,4,0,1,0,21765.65124031008,129,-16117.28124031008,0,0.1
3391,user_1,1259.1,2026-07-31 06:09:01.153465,Zomato,request,Pune,Android,0,6,0,5,1,4,0,4037.2688695652173,115,-2778.1688695652174,1,0.1
3392,user_29,12451.61,2026-08-23 05:11:12.153465,Zomato,request,Delhi,Web,1,5,21,5,1,2,1,4165.22631147541,122,8286.383688524591,1,0.2
3393,user_9,2563.89,2026-08-01 12:03:54.153465,Zomato,send,Chennai,iOS,0,12,49,5,2,1,2,4747.313999999999,110,-2183.4239999999995,0,0.5
3394,user_17,2376.15,2026-09-04 07:20:44.153465,Flipkart,request,Mumbai,Web,0,7,8,1,1,3,1,4173.412348484848,132,-1797.2623484848477,0,0.2
3395,user_3,32799.95,2026-09-03 02:37:30.153465,Flipkart,refund,Mumbai,iOS,0,2,22,1,0,3,2,51628.90211538462,104,-18828.95211538462,1,0.5
3396,user_47,3895.16,2026-08-13 23:43:12.153465,Amazon,send,Mumbai,Android,0,23,41,0,2,3,0,3883.282635658915,129,11.877364341085013,0,0.1
3397,user_40,15960.67,2026-09-17 15:10:31.153465,Zomato,request,Delhi,iOS,0,15,34,5,1,2,2,18950.453564356438,101,-2989.7835643564376,0,0.5
3398,user_36,332.67,2026-07-22 10:01:14.153465,Zomato,send,Mumbai,Web,0,10,29,5,2,3,1,4483.898691588785,107,-4151.228691588785,0,0.2
3399,user_4,4993.25,2026-07-28 18:44:38.153465,Paytm,send,Chennai,iOS,0,18,33,2,2,1,2,4960.130344827586,116,33.11965517241424,0,0.5
3400,user_45,2607.05,2026-08-22 02:41:08.153465,Zomato,send,Pune,iOS,0,2,39,5,2,4,2,3748.3989344262295,122,-1141.3489344262293,1,0.5
3401,user_10,1796.6,2026-08-10 07:03:53.153465,Flipkart,refund,Bangalore,Android,0,7,1,1,0,0,0,4115.205169491525,118,-2318.6051694915254,0,0.1
3402,user_45,2582.94,2026-07-25 12:10:32.153465,Flipkart,send,Chennai,Android,0,12,39,1,2,1,0,3748.3989344262295,122,-1165.4589344262295,0,0.1
3403,user_20,9694.6,2026-09-15 19:16:44.153465,Walmart,refund,Chennai,Android,0,19,12,4,0,1,0,19935.082280701754,114,-10240.482280701754,0,0.1
3404,user_27,14551.88,2026-09-03 23:22:35.153465,Walmart,send,Delhi,iOS,0,23,19,4,2,2,2,18537.69881355932,118,-3985.818813559321,0,0.5
3405,user_14,5768.84,2026-09-03 19:40:38.153465,Zomato,refund,Delhi,Android,0,19,5,5,0,2,0,18284.780597014927,134,-12515.940597014927,0,0.1
3406,user_42,4745.42,2026-08-11 14:27:37.153465,Paytm,send,Delhi,iOS,0,14,36,2,2,2,2,4749.498305084746,118,-4.078305084745807,0,0.5
3407,user_30,10895.39,2026-09-02 04:53:29.153465,Flipkart,send,Chennai,iOS,0,4,23,1,2,1,2,20780.866470588233,119,-9885.476470588233,1,0.5
3408,user_10,2689.51,2026-09-15 20:56:59.153465,Paytm,refund,Bangalore,Android,0,20,1,2,0,0,0,4115.205169491525,118,-1425.6951694915251,0,0.1
3409,user_46,1147.86,2026-09-09 13:57:07.153465,Flipkart,send,Chennai,iOS,1,13,40,1,2,1,2,4824.613684210526,133,-3676.7536842105264,0,0.5
3410,user_37,9302.15,2026-07-28 20:25:04.153465,Zomato,refund,Pune,Web,0,20,30,5,0,4,1,15907.096030534352,131,-6604.946030534353,0,0.2
3411,user_48,3182.68,2026-09-13 06:04:50.153465,Walmart,request,Bangalore,Web,0,6,42,4,1,0,1,4029.46368852459,122,-846.7836885245902,1,0.2
3412,user_43,18107.79,2026-08-24 12:32:56.153465,Flipkart,send,Chennai,Android,0,12,37,1,2,1,0,15429.552764227643,123,2678.237235772358,0,0.1
3413,user_11,2873.39,2026-09-01 04:50:15.153465,Amazon,send,Chennai,Web,0,4,2,0,2,1,1,3819.240342465753,146,-945.8503424657533,1,0.2
3414,user_44,16139.22,2026-08-16 00:05:40.153465,Zomato,request,Mumbai,Web,0,0,38,5,1,3,1,17327.384636363637,110,-1188.1646363636373,1,0.2
3415,user_12,55898.0,2026-08-02 09:19:26.153465,Swiggy,refund,Delhi,iOS,0,9,3,3,0,2,2,52530.11026548673,113,3367.889734513272,0,0.5
3416,user_10,2856.25,2026-09-13 19:19:28.153465,Flipkart,refund,Bangalore,Android,0,19,1,1,0,0,0,4115.205169491525,118,-1258.9551694915253,0,0.1
3417,user_12,25685.94,2026-07-31 02:28:09.153465,Walmart,request,Mumbai,Web,0,2,3,4,1,3,1,52530.11026548673,113,-26844.17026548673,1,0.2
3418,user_50,16871.23,2026-08-29 07:27:04.153465,Zomato,request,Chennai,Web,1,7,45,5,1,1,1,4276.488269230769,104,12594.74173076923,0,0.2
3419,user_37,18965.03,2026-09-19 03:21:08.153465,Walmart,send,Delhi,Web,0,3,30,4,2,2,1,15907.096030534352,131,3057.9339694656464,1,0.2
3420,user_17,1616.5,2026-08-02 15:18:30.153465,Paytm,refund,Bangalore,Android,0,15,8,2,0,0,0,4173.412348484848,132,-2556.912348484848,0,0.1
3421,user_45,770.46,2026-08-01 10:16:11.153465,Walmart,send,Mumbai,Web,0,10,39,4,2,3,1,3748.3989344262295,122,-2977.9389344262295,0,0.2
3422,user_3,30285.47,2026-08-12 13:08:35.153465,Paytm,send,Chennai,iOS,0,13,22,2,2,1,2,51628.90211538462,104,-21343.432115384618,0,0.5
3423,user_41,927.41,2026-07-24 18:24:00.153465,Swiggy,send,Mumbai,Android,0,18,35,3,2,3,0,4057.624609375,128,-3130.2146093750002,0,0.1
3424,user_4,3713.36,2026-07-26 22:53:03.153465,Walmart,refund,Delhi,Web,0,22,33,4,0,2,1,4960.130344827586,116,-1246.7703448275856,0,0.2
3425,user_14,5998.91,2026-09-13 15:15:20.153465,Paytm,refund,Chennai,Android,0,15,5,2,0,1,0,18284.780597014927,134,-12285.870597014928,0,0.1
3426,user_47,3832.93,2026-07-25 09:48:29.153465,Zomato,refund,Pune,iOS,0,9,41,5,0,4,2,3883.282635658915,129,-50.352635658915005,0,0.5
3427,user_6,510.02,2026-08-09 16:10:54.153465,Swiggy,send,Pune,Android,0,16,46,3,2,4,0,3699.0514728682174,129,-3189.0314728682174,0,0.1
3428,user_32,4350.6,2026-07-24 22:16:20.153465,Paytm,send,Delhi,Android,1,22,25,2,2,2,0,3596.741,130,753.8590000000004,0,0.1
3429,user_49,5851.87,2026-08-21 12:22:47.153465,Swiggy,send,Pune,Web,0,12,43,3,2,4,1,19333.43277227723,101,-13481.56277227723,0,0.2
3430,user_35,13678.17,2026-09-08 01:52:10.153465,Walmart,refund,Chennai,Web,0,1,28,4,0,1,1,15800.978582677166,127,-2122.8085826771658,1,0.2
3431,user_17,461.05,2026-07-29 14:16:47.153465,Walmart,refund,Chennai,Web,0,14,8,4,0,1,1,4173.412348484848,132,-3712.3623484848476,0,0.2
3432,user_11,3888.2,2026-08-04 03:24:22.153465,Swiggy,refund,Bangalore,Web,0,3,2,3,0,0,1,3819.240342465753,146,68.95965753424662,1,0.2
3433,user_1,3254.44,2026-09-19 12:22:05.153465,Amazon,refund,Bangalore,Web,0,12,0,0,0,0,1,4037.2688695652173,115,-782.8288695652172,0,0.2
3434,user_29,3241.85,2026-09-04 01:21:12.153465,Zomato,request,Mumbai,Web,0,1,21,5,1,3,1,4165.22631147541,122,-923.3763114754097,1,0.2
3435,user_5,17174.18,2026-08-30 18:19:49.153465,Zomato,refund,Mumbai,iOS,0,18,44,5,0,3,2,21765.65124031008,129,-4591.471240310078,0,0.5
3436,user_4,39604.2,2026-08-10 03:16:42.153465,Flipkart,send,Mumbai,iOS,0,3,33,1,2,3,2,4960.130344827586,116,34644.06965517241,1,0.5
3437,user_6,3334.64,2026-07-21 21:21:53.153465,Swiggy,send,Pune,iOS,0,21,46,3,2,4,2,3699.0514728682174,129,-364.4114728682175,0,0.5
3438,user_10,1438.56,2026-09-17 22:58:47.153465,Zomato,refund,Delhi,Web,0,22,1,5,0,2,1,4115.205169491525,118,-2676.6451694915254,0,0.2
3439,user_18,3854.47,2026-09-10 03:55:22.153465,Walmart,send,Bangalore,Web,0,3,9,4,2,0,1,4267.170924369748,119,-412.700924369748,1,0.2
3440,user_22,6488.93,2026-08-09 08:25:01.153465,Amazon,request,Bangalore,Web,0,8,14,0,1,0,1,18343.150086206897,116,-11854.220086206897,0,0.2
3441,user_2,44081.39,2026-08-08 18:05:22.153465,Paytm,refund,Chennai,Web,0,18,11,2,0,1,1,47401.46406779661,118,-3320.0740677966096,0,0.2
3442,user_22,19348.65,2026-08-12 05:47:10.153465,Paytm,request,Pune,Android,0,5,14,2,1,4,0,18343.150086206897,116,1005.4999137931045,1,0.1
3443,user_6,4443.14,2026-08-29 03:08:39.153465,Swiggy,send,Pune,Android,0,3,46,3,2,4,0,3699.0514728682174,129,744.0885271317829,1,0.1
3444,user_15,18009.22,2026-08-23 00:27:00.153465,Paytm,send,Mumbai,Web,0,0,6,2,2,3,1,17357.696608695653,115,651.5233913043485,1,0.2
3445,user_21,4421.62,2026-09-11 05:04:30.153465,Walmart,request,Delhi,iOS,0,5,13,4,1,2,2,4244.438115942029,138,177.18188405797082,1,0.5
3446,user_42,1428.9,2026-08-13 16:32:44.153465,Paytm,send,Delhi,iOS,0,16,36,2,2,2,2,4749.498305084746,118,-3320.598305084746,0,0.5
3447,user_12,21226.11,2026-09-03 15:37:13.153465,Swiggy,refund,Delhi,iOS,0,15,3,3,0,2,2,52530.11026548673,113,-31304.000265486728,0,0.5
3448,user_25,215.3,2026-08-31 13:44:36.153465,Amazon,refund,Chennai,Android,0,13,17,0,0,1,0,3615.32544,125,-3400.02544,0,0.1
3449,user_21,2842.11,2026-08-22 21:07:17.153465,Walmart,send,Pune,iOS,0,21,13,4,2,4,2,4244.438115942029,138,-1402.328115942029,0,0.5
3450,user_11,9741.74,2026-09-02 01:28:24.153465,Walmart,request,Mumbai,Web,1,1,2,4,1,3,1,3819.240342465753,146,5922.499657534247,1,0.2
3451,user_11,531.68,2026-08-16 08:57:38.153465,Amazon,refund,Mumbai,iOS,0,8,2,0,0,3,2,3819.240342465753,146,-3287.5603424657534,0,0.5
3452,user_48,4783.2,2026-08-13 19:14:52.153465,Swiggy,request,Pune,Android,1,19,42,3,1,4,0,4029.46368852459,122,753.7363114754098,0,0.1
3453,user_24,9174.36,2026-07-28 23:56:24.153465,Amazon,send,Chennai,iOS,0,23,16,0,2,1,2,20664.321171875,128,-11489.961171874998,0,0.5
3454,user_38,13955.83,2026-08-06 05:12:30.153465,Swiggy,refund,Bangalore,Web,0,5,31,3,0,0,1,17814.76077586207,116,-3858.930775862069,1,0.2
3455,user_4,4847.42,2026-08-31 22:38:31.153465,Flipkart,refund,Pune,Android,0,22,33,1,0,4,0,4960.130344827586,116,-112.71034482758569,0,0.1
3456,user_41,914.01,2026-08-02 17:15:11.153465,Flipkart,send,Mumbai,iOS,0,17,35,1,2,3,2,4057.624609375,128,-3143.6146093750003,0,0.5
3457,user_16,213.32,2026-07-29 05:22:58.153465,Zomato,refund,Pune,iOS,0,5,7,5,0,4,2,3660.321525423729,118,-3447.0015254237287,1,0.5
3458,user_4,4459.85,2026-07-22 09:48:05.153465,Zomato,request,Chennai,Android,0,9,33,5,1,1,0,4960.130344827586,116,-500.2803448275854,0,0.1
3459,user_44,9893.75,2026-08-18 12:45:35.153465,Flipkart,send,Delhi,Android,0,12,38,1,2,2,0,17327.384636363637,110,-7433.634636363637,0,0.1
3460,user_25,4405.73,2026-08-01 21:58:21.153465,Amazon,refund,Pune,Android,0,21,17,0,0,4,0,3615.32544,125,790.4045599999995,0,0.1
3461,user_23,12859.62,2026-09-08 00:35:18.153465,Amazon,refund,Delhi,Android,0,0,15,0,0,2,0,21876.48723880597,134,-9016.86723880597,1,0.1
3462,user_38,12576.13,2026-09-01 14:22:55.153465,Walmart,refund,Pune,Android,0,14,31,4,0,4,0,17814.76077586207,116,-5238.63077586207,0,0.1
3463,user_14,14585.0,2026-09-02 01:12:39.153465,Zomato,send,Bangalore,iOS,0,1,5,5,2,0,2,18284.780597014927,134,-3699.7805970149275,1,0.5
3464,user_41,2243.1,2026-09-01 03:56:06.153465,Walmart,send,Delhi,Web,0,3,35,4,2,2,1,4057.624609375,128,-1814.5246093750002,1,0.2
3465,user_27,19859.06,2026-07-21 19:35:31.153465,Amazon,request,Chennai,Web,0,19,19,0,1,1,1,18537.69881355932,118,1321.3611864406812,0,0.2
3466,user_12,34523.85,2026-09-07 15:59:07.153465,Paytm,refund,Delhi,iOS,0,15,3,2,0,2,2,52530.11026548673,113,-18006.26026548673,0,0.5
3467,user_45,4111.09,2026-08-28 00:48:02.153465,Walmart,request,Delhi,Android,0,0,39,4,1,2,0,3748.3989344262295,122,362.69106557377063,1,0.1
3468,user_1,2322.62,2026-08-29 10:00:38.153465,Amazon,refund,Bangalore,iOS,0,10,0,0,0,0,2,4037.2688695652173,115,-1714.6488695652174,0,0.5
3469,user_15,15747.21,2026-08-17 21:35:21.153465,Zomato,refund,Delhi,Web,0,21,6,5,0,2,1,17357.696608695653,115,-1610.4866086956536,0,0.2
3470,user_48,4865.58,2026-08-10 04:44:12.153465,Swiggy,refund,Pune,Android,0,4,42,3,0,4,0,4029.46368852459,122,836.1163114754099,1,0.1
3471,user_13,8078.08,2026-08-16 18:01:40.153465,Walmart,request,Pune,Web,0,18,4,4,1,4,1,16363.8575,124,-8285.7775,0,0.2
3472,user_1,1781.47,2026-07-27 11:41:58.153465,Zomato,send,Bangalore,Web,0,11,0,5,2,0,1,4037.2688695652173,115,-2255.7988695652175,0,0.2
3473,user_47,948.19,2026-08-08 04:05:27.153465,Amazon,send,Delhi,iOS,0,4,41,0,2,2,2,3883.282635658915,129,-2935.092635658915,1,0.5
3474,user_42,2613.8,2026-09-15 12:28:15.153465,Paytm,refund,Delhi,Android,0,12,36,2,0,2,0,4749.498305084746,118,-2135.6983050847457,0,0.1
3475,user_31,16937.92,2026-08-16 07:25:19.153465,Flipkart,send,Bangalore,Android,1,7,24,1,2,0,0,4894.9887499999995,96,12042.931249999998,0,0.1
3476,user_2,121464.18,2026-07-23 19:54:52.153465,Swiggy,send,Mumbai,iOS,1,19,11,3,2,3,2,47401.46406779661,118,74062.71593220338,0,0.5
3477,user_4,3694.69,2026-09-03 19:27:16.153465,Paytm,request,Pune,iOS,0,19,33,2,1,4,2,4960.130344827586,116,-1265.4403448275857,0,0.5
3478,user_27,15255.34,2026-09-14 02:03:46.153465,Walmart,send,Chennai,Web,0,2,19,4,2,1,1,18537.69881355932,118,-3282.35881355932,1,0.2
3479,user_3,59809.01,2026-08-05 06:55:50.153465,Zomato,refund,Chennai,Web,0,6,22,5,0,1,1,51628.90211538462,104,8180.107884615383,1,0.2
3480,user_38,15746.12,2026-08-30 07:45:10.153465,Paytm,send,Chennai,Android,0,7,31,2,2,1,0,17814.76077586207,116,-2068.640775862068,0,0.1
3481,user_16,4102.22,2026-09-01 03:21:52.153465,Zomato,request,Bangalore,Web,0,3,7,5,1,0,1,3660.321525423729,118,441.8984745762714,1,0.2
3482,user_46,310.53,2026-07-29 17:32:16.153465,Paytm,send,Delhi,Web,0,17,40,2,2,2,1,4824.613684210526,133,-4514.083684210526,0,0.2
3483,user_11,4246.06,2026-08-01 14:23:05.153465,Flipkart,refund,Delhi,Android,0,14,2,1,0,2,0,3819.240342465753,146,426.8196575342472,0,0.1
3484,user_47,3652.1,2026-08-22 07:46:08.153465,Walmart,send,Pune,Web,0,7,41,4,2,4,1,3883.282635658915,129,-231.18263565891493,0,0.2
3485,user_12,23399.38,2026-08-09 20:38:38.153465,Walmart,request,Pune,Web,0,20,3,4,1,4,1,52530.11026548673,113,-29130.730265486727,0,0.2
3486,user_2,54702.07,2026-09-15 01:41:52.153465,Amazon,send,Mumbai,Web,1,1,11,0,2,3,1,47401.46406779661,118,7300.605932203391,1,0.2
3487,user_37,6399.43,2026-08-12 18:15:51.153465,Zomato,refund,Mumbai,Web,0,18,30,5,0,3,1,15907.096030534352,131,-9507.666030534352,0,0.2
3488,user_4,1927.41,2026-07-26 19:56:44.153465,Flipkart,send,Bangalore,iOS,0,19,33,1,2,0,2,4960.130344827586,116,-3032.720344827586,0,0.5
3489,user_34,2880.23,2026-08-06 07:18:33.153465,Swiggy,send,Mumbai,Web,1,7,27,3,2,3,1,4524.1720000000005,120,-1643.9420000000005,0,0.2
3490,user_42,34057.7,2026-09-08 02:20:41.153465,Walmart,request,Delhi,Web,1,2,36,4,1,2,1,4749.498305084746,118,29308.201694915253,1,0.2
3491,user_35,6296.77,2026-07-21 21:46:07.153465,Walmart,refund,Chennai,Android,0,21,28,4,0,1,0,15800.978582677166,127,-9504.208582677165,0,0.1
3492,user_44,41497.78,2026-08-22 10:47:07.153465,Paytm,request,Mumbai,Web,1,10,38,2,1,3,1,17327.384636363637,110,24170.395363636362,0,0.2
3493,user_45,2799.58,2026-09-07 22:50:09.153465,Walmart,refund,Pune,Android,0,22,39,4,0,4,0,3748.3989344262295,122,-948.8189344262296,0,0.1
3494,user_24,11354.19,2026-09-02 16:57:20.153465,Walmart,send,Delhi,iOS,0,16,16,4,2,2,2,20664.321171875,128,-9310.131171874998,0,0.5
3495,user_43,5629.43,2026-09-13 04:21:55.153465,Paytm,send,Pune,iOS,0,4,37,2,2,4,2,15429.552764227643,123,-9800.122764227643,1,0.5
3496,user_27,16037.97,2026-08-31 17:20:54.153465,Flipkart,send,Bangalore,Android,0,17,19,1,2,0,0,18537.69881355932,118,-2499.7288135593208,0,0.1
3497,user_14,18197.32,2026-08-12 04:12:23.153465,Paytm,request,Bangalore,iOS,0,4,5,2,1,0,2,18284.780597014927,134,-87.46059701492777,1,0.5
3498,user_39,3602.27,2026-07-22 04:41:11.153465,Flipkart,request,Delhi,Web,1,4,32,1,1,2,1,4488.573909090909,110,-886.3039090909092,1,0.2
3499,user_12,25680.8,2026-09-14 08:18:56.153465,Swiggy,request,Bangalore,Android,0,8,3,3,1,0,0,52530.11026548673,113,-26849.31026548673,0,0.1
3500,user_14,48185.35,2026-08-31 22:30:05.153465,Zomato,refund,Bangalore,iOS,1,22,5,5,0,0,2,18284.780597014927,134,29900.56940298507,0,0.5
3501,user_10,2290.67,2026-08-05 21:39:16.153465,Zomato,refund,Pune,iOS,0,21,1,5,0,4,2,4115.205169491525,118,-1824.5351694915253,0,0.5
3502,user_25,488.77,2026-07-30 00:29:01.153465,Zomato,refund,Chennai,iOS,0,0,17,5,0,1,2,3615.32544,125,-3126.55544,1,0.5
3503,user_8,31569.29,2026-08-13 03:09:43.153465,Walmart,send,Mumbai,Android,1,3,48,4,2,3,0,4162.542654867257,113,27406.747345132746,1,0.1
3504,user_20,6709.44,2026-09-03 17:09:16.153465,Amazon,request,Bangalore,Android,0,17,12,0,1,0,0,19935.082280701754,114,-13225.642280701755,0,0.1
3505,user_21,1505.39,2026-07-22 14:59:53.153465,Paytm,refund,Delhi,Web,0,14,13,2,0,2,1,4244.438115942029,138,-2739.0481159420287,0,0.2
3506,user_43,10136.81,2026-07-29 11:27:40.153465,Zomato,send,Mumbai,iOS,0,11,37,5,2,3,2,15429.552764227643,123,-5292.742764227643,0,0.5
3507,user_41,34679.25,2026-09-07 10:39:53.153465,Amazon,request,Chennai,Web,0,10,35,0,1,1,1,4057.624609375,128,30621.625390625,0,0.2
3508,user_20,16827.86,2026-09-18 20:09:26.153465,Paytm,refund,Mumbai,Web,1,20,12,2,0,3,1,19935.082280701754,114,-3107.2222807017533,0,0.2
3509,user_35,6869.79,2026-08-26 22:44:51.153465,Amazon,send,Mumbai,Android,0,22,28,0,2,3,0,15800.978582677166,127,-8931.188582677165,0,0.1
3510,user_6,1324.83,2026-09-02 11:45:00.153465,Zomato,request,Delhi,Web,1,11,46,5,1,2,1,3699.0514728682174,129,-2374.2214728682175,0,0.2
3511,user_19,2367.53,2026-08-04 02:26:22.153465,Zomato,send,Bangalore,Android,0,2,10,5,2,0,0,3644.202786885246,122,-1276.6727868852458,1,0.1
3512,user_28,4480.82,2026-09-18 23:00:27.153465,Walmart,refund,Delhi,iOS,1,23,20,4,0,2,2,4678.404529914529,117,-197.5845299145294,0,0.5
3513,user_46,1389.24,2026-09-12 19:38:37.153465,Swiggy,send,Chennai,Web,1,19,40,3,2,1,1,4824.613684210526,133,-3435.3736842105263,0,0.2
3514,user_22,42703.24,2026-08-03 17:00:17.153465,Walmart,request,Pune,Web,1,17,14,4,1,4,1,18343.150086206897,116,24360.0899137931,0,0.2
3515,user_45,2880.87,2026-08-11 05:18:27.153465,Zomato,refund,Chennai,Web,0,5,39,5,0,1,1,3748.3989344262295,122,-867.5289344262296,1,0.2
3516,user_20,7281.64,2026-09-04 04:06:19.153465,Zomato,refund,Delhi,iOS,0,4,12,5,0,2,2,19935.082280701754,114,-12653.442280701754,1,0.5
3517,user_6,3044.73,2026-08-21 03:28:21.153465,Paytm,request,Mumbai,Web,0,3,46,2,1,3,1,3699.0514728682174,129,-654.3214728682174,1,0.2
3518,user_31,1479.78,2026-09-18 08:42:38.153465,Walmart,send,Chennai,iOS,0,8,24,4,2,1,2,4894.9887499999995,96,-3415.20875,0,0.5
3519,user_30,18131.15,2026-08-12 11:59:39.153465,Swiggy,request,Bangalore,Web,0,11,23,3,1,0,1,20780.866470588233,119,-2649.7164705882315,0,0.2
3520,user_11,1526.28,2026-09-18 08:10:27.153465,Zomato,refund,Mumbai,iOS,0,8,2,5,0,3,2,3819.240342465753,146,-2292.9603424657535,0,0.5
3521,user_19,1629.4,2026-08-24 17:12:08.153465,Walmart,refund,Pune,iOS,0,17,10,4,0,4,2,3644.202786885246,122,-2014.802786885246,0,0.5
3522,user_16,2505.38,2026-09-15 20:27:20.153465,Swiggy,send,Pune,Web,0,20,7,3,2,4,1,3660.321525423729,118,-1154.9415254237288,0,0.2
3523,user_2,43366.29,2026-08-18 20:54:35.153465,Amazon,request,Pune,iOS,0,20,11,0,1,4,2,47401.46406779661,118,-4035.174067796608,0,0.5
3524,user_23,44618.89,2026-07-27 00:43:22.153465,Swiggy,refund,Delhi,iOS,1,0,15,3,0,2,2,21876.48723880597,134,22742.40276119403,1,0.5
3525,user_47,9432.52,2026-07-25 19:56:05.153465,Flipkart,request,Bangalore,Android,1,19,41,1,1,0,0,3883.282635658915,129,5549.237364341086,0,0.1
3526,user_2,115012.39,2026-09-14 00:30:33.153465,Paytm,request,Mumbai,Android,1,0,11,2,1,3,0,47401.46406779661,118,67610.92593220339,1,0.1
3527,user_25,264.98,2026-08-29 18:53:49.153465,Amazon,request,Bangalore,iOS,0,18,17,0,1,0,2,3615.32544,125,-3350.34544,0,0.5
3528,user_37,15771.7,2026-08-17 22:36:56.153465,Walmart,send,Delhi,iOS,0,22,30,4,2,2,2,15907.096030534352,131,-135.39603053435167,0,0.5
3529,user_32,1032.49,2026-08-09 16:31:51.153465,Walmart,request,Delhi,iOS,0,16,25,4,1,2,2,3596.741,130,-2564.251,0,0.5
3530,user_49,6823.32,2026-08-15 13:08:56.153465,Flipkart,send,Chennai,iOS,0,13,43,1,2,1,2,19333.43277227723,101,-12510.112772277229,0,0.5
3531,user_48,4183.31,2026-08-11 15:09:06.153465,Amazon,refund,Bangalore,iOS,1,15,42,0,0,0,2,4029.46368852459,122,153.8463114754104,0,0.5
3532,user_36,1519.4,2026-09-17 16:01:51.153465,Amazon,refund,Chennai,Android,0,16,29,0,0,1,0,4483.898691588785,107,-2964.4986915887853,0,0.1
3533,user_29,4214.71,2026-09-07 23:01:04.153465,Walmart,request,Delhi,Web,0,23,21,4,1,2,1,4165.22631147541,122,49.483688524590434,0,0.2
3534,user_25,15087.37,2026-09-07 08:08:50.153465,Amazon,refund,Delhi,Android,1,8,17,0,0,2,0,3615.32544,125,11472.04456,0,0.1
3535,user_49,107796.03,2026-07-28 09:43:27.153465,Paytm,send,Bangalore,iOS,1,9,43,2,2,0,2,19333.43277227723,101,88462.59722772277,0,0.5
3536,user_20,15632.61,2026-07-23 07:28:47.153465,Flipkart,send,Mumbai,iOS,0,7,12,1,2,3,2,19935.082280701754,114,-4302.472280701753,0,0.5
3537,user_48,1847.33,2026-08-25 06:40:00.153465,Swiggy,send,Mumbai,Web,0,6,42,3,2,3,1,4029.46368852459,122,-2182.13368852459,1,0.2
3538,user_47,1708.57,2026-09-17 14:16:33.153465,Amazon,send,Mumbai,iOS,0,14,41,0,2,3,2,3883.282635658915,129,-2174.712635658915,0,0.5
3539,user_37,13439.66,2026-08-14 18:22:46.153465,Zomato,refund,Pune,Web,0,18,30,5,0,4,1,15907.096030534352,131,-2467.4360305343525,0,0.2
3540,user_31,3202.43,2026-08-13 20:52:14.153465,Zomato,send,Mumbai,Web,0,20,24,5,2,3,1,4894.9887499999995,96,-1692.5587499999997,0,0.2
3541,user_47,367.91,2026-09-16 16:13:33.153465,Flipkart,refund,Pune,Web,0,16,41,1,0,4,1,3883.282635658915,129,-3515.372635658915,0,0.2
3542,user_1,2192.5,2026-08-23 19:49:39.153465,Paytm,send,Delhi,Android,0,19,0,2,2,2,0,4037.2688695652173,115,-1844.7688695652173,0,0.1
3543,user_33,8240.44,2026-08-10 07:34:28.153465,Flipkart,refund,Pune,Web,0,7,26,1,0,4,1,3974.536484375,128,4265.903515625001,0,0.2
3544,user_12,31622.63,2026-07-31 06:46:46.153465,Amazon,request,Chennai,Web,0,6,3,0,1,1,1,52530.11026548673,113,-20907.480265486727,1,0.2
3545,user_12,44128.54,2026-07-29 05:42:42.153465,Amazon,send,Mumbai,Web,0,5,3,0,2,3,1,52530.11026548673,113,-8401.570265486727,1,0.2
3546,user_35,14618.54,2026-08-24 03:17:58.153465,Swiggy,send,Mumbai,Web,0,3,28,3,2,3,1,15800.978582677166,127,-1182.438582677165,1,0.2
3547,user_39,512.5,2026-08-13 02:33:26.153465,Zomato,refund,Chennai,Web,1,2,32,5,0,1,1,4488.573909090909,110,-3976.073909090909,1,0.2
3548,user_46,31265.02,2026-09-03 22:33:55.153465,Walmart,send,Delhi,Web,1,22,40,4,2,2,1,4824.613684210526,133,26440.406315789474,0,0.2
3549,user_26,25421.8,2026-08-13 02:15:45.153465,Amazon,request,Chennai,Android,1,2,18,0,1,1,0,4396.555663716814,113,21025.244336283184,1,0.1
3550,user_11,1914.51,2026-08-04 11:37:05.153465,Walmart,refund,Chennai,Android,0,11,2,4,0,1,0,3819.240342465753,146,-1904.7303424657532,0,0.1
3551,user_24,54961.3,2026-08-01 22:41:49.153465,Walmart,refund,Pune,Web,1,22,16,4,0,4,1,20664.321171875,128,34296.97882812501,0,0.2
3552,user_21,2005.35,2026-08-20 02:42:29.153465,Amazon,request,Chennai,Android,0,2,13,0,1,1,0,4244.438115942029,138,-2239.088115942029,1,0.1
3553,user_5,12815.86,2026-07-22 01:08:29.153465,Swiggy,refund,Bangalore,Web,0,1,44,3,0,0,1,21765.65124031008,129,-8949.791240310078,1,0.2
3554,user_7,16090.65,2026-08-27 09:17:02.153465,Walmart,request,Mumbai,Android,0,9,47,4,1,3,0,60187.18528,125,-44096.53528,0,0.1
3555,user_28,4767.77,2026-08-22 01:43:51.153465,Flipkart,request,Delhi,Android,0,1,20,1,1,2,0,4678.404529914529,117,89.36547008547132,1,0.1
3556,user_11,1311.71,2026-07-25 00:45:32.153465,Zomato,send,Bangalore,Web,0,0,2,5,2,0,1,3819.240342465753,146,-2507.530342465753,1,0.2
3557,user_31,3267.47,2026-09-14 19:31:20.153465,Flipkart,send,Delhi,Web,0,19,24,1,2,2,1,4894.9887499999995,96,-1627.5187499999997,0,0.2
3558,user_45,13646.87,2026-09-14 21:29:17.153465,Zomato,request,Pune,Android,1,21,39,5,1,4,0,3748.3989344262295,122,9898.47106557377,0,0.1
3559,user_31,2168.66,2026-08-12 00:41:25.153465,Walmart,request,Bangalore,Android,0,0,24,4,1,0,0,4894.9887499999995,96,-2726.3287499999997,1,0.1
3560,user_25,571.09,2026-07-28 22:32:38.153465,Swiggy,request,Delhi,Web,1,22,17,3,1,2,1,3615.32544,125,-3044.23544,0,0.2
3561,user_50,2332.65,2026-08-27 14:32:20.153465,Flipkart,refund,Chennai,Web,0,14,45,1,0,1,1,4276.488269230769,104,-1943.8382692307691,0,0.2
3562,user_40,16910.25,2026-08-26 16:06:18.153465,Paytm,send,Delhi,Web,0,16,34,2,2,2,1,18950.453564356438,101,-2040.2035643564377,0,0.2
3563,user_6,1870.47,2026-08-04 21:36:52.153465,Swiggy,request,Delhi,Android,0,21,46,3,1,2,0,3699.0514728682174,129,-1828.5814728682174,0,0.1
3564,user_11,30854.39,2026-07-29 00:26:43.153465,Zomato,refund,Chennai,iOS,1,0,2,5,0,1,2,3819.240342465753,146,27035.149657534246,1,0.5
3565,user_15,16322.79,2026-09-01 20:34:03.153465,Walmart,refund,Mumbai,Web,0,20,6,4,0,3,1,17357.696608695653,115,-1034.9066086956518,0,0.2
3566,user_30,13265.38,2026-07-25 10:46:48.153465,Walmart,send,Mumbai,Web,0,10,23,4,2,3,1,20780.866470588233,119,-7515.486470588234,0,0.2
3567,user_39,4025.27,2026-08-17 01:29:55.153465,Walmart,send,Pune,Android,0,1,32,4,2,4,0,4488.573909090909,110,-463.3039090909092,1,0.1
3568,user_24,18006.09,2026-08-06 08:50:28.153465,Walmart,request,Mumbai,Web,0,8,16,4,1,3,1,20664.321171875,128,-2658.231171874999,0,0.2
3569,user_27,9664.17,2026-07-23 18:05:46.153465,Paytm,send,Bangalore,iOS,0,18,19,2,2,0,2,18537.69881355932,118,-8873.52881355932,0,0.5
3570,user_2,27507.92,2026-08-02 22:09:20.153465,Swiggy,send,Delhi,Android,0,22,11,3,2,2,0,47401.46406779661,118,-19893.54406779661,0,0.1
3571,user_27,7491.55,2026-08-21 12:09:55.153465,Flipkart,request,Pune,Web,1,12,19,1,1,4,1,18537.69881355932,118,-11046.14881355932,0,0.2
3572,user_29,3244.06,2026-07-27 00:56:07.153465,Walmart,send,Pune,Android,0,0,21,4,2,4,0,4165.22631147541,122,-921.1663114754097,1,0.1
3573,user_39,2534.33,2026-08-13 23:52:14.153465,Paytm,request,Delhi,Web,0,23,32,2,1,2,1,4488.573909090909,110,-1954.2439090909093,0,0.2
3574,user_11,642.32,2026-08-07 19:14:08.153465,Paytm,send,Pune,Android,0,19,2,2,2,4,0,3819.240342465753,146,-3176.920342465753,0,0.1
3575,user_17,4803.67,2026-08-23 07:52:38.153465,Flipkart,send,Pune,Web,0,7,8,1,2,4,1,4173.412348484848,132,630.2576515151522,0,0.2
3576,user_20,18974.7,2026-08-07 04:27:40.153465,Amazon,refund,Bangalore,Web,0,4,12,0,0,0,1,19935.082280701754,114,-960.3822807017532,1,0.2
3577,user_11,619.85,2026-09-07 09:09:26.153465,Flipkart,request,Chennai,Web,1,9,2,1,1,1,1,3819.240342465753,146,-3199.3903424657533,0,0.2
3578,user_26,1442.45,2026-08-26 09:56:56.153465,Amazon,refund,Bangalore,Android,0,9,18,0,0,0,0,4396.555663716814,113,-2954.105663716814,0,0.1
3579,user_48,682.83,2026-07-27 14:58:46.153465,Swiggy,request,Delhi,Web,0,14,42,3,1,2,1,4029.46368852459,122,-3346.63368852459,0,0.2
3580,user_25,4507.73,2026-09-10 06:27:23.153465,Paytm,refund,Bangalore,Android,1,6,17,2,0,0,0,3615.32544,125,892.4045599999995,1,0.1
3581,user_36,569.91,2026-09-12 05:25:56.153465,Flipkart,refund,Mumbai,Web,0,5,29,1,0,3,1,4483.898691588785,107,-3913.9886915887855,1,0.2
3582,user_21,861.34,2026-08-02 15:39:00.153465,Paytm,refund,Delhi,iOS,0,15,13,2,0,2,2,4244.438115942029,138,-3383.098115942029,0,0.5
3583,user_44,6072.11,2026-09-15 22:13:21.153465,Walmart,send,Delhi,iOS,0,22,38,4,2,2,2,17327.384636363637,110,-11255.274636363636,0,0.5
3584,user_45,4960.53,2026-09-13 10:40:42.153465,Paytm,send,Pune,Web,1,10,39,2,2,4,1,3748.3989344262295,122,1212.1310655737702,0,0.2
3585,user_37,7097.39,2026-08-18 18:48:36.153465,Flipkart,send,Delhi,Android,0,18,30,1,2,2,0,15907.096030534352,131,-8809.706030534351,0,0.1
3586,user_30,7704.68,2026-09-15 21:31:35.153465,Flipkart,refund,Pune,Android,0,21,23,1,0,4,0,20780.866470588233,119,-13076.186470588233,0,0.1
3587,user_27,18524.94,2026-08-19 15:18:02.153465,Walmart,request,Bangalore,Web,0,15,19,4,1,0,1,18537.69881355932,118,-12.758813559321425,0,0.2
3588,user_12,42045.1,2026-08-28 16:47:33.153465,Swiggy,request,Pune,Android,0,16,3,3,1,4,0,52530.11026548673,113,-10485.01026548673,0,0.1
3589,user_37,15651.95,2026-08-06 16:30:49.153465,Zomato,send,Delhi,iOS,0,16,30,5,2,2,2,15907.096030534352,131,-255.14603053435167,0,0.5
3590,user_16,11668.27,2026-08-10 20:01:13.153465,Amazon,send,Delhi,Android,0,20,7,0,2,2,0,3660.321525423729,118,8007.948474576271,0,0.1
3591,user_38,9305.87,2026-08-18 02:12:57.153465,Flipkart,request,Delhi,Web,0,2,31,1,1,2,1,17814.76077586207,116,-8508.890775862068,1,0.2
3592,user_16,4317.76,2026-09-05 04:23:37.153465,Zomato,send,Chennai,iOS,0,4,7,5,2,1,2,3660.321525423729,118,657.4384745762713,1,0.5
3593,user_39,2091.56,2026-09-18 15:30:55.153465,Amazon,request,Bangalore,iOS,0,15,32,0,1,0,2,4488.573909090909,110,-2397.0139090909092,0,0.5
3594,user_27,41919.66,2026-09-09 22:20:07.153465,Amazon,send,Chennai,iOS,1,22,19,0,2,1,2,18537.69881355932,118,23381.961186440683,0,0.5
3595,user_24,7226.66,2026-08-12 15:45:49.153465,Amazon,request,Pune,iOS,0,15,16,0,1,4,2,20664.321171875,128,-13437.661171875,0,0.5
3596,user_18,12805.43,2026-08-15 23:02:21.153465,Amazon,send,Pune,Android,0,23,9,0,2,4,0,4267.170924369748,119,8538.259075630252,0,0.1
3597,user_25,3166.27,2026-08-13 09:26:44.153465,Walmart,request,Chennai,iOS,0,9,17,4,1,1,2,3615.32544,125,-449.0554400000001,0,0.5
3598,user_11,3519.26,2026-07-26 00:48:11.153465,Flipkart,send,Pune,iOS,0,0,2,1,2,4,2,3819.240342465753,146,-299.980342465753,1,0.5
3599,user_16,4287.67,2026-08-27 09:12:18.153465,Walmart,request,Bangalore,iOS,1,9,7,4,1,0,2,3660.321525423729,118,627.3484745762712,0,0.5
3600,user_17,4612.19,2026-07-26 13:10:33.153465,Paytm,refund,Mumbai,Android,0,13,8,2,0,3,0,4173.412348484848,132,438.7776515151518,0,0.1
3601,user_5,57463.08,2026-09-05 17:39:11.153465,Paytm,refund,Delhi,iOS,1,17,44,2,0,2,2,21765.65124031008,129,35697.42875968992,0,0.5
3602,user_33,3858.06,2026-09-08 11:39:20.153465,Paytm,send,Delhi,iOS,0,11,26,2,2,2,2,3974.536484375,128,-116.47648437499993,0,0.5
3603,user_10,1501.73,2026-08-27 08:50:46.153465,Paytm,send,Mumbai,Web,0,8,1,2,2,3,1,4115.205169491525,118,-2613.4751694915253,0,0.2
3604,user_45,11509.42,2026-09-11 00:57:58.153465,Paytm,request,Chennai,iOS,1,0,39,2,1,1,2,3748.3989344262295,122,7761.02106557377,1,0.5
3605,user_20,8332.32,2026-08-01 12:11:21.153465,Flipkart,refund,Mumbai,Android,0,12,12,1,0,3,0,19935.082280701754,114,-11602.762280701754,0,0.1
3606,user_6,1918.07,2026-07-31 08:24:54.153465,Amazon,send,Bangalore,iOS,0,8,46,0,2,0,2,3699.0514728682174,129,-1780.9814728682175,0,0.5
3607,user_43,19247.58,2026-08-11 02:26:21.153465,Zomato,refund,Bangalore,iOS,1,2,37,5,0,0,2,15429.552764227643,123,3818.027235772359,1,0.5
3608,user_10,804.34,2026-08-28 20:45:15.153465,Walmart,refund,Pune,Web,0,20,1,4,0,4,1,4115.205169491525,118,-3310.865169491525,0,0.2
3609,user_2,45021.64,2026-09-17 15:14:42.153465,Zomato,send,Mumbai,Android,0,15,11,5,2,3,0,47401.46406779661,118,-2379.8240677966096,0,0.1
3610,user_25,3646.54,2026-08-23 14:31:27.153465,Swiggy,send,Pune,iOS,0,14,17,3,2,4,2,3615.32544,125,31.214559999999892,0,0.5
3611,user_32,14128.14,2026-08-29 00:00:34.153465,Zomato,request,Chennai,iOS,1,0,25,5,1,1,2,3596.741,130,10531.399,1,0.5
3612,user_48,3030.86,2026-07-28 20:19:18.153465,Amazon,request,Chennai,iOS,0,20,42,0,1,1,2,4029.46368852459,122,-998.6036885245899,0,0.5
3613,user_26,3152.93,2026-08-13 04:59:00.153465,Swiggy,request,Bangalore,Web,0,4,18,3,1,0,1,4396.555663716814,113,-1243.625663716814,1,0.2
3614,user_15,13119.29,2026-09-17 04:06:11.153465,Zomato,refund,Chennai,iOS,0,4,6,5,0,1,2,17357.696608695653,115,-4238.406608695652,1,0.5
3615,user_34,1432.61,2026-08-04 23:39:47.153465,Walmart,refund,Mumbai,Android,0,23,27,4,0,3,0,4524.1720000000005,120,-3091.562000000001,0,0.1
3616,user_42,2049.46,2026-08-22 01:33:22.153465,Paytm,send,Chennai,Web,0,1,36,2,2,1,1,4749.498305084746,118,-2700.038305084746,1,0.2
3617,user_47,1215.57,2026-08-12 14:33:56.153465,Amazon,refund,Mumbai,Android,0,14,41,0,0,3,0,3883.282635658915,129,-2667.712635658915,0,0.1
3618,user_44,50545.3,2026-08-08 10:02:07.153465,Zomato,send,Bangalore,Web,0,10,38,5,2,0,1,17327.384636363637,110,33217.91536363636,0,0.2
3619,user_42,1926.83,2026-09-12 01:11:06.153465,Paytm,request,Mumbai,Web,1,1,36,2,1,3,1,4749.498305084746,118,-2822.668305084746,1,0.2
3620,user_42,3533.3,2026-08-02 22:38:13.153465,Swiggy,send,Delhi,Web,0,22,36,3,2,2,1,4749.498305084746,118,-1216.1983050847457,0,0.2
3621,user_29,2448.64,2026-08-11 17:01:47.153465,Amazon,refund,Pune,Web,0,17,21,0,0,4,1,4165.22631147541,122,-1716.5863114754097,0,0.2
3622,user_35,8991.84,2026-08-23 20:54:44.153465,Amazon,request,Bangalore,Web,0,20,28,0,1,0,1,15800.978582677166,127,-6809.138582677166,0,0.2
3623,user_34,1791.96,2026-08-24 08:11:04.153465,Flipkart,refund,Delhi,Android,0,8,27,1,0,2,0,4524.1720000000005,120,-2732.2120000000004,0,0.1
3624,user_28,1768.88,2026-07-28 21:08:17.153465,Walmart,request,Chennai,Web,0,21,20,4,1,1,1,4678.404529914529,117,-2909.524529914529,0,0.2
3625,user_16,1575.94,2026-07-31 11:06:17.153465,Flipkart,send,Mumbai,Android,0,11,7,1,2,3,0,3660.321525423729,118,-2084.381525423729,0,0.1
3626,user_23,82396.12,2026-07-27 07:15:01.153465,Walmart,send,Chennai,Web,1,7,15,4,2,1,1,21876.48723880597,134,60519.63276119402,0,0.2
3627,user_17,3362.54,2026-09-19 07:21:30.153465,Swiggy,refund,Mumbai,iOS,0,7,8,3,0,3,2,4173.412348484848,132,-810.8723484848479,0,0.5
3628,user_24,16548.59,2026-09-04 03:28:52.153465,Flipkart,send,Pune,Android,0,3,16,1,2,4,0,20664.321171875,128,-4115.731171874999,1,0.1
3629,user_39,30967.48,2026-08-18 20:53:01.153465,Walmart,refund,Bangalore,Web,1,20,32,4,0,0,1,4488.573909090909,110,26478.90609090909,0,0.2
3630,user_17,3956.8,2026-07-30 16:20:01.153465,Swiggy,refund,Delhi,Web,0,16,8,3,0,2,1,4173.412348484848,132,-216.61234848484764,0,0.2
3631,user_47,4489.31,2026-09-08 23:52:09.153465,Paytm,refund,Mumbai,Android,0,23,41,2,0,3,0,3883.282635658915,129,606.0273643410856,0,0.1
3632,user_19,11079.4,2026-09-16 19:15:57.153465,Zomato,refund,Mumbai,Android,1,19,10,5,0,3,0,3644.202786885246,122,7435.197213114754,0,0.1
3633,user_26,4176.26,2026-09-18 11:45:30.153465,Flipkart,send,Pune,Android,0,11,18,1,2,4,0,4396.555663716814,113,-220.29566371681358,0,0.1
3634,user_44,12240.14,2026-07-26 05:00:37.153465,Swiggy,send,Delhi,Android,0,5,38,3,2,2,0,17327.384636363637,110,-5087.244636363637,1,0.1
3635,user_22,5796.49,2026-09-02 16:35:57.153465,Flipkart,send,Delhi,Android,0,16,14,1,2,2,0,18343.150086206897,116,-12546.660086206897,0,0.1
3636,user_38,6466.24,2026-07-28 04:06:08.153465,Swiggy,request,Chennai,Web,1,4,31,3,1,1,1,17814.76077586207,116,-11348.520775862069,1,0.2
3637,user_1,4786.45,2026-09-03 04:56:34.153465,Paytm,refund,Chennai,Web,0,4,0,2,0,1,1,4037.2688695652173,115,749.1811304347825,1,0.2
3638,user_1,2510.97,2026-08-21 22:24:14.153465,Amazon,refund,Mumbai,Web,0,22,0,0,0,3,1,4037.2688695652173,115,-1526.2988695652175,0,0.2
3639,user_41,4280.49,2026-08-09 15:54:01.153465,Flipkart,request,Mumbai,Web,0,15,35,1,1,3,1,4057.624609375,128,222.8653906249997,0,0.2
3640,user_9,4686.94,2026-07-30 22:41:03.153465,Flipkart,request,Mumbai,Web,0,22,49,1,1,3,1,4747.313999999999,110,-60.373999999999796,0,0.2
3641,user_17,4457.12,2026-09-12 05:58:55.153465,Walmart,request,Pune,Web,1,5,8,4,1,4,1,4173.412348484848,132,283.70765151515207,1,0.2
3642,user_46,9319.82,2026-08-12 20:24:01.153465,Zomato,request,Chennai,iOS,1,20,40,5,1,1,2,4824.613684210526,133,4495.206315789474,0,0.5
3643,user_10,841.13,2026-09-03 23:32:43.153465,Swiggy,refund,Bangalore,iOS,0,23,1,3,0,0,2,4115.205169491525,118,-3274.0751694915252,0,0.5
3644,user_36,2796.14,2026-08-04 11:32:43.153465,Amazon,refund,Chennai,iOS,0,11,29,0,0,1,2,4483.898691588785,107,-1687.7586915887855,0,0.5
3645,user_5,10264.6,2026-09-04 16:23:28.153465,Amazon,refund,Bangalore,Web,0,16,44,0,0,0,1,21765.65124031008,129,-11501.051240310078,0,0.2
3646,user_48,1449.44,2026-08-05 23:35:37.153465,Flipkart,request,Delhi,Android,0,23,42,1,1,2,0,4029.46368852459,122,-2580.02368852459,0,0.1
3647,user_21,4869.8,2026-08-25 14:44:15.153465,Amazon,refund,Delhi,iOS,1,14,13,0,0,2,2,4244.438115942029,138,625.3618840579711,0,0.5
3648,user_23,15059.19,2026-07-24 21:29:29.153465,Amazon,request,Bangalore,Web,0,21,15,0,1,0,1,21876.48723880597,134,-6817.29723880597,0,0.2
3649,user_17,3508.26,2026-08-27 04:36:52.153465,Walmart,send,Delhi,Android,0,4,8,4,2,2,0,4173.412348484848,132,-665.1523484848476,1,0.1
3650,user_17,3216.61,2026-08-27 22:26:03.153465,Flipkart,refund,Bangalore,iOS,0,22,8,1,0,0,2,4173.412348484848,132,-956.8023484848477,0,0.5
3651,user_47,863.77,2026-09-08 00:32:24.153465,Zomato,send,Mumbai,Android,0,0,41,5,2,3,0,3883.282635658915,129,-3019.512635658915,1,0.1
3652,user_30,18997.76,2026-07-28 13:49:45.153465,Zomato,refund,Delhi,Web,0,13,23,5,0,2,1,20780.866470588233,119,-1783.1064705882345,0,0.2
3653,user_28,1044.19,2026-07-28 14:02:46.153465,Flipkart,send,Mumbai,iOS,0,14,20,1,2,3,2,4678.404529914529,117,-3634.214529914529,0,0.5
3654,user_31,3895.7,2026-08-21 16:02:30.153465,Zomato,request,Delhi,Android,0,16,24,5,1,2,0,4894.9887499999995,96,-999.2887499999997,0,0.1
3655,user_24,5970.64,2026-09-06 18:15:38.153465,Flipkart,refund,Mumbai,Android,0,18,16,1,0,3,0,20664.321171875,128,-14693.681171875,0,0.1
3656,user_40,8238.62,2026-09-07 02:28:20.153465,Amazon,send,Chennai,Web,0,2,34,0,2,1,1,18950.453564356438,101,-10711.833564356437,1,0.2
3657,user_26,1085.9,2026-08-29 05:32:40.153465,Paytm,request,Mumbai,iOS,0,5,18,2,1,3,2,4396.555663716814,113,-3310.6556637168137,1,0.5
3658,user_4,3244.33,2026-07-30 01:40:45.153465,Paytm,send,Mumbai,iOS,0,1,33,2,2,3,2,4960.130344827586,116,-1715.8003448275858,1,0.5
3659,user_41,307.4,2026-09-10 23:58:45.153465,Amazon,request,Chennai,Android,0,23,35,0,1,1,0,4057.624609375,128,-3750.224609375,0,0.1
3660,user_8,3329.63,2026-09-11 20:49:04.153465,Paytm,refund,Mumbai,Android,0,20,48,2,0,3,0,4162.542654867257,113,-832.9126548672566,0,0.1
3661,user_23,14184.43,2026-08-26 23:06:40.153465,Amazon,request,Delhi,Web,0,23,15,0,1,2,1,21876.48723880597,134,-7692.05723880597,0,0.2
3662,user_42,1043.45,2026-08-28 14:58:37.153465,Swiggy,request,Bangalore,iOS,0,14,36,3,1,0,2,4749.498305084746,118,-3706.048305084746,0,0.5
3663,user_38,11727.46,2026-09-09 13:44:38.153465,Zomato,send,Delhi,Android,0,13,31,5,2,2,0,17814.76077586207,116,-6087.30077586207,0,0.1
3664,user_50,4403.53,2026-08-28 02:11:55.153465,Amazon,refund,Delhi,iOS,0,2,45,0,0,2,2,4276.488269230769,104,127.04173076923053,1,0.5
3665,user_5,18508.16,2026-08-13 13:38:18.153465,Zomato,send,Mumbai,Web,0,13,44,5,2,3,1,21765.65124031008,129,-3257.491240310079,0,0.2
3666,user_17,1726.4,2026-07-27 14:30:05.153465,Amazon,request,Delhi,iOS,0,14,8,0,1,2,2,4173.412348484848,132,-2447.0123484848477,0,0.5
3667,user_45,2645.36,2026-09-10 02:03:22.153465,Paytm,request,Pune,Android,0,2,39,2,1,4,0,3748.3989344262295,122,-1103.0389344262294,1,0.1
3668,user_19,1095.11,2026-07-21 15:57:43.153465,Walmart,request,Bangalore,iOS,0,15,10,4,1,0,2,3644.202786885246,122,-2549.092786885246,0,0.5
3669,user_38,41506.3,2026-09-09 16:45:26.153465,Swiggy,refund,Chennai,Android,1,16,31,3,0,1,0,17814.76077586207,116,23691.539224137934,0,0.1
3670,user_32,3380.19,2026-08-22 14:47:45.153465,Walmart,refund,Delhi,Web,0,14,25,4,0,2,1,3596.741,130,-216.55099999999993,0,0.2
3671,user_3,39224.69,2026-08-25 00:27:29.153465,Walmart,refund,Bangalore,iOS,0,0,22,4,0,0,2,51628.90211538462,104,-12404.212115384616,1,0.5
3672,user_46,2939.57,2026-08-15 14:09:25.153465,Zomato,send,Delhi,Web,0,14,40,5,2,2,1,4824.613684210526,133,-1885.043684210526,0,0.2
3673,user_35,9432.06,2026-08-07 19:18:15.153465,Walmart,send,Bangalore,iOS,0,19,28,4,2,0,2,15800.978582677166,127,-6368.918582677166,0,0.5
3674,user_20,19705.87,2026-09-01 22:19:01.153465,Swiggy,refund,Chennai,iOS,0,22,12,3,0,1,2,19935.082280701754,114,-229.21228070175493,0,0.5
3675,user_5,10344.81,2026-09-05 18:38:40.153465,Flipkart,send,Chennai,iOS,0,18,44,1,2,1,2,21765.65124031008,129,-11420.84124031008,0,0.5
3676,user_48,715.43,2026-08-21 14:37:04.153465,Swiggy,send,Delhi,iOS,0,14,42,3,2,2,2,4029.46368852459,122,-3314.03368852459,0,0.5
3677,user_3,300000.0,2026-08-19 01:10:52.153465,Walmart,send,Mumbai,Web,1,1,22,4,2,3,1,51628.90211538462,104,248371.0978846154,1,0.2
3678,user_12,17841.35,2026-08-11 19:50:52.153465,Paytm,send,Delhi,Web,0,19,3,2,2,2,1,52530.11026548673,113,-34688.76026548673,0,0.2
3679,user_8,1594.02,2026-09-12 11:26:20.153465,Amazon,send,Pune,Web,0,11,48,0,2,4,1,4162.542654867257,113,-2568.5226548672567,0,0.2
3680,user_33,1086.7,2026-07-26 16:20:03.153465,Zomato,send,Delhi,iOS,0,16,26,5,2,2,2,3974.536484375,128,-2887.8364843749996,0,0.5
3681,user_16,2690.98,2026-08-02 06:43:24.153465,Zomato,request,Bangalore,Android,0,6,7,5,1,0,0,3660.321525423729,118,-969.3415254237289,1,0.1
3682,user_6,4568.06,2026-08-09 20:45:56.153465,Amazon,request,Delhi,Web,0,20,46,0,1,2,1,3699.0514728682174,129,869.008527131783,0,0.2
3683,user_46,3031.26,2026-08-28 17:17:10.153465,Swiggy,send,Chennai,Android,0,17,40,3,2,1,0,4824.613684210526,133,-1793.353684210526,0,0.1
3684,user_33,3142.47,2026-08-08 09:48:54.153465,Amazon,request,Delhi,Web,0,9,26,0,1,2,1,3974.536484375,128,-832.0664843750001,0,0.2
3685,user_25,1164.2,2026-09-10 11:28:11.153465,Flipkart,send,Mumbai,Web,0,11,17,1,2,3,1,3615.32544,125,-2451.12544,0,0.2
3686,user_31,4669.19,2026-08-07 19:56:53.153465,Flipkart,request,Pune,Android,0,19,24,1,1,4,0,4894.9887499999995,96,-225.79874999999993,0,0.1
3687,user_43,15045.98,2026-07-30 14:17:24.153465,Amazon,request,Mumbai,Web,1,14,37,0,1,3,1,15429.552764227643,123,-383.57276422764335,0,0.2
3688,user_6,9655.44,2026-08-29 15:03:05.153465,Paytm,request,Chennai,iOS,1,15,46,2,1,1,2,3699.0514728682174,129,5956.388527131783,0,0.5
3689,user_31,4249.4,2026-08-14 05:04:02.153465,Flipkart,refund,Delhi,iOS,0,5,24,1,0,2,2,4894.9887499999995,96,-645.5887499999999,1,0.5
3690,user_31,1020.15,2026-08-22 17:29:09.153465,Amazon,request,Delhi,iOS,0,17,24,0,1,2,2,4894.9887499999995,96,-3874.8387499999994,0,0.5
3691,user_10,2842.25,2026-09-04 13:42:33.153465,Paytm,request,Chennai,Web,0,13,1,2,1,1,1,4115.205169491525,118,-1272.9551694915253,0,0.2
3692,user_26,4983.13,2026-09-17 10:44:47.153465,Swiggy,send,Mumbai,Web,1,10,18,3,2,3,1,4396.555663716814,113,586.5743362831863,0,0.2
3693,user_48,4962.32,2026-09-18 05:00:20.153465,Flipkart,request,Delhi,Android,0,5,42,1,1,2,0,4029.46368852459,122,932.8563114754097,1,0.1
3694,user_36,2828.25,2026-08-20 18:47:36.153465,Walmart,request,Delhi,iOS,0,18,29,4,1,2,2,4483.898691588785,107,-1655.6486915887854,0,0.5
3695,user_48,1687.27,2026-07-27 07:26:48.153465,Paytm,send,Mumbai,Web,1,7,42,2,2,3,1,4029.46368852459,122,-2342.19368852459,0,0.2
3696,user_37,6956.34,2026-09-02 22:07:12.153465,Walmart,send,Chennai,Web,1,22,30,4,2,1,1,15907.096030534352,131,-8950.756030534352,0,0.2
3697,user_39,3753.82,2026-08-22 01:25:55.153465,Amazon,send,Delhi,Android,1,1,32,0,2,2,0,4488.573909090909,110,-734.753909090909,1,0.1
3698,user_8,1057.81,2026-08-18 08:03:47.153465,Swiggy,send,Delhi,Android,0,8,48,3,2,2,0,4162.542654867257,113,-3104.7326548672568,0,0.1
3699,user_11,12470.8,2026-08-18 19:04:22.153465,Flipkart,refund,Bangalore,Android,1,19,2,1,0,0,0,3819.240342465753,146,8651.559657534246,0,0.1
3700,user_36,3186.13,2026-09-07 08:57:24.153465,Swiggy,refund,Chennai,iOS,0,8,29,3,0,1,2,4483.898691588785,107,-1297.7686915887853,0,0.5
3701,user_46,751.93,2026-09-06 07:20:46.153465,Walmart,send,Mumbai,Web,1,7,40,4,2,3,1,4824.613684210526,133,-4072.6836842105263,0,0.2
3702,user_46,1942.5,2026-08-27 15:16:26.153465,Walmart,refund,Bangalore,Android,0,15,40,4,0,0,0,4824.613684210526,133,-2882.113684210526,0,0.1
3703,user_33,2679.24,2026-08-07 12:55:28.153465,Swiggy,send,Bangalore,iOS,0,12,26,3,2,0,2,3974.536484375,128,-1295.296484375,0,0.5
3704,user_35,14151.24,2026-08-24 04:41:45.153465,Walmart,refund,Chennai,Android,0,4,28,4,0,1,0,15800.978582677166,127,-1649.738582677166,1,0.1
3705,user_48,3854.19,2026-08-16 11:53:04.153465,Paytm,refund,Chennai,iOS,0,11,42,2,0,1,2,4029.46368852459,122,-175.27368852458994,0,0.5
3706,user_13,18122.67,2026-08-05 00:34:35.153465,Paytm,refund,Chennai,iOS,0,0,4,2,0,1,2,16363.8575,124,1758.8124999999982,1,0.5
3707,user_15,46164.28,2026-08-18 20:19:15.153465,Zomato,request,Chennai,Web,1,20,6,5,1,1,1,17357.696608695653,115,28806.583391304346,0,0.2
3708,user_18,1995.23,2026-09-07 05:08:06.153465,Flipkart,request,Chennai,iOS,0,5,9,1,1,1,2,4267.170924369748,119,-2271.940924369748,1,0.5
3709,user_6,3374.85,2026-09-04 07:08:13.153465,Amazon,refund,Delhi,iOS,0,7,46,0,0,2,2,3699.0514728682174,129,-324.2014728682175,0,0.5
3710,user_14,15342.18,2026-09-11 23:14:17.153465,Amazon,send,Chennai,iOS,0,23,5,0,2,1,2,18284.780597014927,134,-2942.600597014927,0,0.5
3711,user_38,6509.5,2026-08-10 02:34:06.153465,Amazon,refund,Chennai,iOS,0,2,31,0,0,1,2,17814.76077586207,116,-11305.260775862069,1,0.5
3712,user_6,3747.71,2026-08-07 12:38:24.153465,Flipkart,request,Delhi,Web,0,12,46,1,1,2,1,3699.0514728682174,129,48.65852713178265,0,0.2
3713,user_39,3081.65,2026-09-05 08:09:39.153465,Flipkart,request,Mumbai,Android,0,8,32,1,1,3,0,4488.573909090909,110,-1406.923909090909,0,0.1
3714,user_23,19278.93,2026-08-23 05:47:47.153465,Amazon,refund,Pune,Android,0,5,15,0,0,4,0,21876.48723880597,134,-2597.55723880597,1,0.1
3715,user_35,6399.15,2026-07-28 17:41:34.153465,Amazon,send,Chennai,Android,0,17,28,0,2,1,0,15800.978582677166,127,-9401.828582677166,0,0.1
3716,user_17,4651.14,2026-08-28 14:23:52.153465,Flipkart,send,Mumbai,Web,1,14,8,1,2,3,1,4173.412348484848,132,477.7276515151525,0,0.2
3717,user_33,3579.17,2026-08-25 03:13:10.153465,Amazon,refund,Delhi,Android,0,3,26,0,0,2,0,3974.536484375,128,-395.3664843749998,1,0.1
3718,user_18,242.11,2026-08-27 01:35:35.153465,Walmart,send,Mumbai,Web,0,1,9,4,2,3,1,4267.170924369748,119,-4025.0609243697477,1,0.2
3719,user_15,19224.75,2026-08-21 02:18:43.153465,Amazon,request,Chennai,Web,0,2,6,0,1,1,1,17357.696608695653,115,1867.0533913043473,1,0.2
3720,user_16,3347.58,2026-08-31 12:22:35.153465,Swiggy,request,Pune,iOS,0,12,7,3,1,4,2,3660.321525423729,118,-312.74152542372894,0,0.5
3721,user_41,1065.21,2026-07-24 17:05:14.153465,Amazon,request,Delhi,Web,0,17,35,0,1,2,1,4057.624609375,128,-2992.414609375,0,0.2
3722,user_24,10996.96,2026-08-05 14:48:29.153465,Paytm,request,Delhi,iOS,0,14,16,2,1,2,2,20664.321171875,128,-9667.361171875,0,0.5
3723,user_27,39775.35,2026-08-28 01:27:39.153465,Flipkart,request,Chennai,Android,0,1,19,1,1,1,0,18537.69881355932,118,21237.65118644068,1,0.1
3724,user_36,4791.75,2026-09-06 16:36:33.153465,Paytm,request,Pune,Web,1,16,29,2,1,4,1,4483.898691588785,107,307.85130841121463,0,0.2
3725,user_31,3838.63,2026-09-03 19:26:44.153465,Amazon,refund,Mumbai,Web,0,19,24,0,0,3,1,4894.9887499999995,96,-1056.3587499999994,0,0.2
3726,user_26,1841.46,2026-08-22 03:53:43.153465,Amazon,refund,Chennai,Web,0,3,18,0,0,1,1,4396.555663716814,113,-2555.0956637168138,1,0.2
3727,user_33,1088.31,2026-09-03 15:37:45.153465,Flipkart,refund,Pune,iOS,1,15,26,1,0,4,2,3974.536484375,128,-2886.226484375,0,0.5
3728,user_19,2289.91,2026-09-07 02:51:29.153465,Paytm,send,Chennai,Android,0,2,10,2,2,1,0,3644.202786885246,122,-1354.2927868852462,1,0.1
3729,user_50,264.49,2026-07-24 16:53:00.153465,Zomato,refund,Pune,Web,0,16,45,5,0,4,1,4276.488269230769,104,-4011.9982692307694,0,0.2
3730,user_23,19146.75,2026-08-28 01:03:08.153465,Amazon,send,Bangalore,Android,0,1,15,0,2,0,0,21876.48723880597,134,-2729.7372388059703,1,0.1
3731,user_13,18968.12,2026-08-12 15:16:40.153465,Paytm,refund,Mumbai,Web,0,15,4,2,0,3,1,16363.8575,124,2604.262499999999,0,0.2
3732,user_19,3708.9,2026-09-10 10:11:19.153465,Walmart,refund,Bangalore,iOS,0,10,10,4,0,0,2,3644.202786885246,122,64.69721311475405,0,0.5
3733,user_30,56143.87,2026-08-08 11:14:08.153465,Zomato,send,Delhi,Android,1,11,23,5,2,2,0,20780.866470588233,119,35363.00352941177,0,0.1
3734,user_42,1359.75,2026-09-07 10:17:13.153465,Zomato,request,Mumbai,Android,0,10,36,5,1,3,0,4749.498305084746,118,-3389.748305084746,0,0.1
3735,user_41,1672.67,2026-09-05 14:03:51.153465,Paytm,refund,Delhi,Web,1,14,35,2,0,2,1,4057.624609375,128,-2384.954609375,0,0.2
3736,user_31,4022.77,2026-09-07 20:18:34.153465,Swiggy,request,Pune,Android,0,20,24,3,1,4,0,4894.9887499999995,96,-872.2187499999995,0,0.1
3737,user_27,12603.54,2026-09-06 23:19:36.153465,Flipkart,refund,Bangalore,Android,0,23,19,1,0,0,0,18537.69881355932,118,-5934.158813559319,0,0.1
3738,user_18,3221.06,2026-08-31 21:03:13.153465,Walmart,refund,Bangalore,iOS,0,21,9,4,0,0,2,4267.170924369748,119,-1046.1109243697479,0,0.5
3739,user_21,2548.08,2026-08-25 15:18:19.153465,Walmart,request,Chennai,Android,0,15,13,4,1,1,0,4244.438115942029,138,-1696.3581159420291,0,0.1
3740,user_12,58198.82,2026-08-03 09:31:38.153465,Walmart,refund,Chennai,iOS,0,9,3,4,0,1,2,52530.11026548673,113,5668.7097345132715,0,0.5
3741,user_18,1506.98,2026-08-07 19:07:29.153465,Flipkart,refund,Pune,Web,0,19,9,1,0,4,1,4267.170924369748,119,-2760.190924369748,0,0.2
3742,user_25,942.97,2026-09-12 17:00:24.153465,Amazon,send,Delhi,Web,0,17,17,0,2,2,1,3615.32544,125,-2672.3554400000003,0,0.2
3743,user_14,18651.62,2026-09-04 19:18:06.153465,Zomato,send,Chennai,Web,0,19,5,5,2,1,1,18284.780597014927,134,366.8394029850715,0,0.2
3744,user_11,2336.17,2026-07-22 12:05:19.153465,Walmart,send,Chennai,Web,0,12,2,4,2,1,1,3819.240342465753,146,-1483.0703424657531,0,0.2
3745,user_32,1158.35,2026-07-22 07:21:20.153465,Flipkart,refund,Pune,iOS,0,7,25,1,0,4,2,3596.741,130,-2438.391,0,0.5
3746,user_30,7683.4,2026-08-17 04:26:38.153465,Amazon,refund,Mumbai,iOS,0,4,23,0,0,3,2,20780.866470588233,119,-13097.466470588233,1,0.5
3747,user_11,2570.1,2026-08-29 14:48:21.153465,Paytm,send,Bangalore,iOS,0,14,2,2,2,0,2,3819.240342465753,146,-1249.1403424657533,0,0.5
3748,user_28,2198.85,2026-08-14 17:37:05.153465,Flipkart,refund,Pune,Web,0,17,20,1,0,4,1,4678.404529914529,117,-2479.554529914529,0,0.2
3749,user_6,313.54,2026-08-29 22:22:01.153465,Walmart,request,Bangalore,iOS,0,22,46,4,1,0,2,3699.0514728682174,129,-3385.5114728682174,0,0.5
3750,user_15,94212.34,2026-07-27 11:48:06.153465,Zomato,refund,Chennai,iOS,1,11,6,5,0,1,2,17357.696608695653,115,76854.64339130434,0,0.5
3751,user_2,38555.11,2026-08-30 22:57:12.153465,Flipkart,send,Bangalore,Web,0,22,11,1,2,0,1,47401.46406779661,118,-8846.354067796608,0,0.2
3752,user_27,19217.72,2026-08-26 12:54:51.153465,Paytm,refund,Delhi,Android,0,12,19,2,0,2,0,18537.69881355932,118,680.021186440681,0,0.1
3753,user_43,40588.75,2026-08-18 10:09:34.153465,Zomato,send,Chennai,iOS,1,10,37,5,2,1,2,15429.552764227643,123,25159.197235772357,0,0.5
3754,user_20,11520.17,2026-08-28 15:57:12.153465,Walmart,send,Mumbai,Android,0,15,12,4,2,3,0,19935.082280701754,114,-8414.912280701754,0,0.1
3755,user_49,16538.67,2026-08-12 14:13:52.153465,Zomato,request,Bangalore,iOS,0,14,43,5,1,0,2,19333.43277227723,101,-2794.7627722772304,0,0.5
3756,user_47,3572.74,2026-08-19 16:17:49.153465,Walmart,request,Delhi,Android,0,16,41,4,1,2,0,3883.282635658915,129,-310.54263565891506,0,0.1
3757,user_47,1381.43,2026-07-26 00:47:38.153465,Flipkart,send,Bangalore,Android,0,0,41,1,2,0,0,3883.282635658915,129,-2501.8526356589146,1,0.1
3758,user_49,12037.96,2026-07-28 04:58:52.153465,Amazon,request,Pune,Android,0,4,43,0,1,4,0,19333.43277227723,101,-7295.4727722772295,1,0.1
3759,user_3,56320.12,2026-08-09 12:59:01.153465,Amazon,request,Pune,iOS,0,12,22,0,1,4,2,51628.90211538462,104,4691.217884615384,0,0.5
3760,user_1,3625.23,2026-07-30 15:10:34.153465,Paytm,refund,Delhi,Android,0,15,0,2,0,2,0,4037.2688695652173,115,-412.0388695652173,0,0.1
3761,user_25,3372.88,2026-08-02 06:05:24.153465,Walmart,refund,Mumbai,Web,0,6,17,4,0,3,1,3615.32544,125,-242.44543999999996,1,0.2
3762,user_24,15749.16,2026-07-30 12:15:37.153465,Paytm,request,Bangalore,Android,0,12,16,2,1,0,0,20664.321171875,128,-4915.161171874999,0,0.1
3763,user_13,11287.37,2026-09-15 22:43:14.153465,Amazon,refund,Mumbai,Web,0,22,4,0,0,3,1,16363.8575,124,-5076.487499999999,0,0.2
3764,user_11,518.51,2026-08-25 00:35:17.153465,Flipkart,send,Mumbai,Web,0,0,2,1,2,3,1,3819.240342465753,146,-3300.730342465753,1,0.2
3765,user_32,3056.49,2026-09-16 01:52:13.153465,Paytm,request,Mumbai,Web,0,1,25,2,1,3,1,3596.741,130,-540.2510000000002,1,0.2
3766,user_28,10764.46,2026-09-19 08:37:31.153465,Walmart,send,Delhi,Android,0,8,20,4,2,2,0,4678.404529914529,117,6086.05547008547,0,0.1
3767,user_43,19874.19,2026-08-02 15:16:26.153465,Amazon,refund,Delhi,Android,0,15,37,0,0,2,0,15429.552764227643,123,4444.637235772356,0,0.1
3768,user_10,211.46,2026-08-12 16:52:03.153465,Zomato,request,Bangalore,Web,0,16,1,5,1,0,1,4115.205169491525,118,-3903.7451694915253,0,0.2
3769,user_20,7136.93,2026-07-28 12:34:12.153465,Walmart,send,Pune,Web,0,12,12,4,2,4,1,19935.082280701754,114,-12798.152280701754,0,0.2
3770,user_39,1645.86,2026-08-12 14:41:51.153465,Paytm,send,Chennai,Web,1,14,32,2,2,1,1,4488.573909090909,110,-2842.7139090909095,0,0.2
3771,user_2,19574.35,2026-08-14 08:23:45.153465,Walmart,send,Mumbai,iOS,0,8,11,4,2,3,2,47401.46406779661,118,-27827.11406779661,0,0.5
3772,user_34,12054.48,2026-09-18 09:53:12.153465,Swiggy,refund,Chennai,iOS,0,9,27,3,0,1,2,4524.1720000000005,120,7530.307999999999,0,0.5
3773,user_5,9582.91,2026-09-11 13:42:58.153465,Walmart,request,Mumbai,iOS,0,13,44,4,1,3,2,21765.65124031008,129,-12182.741240310079,0,0.5
3774,user_22,16890.2,2026-09-10 19:33:08.153465,Paytm,send,Mumbai,Web,0,19,14,2,2,3,1,18343.150086206897,116,-1452.9500862068962,0,0.2
3775,user_50,3511.22,2026-08-06 06:26:59.153465,Flipkart,refund,Chennai,iOS,0,6,45,1,0,1,2,4276.488269230769,104,-765.2682692307694,1,0.5
3776,user_25,4438.65,2026-08-19 10:26:33.153465,Flipkart,send,Delhi,iOS,0,10,17,1,2,2,2,3615.32544,125,823.3245599999996,0,0.5
3777,user_32,2230.04,2026-08-15 23:19:07.153465,Zomato,send,Bangalore,Android,0,23,25,5,2,0,0,3596.741,130,-1366.701,0,0.1
3778,user_12,32546.93,2026-08-23 14:27:42.153465,Swiggy,send,Bangalore,iOS,0,14,3,3,2,0,2,52530.11026548673,113,-19983.180265486728,0,0.5
3779,user_25,8084.9,2026-08-17 21:13:25.153465,Flipkart,request,Mumbai,Android,0,21,17,1,1,3,0,3615.32544,125,4469.574559999999,0,0.1
3780,user_40,5844.84,2026-09-12 17:41:43.153465,Amazon,request,Pune,iOS,0,17,34,0,1,4,2,18950.453564356438,101,-13105.613564356438,0,0.5
3781,user_1,465.05,2026-09-10 12:01:45.153465,Zomato,refund,Bangalore,Android,0,12,0,5,0,0,0,4037.2688695652173,115,-3572.218869565217,0,0.1
3782,user_33,3821.75,2026-08-28 21:36:25.153465,Amazon,send,Chennai,Android,0,21,26,0,2,1,0,3974.536484375,128,-152.78648437499987,0,0.1
3783,user_25,9553.83,2026-09-11 07:25:20.153465,Amazon,request,Delhi,iOS,1,7,17,0,1,2,2,3615.32544,125,5938.504559999999,0,0.5
3784,user_8,4236.33,2026-08-28 08:48:46.153465,Swiggy,send,Chennai,Web,1,8,48,3,2,1,1,4162.542654867257,113,73.78734513274321,0,0.2
3785,user_16,592.31,2026-07-28 17:57:26.153465,Zomato,send,Chennai,iOS,0,17,7,5,2,1,2,3660.321525423729,118,-3068.011525423729,0,0.5
3786,user_39,1280.89,2026-09-05 12:56:36.153465,Zomato,send,Bangalore,Web,0,12,32,5,2,0,1,4488.573909090909,110,-3207.683909090909,0,0.2
3787,user_24,11422.09,2026-09-17 23:31:20.153465,Walmart,refund,Bangalore,Android,0,23,16,4,0,0,0,20664.321171875,128,-9242.231171874999,0,0.1
3788,user_37,11266.18,2026-08-11 20:15:34.153465,Flipkart,refund,Pune,Android,0,20,30,1,0,4,0,15907.096030534352,131,-4640.916030534352,0,0.1
3789,user_48,4451.37,2026-08-10 19:40:50.153465,Flipkart,refund,Delhi,Web,0,19,42,1,0,2,1,4029.46368852459,122,421.9063114754099,0,0.2
3790,user_42,2600.31,2026-09-02 20:13:09.153465,Walmart,refund,Chennai,Android,0,20,36,4,0,1,0,4749.498305084746,118,-2149.188305084746,0,0.1
3791,user_41,4905.42,2026-07-24 08:55:14.153465,Swiggy,request,Delhi,Web,0,8,35,3,1,2,1,4057.624609375,128,847.795390625,0,0.2
3792,user_10,3307.78,2026-09-16 05:16:37.153465,Swiggy,request,Bangalore,Web,0,5,1,3,1,0,1,4115.205169491525,118,-807.4251694915251,1,0.2
3793,user_21,34624.95,2026-08-20 02:43:19.153465,Flipkart,request,Chennai,iOS,1,2,13,1,1,1,2,4244.438115942029,138,30380.511884057967,1,0.5
3794,user_7,29843.11,2026-08-01 15:50:44.153465,Paytm,send,Pune,Android,0,15,47,2,2,4,0,60187.18528,125,-30344.075279999997,0,0.1
3795,user_21,1841.97,2026-08-28 11:50:58.153465,Swiggy,refund,Chennai,Android,0,11,13,3,0,1,0,4244.438115942029,138,-2402.468115942029,0,0.1
3796,user_25,1138.95,2026-07-25 07:25:59.153465,Flipkart,refund,Pune,iOS,0,7,17,1,0,4,2,3615.32544,125,-2476.37544,0,0.5
3797,user_10,8407.97,2026-07-25 06:09:03.153465,Walmart,send,Chennai,Android,1,6,1,4,2,1,0,4115.205169491525,118,4292.764830508474,1,0.1
3798,user_34,3480.06,2026-08-20 08:47:17.153465,Walmart,send,Bangalore,Web,0,8,27,4,2,0,1,4524.1720000000005,120,-1044.1120000000005,0,0.2
3799,user_35,53840.55,2026-08-31 22:31:41.153465,Walmart,request,Pune,Android,1,22,28,4,1,4,0,15800.978582677166,127,38039.57141732283,0,0.1
3800,user_6,3626.21,2026-08-09 12:14:17.153465,Swiggy,request,Chennai,iOS,0,12,46,3,1,1,2,3699.0514728682174,129,-72.84147286821735,0,0.5
3801,user_47,4432.89,2026-08-31 00:57:29.153465,Flipkart,refund,Delhi,iOS,1,0,41,1,0,2,2,3883.282635658915,129,549.6073643410855,1,0.5
3802,user_23,19668.6,2026-08-02 22:27:48.153465,Swiggy,request,Mumbai,Web,0,22,15,3,1,3,1,21876.48723880597,134,-2207.8872388059717,0,0.2
3803,user_14,9510.39,2026-08-31 21:55:50.153465,Paytm,refund,Pune,iOS,0,21,5,2,0,4,2,18284.780597014927,134,-8774.390597014928,0,0.5
3804,user_1,284.8,2026-07-23 16:43:33.153465,Swiggy,request,Pune,Android,1,16,0,3,1,4,0,4037.2688695652173,115,-3752.468869565217,0,0.1
3805,user_40,14008.84,2026-08-07 09:58:19.153465,Amazon,request,Mumbai,iOS,0,9,34,0,1,3,2,18950.453564356438,101,-4941.613564356438,0,0.5
3806,user_24,12342.2,2026-08-09 00:13:20.153465,Flipkart,send,Mumbai,Web,1,0,16,1,2,3,1,20664.321171875,128,-8322.121171874998,1,0.2
3807,user_1,2316.04,2026-08-02 17:58:01.153465,Flipkart,send,Pune,Web,0,17,0,1,2,4,1,4037.2688695652173,115,-1721.2288695652173,0,0.2
3808,user_48,4003.71,2026-09-11 16:24:39.153465,Paytm,refund,Bangalore,iOS,0,16,42,2,0,0,2,4029.46368852459,122,-25.75368852458996,0,0.5
3809,user_33,4778.94,2026-09-15 19:32:06.153465,Zomato,refund,Mumbai,Web,1,19,26,5,0,3,1,3974.536484375,128,804.4035156249997,0,0.2
3810,user_8,4159.99,2026-07-22 04:57:43.153465,Amazon,refund,Chennai,Web,0,4,48,0,0,1,1,4162.542654867257,113,-2.5526548672569334,1,0.2
3811,user_13,10631.25,2026-09-02 01:29:37.153465,Walmart,refund,Chennai,Android,0,1,4,4,0,1,0,16363.8575,124,-5732.6075,1,0.1
3812,user_29,4101.61,2026-08-24 12:20:09.153465,Zomato,send,Delhi,iOS,0,12,21,5,2,2,2,4165.22631147541,122,-63.61631147540993,0,0.5
3813,user_16,2188.2,2026-09-12 22:01:13.153465,Walmart,refund,Mumbai,Android,0,22,7,4,0,3,0,3660.321525423729,118,-1472.121525423729,0,0.1
3814,user_2,25044.76,2026-08-17 09:13:43.153465,Swiggy,request,Delhi,iOS,0,9,11,3,1,2,2,47401.46406779661,118,-22356.70406779661,0,0.5
3815,user_44,18623.5,2026-08-14 13:14:55.153465,Amazon,send,Bangalore,Web,0,13,38,0,2,0,1,17327.384636363637,110,1296.1153636363633,0,0.2
3816,user_49,5661.34,2026-08-10 10:54:22.153465,Zomato,request,Mumbai,iOS,0,10,43,5,1,3,2,19333.43277227723,101,-13672.092772277229,0,0.5
3817,user_7,36835.68,2026-08-04 11:33:03.153465,Zomato,request,Chennai,Web,0,11,47,5,1,1,1,60187.18528,125,-23351.505279999998,0,0.2
3818,user_22,15388.89,2026-09-09 16:17:44.153465,Swiggy,request,Delhi,Android,0,16,14,3,1,2,0,18343.150086206897,116,-2954.2600862068975,0,0.1
3819,user_31,34531.78,2026-09-02 23:22:44.153465,Zomato,send,Pune,Web,1,23,24,5,2,4,1,4894.9887499999995,96,29636.79125,0,0.2
3820,user_3,23490.77,2026-09-01 11:04:20.153465,Walmart,refund,Delhi,Android,0,11,22,4,0,2,0,51628.90211538462,104,-28138.13211538462,0,0.1
3821,user_9,2122.92,2026-08-12 17:02:03.153465,Paytm,refund,Delhi,Android,0,17,49,2,0,2,0,4747.313999999999,110,-2624.3939999999993,0,0.1
3822,user_41,3860.98,2026-09-14 01:31:03.153465,Paytm,request,Pune,Web,0,1,35,2,1,4,1,4057.624609375,128,-196.64460937500007,1,0.2
3823,user_21,3652.7,2026-08-26 19:18:12.153465,Swiggy,send,Chennai,Web,0,19,13,3,2,1,1,4244.438115942029,138,-591.7381159420293,0,0.2
3824,user_16,3522.09,2026-07-29 02:18:43.153465,Walmart,send,Bangalore,Android,0,2,7,4,2,0,0,3660.321525423729,118,-138.23152542372873,1,0.1
3825,user_9,999.98,2026-09-07 07:18:41.153465,Swiggy,refund,Chennai,Web,0,7,49,3,0,1,1,4747.313999999999,110,-3747.3339999999994,0,0.2
3826,user_35,15434.57,2026-08-06 09:47:31.153465,Flipkart,send,Mumbai,Android,0,9,28,1,2,3,0,15800.978582677166,127,-366.4085826771661,0,0.1
3827,user_37,8682.5,2026-09-09 21:38:58.153465,Swiggy,refund,Mumbai,Android,0,21,30,3,0,3,0,15907.096030534352,131,-7224.596030534352,0,0.1
3828,user_47,2127.98,2026-09-19 07:42:36.153465,Amazon,request,Mumbai,iOS,0,7,41,0,1,3,2,3883.282635658915,129,-1755.3026356589148,0,0.5
3829,user_2,38898.42,2026-09-11 15:09:08.153465,Walmart,send,Delhi,Android,0,15,11,4,2,2,0,47401.46406779661,118,-8503.04406779661,0,0.1
3830,user_38,11574.86,2026-08-08 04:08:10.153465,Paytm,refund,Mumbai,Android,0,4,31,2,0,3,0,17814.76077586207,116,-6239.900775862068,1,0.1
3831,user_25,1582.44,2026-09-10 23:37:05.153465,Amazon,refund,Chennai,iOS,0,23,17,0,0,1,2,3615.32544,125,-2032.88544,0,0.5
3832,user_48,22044.4,2026-07-30 20:57:12.153465,Walmart,send,Bangalore,iOS,1,20,42,4,2,0,2,4029.46368852459,122,18014.936311475412,0,0.5
3833,user_34,2521.7,2026-08-21 02:09:39.153465,Flipkart,refund,Pune,Android,1,2,27,1,0,4,0,4524.1720000000005,120,-2002.4720000000007,1,0.1
3834,user_38,13442.8,2026-07-25 19:07:09.153465,Walmart,request,Delhi,Web,1,19,31,4,1,2,1,17814.76077586207,116,-4371.96077586207,0,0.2
3835,user_39,8106.56,2026-07-27 17:36:20.153465,Zomato,send,Pune,Android,1,17,32,5,2,4,0,4488.573909090909,110,3617.986090909091,0,0.1
3836,user_43,13607.49,2026-07-31 23:32:46.153465,Amazon,refund,Pune,Android,0,23,37,0,0,4,0,15429.552764227643,123,-1822.0627642276431,0,0.1
3837,user_48,4433.67,2026-08-25 13:34:16.153465,Walmart,send,Chennai,iOS,0,13,42,4,2,1,2,4029.46368852459,122,404.2063114754101,0,0.5
3838,user_40,13317.8,2026-09-09 22:39:37.153465,Flipkart,send,Pune,iOS,0,22,34,1,2,4,2,18950.453564356438,101,-5632.653564356438,0,0.5
3839,user_24,12252.87,2026-09-15 07:38:16.153465,Swiggy,request,Chennai,Android,0,7,16,3,1,1,0,20664.321171875,128,-8411.451171874998,0,0.1
3840,user_3,129552.32,2026-08-08 01:48:11.153465,Walmart,send,Chennai,Web,1,1,22,4,2,1,1,51628.90211538462,104,77923.4178846154,1,0.2
3841,user_1,3845.81,2026-07-23 05:51:45.153465,Flipkart,send,Mumbai,Web,0,5,0,1,2,3,1,4037.2688695652173,115,-191.45886956521736,1,0.2
3842,user_30,5690.96,2026-08-31 21:45:29.153465,Zomato,refund,Mumbai,iOS,0,21,23,5,0,3,2,20780.866470588233,119,-15089.906470588234,0,0.5
3843,user_15,15369.12,2026-08-10 11:52:34.153465,Amazon,send,Delhi,Android,0,11,6,0,2,2,0,17357.696608695653,115,-1988.5766086956519,0,0.1
3844,user_45,3442.74,2026-09-09 20:17:23.153465,Paytm,send,Pune,Web,0,20,39,2,2,4,1,3748.3989344262295,122,-305.65893442622973,0,0.2
3845,user_16,2168.02,2026-08-17 21:56:23.153465,Walmart,request,Bangalore,iOS,0,21,7,4,1,0,2,3660.321525423729,118,-1492.301525423729,0,0.5
3846,user_27,9745.1,2026-08-20 22:10:45.153465,Amazon,request,Pune,iOS,1,22,19,0,1,4,2,18537.69881355932,118,-8792.59881355932,0,0.5
3847,user_3,50573.73,2026-07-22 14:42:58.153465,Flipkart,refund,Bangalore,Web,0,14,22,1,0,0,1,51628.90211538462,104,-1055.1721153846156,0,0.2
3848,user_23,31043.14,2026-08-08 00:59:42.153465,Walmart,send,Mumbai,iOS,1,0,15,4,2,3,2,21876.48723880597,134,9166.65276119403,1,0.5
3849,user_21,4487.81,2026-08-07 19:19:31.153465,Swiggy,send,Mumbai,Android,0,19,13,3,2,3,0,4244.438115942029,138,243.37188405797133,0,0.1
3850,user_5,18542.61,2026-08-20 18:21:08.153465,Zomato,send,Bangalore,Android,0,18,44,5,2,0,0,21765.65124031008,129,-3223.041240310078,0,0.1
3851,user_8,4481.29,2026-07-31 09:44:31.153465,Zomato,send,Bangalore,Web,1,9,48,5,2,0,1,4162.542654867257,113,318.74734513274325,0,0.2
3852,user_6,11431.73,2026-08-23 17:46:36.153465,Walmart,refund,Bangalore,Android,1,17,46,4,0,0,0,3699.0514728682174,129,7732.678527131782,0,0.1
3853,user_32,1659.19,2026-09-15 09:47:26.153465,Walmart,send,Bangalore,iOS,0,9,25,4,2,0,2,3596.741,130,-1937.551,0,0.5
3854,user_38,12057.1,2026-08-10 07:35:40.153465,Flipkart,send,Delhi,Android,0,7,31,1,2,2,0,17814.76077586207,116,-5757.6607758620685,0,0.1
3855,user_7,37404.27,2026-08-31 08:05:58.153465,Flipkart,refund,Chennai,Web,0,8,47,1,0,1,1,60187.18528,125,-22782.91528,0,0.2
3856,user_2,27177.28,2026-07-31 00:34:37.153465,Walmart,send,Delhi,Android,0,0,11,4,2,2,0,47401.46406779661,118,-20224.18406779661,1,0.1
3857,user_25,1298.8,2026-09-14 19:56:32.153465,Amazon,send,Mumbai,iOS,0,19,17,0,2,3,2,3615.32544,125,-2316.5254400000003,0,0.5
3858,user_16,370.51,2026-09-16 04:38:22.153465,Zomato,send,Delhi,iOS,0,4,7,5,2,2,2,3660.321525423729,118,-3289.811525423729,1,0.5
3859,user_19,4221.86,2026-09-02 08:21:53.153465,Swiggy,request,Mumbai,Web,0,8,10,3,1,3,1,3644.202786885246,122,577.6572131147536,0,0.2
3860,user_29,3859.03,2026-09-02 12:52:00.153465,Paytm,send,Delhi,Web,0,12,21,2,2,2,1,4165.22631147541,122,-306.1963114754094,0,0.2
3861,user_2,17014.98,2026-09-16 02:30:48.153465,Paytm,request,Pune,Web,0,2,11,2,1,4,1,47401.46406779661,118,-30386.48406779661,1,0.2
3862,user_49,14979.75,2026-08-04 09:00:13.153465,Amazon,send,Bangalore,Android,0,9,43,0,2,0,0,19333.43277227723,101,-4353.682772277229,0,0.1
3863,user_41,4417.39,2026-07-23 05:00:38.153465,Amazon,refund,Mumbai,Web,0,5,35,0,0,3,1,4057.624609375,128,359.76539062500024,1,0.2
3864,user_38,16393.54,2026-09-04 21:33:00.153465,Paytm,refund,Delhi,Android,0,21,31,2,0,2,0,17814.76077586207,116,-1421.220775862068,0,0.1
3865,user_41,1912.23,2026-08-22 17:43:09.153465,Zomato,request,Mumbai,iOS,0,17,35,5,1,3,2,4057.624609375,128,-2145.394609375,0,0.5
3866,user_44,19922.72,2026-07-26 00:20:14.153465,Swiggy,send,Delhi,Web,0,0,38,3,2,2,1,17327.384636363637,110,2595.3353636363645,1,0.2
3867,user_12,49763.58,2026-08-13 16:59:40.153465,Walmart,request,Chennai,Web,1,16,3,4,1,1,1,52530.11026548673,113,-2766.5302654867264,0,0.2
3868,user_21,1334.07,2026-07-24 11:31:14.153465,Amazon,send,Chennai,Web,0,11,13,0,2,1,1,4244.438115942029,138,-2910.3681159420294,0,0.2
3869,user_41,1948.17,2026-08-09 11:23:32.153465,Swiggy,send,Bangalore,Web,0,11,35,3,2,0,1,4057.624609375,128,-2109.454609375,0,0.2
3870,user_1,3198.65,2026-09-01 22:59:35.153465,Flipkart,request,Bangalore,Web,1,22,0,1,1,0,1,4037.2688695652173,115,-838.6188695652172,0,0.2
3871,user_30,10557.37,2026-09-03 05:30:53.153465,Swiggy,send,Pune,Android,0,5,23,3,2,4,0,20780.866470588233,119,-10223.496470588232,1,0.1
3872,user_33,2853.62,2026-07-31 12:31:13.153465,Flipkart,request,Delhi,Android,0,12,26,1,1,2,0,3974.536484375,128,-1120.916484375,0,0.1
3873,user_36,3942.51,2026-08-14 13:14:35.153465,Walmart,request,Chennai,Android,0,13,29,4,1,1,0,4483.898691588785,107,-541.3886915887852,0,0.1
3874,user_15,8316.47,2026-09-08 14:04:47.153465,Walmart,refund,Delhi,Android,0,14,6,4,0,2,0,17357.696608695653,115,-9041.226608695653,0,0.1
3875,user_39,841.86,2026-08-18 17:30:17.153465,Amazon,request,Bangalore,iOS,0,17,32,0,1,0,2,4488.573909090909,110,-3646.713909090909,0,0.5
3876,user_4,2772.59,2026-08-11 16:45:16.153465,Walmart,request,Delhi,Web,0,16,33,4,1,2,1,4960.130344827586,116,-2187.5403448275856,0,0.2
3877,user_7,48672.91,2026-08-31 10:25:54.153465,Flipkart,send,Delhi,iOS,0,10,47,1,2,2,2,60187.18528,125,-11514.275279999994,0,0.5
3878,user_25,3433.26,2026-09-13 14:33:58.153465,Flipkart,send,Bangalore,Android,0,14,17,1,2,0,0,3615.32544,125,-182.06543999999985,0,0.1
3879,user_25,4351.99,2026-07-24 02:39:54.153465,Paytm,send,Mumbai,Web,0,2,17,2,2,3,1,3615.32544,125,736.6645599999997,1,0.2
3880,user_35,19087.85,2026-08-03 17:32:00.153465,Walmart,refund,Delhi,Android,0,17,28,4,0,2,0,15800.978582677166,127,3286.8714173228327,0,0.1
3881,user_22,17736.98,2026-07-30 10:20:08.153465,Amazon,refund,Pune,iOS,0,10,14,0,0,4,2,18343.150086206897,116,-606.1700862068974,0,0.5
3882,user_45,1134.72,2026-07-25 03:00:42.153465,Zomato,request,Chennai,Android,0,3,39,5,1,1,0,3748.3989344262295,122,-2613.6789344262297,1,0.1
3883,user_38,11084.84,2026-08-13 16:49:45.153465,Zomato,request,Pune,Web,0,16,31,5,1,4,1,17814.76077586207,116,-6729.920775862069,0,0.2
3884,user_42,3450.73,2026-08-23 07:30:11.153465,Paytm,send,Mumbai,Web,0,7,36,2,2,3,1,4749.498305084746,118,-1298.7683050847459,0,0.2
3885,user_14,12349.06,2026-07-27 20:33:51.153465,Zomato,send,Bangalore,Android,0,20,5,5,2,0,0,18284.780597014927,134,-5935.720597014928,0,0.1
3886,user_39,1638.04,2026-08-31 04:24:00.153465,Paytm,request,Chennai,Web,0,4,32,2,1,1,1,4488.573909090909,110,-2850.533909090909,1,0.2
3887,user_14,8004.98,2026-08-23 09:24:43.153465,Swiggy,send,Mumbai,Android,0,9,5,3,2,3,0,18284.780597014927,134,-10279.800597014928,0,0.1
3888,user_28,4093.03,2026-09-10 23:59:15.153465,Walmart,send,Bangalore,Web,0,23,20,4,2,0,1,4678.404529914529,117,-585.3745299145289,0,0.2
3889,user_24,18550.72,2026-08-08 12:00:25.153465,Walmart,send,Mumbai,iOS,0,12,16,4,2,3,2,20664.321171875,128,-2113.601171874998,0,0.5
3890,user_22,12951.57,2026-09-07 12:15:19.153465,Paytm,request,Bangalore,iOS,0,12,14,2,1,0,2,18343.150086206897,116,-5391.580086206897,0,0.5
3891,user_22,7014.9,2026-08-18 20:55:30.153465,Flipkart,refund,Pune,Web,1,20,14,1,0,4,1,18343.150086206897,116,-11328.250086206897,0,0.2
3892,user_17,3756.42,2026-08-27 12:24:44.153465,Zomato,refund,Chennai,Web,0,12,8,5,0,1,1,4173.412348484848,132,-416.99234848484775,0,0.2
3893,user_8,230.47,2026-08-14 02:56:59.153465,Swiggy,refund,Chennai,Android,0,2,48,3,0,1,0,4162.542654867257,113,-3932.072654867257,1,0.1
3894,user_15,12335.05,2026-08-09 11:12:09.153465,Swiggy,request,Delhi,Web,0,11,6,3,1,2,1,17357.696608695653,115,-5022.646608695653,0,0.2
3895,user_16,4058.98,2026-09-02 04:31:30.153465,Paytm,request,Bangalore,Web,0,4,7,2,1,0,1,3660.321525423729,118,398.65847457627115,1,0.2
3896,user_49,6417.27,2026-08-27 12:15:33.153465,Flipkart,send,Delhi,iOS,0,12,43,1,2,2,2,19333.43277227723,101,-12916.162772277228,0,0.5
3897,user_31,14214.5,2026-09-10 21:44:23.153465,Amazon,request,Bangalore,Android,1,21,24,0,1,0,0,4894.9887499999995,96,9319.51125,0,0.1
3898,user_25,2865.05,2026-08-09 12:46:19.153465,Flipkart,request,Delhi,Android,0,12,17,1,1,2,0,3615.32544,125,-750.2754399999999,0,0.1
3899,user_49,19301.58,2026-09-13 11:04:36.153465,Walmart,request,Mumbai,Android,0,11,43,4,1,3,0,19333.43277227723,101,-31.852772277226904,0,0.1
3900,user_48,958.51,2026-07-31 07:03:29.153465,Walmart,request,Delhi,iOS,0,7,42,4,1,2,2,4029.46368852459,122,-3070.95368852459,0,0.5
3901,user_50,3943.04,2026-09-13 00:56:33.153465,Swiggy,request,Pune,Web,0,0,45,3,1,4,1,4276.488269230769,104,-333.44826923076926,1,0.2
3902,user_4,3933.28,2026-08-15 02:37:31.153465,Walmart,send,Bangalore,Web,0,2,33,4,2,0,1,4960.130344827586,116,-1026.8503448275856,1,0.2
3903,user_24,11804.05,2026-09-03 22:25:21.153465,Swiggy,refund,Chennai,Android,0,22,16,3,0,1,0,20664.321171875,128,-8860.271171875,0,0.1
3904,user_19,4600.67,2026-08-13 09:06:21.153465,Amazon,refund,Pune,iOS,1,9,10,0,0,4,2,3644.202786885246,122,956.467213114754,0,0.5
3905,user_41,3845.27,2026-08-26 08:06:31.153465,Swiggy,request,Chennai,Web,0,8,35,3,1,1,1,4057.624609375,128,-212.3546093750001,0,0.2
3906,user_21,3328.31,2026-08-05 18:26:02.153465,Walmart,request,Pune,Web,0,18,13,4,1,4,1,4244.438115942029,138,-916.1281159420291,0,0.2
3907,user_43,6348.15,2026-09-06 17:01:20.153465,Swiggy,refund,Mumbai,iOS,0,17,37,3,0,3,2,15429.552764227643,123,-9081.402764227643,0,0.5
3908,user_30,11934.61,2026-08-11 14:04:14.153465,Paytm,request,Mumbai,iOS,0,14,23,2,1,3,2,20780.866470588233,119,-8846.256470588232,0,0.5
3909,user_7,30742.65,2026-08-05 07:28:51.153465,Flipkart,request,Delhi,iOS,0,7,47,1,1,2,2,60187.18528,125,-29444.535279999996,0,0.5
3910,user_29,3653.81,2026-07-30 09:37:34.153465,Flipkart,refund,Chennai,Android,0,9,21,1,0,1,0,4165.22631147541,122,-511.41631147540966,0,0.1
3911,user_4,818.84,2026-08-22 05:38:46.153465,Amazon,refund,Chennai,iOS,0,5,33,0,0,1,2,4960.130344827586,116,-4141.290344827586,1,0.5
3912,user_23,50262.52,2026-09-17 05:03:01.153465,Paytm,send,Delhi,Web,1,5,15,2,2,2,1,21876.48723880597,134,28386.032761194027,1,0.2
3913,user_9,2698.32,2026-08-23 16:06:35.153465,Amazon,send,Chennai,Android,0,16,49,0,2,1,0,4747.313999999999,110,-2048.9939999999992,0,0.1
3914,user_21,3643.61,2026-09-14 18:39:21.153465,Amazon,refund,Bangalore,iOS,0,18,13,0,0,0,2,4244.438115942029,138,-600.828115942029,0,0.5
3915,user_24,9367.41,2026-08-18 19:16:52.153465,Paytm,refund,Delhi,iOS,0,19,16,2,0,2,2,20664.321171875,128,-11296.911171875,0,0.5
3916,user_45,3231.83,2026-09-11 21:45:39.153465,Swiggy,send,Mumbai,iOS,0,21,39,3,2,3,2,3748.3989344262295,122,-516.5689344262296,0,0.5
3917,user_21,388.59,2026-08-18 04:56:02.153465,Paytm,send,Mumbai,iOS,0,4,13,2,2,3,2,4244.438115942029,138,-3855.848115942029,1,0.5
3918,user_14,130511.14,2026-09-07 06:14:43.153465,Swiggy,refund,Pune,Web,1,6,5,3,0,4,1,18284.780597014927,134,112226.35940298508,1,0.2
3919,user_48,251.24,2026-07-24 19:30:59.153465,Swiggy,request,Bangalore,Web,0,19,42,3,1,0,1,4029.46368852459,122,-3778.22368852459,0,0.2
3920,user_49,19546.52,2026-08-04 22:05:43.153465,Walmart,request,Bangalore,Web,0,22,43,4,1,0,1,19333.43277227723,101,213.0872277227718,0,0.2
3921,user_20,14263.78,2026-08-02 17:38:35.153465,Zomato,send,Delhi,iOS,0,17,12,5,2,2,2,19935.082280701754,114,-5671.302280701753,0,0.5
3922,user_24,6271.62,2026-08-03 11:36:14.153465,Paytm,request,Mumbai,Android,0,11,16,2,1,3,0,20664.321171875,128,-14392.701171875,0,0.1
3923,user_41,4346.51,2026-07-29 00:22:18.153465,Paytm,request,Pune,iOS,1,0,35,2,1,4,2,4057.624609375,128,288.8853906250001,1,0.5
3924,user_20,7789.45,2026-07-25 15:55:28.153465,Zomato,refund,Bangalore,iOS,0,15,12,5,0,0,2,19935.082280701754,114,-12145.632280701753,0,0.5
3925,user_33,2256.9,2026-08-10 02:21:24.153465,Flipkart,send,Delhi,iOS,0,2,26,1,2,2,2,3974.536484375,128,-1717.6364843749998,1,0.5
3926,user_39,1557.09,2026-09-05 09:35:32.153465,Amazon,refund,Bangalore,Web,0,9,32,0,0,0,1,4488.573909090909,110,-2931.483909090909,0,0.2
3927,user_10,7956.69,2026-07-30 11:14:53.153465,Walmart,refund,Delhi,iOS,1,11,1,4,0,2,2,4115.205169491525,118,3841.4848305084743,0,0.5
3928,user_34,586.11,2026-08-12 04:04:07.153465,Walmart,send,Pune,Web,1,4,27,4,2,4,1,4524.1720000000005,120,-3938.0620000000004,1,0.2
3929,user_8,4875.59,2026-08-09 05:19:00.153465,Paytm,send,Delhi,Web,1,5,48,2,2,2,1,4162.542654867257,113,713.0473451327434,1,0.2
3930,user_34,2334.43,2026-08-23 19:07:42.153465,Swiggy,send,Delhi,Web,0,19,27,3,2,2,1,4524.1720000000005,120,-2189.7420000000006,0,0.2
3931,user_14,5088.78,2026-07-30 23:48:20.153465,Walmart,refund,Chennai,Android,0,23,5,4,0,1,0,18284.780597014927,134,-13196.000597014929,0,0.1
3932,user_16,2402.43,2026-09-12 03:07:19.153465,Amazon,send,Mumbai,Web,0,3,7,0,2,3,1,3660.321525423729,118,-1257.891525423729,1,0.2
3933,user_7,58216.94,2026-08-29 19:31:49.153465,Zomato,send,Chennai,iOS,0,19,47,5,2,1,2,60187.18528,125,-1970.2452799999955,0,0.5
3934,user_11,2485.83,2026-09-06 19:22:43.153465,Amazon,send,Pune,iOS,0,19,2,0,2,4,2,3819.240342465753,146,-1333.4103424657533,0,0.5
3935,user_22,9319.54,2026-07-25 12:34:54.153465,Amazon,request,Delhi,Web,0,12,14,0,1,2,1,18343.150086206897,116,-9023.610086206896,0,0.2
3936,user_6,4145.13,2026-08-07 08:06:16.153465,Walmart,send,Bangalore,Android,0,8,46,4,2,0,0,3699.0514728682174,129,446.0785271317827,0,0.1
3937,user_40,11587.21,2026-07-27 19:43:20.153465,Swiggy,refund,Pune,Web,0,19,34,3,0,4,1,18950.453564356438,101,-7363.243564356439,0,0.2
3938,user_36,1476.95,2026-08-08 22:02:44.153465,Paytm,send,Pune,Web,0,22,29,2,2,4,1,4483.898691588785,107,-3006.9486915887856,0,0.2
3939,user_25,3067.24,2026-08-01 12:54:56.153465,Swiggy,refund,Pune,Web,0,12,17,3,0,4,1,3615.32544,125,-548.0854400000003,0,0.2
3940,user_17,2392.68,2026-08-14 11:55:06.153465,Paytm,send,Pune,Web,0,11,8,2,2,4,1,4173.412348484848,132,-1780.732348484848,0,0.2
3941,user_20,14675.18,2026-08-16 14:05:46.153465,Walmart,refund,Delhi,Web,0,14,12,4,0,2,1,19935.082280701754,114,-5259.902280701754,0,0.2
3942,user_22,5575.16,2026-09-04 10:08:37.153465,Flipkart,send,Chennai,Web,0,10,14,1,2,1,1,18343.150086206897,116,-12767.990086206897,0,0.2
3943,user_45,2195.12,2026-08-31 08:02:04.153465,Walmart,send,Bangalore,iOS,0,8,39,4,2,0,2,3748.3989344262295,122,-1553.2789344262296,0,0.5
3944,user_50,4583.51,2026-09-01 12:16:07.153465,Zomato,refund,Chennai,Android,1,12,45,5,0,1,0,4276.488269230769,104,307.021730769231,0,0.1
3945,user_41,813.07,2026-08-29 11:10:07.153465,Flipkart,refund,Bangalore,iOS,0,11,35,1,0,0,2,4057.624609375,128,-3244.554609375,0,0.5
3946,user_43,9808.71,2026-08-25 14:30:51.153465,Paytm,request,Chennai,iOS,0,14,37,2,1,1,2,15429.552764227643,123,-5620.842764227644,0,0.5
3947,user_36,4388.59,2026-08-27 15:28:02.153465,Flipkart,request,Delhi,Android,0,15,29,1,1,2,0,4483.898691588785,107,-95.30869158878522,0,0.1
3948,user_3,34194.68,2026-08-28 06:04:30.153465,Zomato,request,Pune,iOS,0,6,22,5,1,4,2,51628.90211538462,104,-17434.22211538462,1,0.5
3949,user_30,15727.72,2026-09-02 07:26:17.153465,Swiggy,refund,Pune,Web,0,7,23,3,0,4,1,20780.866470588233,119,-5053.146470588234,0,0.2
3950,user_46,10020.06,2026-09-14 19:34:33.153465,Paytm,request,Chennai,iOS,1,19,40,2,1,1,2,4824.613684210526,133,5195.446315789473,0,0.5
3951,user_4,4243.29,2026-09-01 10:08:59.153465,Paytm,refund,Mumbai,iOS,0,10,33,2,0,3,2,4960.130344827586,116,-716.8403448275858,0,0.5
3952,user_10,3223.73,2026-08-29 17:11:47.153465,Paytm,refund,Chennai,Android,0,17,1,2,0,1,0,4115.205169491525,118,-891.4751694915253,0,0.1
3953,user_11,1876.74,2026-08-14 08:49:39.153465,Swiggy,refund,Mumbai,Android,0,8,2,3,0,3,0,3819.240342465753,146,-1942.5003424657532,0,0.1
3954,user_5,55661.84,2026-07-28 20:17:54.153465,Zomato,send,Mumbai,iOS,1,20,44,5,2,3,2,21765.65124031008,129,33896.18875968992,0,0.5
3955,user_47,3866.97,2026-09-02 14:37:43.153465,Walmart,request,Pune,iOS,1,14,41,4,1,4,2,3883.282635658915,129,-16.312635658915042,0,0.5
3956,user_12,175192.26,2026-08-17 00:48:04.153465,Walmart,refund,Chennai,Web,1,0,3,4,0,1,1,52530.11026548673,113,122662.14973451328,1,0.2
3957,user_21,3046.11,2026-08-05 02:44:17.153465,Flipkart,send,Delhi,iOS,0,2,13,1,2,2,2,4244.438115942029,138,-1198.328115942029,1,0.5
3958,user_32,843.71,2026-07-29 05:15:00.153465,Amazon,request,Mumbai,Web,0,5,25,0,1,3,1,3596.741,130,-2753.031,1,0.2
3959,user_30,19931.91,2026-09-03 23:08:22.153465,Swiggy,send,Chennai,iOS,0,23,23,3,2,1,2,20780.866470588233,119,-848.9564705882331,0,0.5
3960,user_49,9945.78,2026-07-22 20:42:31.153465,Paytm,refund,Mumbai,iOS,0,20,43,2,0,3,2,19333.43277227723,101,-9387.652772277228,0,0.5
3961,user_45,4978.94,2026-08-02 18:13:13.153465,Amazon,request,Delhi,Web,1,18,39,0,1,2,1,3748.3989344262295,122,1230.54106557377,0,0.2
3962,user_26,1041.22,2026-08-07 04:07:36.153465,Flipkart,request,Delhi,iOS,0,4,18,1,1,2,2,4396.555663716814,113,-3355.3356637168135,1,0.5
3963,user_27,11454.82,2026-08-13 10:11:02.153465,Swiggy,send,Delhi,iOS,0,10,19,3,2,2,2,18537.69881355932,118,-7082.87881355932,0,0.5
3964,user_39,7636.52,2026-08-31 03:35:46.153465,Flipkart,send,Pune,Android,0,3,32,1,2,4,0,4488.573909090909,110,3147.9460909090913,1,0.1
3965,user_16,2044.16,2026-07-27 01:55:03.153465,Swiggy,refund,Pune,Android,0,1,7,3,0,4,0,3660.321525423729,118,-1616.1615254237288,1,0.1
3966,user_32,2339.82,2026-07-29 08:39:28.153465,Paytm,request,Chennai,iOS,0,8,25,2,1,1,2,3596.741,130,-1256.9209999999998,0,0.5
3967,user_38,12222.04,2026-08-05 04:57:49.153465,Flipkart,send,Chennai,Web,0,4,31,1,2,1,1,17814.76077586207,116,-5592.720775862068,1,0.2
3968,user_50,20540.91,2026-07-26 15:16:44.153465,Flipkart,refund,Mumbai,iOS,1,15,45,1,0,3,2,4276.488269230769,104,16264.42173076923,0,0.5
3969,user_21,4026.73,2026-08-08 18:32:18.153465,Paytm,request,Bangalore,iOS,0,18,13,2,1,0,2,4244.438115942029,138,-217.70811594202905,0,0.5
3970,user_21,4597.17,2026-08-24 22:41:16.153465,Swiggy,refund,Delhi,Android,0,22,13,3,0,2,0,4244.438115942029,138,352.731884057971,0,0.1
3971,user_2,59487.02,2026-08-08 16:18:08.153465,Walmart,send,Bangalore,Android,1,16,11,4,2,0,0,47401.46406779661,118,12085.555932203388,0,0.1
3972,user_25,4766.24,2026-07-25 06:48:17.153465,Flipkart,request,Chennai,iOS,0,6,17,1,1,1,2,3615.32544,125,1150.9145599999997,1,0.5
3973,user_22,7881.11,2026-08-26 21:01:18.153465,Walmart,refund,Chennai,Web,0,21,14,4,0,1,1,18343.150086206897,116,-10462.040086206896,0,0.2
3974,user_27,8177.0,2026-08-15 00:36:02.153465,Swiggy,request,Mumbai,Android,0,0,19,3,1,3,0,18537.69881355932,118,-10360.69881355932,1,0.1
3975,user_1,1447.38,2026-09-01 08:43:38.153465,Walmart,send,Bangalore,Android,0,8,0,4,2,0,0,4037.2688695652173,115,-2589.888869565217,0,0.1
3976,user_48,4394.38,2026-08-28 07:18:03.153465,Walmart,send,Chennai,iOS,1,7,42,4,2,1,2,4029.46368852459,122,364.9163114754101,0,0.5
3977,user_42,4083.04,2026-08-10 08:05:23.153465,Swiggy,request,Bangalore,Android,0,8,36,3,1,0,0,4749.498305084746,118,-666.4583050847459,0,0.1
3978,user_39,3712.85,2026-08-09 14:55:06.153465,Paytm,request,Delhi,Android,0,14,32,2,1,2,0,4488.573909090909,110,-775.7239090909093,0,0.1
3979,user_43,10678.24,2026-08-21 12:44:57.153465,Swiggy,send,Bangalore,iOS,0,12,37,3,2,0,2,15429.552764227643,123,-4751.312764227643,0,0.5
3980,user_2,28611.73,2026-08-13 06:01:04.153465,Zomato,refund,Delhi,iOS,0,6,11,5,0,2,2,47401.46406779661,118,-18789.73406779661,1,0.5
3981,user_15,11104.38,2026-08-10 02:43:05.153465,Amazon,refund,Chennai,Android,0,2,6,0,0,1,0,17357.696608695653,115,-6253.3166086956535,1,0.1
3982,user_20,12123.93,2026-09-03 07:55:58.153465,Walmart,refund,Bangalore,iOS,0,7,12,4,0,0,2,19935.082280701754,114,-7811.152280701754,0,0.5
3983,user_4,3688.54,2026-08-21 04:32:39.153465,Flipkart,refund,Delhi,Android,0,4,33,1,0,2,0,4960.130344827586,116,-1271.5903448275858,1,0.1
3984,user_26,1835.0,2026-09-05 01:48:37.153465,Amazon,request,Bangalore,iOS,0,1,18,0,1,0,2,4396.555663716814,113,-2561.555663716814,1,0.5
3985,user_26,1909.1,2026-09-14 07:27:45.153465,Paytm,refund,Delhi,iOS,0,7,18,2,0,2,2,4396.555663716814,113,-2487.455663716814,0,0.5
3986,user_31,2051.45,2026-08-31 19:33:09.153465,Swiggy,refund,Bangalore,Android,0,19,24,3,0,0,0,4894.9887499999995,96,-2843.5387499999997,0,0.1
3987,user_19,1169.71,2026-07-24 06:11:39.153465,Swiggy,refund,Delhi,Android,0,6,10,3,0,2,0,3644.202786885246,122,-2474.492786885246,1,0.1
3988,user_14,16422.28,2026-08-22 11:55:02.153465,Swiggy,send,Delhi,Web,0,11,5,3,2,2,1,18284.780597014927,134,-1862.5005970149286,0,0.2
3989,user_46,1494.48,2026-08-15 06:30:18.153465,Walmart,refund,Chennai,Android,0,6,40,4,0,1,0,4824.613684210526,133,-3330.133684210526,1,0.1
3990,user_20,56176.27,2026-09-02 05:21:22.153465,Paytm,refund,Pune,iOS,1,5,12,2,0,4,2,19935.082280701754,114,36241.18771929824,1,0.5
3991,user_23,9539.48,2026-09-01 14:46:27.153465,Paytm,send,Pune,Android,0,14,15,2,2,4,0,21876.48723880597,134,-12337.00723880597,0,0.1
3992,user_47,38648.74,2026-09-09 03:38:45.153465,Amazon,refund,Pune,Android,1,3,41,0,0,4,0,3883.282635658915,129,34765.457364341084,1,0.1
3993,user_24,7685.31,2026-08-21 20:26:05.153465,Swiggy,refund,Pune,iOS,0,20,16,3,0,4,2,20664.321171875,128,-12979.011171874998,0,0.5
3994,user_26,653.96,2026-08-19 16:53:40.153465,Paytm,request,Bangalore,Web,0,16,18,2,1,0,1,4396.555663716814,113,-3742.5956637168138,0,0.2
3995,user_18,3825.69,2026-07-21 17:25:28.153465,Zomato,send,Chennai,Web,1,17,9,5,2,1,1,4267.170924369748,119,-441.48092436974775,0,0.2
3996,user_35,11042.38,2026-08-02 16:53:35.153465,Walmart,refund,Bangalore,iOS,0,16,28,4,0,0,2,15800.978582677166,127,-4758.598582677167,0,0.5
3997,user_37,11856.38,2026-07-29 21:26:06.153465,Swiggy,send,Chennai,iOS,0,21,30,3,2,1,2,15907.096030534352,131,-4050.716030534353,0,0.5
3998,user_6,4662.75,2026-07-31 07:56:35.153465,Paytm,send,Chennai,Web,0,7,46,2,2,1,1,3699.0514728682174,129,963.6985271317826,0,0.2
3999,user_7,54228.93,2026-07-28 14:17:13.153465,Flipkart,send,Chennai,Web,0,14,47,1,2,1,1,60187.18528,125,-5958.255279999998,0,0.2
4000,user_36,3820.33,2026-07-24 23:21:56.153465,Walmart,refund,Delhi,iOS,0,23,29,4,0,2,2,4483.898691588785,107,-663.5686915887854,0,0.5
4001,user_46,4794.86,2026-08-01 16:36:44.153465,Amazon,send,Mumbai,Android,1,16,40,0,2,3,0,4824.613684210526,133,-29.753684210526444,0,0.1
4002,user_33,2658.47,2026-07-30 20:47:03.153465,Paytm,refund,Chennai,iOS,0,20,26,2,0,1,2,3974.536484375,128,-1316.066484375,0,0.5
4003,user_11,3831.88,2026-09-04 17:11:34.153465,Swiggy,send,Delhi,Web,1,17,2,3,2,2,1,3819.240342465753,146,12.639657534246908,0,0.2
4004,user_50,1048.45,2026-08-22 12:03:02.153465,Walmart,request,Mumbai,iOS,0,12,45,4,1,3,2,4276.488269230769,104,-3228.0382692307694,0,0.5
4005,user_11,3313.16,2026-08-11 00:20:43.153465,Amazon,send,Pune,iOS,0,0,2,0,2,4,2,3819.240342465753,146,-506.08034246575335,1,0.5
4006,user_39,2163.65,2026-08-18 05:54:26.153465,Paytm,refund,Pune,Web,0,5,32,2,0,4,1,4488.573909090909,110,-2324.923909090909,1,0.2
4007,user_43,15310.42,2026-09-14 06:28:04.153465,Amazon,request,Mumbai,Android,0,6,37,0,1,3,0,15429.552764227643,123,-119.13276422764284,1,0.1
4008,user_46,1005.02,2026-09-18 03:18:56.153465,Paytm,refund,Mumbai,iOS,0,3,40,2,0,3,2,4824.613684210526,133,-3819.593684210526,1,0.5
4009,user_19,12925.88,2026-08-15 10:39:08.153465,Paytm,send,Delhi,iOS,1,10,10,2,2,2,2,3644.202786885246,122,9281.677213114754,0,0.5
4010,user_32,2343.45,2026-09-12 21:33:12.153465,Paytm,refund,Delhi,iOS,0,21,25,2,0,2,2,3596.741,130,-1253.2910000000002,0,0.5
4011,user_2,50461.19,2026-08-20 03:23:09.153465,Swiggy,send,Delhi,Android,0,3,11,3,2,2,0,47401.46406779661,118,3059.7259322033933,1,0.1
4012,user_48,1881.75,2026-09-03 10:01:17.153465,Zomato,refund,Mumbai,Web,1,10,42,5,0,3,1,4029.46368852459,122,-2147.71368852459,0,0.2
4013,user_37,11892.74,2026-08-23 00:42:34.153465,Walmart,refund,Mumbai,Android,0,0,30,4,0,3,0,15907.096030534352,131,-4014.3560305343526,1,0.1
4014,user_48,2574.86,2026-08-22 10:32:08.153465,Amazon,send,Chennai,Web,0,10,42,0,2,1,1,4029.46368852459,122,-1454.6036885245899,0,0.2
4015,user_17,1628.29,2026-08-21 20:23:24.153465,Flipkart,refund,Pune,Web,0,20,8,1,0,4,1,4173.412348484848,132,-2545.122348484848,0,0.2
4016,user_33,2578.6,2026-09-18 05:06:40.153465,Paytm,send,Bangalore,Web,0,5,26,2,2,0,1,3974.536484375,128,-1395.936484375,1,0.2
4017,user_15,6858.69,2026-08-11 19:25:34.153465,Flipkart,send,Pune,Android,0,19,6,1,2,4,0,17357.696608695653,115,-10499.006608695654,0,0.1
4018,user_6,766.41,2026-08-30 00:34:26.153465,Walmart,refund,Chennai,iOS,0,0,46,4,0,1,2,3699.0514728682174,129,-2932.6414728682175,1,0.5
4019,user_23,41307.09,2026-09-06 03:09:38.153465,Zomato,request,Mumbai,iOS,1,3,15,5,1,3,2,21876.48723880597,134,19430.602761194026,1,0.5
4020,user_46,278.28,2026-08-27 11:19:17.153465,Amazon,send,Delhi,Android,0,11,40,0,2,2,0,4824.613684210526,133,-4546.333684210526,0,0.1
4021,user_49,14044.45,2026-08-04 16:00:43.153465,Paytm,send,Bangalore,Web,0,16,43,2,2,0,1,19333.43277227723,101,-5288.982772277228,0,0.2
4022,user_27,9904.0,2026-08-06 17:17:49.153465,Zomato,refund,Mumbai,Web,0,17,19,5,0,3,1,18537.69881355932,118,-8633.69881355932,0,0.2
4023,user_16,1743.49,2026-08-27 15:05:30.153465,Swiggy,request,Delhi,iOS,0,15,7,3,1,2,2,3660.321525423729,118,-1916.8315254237289,0,0.5
4024,user_16,3365.37,2026-08-09 13:48:40.153465,Zomato,send,Pune,iOS,0,13,7,5,2,4,2,3660.321525423729,118,-294.951525423729,0,0.5
4025,user_17,3702.19,2026-09-13 18:55:05.153465,Amazon,refund,Delhi,Android,0,18,8,0,0,2,0,4173.412348484848,132,-471.22234848484777,0,0.1
4026,user_44,11363.22,2026-07-28 19:13:34.153465,Zomato,send,Bangalore,Web,0,19,38,5,2,0,1,17327.384636363637,110,-5964.164636363637,0,0.2
4027,user_34,4594.79,2026-08-01 23:46:09.153465,Paytm,send,Chennai,Web,0,23,27,2,2,1,1,4524.1720000000005,120,70.61799999999948,0,0.2
4028,user_32,1902.79,2026-08-09 03:14:31.153465,Amazon,request,Pune,iOS,0,3,25,0,1,4,2,3596.741,130,-1693.951,1,0.5
4029,user_30,10298.03,2026-09-05 07:52:02.153465,Paytm,request,Mumbai,iOS,0,7,23,2,1,3,2,20780.866470588233,119,-10482.836470588232,0,0.5
4030,user_23,5450.98,2026-08-18 23:20:48.153465,Paytm,send,Delhi,Web,0,23,15,2,2,2,1,21876.48723880597,134,-16425.50723880597,0,0.2
4031,user_40,106460.36,2026-09-03 07:47:14.153465,Amazon,refund,Pune,Android,1,7,34,0,0,4,0,18950.453564356438,101,87509.90643564356,0,0.1
4032,user_2,113279.22,2026-07-23 07:14:46.153465,Walmart,request,Chennai,iOS,0,7,11,4,1,1,2,47401.46406779661,118,65877.75593220339,0,0.5
4033,user_16,669.2,2026-07-29 21:50:33.153465,Flipkart,request,Pune,Web,0,21,7,1,1,4,1,3660.321525423729,118,-2991.1215254237286,0,0.2
4034,user_29,4675.35,2026-09-02 05:55:27.153465,Paytm,send,Chennai,Web,0,5,21,2,2,1,1,4165.22631147541,122,510.12368852459076,1,0.2
4035,user_48,34136.0,2026-07-26 09:20:31.153465,Zomato,refund,Delhi,iOS,1,9,42,5,0,2,2,4029.46368852459,122,30106.53631147541,0,0.5
4036,user_46,1846.96,2026-09-14 01:17:47.153465,Zomato,request,Chennai,iOS,0,1,40,5,1,1,2,4824.613684210526,133,-2977.653684210526,1,0.5
4037,user_28,4595.1,2026-08-11 00:38:14.153465,Amazon,send,Mumbai,iOS,0,0,20,0,2,3,2,4678.404529914529,117,-83.30452991452876,1,0.5
4038,user_4,8521.31,2026-08-21 10:05:18.153465,Zomato,send,Pune,Android,1,10,33,5,2,4,0,4960.130344827586,116,3561.1796551724137,0,0.1
4039,user_29,13336.07,2026-07-28 08:18:05.153465,Swiggy,send,Chennai,iOS,1,8,21,3,2,1,2,4165.22631147541,122,9170.84368852459,0,0.5
4040,user_23,5303.32,2026-08-29 19:15:18.153465,Swiggy,refund,Mumbai,iOS,0,19,15,3,0,3,2,21876.48723880597,134,-16573.16723880597,0,0.5
4041,user_20,18663.47,2026-07-30 17:32:20.153465,Amazon,request,Delhi,iOS,0,17,12,0,1,2,2,19935.082280701754,114,-1271.6122807017528,0,0.5
4042,user_12,32616.98,2026-09-15 12:41:40.153465,Zomato,refund,Mumbai,Web,0,12,3,5,0,3,1,52530.11026548673,113,-19913.13026548673,0,0.2
4043,user_8,876.78,2026-07-25 20:22:43.153465,Amazon,request,Pune,Android,0,20,48,0,1,4,0,4162.542654867257,113,-3285.762654867257,0,0.1
4044,user_7,25756.48,2026-08-26 05:21:54.153465,Paytm,request,Delhi,iOS,0,5,47,2,1,2,2,60187.18528,125,-34430.705279999995,1,0.5
4045,user_14,19623.46,2026-08-23 10:00:32.153465,Zomato,request,Delhi,Web,0,10,5,5,1,2,1,18284.780597014927,134,1338.6794029850716,0,0.2
4046,user_45,13989.51,2026-08-16 17:48:05.153465,Flipkart,send,Mumbai,Android,0,17,39,1,2,3,0,3748.3989344262295,122,10241.11106557377,0,0.1
4047,user_28,435.49,2026-08-05 16:36:53.153465,Zomato,send,Delhi,iOS,0,16,20,5,2,2,2,4678.404529914529,117,-4242.914529914529,0,0.5
4048,user_33,3192.19,2026-08-14 10:45:09.153465,Flipkart,refund,Mumbai,Android,0,10,26,1,0,3,0,3974.536484375,128,-782.3464843749998,0,0.1
4049,user_35,8324.06,2026-08-27 17:46:52.153465,Zomato,send,Bangalore,Web,0,17,28,5,2,0,1,15800.978582677166,127,-7476.918582677166,0,0.2
4050,user_9,1352.35,2026-09-07 05:56:32.153465,Amazon,refund,Delhi,Android,0,5,49,0,0,2,0,4747.313999999999,110,-3394.9639999999995,1,0.1
4051,user_45,1729.05,2026-08-30 20:32:02.153465,Zomato,request,Chennai,Android,0,20,39,5,1,1,0,3748.3989344262295,122,-2019.3489344262296,0,0.1
4052,user_4,730.86,2026-08-11 22:49:21.153465,Walmart,refund,Delhi,Web,0,22,33,4,0,2,1,4960.130344827586,116,-4229.270344827586,0,0.2
4053,user_47,1276.06,2026-08-23 11:20:45.153465,Swiggy,request,Delhi,iOS,0,11,41,3,1,2,2,3883.282635658915,129,-2607.222635658915,0,0.5
4054,user_14,16609.57,2026-08-07 09:21:20.153465,Swiggy,request,Bangalore,iOS,0,9,5,3,1,0,2,18284.780597014927,134,-1675.2105970149278,0,0.5
4055,user_33,530.95,2026-08-13 22:32:07.153465,Amazon,request,Pune,iOS,0,22,26,0,1,4,2,3974.536484375,128,-3443.5864843749996,0,0.5
4056,user_7,32784.67,2026-08-23 23:51:40.153465,Amazon,request,Pune,iOS,0,23,47,0,1,4,2,60187.18528,125,-27402.51528,0,0.5
4057,user_42,2281.3,2026-09-19 05:34:28.153465,Zomato,refund,Delhi,iOS,0,5,36,5,0,2,2,4749.498305084746,118,-2468.1983050847457,1,0.5
4058,user_47,16983.24,2026-07-31 21:06:31.153465,Paytm,request,Pune,Android,1,21,41,2,1,4,0,3883.282635658915,129,13099.957364341088,0,0.1
4059,user_43,16605.83,2026-07-29 20:22:25.153465,Amazon,request,Chennai,Web,0,20,37,0,1,1,1,15429.552764227643,123,1176.2772357723588,0,0.2
4060,user_50,3541.53,2026-09-09 10:39:19.153465,Paytm,refund,Chennai,Android,0,10,45,2,0,1,0,4276.488269230769,104,-734.958269230769,0,0.1
4061,user_41,2147.32,2026-08-05 15:48:54.153465,Paytm,send,Chennai,iOS,0,15,35,2,2,1,2,4057.624609375,128,-1910.304609375,0,0.5
4062,user_38,17110.17,2026-09-06 07:06:56.153465,Swiggy,send,Bangalore,Web,0,7,31,3,2,0,1,17814.76077586207,116,-704.5907758620706,0,0.2
4063,user_21,4688.01,2026-07-26 08:57:52.153465,Zomato,refund,Chennai,Web,1,8,13,5,0,1,1,4244.438115942029,138,443.57188405797115,0,0.2
4064,user_1,4698.85,2026-09-18 09:06:42.153465,Paytm,refund,Delhi,Android,1,9,0,2,0,2,0,4037.2688695652173,115,661.5811304347831,0,0.1
4065,user_29,2571.8,2026-09-03 08:15:01.153465,Swiggy,refund,Delhi,Web,0,8,21,3,0,2,1,4165.22631147541,122,-1593.4263114754094,0,0.2
4066,user_13,18477.45,2026-09-08 17:19:14.153465,Paytm,refund,Bangalore,iOS,0,17,4,2,0,0,2,16363.8575,124,2113.5925000000007,0,0.5
4067,user_14,10243.85,2026-09-11 01:39:25.153465,Swiggy,refund,Bangalore,Web,0,1,5,3,0,0,1,18284.780597014927,134,-8040.930597014927,1,0.2
4068,user_30,9282.55,2026-07-30 12:00:52.153465,Paytm,send,Mumbai,iOS,0,12,23,2,2,3,2,20780.866470588233,119,-11498.316470588234,0,0.5
4069,user_25,4906.79,2026-08-07 21:16:04.153465,Zomato,request,Pune,Web,0,21,17,5,1,4,1,3615.32544,125,1291.46456,0,0.2
4070,user_34,3515.4,2026-09-08 22:34:46.153465,Amazon,send,Chennai,Web,1,22,27,0,2,1,1,4524.1720000000005,120,-1008.7720000000004,0,0.2
4071,user_2,28959.58,2026-09-11 22:30:37.153465,Walmart,refund,Delhi,Android,0,22,11,4,0,2,0,47401.46406779661,118,-18441.884067796607,0,0.1
4072,user_8,4281.73,2026-07-25 13:17:22.153465,Walmart,refund,Mumbai,Android,0,13,48,4,0,3,0,4162.542654867257,113,119.18734513274285,0,0.1
4073,user_32,862.61,2026-07-27 15:35:55.153465,Walmart,refund,Pune,Android,0,15,25,4,0,4,0,3596.741,130,-2734.131,0,0.1
4074,user_32,3339.92,2026-08-15 15:30:57.153465,Swiggy,refund,Mumbai,Web,0,15,25,3,0,3,1,3596.741,130,-256.8209999999999,0,0.2
4075,user_45,12954.92,2026-08-08 21:24:12.153465,Paytm,refund,Pune,iOS,1,21,39,2,0,4,2,3748.3989344262295,122,9206.52106557377,0,0.5
4076,user_36,3410.93,2026-08-06 14:16:39.153465,Paytm,refund,Pune,Web,0,14,29,2,0,4,1,4483.898691588785,107,-1072.9686915887855,0,0.2
4077,user_49,18090.21,2026-08-30 18:45:31.153465,Flipkart,refund,Chennai,iOS,0,18,43,1,0,1,2,19333.43277227723,101,-1243.2227722772295,0,0.5
4078,user_8,544.23,2026-08-23 06:02:55.153465,Flipkart,request,Mumbai,Web,0,6,48,1,1,3,1,4162.542654867257,113,-3618.3126548672567,1,0.2
4079,user_4,1235.93,2026-08-18 20:43:26.153465,Walmart,request,Delhi,Android,0,20,33,4,1,2,0,4960.130344827586,116,-3724.2003448275855,0,0.1
4080,user_23,10226.15,2026-08-07 23:28:45.153465,Paytm,send,Mumbai,iOS,0,23,15,2,2,3,2,21876.48723880597,134,-11650.33723880597,0,0.5
4081,user_29,1789.3,2026-08-24 10:51:42.153465,Amazon,request,Chennai,Android,0,10,21,0,1,1,0,4165.22631147541,122,-2375.9263114754094,0,0.1
4082,user_47,3642.15,2026-08-14 09:17:32.153465,Amazon,send,Delhi,Android,0,9,41,0,2,2,0,3883.282635658915,129,-241.13263565891475,0,0.1
4083,user_42,3615.37,2026-08-07 23:15:57.153465,Paytm,send,Chennai,iOS,0,23,36,2,2,1,2,4749.498305084746,118,-1134.128305084746,0,0.5
4084,user_6,829.14,2026-09-01 18:09:46.153465,Zomato,request,Delhi,iOS,0,18,46,5,1,2,2,3699.0514728682174,129,-2869.9114728682175,0,0.5
4085,user_5,46450.7,2026-08-08 11:39:16.153465,Paytm,refund,Pune,Web,1,11,44,2,0,4,1,21765.65124031008,129,24685.04875968992,0,0.2
4086,user_49,33648.29,2026-08-24 06:32:30.153465,Amazon,refund,Chennai,iOS,1,6,43,0,0,1,2,19333.43277227723,101,14314.857227722772,1,0.5
4087,user_47,1624.22,2026-08-13 06:25:30.153465,Zomato,request,Bangalore,Web,0,6,41,5,1,0,1,3883.282635658915,129,-2259.0626356589146,1,0.2
4088,user_45,4006.13,2026-07-31 06:31:46.153465,Swiggy,send,Bangalore,Android,0,6,39,3,2,0,0,3748.3989344262295,122,257.7310655737706,1,0.1
4089,user_21,4490.46,2026-08-16 16:45:51.153465,Swiggy,refund,Chennai,Android,1,16,13,3,0,1,0,4244.438115942029,138,246.02188405797096,0,0.1
4090,user_40,16564.57,2026-07-22 14:09:36.153465,Zomato,refund,Bangalore,Android,0,14,34,5,0,0,0,18950.453564356438,101,-2385.883564356438,0,0.1
4091,user_2,30213.48,2026-08-22 08:32:00.153465,Zomato,refund,Mumbai,Web,0,8,11,5,0,3,1,47401.46406779661,118,-17187.98406779661,0,0.2
4092,user_50,3704.72,2026-07-28 05:20:23.153465,Zomato,request,Pune,iOS,0,5,45,5,1,4,2,4276.488269230769,104,-571.7682692307694,1,0.5
4093,user_32,3579.01,2026-08-21 12:26:07.153465,Paytm,send,Mumbai,Android,0,12,25,2,2,3,0,3596.741,130,-17.730999999999767,0,0.1
4094,user_30,16624.19,2026-09-01 15:02:30.153465,Amazon,request,Delhi,iOS,0,15,23,0,1,2,2,20780.866470588233,119,-4156.676470588234,0,0.5
4095,user_29,3415.67,2026-09-08 02:45:38.153465,Swiggy,send,Mumbai,Android,0,2,21,3,2,3,0,4165.22631147541,122,-749.5563114754095,1,0.1
4096,user_14,6197.98,2026-07-31 06:25:45.153465,Flipkart,send,Pune,Web,0,6,5,1,2,4,1,18284.780597014927,134,-12086.800597014928,1,0.2
4097,user_7,40426.91,2026-09-10 10:58:38.153465,Walmart,request,Chennai,Web,1,10,47,4,1,1,1,60187.18528,125,-19760.275279999994,0,0.2
4098,user_11,1531.22,2026-09-07 01:51:01.153465,Paytm,refund,Chennai,Android,0,1,2,2,0,1,0,3819.240342465753,146,-2288.020342465753,1,0.1
4099,user_8,1803.45,2026-08-12 02:40:47.153465,Flipkart,send,Chennai,iOS,0,2,48,1,2,1,2,4162.542654867257,113,-2359.092654867257,1,0.5
4100,user_19,4416.59,2026-07-27 09:19:23.153465,Flipkart,send,Bangalore,Android,1,9,10,1,2,0,0,3644.202786885246,122,772.3872131147541,0,0.1
4101,user_41,2311.23,2026-07-26 02:49:38.153465,Zomato,send,Chennai,Web,0,2,35,5,2,1,1,4057.624609375,128,-1746.394609375,1,0.2
4102,user_25,1784.6,2026-08-01 13:30:43.153465,Flipkart,refund,Chennai,Android,0,13,17,1,0,1,0,3615.32544,125,-1830.7254400000002,0,0.1
4103,user_37,7494.86,2026-08-16 04:42:21.153465,Paytm,request,Mumbai,iOS,0,4,30,2,1,3,2,15907.096030534352,131,-8412.236030534354,1,0.5
4104,user_8,3884.31,2026-09-12 22:59:12.153465,Flipkart,refund,Mumbai,Web,0,22,48,1,0,3,1,4162.542654867257,113,-278.23265486725677,0,0.2
4105,user_8,1633.85,2026-07-23 17:34:35.153465,Swiggy,refund,Pune,Web,0,17,48,3,0,4,1,4162.542654867257,113,-2528.692654867257,0,0.2
4106,user_2,44589.85,2026-09-10 06:37:56.153465,Swiggy,send,Pune,Android,0,6,11,3,2,4,0,47401.46406779661,118,-2811.6140677966105,1,0.1
4107,user_46,3794.18,2026-07-30 15:02:30.153465,Zomato,refund,Pune,Android,0,15,40,5,0,4,0,4824.613684210526,133,-1030.4336842105263,0,0.1
4108,user_40,17194.5,2026-07-25 10:14:14.153465,Amazon,request,Bangalore,Android,0,10,34,0,1,0,0,18950.453564356438,101,-1755.9535643564377,0,0.1
4109,user_42,2718.9,2026-09-10 07:42:43.153465,Flipkart,refund,Chennai,Web,0,7,36,1,0,1,1,4749.498305084746,118,-2030.5983050847458,0,0.2
4110,user_3,32171.59,2026-09-13 07:50:45.153465,Amazon,send,Delhi,iOS,0,7,22,0,2,2,2,51628.90211538462,104,-19457.31211538462,0,0.5
4111,user_31,3959.07,2026-08-28 09:26:24.153465,Amazon,request,Mumbai,Web,0,9,24,0,1,3,1,4894.9887499999995,96,-935.9187499999994,0,0.2
4112,user_24,5397.53,2026-08-07 16:19:19.153465,Amazon,request,Bangalore,Android,0,16,16,0,1,0,0,20664.321171875,128,-15266.791171875,0,0.1
4113,user_17,8857.15,2026-07-31 16:34:58.153465,Swiggy,request,Pune,Android,1,16,8,3,1,4,0,4173.412348484848,132,4683.737651515152,0,0.1
4114,user_28,23192.91,2026-09-09 02:29:36.153465,Swiggy,send,Pune,Android,1,2,20,3,2,4,0,4678.404529914529,117,18514.50547008547,1,0.1
4115,user_11,2786.15,2026-08-30 13:30:37.153465,Zomato,refund,Delhi,Web,0,13,2,5,0,2,1,3819.240342465753,146,-1033.090342465753,0,0.2
4116,user_8,2561.45,2026-08-09 18:07:46.153465,Swiggy,request,Pune,iOS,0,18,48,3,1,4,2,4162.542654867257,113,-1601.092654867257,0,0.5
4117,user_22,13164.48,2026-08-05 16:45:09.153465,Zomato,request,Bangalore,Android,0,16,14,5,1,0,0,18343.150086206897,116,-5178.670086206897,0,0.1
4118,user_22,8662.64,2026-08-28 05:45:22.153465,Zomato,send,Delhi,Android,0,5,14,5,2,2,0,18343.150086206897,116,-9680.510086206898,1,0.1
4119,user_9,2430.33,2026-08-24 01:08:42.153465,Swiggy,request,Mumbai,Android,0,1,49,3,1,3,0,4747.313999999999,110,-2316.9839999999995,1,0.1
4120,user_2,100264.64,2026-09-12 18:49:28.153465,Zomato,send,Pune,iOS,0,18,11,5,2,4,2,47401.46406779661,118,52863.17593220339,0,0.5
4121,user_21,3633.88,2026-08-29 08:53:16.153465,Walmart,send,Chennai,iOS,0,8,13,4,2,1,2,4244.438115942029,138,-610.558115942029,0,0.5
4122,user_34,4314.32,2026-09-08 08:44:17.153465,Walmart,refund,Bangalore,iOS,0,8,27,4,0,0,2,4524.1720000000005,120,-209.85200000000077,0,0.5
4123,user_46,3304.05,2026-09-15 03:42:34.153465,Zomato,refund,Delhi,Web,0,3,40,5,0,2,1,4824.613684210526,133,-1520.563684210526,1,0.2
4124,user_18,3488.75,2026-08-16 04:14:43.153465,Zomato,request,Mumbai,iOS,0,4,9,5,1,3,2,4267.170924369748,119,-778.4209243697478,1,0.5
4125,user_11,13480.08,2026-08-25 08:16:52.153465,Paytm,request,Delhi,Android,1,8,2,2,1,2,0,3819.240342465753,146,9660.839657534247,0,0.1
4126,user_34,4063.39,2026-09-15 19:49:37.153465,Swiggy,send,Mumbai,iOS,0,19,27,3,2,3,2,4524.1720000000005,120,-460.7820000000006,0,0.5
4127,user_15,10319.91,2026-08-22 10:05:53.153465,Paytm,refund,Mumbai,iOS,1,10,6,2,0,3,2,17357.696608695653,115,-7037.786608695653,0,0.5
4128,user_1,249.17,2026-09-15 07:34:39.153465,Flipkart,refund,Delhi,Android,0,7,0,1,0,2,0,4037.2688695652173,115,-3788.0988695652172,0,0.1
4129,user_19,1167.45,2026-08-12 20:33:33.153465,Walmart,refund,Delhi,Web,0,20,10,4,0,2,1,3644.202786885246,122,-2476.7527868852458,0,0.2
4130,user_30,6814.05,2026-09-02 17:00:13.153465,Swiggy,request,Bangalore,iOS,0,17,23,3,1,0,2,20780.866470588233,119,-13966.816470588234,0,0.5
4131,user_5,7060.38,2026-08-25 02:41:31.153465,Zomato,request,Bangalore,iOS,0,2,44,5,1,0,2,21765.65124031008,129,-14705.271240310078,1,0.5
4132,user_1,1055.85,2026-08-25 01:44:00.153465,Flipkart,request,Chennai,iOS,0,1,0,1,1,1,2,4037.2688695652173,115,-2981.4188695652174,1,0.5
4133,user_7,300000.0,2026-08-09 16:59:25.153465,Walmart,send,Pune,Web,1,16,47,4,2,4,1,60187.18528,125,239812.81472,0,0.2
4134,user_15,17220.08,2026-08-22 09:45:28.153465,Walmart,send,Chennai,Android,0,9,6,4,2,1,0,17357.696608695653,115,-137.61660869565094,0,0.1
4135,user_24,19184.79,2026-08-06 09:33:04.153465,Swiggy,request,Pune,Web,0,9,16,3,1,4,1,20664.321171875,128,-1479.531171874998,0,0.2
4136,user_19,3541.33,2026-09-16 04:07:06.153465,Amazon,refund,Chennai,Android,0,4,10,0,0,1,0,3644.202786885246,122,-102.87278688524611,1,0.1
4137,user_32,1530.09,2026-07-29 13:28:09.153465,Paytm,refund,Chennai,iOS,0,13,25,2,0,1,2,3596.741,130,-2066.651,0,0.5
4138,user_49,7224.25,2026-08-29 19:04:45.153465,Swiggy,request,Pune,Web,0,19,43,3,1,4,1,19333.43277227723,101,-12109.182772277229,0,0.2
4139,user_33,1771.28,2026-09-05 02:50:43.153465,Swiggy,send,Pune,Android,0,2,26,3,2,4,0,3974.536484375,128,-2203.2564843749997,1,0.1
4140,user_29,4019.0,2026-08-20 14:46:17.153465,Paytm,send,Pune,Web,0,14,21,2,2,4,1,4165.22631147541,122,-146.2263114754096,0,0.2
4141,user_48,3390.47,2026-07-29 10:45:48.153465,Paytm,refund,Bangalore,Web,0,10,42,2,0,0,1,4029.46368852459,122,-638.9936885245902,0,0.2
4142,user_49,19119.07,2026-09-04 06:16:17.153465,Zomato,send,Chennai,Web,0,6,43,5,2,1,1,19333.43277227723,101,-214.36277227722894,1,0.2
4143,user_29,3911.92,2026-08-28 22:03:16.153465,Walmart,send,Pune,Web,0,22,21,4,2,4,1,4165.22631147541,122,-253.30631147540953,0,0.2
4144,user_43,14641.12,2026-07-27 05:06:06.153465,Flipkart,refund,Pune,iOS,0,5,37,1,0,4,2,15429.552764227643,123,-788.4327642276421,1,0.5
4145,user_16,3385.73,2026-08-22 14:16:31.153465,Amazon,request,Pune,Android,0,14,7,0,1,4,0,3660.321525423729,118,-274.59152542372885,0,0.1
4146,user_37,19881.77,2026-09-14 15:58:55.153465,Flipkart,refund,Mumbai,Web,0,15,30,1,0,3,1,15907.096030534352,131,3974.673969465648,0,0.2
4147,user_49,11143.43,2026-07-21 15:16:56.153465,Swiggy,send,Chennai,Android,0,15,43,3,2,1,0,19333.43277227723,101,-8190.002772277228,0,0.1
4148,user_29,1422.08,2026-08-30 19:15:58.153465,Swiggy,request,Pune,Web,0,19,21,3,1,4,1,4165.22631147541,122,-2743.1463114754097,0,0.2
4149,user_44,10432.49,2026-08-19 11:44:12.153465,Swiggy,refund,Pune,Android,0,11,38,3,0,4,0,17327.384636363637,110,-6894.894636363637,0,0.1
4150,user_45,3753.55,2026-09-11 10:22:40.153465,Walmart,refund,Bangalore,Android,0,10,39,4,0,0,0,3748.3989344262295,122,5.151065573770666,0,0.1
4151,user_45,4589.3,2026-08-18 04:29:29.153465,Zomato,refund,Chennai,iOS,1,4,39,5,0,1,2,3748.3989344262295,122,840.9010655737707,1,0.5
4152,user_24,16317.26,2026-08-05 20:57:16.153465,Swiggy,request,Chennai,Web,0,20,16,3,1,1,1,20664.321171875,128,-4347.061171874999,0,0.2
4153,user_14,14504.3,2026-08-08 22:59:10.153465,Flipkart,send,Pune,Web,0,22,5,1,2,4,1,18284.780597014927,134,-3780.480597014928,0,0.2
4154,user_26,14208.58,2026-09-07 09:13:47.153465,Zomato,send,Mumbai,iOS,1,9,18,5,2,3,2,4396.555663716814,113,9812.024336283186,0,0.5
4155,user_31,621.51,2026-08-28 05:38:28.153465,Walmart,refund,Bangalore,iOS,0,5,24,4,0,0,2,4894.9887499999995,96,-4273.478749999999,1,0.5
4156,user_40,56027.27,2026-08-06 17:28:43.153465,Walmart,request,Delhi,iOS,1,17,34,4,1,2,2,18950.453564356438,101,37076.81643564356,0,0.5
4157,user_25,3880.24,2026-08-03 13:39:39.153465,Walmart,request,Delhi,Web,0,13,17,4,1,2,1,3615.32544,125,264.9145599999997,0,0.2
4158,user_42,3491.7,2026-09-11 04:56:00.153465,Amazon,refund,Pune,iOS,0,4,36,0,0,4,2,4749.498305084746,118,-1257.798305084746,1,0.5
4159,user_15,8800.94,2026-08-18 19:18:26.153465,Amazon,send,Bangalore,iOS,0,19,6,0,2,0,2,17357.696608695653,115,-8556.756608695652,0,0.5
4160,user_29,3881.23,2026-09-01 22:34:01.153465,Walmart,request,Bangalore,Android,0,22,21,4,1,0,0,4165.22631147541,122,-283.9963114754096,0,0.1
4161,user_44,7357.79,2026-08-27 16:22:05.153465,Flipkart,refund,Bangalore,Android,0,16,38,1,0,0,0,17327.384636363637,110,-9969.594636363636,0,0.1
4162,user_34,914.42,2026-09-04 01:47:38.153465,Walmart,request,Mumbai,Android,1,1,27,4,1,3,0,4524.1720000000005,120,-3609.7520000000004,1,0.1
4163,user_40,48206.15,2026-07-23 01:42:16.153465,Amazon,request,Mumbai,Web,1,1,34,0,1,3,1,18950.453564356438,101,29255.696435643564,1,0.2
4164,user_22,45239.02,2026-07-27 10:29:39.153465,Walmart,request,Delhi,Android,1,10,14,4,1,2,0,18343.150086206897,116,26895.8699137931,0,0.1
4165,user_24,8877.7,2026-08-12 03:16:37.153465,Swiggy,request,Bangalore,Android,0,3,16,3,1,0,0,20664.321171875,128,-11786.621171874998,1,0.1
4166,user_7,43199.2,2026-08-13 18:07:00.153465,Amazon,request,Pune,Web,0,18,47,0,1,4,1,60187.18528,125,-16987.98528,0,0.2
4167,user_38,10781.55,2026-09-06 04:47:36.153465,Paytm,refund,Mumbai,Web,1,4,31,2,0,3,1,17814.76077586207,116,-7033.21077586207,1,0.2
4168,user_28,2331.54,2026-08-06 00:24:42.153465,Amazon,request,Chennai,Web,0,0,20,0,1,1,1,4678.404529914529,117,-2346.864529914529,1,0.2
4169,user_25,1919.55,2026-09-16 06:42:13.153465,Amazon,send,Chennai,iOS,0,6,17,0,2,1,2,3615.32544,125,-1695.7754400000001,1,0.5
4170,user_7,37725.04,2026-08-31 21:46:25.153465,Walmart,refund,Delhi,iOS,0,21,47,4,0,2,2,60187.18528,125,-22462.145279999997,0,0.5
4171,user_35,10179.04,2026-09-18 04:22:53.153465,Walmart,refund,Pune,Web,0,4,28,4,0,4,1,15800.978582677166,127,-5621.938582677165,1,0.2
4172,user_41,1570.11,2026-08-13 13:52:51.153465,Walmart,send,Mumbai,Web,0,13,35,4,2,3,1,4057.624609375,128,-2487.514609375,0,0.2
4173,user_35,9962.9,2026-09-07 00:22:19.153465,Walmart,send,Delhi,Android,0,0,28,4,2,2,0,15800.978582677166,127,-5838.078582677166,1,0.1
4174,user_17,3981.66,2026-08-09 07:04:19.153465,Paytm,send,Chennai,Android,0,7,8,2,2,1,0,4173.412348484848,132,-191.75234848484797,0,0.1
4175,user_42,2380.89,2026-08-06 13:44:45.153465,Zomato,refund,Pune,iOS,0,13,36,5,0,4,2,4749.498305084746,118,-2368.608305084746,0,0.5
4176,user_10,11932.91,2026-09-01 22:10:40.153465,Paytm,send,Mumbai,Android,0,22,1,2,2,3,0,4115.205169491525,118,7817.7048305084745,0,0.1
4177,user_25,1113.65,2026-08-08 07:34:56.153465,Amazon,request,Mumbai,Android,0,7,17,0,1,3,0,3615.32544,125,-2501.67544,0,0.1
4178,user_25,2562.6,2026-08-24 15:35:11.153465,Walmart,request,Delhi,iOS,0,15,17,4,1,2,2,3615.32544,125,-1052.7254400000002,0,0.5
4179,user_44,8194.68,2026-08-14 19:34:46.153465,Zomato,refund,Mumbai,iOS,0,19,38,5,0,3,2,17327.384636363637,110,-9132.704636363636,0,0.5
4180,user_36,1104.68,2026-09-09 18:06:25.153465,Flipkart,send,Pune,iOS,0,18,29,1,2,4,2,4483.898691588785,107,-3379.218691588785,0,0.5
4181,user_29,432.48,2026-08-01 19:49:47.153465,Swiggy,send,Pune,iOS,0,19,21,3,2,4,2,4165.22631147541,122,-3732.7463114754096,0,0.5
4182,user_24,17890.78,2026-08-18 06:56:53.153465,Flipkart,send,Chennai,Web,0,6,16,1,2,1,1,20664.321171875,128,-2773.541171875,1,0.2
4183,user_30,8742.35,2026-09-18 11:06:58.153465,Swiggy,request,Chennai,Web,0,11,23,3,1,1,1,20780.866470588233,119,-12038.516470588233,0,0.2
4184,user_6,3557.53,2026-09-13 00:48:49.153465,Flipkart,send,Bangalore,iOS,0,0,46,1,2,0,2,3699.0514728682174,129,-141.5214728682172,1,0.5
4185,user_21,3577.35,2026-08-31 04:10:09.153465,Flipkart,request,Chennai,iOS,0,4,13,1,1,1,2,4244.438115942029,138,-667.0881159420292,1,0.5
4186,user_27,18650.85,2026-09-15 12:44:09.153465,Zomato,request,Pune,Web,1,12,19,5,1,4,1,18537.69881355932,118,113.15118644067843,0,0.2
4187,user_42,1945.15,2026-07-26 05:36:53.153465,Paytm,request,Delhi,Web,0,5,36,2,1,2,1,4749.498305084746,118,-2804.348305084746,1,0.2
4188,user_17,2224.91,2026-07-30 10:44:10.153465,Flipkart,request,Mumbai,iOS,0,10,8,1,1,3,2,4173.412348484848,132,-1948.502348484848,0,0.5
4189,user_3,109228.02,2026-08-28 21:59:02.153465,Flipkart,request,Chennai,Web,1,21,22,1,1,1,1,51628.90211538462,104,57599.117884615385,0,0.2
4190,user_47,449.79,2026-07-28 13:01:39.153465,Paytm,request,Chennai,Web,0,13,41,2,1,1,1,3883.282635658915,129,-3433.492635658915,0,0.2
4191,user_41,3913.01,2026-08-10 15:04:43.153465,Paytm,send,Delhi,iOS,0,15,35,2,2,2,2,4057.624609375,128,-144.61460937499987,0,0.5
4192,user_15,42992.09,2026-09-02 21:52:56.153465,Flipkart,refund,Chennai,Android,1,21,6,1,0,1,0,17357.696608695653,115,25634.393391304344,0,0.1
4193,user_19,2291.63,2026-08-29 23:41:41.153465,Walmart,send,Pune,Web,0,23,10,4,2,4,1,3644.202786885246,122,-1352.572786885246,0,0.2
4194,user_17,4345.29,2026-09-10 08:30:20.153465,Amazon,send,Bangalore,Android,1,8,8,0,2,0,0,4173.412348484848,132,171.87765151515214,0,0.1
4195,user_5,16486.81,2026-09-09 03:56:18.153465,Walmart,send,Mumbai,iOS,0,3,44,4,2,3,2,21765.65124031008,129,-5278.841240310077,1,0.5
4196,user_20,8291.7,2026-07-25 07:15:15.153465,Swiggy,send,Delhi,Web,0,7,12,3,2,2,1,19935.082280701754,114,-11643.382280701753,0,0.2
4197,user_3,21960.73,2026-07-26 18:11:09.153465,Swiggy,send,Pune,Android,0,18,22,3,2,4,0,51628.90211538462,104,-29668.17211538462,0,0.1
4198,user_17,2872.94,2026-07-30 11:37:36.153465,Amazon,send,Mumbai,iOS,0,11,8,0,2,3,2,4173.412348484848,132,-1300.4723484848478,0,0.5
4199,user_37,11482.47,2026-09-08 15:57:32.153465,Walmart,refund,Bangalore,iOS,0,15,30,4,0,0,2,15907.096030534352,131,-4424.626030534353,0,0.5
4200,user_1,2114.49,2026-08-17 11:33:32.153465,Zomato,send,Pune,Web,0,11,0,5,2,4,1,4037.2688695652173,115,-1922.7788695652175,0,0.2
4201,user_45,788.87,2026-07-28 00:14:23.153465,Zomato,send,Bangalore,Web,0,0,39,5,2,0,1,3748.3989344262295,122,-2959.5289344262296,1,0.2
4202,user_16,1321.54,2026-09-15 00:29:23.153465,Flipkart,request,Pune,iOS,0,0,7,1,1,4,2,3660.321525423729,118,-2338.781525423729,1,0.5
4203,user_35,7540.56,2026-08-22 06:29:42.153465,Walmart,request,Bangalore,iOS,0,6,28,4,1,0,2,15800.978582677166,127,-8260.418582677165,1,0.5
4204,user_33,1714.9,2026-09-01 17:26:31.153465,Swiggy,send,Pune,Web,0,17,26,3,2,4,1,3974.536484375,128,-2259.636484375,0,0.2
4205,user_50,657.12,2026-07-30 22:55:45.153465,Swiggy,refund,Mumbai,Web,0,22,45,3,0,3,1,4276.488269230769,104,-3619.3682692307693,0,0.2
4206,user_46,2508.78,2026-09-05 12:48:52.153465,Swiggy,refund,Delhi,Android,0,12,40,3,0,2,0,4824.613684210526,133,-2315.833684210526,0,0.1
4207,user_41,3706.63,2026-09-17 22:56:44.153465,Walmart,send,Bangalore,Web,0,22,35,4,2,0,1,4057.624609375,128,-350.994609375,0,0.2
4208,user_12,127969.98,2026-08-10 16:10:33.153465,Walmart,refund,Mumbai,Web,1,16,3,4,0,3,1,52530.11026548673,113,75439.86973451327,0,0.2
4209,user_29,8306.21,2026-08-17 13:22:44.153465,Flipkart,request,Pune,iOS,0,13,21,1,1,4,2,4165.22631147541,122,4140.9836885245895,0,0.5
4210,user_2,18459.14,2026-09-18 23:09:16.153465,Swiggy,send,Mumbai,Android,0,23,11,3,2,3,0,47401.46406779661,118,-28942.32406779661,0,0.1
4211,user_39,3601.96,2026-07-29 00:16:54.153465,Paytm,refund,Bangalore,Web,0,0,32,2,0,0,1,4488.573909090909,110,-886.6139090909091,1,0.2
4212,user_37,12916.72,2026-09-19 04:29:54.153465,Zomato,send,Bangalore,Android,0,4,30,5,2,0,0,15907.096030534352,131,-2990.376030534353,1,0.1
4213,user_5,18225.43,2026-08-15 20:58:55.153465,Paytm,request,Pune,Web,0,20,44,2,1,4,1,21765.65124031008,129,-3540.2212403100784,0,0.2
4214,user_12,29806.95,2026-08-14 21:16:36.153465,Walmart,refund,Mumbai,Android,0,21,3,4,0,3,0,52530.11026548673,113,-22723.160265486727,0,0.1
4215,user_37,8453.44,2026-07-22 07:37:00.153465,Walmart,request,Chennai,iOS,0,7,30,4,1,1,2,15907.096030534352,131,-7453.656030534352,0,0.5
4216,user_49,16249.27,2026-07-23 03:05:30.153465,Walmart,request,Chennai,Android,0,3,43,4,1,1,0,19333.43277227723,101,-3084.162772277228,1,0.1
4217,user_36,246.99,2026-09-09 06:19:43.153465,Flipkart,send,Mumbai,iOS,0,6,29,1,2,3,2,4483.898691588785,107,-4236.908691588786,1,0.5
4218,user_2,24548.59,2026-09-03 07:29:43.153465,Swiggy,send,Pune,Android,0,7,11,3,2,4,0,47401.46406779661,118,-22852.87406779661,0,0.1
4219,user_17,1450.08,2026-07-30 00:53:11.153465,Zomato,send,Chennai,Android,0,0,8,5,2,1,0,4173.412348484848,132,-2723.332348484848,1,0.1
4220,user_35,55485.76,2026-07-29 20:16:15.153465,Flipkart,send,Mumbai,Web,1,20,28,1,2,3,1,15800.978582677166,127,39684.78141732284,0,0.2
4221,user_7,31134.08,2026-08-22 19:26:46.153465,Walmart,refund,Delhi,Android,0,19,47,4,0,2,0,60187.18528,125,-29053.105279999996,0,0.1
4222,user_9,4915.02,2026-08-07 14:08:29.153465,Flipkart,refund,Mumbai,iOS,1,14,49,1,0,3,2,4747.313999999999,110,167.70600000000104,0,0.5
4223,user_38,16462.7,2026-08-22 11:29:35.153465,Amazon,refund,Mumbai,Android,0,11,31,0,0,3,0,17814.76077586207,116,-1352.060775862068,0,0.1
4224,user_35,5958.71,2026-09-08 14:51:40.153465,Walmart,refund,Chennai,iOS,0,14,28,4,0,1,2,15800.978582677166,127,-9842.268582677167,0,0.5
4225,user_5,17666.77,2026-08-21 06:06:23.153465,Paytm,request,Bangalore,Web,0,6,44,2,1,0,1,21765.65124031008,129,-4098.881240310078,1,0.2
4226,user_38,7864.78,2026-09-04 00:37:59.153465,Amazon,refund,Delhi,Web,0,0,31,0,0,2,1,17814.76077586207,116,-9949.98077586207,1,0.2
4227,user_24,9094.45,2026-08-07 06:41:29.153465,Amazon,refund,Chennai,iOS,1,6,16,0,0,1,2,20664.321171875,128,-11569.871171874998,1,0.5
4228,user_23,7939.66,2026-09-06 08:01:46.153465,Flipkart,send,Chennai,Android,0,8,15,1,2,1,0,21876.48723880597,134,-13936.82723880597,0,0.1
4229,user_42,2784.8,2026-08-05 08:38:11.153465,Amazon,request,Bangalore,Android,0,8,36,0,1,0,0,4749.498305084746,118,-1964.6983050847457,0,0.1
4230,user_5,16235.26,2026-08-05 04:19:41.153465,Swiggy,refund,Chennai,Android,0,4,44,3,0,1,0,21765.65124031008,129,-5530.3912403100785,1,0.1
4231,user_45,1056.2,2026-08-02 21:06:56.153465,Swiggy,request,Pune,iOS,0,21,39,3,1,4,2,3748.3989344262295,122,-2692.1989344262292,0,0.5
4232,user_13,19942.11,2026-08-18 22:58:47.153465,Swiggy,refund,Delhi,Web,0,22,4,3,0,2,1,16363.8575,124,3578.2525000000005,0,0.2
4233,user_14,14000.87,2026-09-06 07:31:38.153465,Swiggy,refund,Mumbai,iOS,0,7,5,3,0,3,2,18284.780597014927,134,-4283.910597014927,0,0.5
4234,user_46,29820.92,2026-08-14 15:36:53.153465,Walmart,send,Bangalore,Web,1,15,40,4,2,0,1,4824.613684210526,133,24996.306315789472,0,0.2
4235,user_6,4610.94,2026-08-29 07:20:30.153465,Walmart,refund,Chennai,Android,0,7,46,4,0,1,0,3699.0514728682174,129,911.8885271317822,0,0.1
4236,user_48,3761.54,2026-08-02 06:53:32.153465,Zomato,request,Delhi,Web,0,6,42,5,1,2,1,4029.46368852459,122,-267.92368852459003,1,0.2
4237,user_47,3320.47,2026-08-15 01:28:01.153465,Amazon,request,Mumbai,Android,0,1,41,0,1,3,0,3883.282635658915,129,-562.812635658915,1,0.1
4238,user_16,19933.41,2026-07-27 20:33:46.153465,Paytm,send,Bangalore,Android,1,20,7,2,2,0,0,3660.321525423729,118,16273.08847457627,0,0.1
4239,user_36,28338.66,2026-08-08 17:06:48.153465,Amazon,request,Pune,Web,1,17,29,0,1,4,1,4483.898691588785,107,23854.761308411216,0,0.2
4240,user_50,1628.05,2026-08-13 09:20:28.153465,Paytm,send,Bangalore,Web,0,9,45,2,2,0,1,4276.488269230769,104,-2648.438269230769,0,0.2
4241,user_43,8447.92,2026-08-29 03:14:40.153465,Amazon,refund,Pune,iOS,0,3,37,0,0,4,2,15429.552764227643,123,-6981.632764227643,1,0.5
4242,user_11,3883.89,2026-09-09 16:40:46.153465,Swiggy,refund,Pune,iOS,0,16,2,3,0,4,2,3819.240342465753,146,64.64965753424667,0,0.5
4243,user_23,19619.32,2026-08-25 03:33:42.153465,Swiggy,request,Delhi,iOS,0,3,15,3,1,2,2,21876.48723880597,134,-2257.1672388059706,1,0.5
4244,user_37,6204.14,2026-09-05 07:10:25.153465,Walmart,request,Bangalore,Android,0,7,30,4,1,0,0,15907.096030534352,131,-9702.956030534351,0,0.1
4245,user_46,4901.33,2026-09-10 02:18:44.153465,Paytm,refund,Pune,Android,1,2,40,2,0,4,0,4824.613684210526,133,76.71631578947381,1,0.1
4246,user_35,9114.19,2026-08-29 07:31:00.153465,Walmart,refund,Mumbai,Android,0,7,28,4,0,3,0,15800.978582677166,127,-6686.788582677165,0,0.1
4247,user_31,3197.97,2026-08-05 14:30:25.153465,Walmart,send,Mumbai,Web,0,14,24,4,2,3,1,4894.9887499999995,96,-1697.0187499999997,0,0.2
4248,user_40,19385.95,2026-09-15 08:12:58.153465,Swiggy,refund,Delhi,iOS,0,8,34,3,0,2,2,18950.453564356438,101,435.496435643563,0,0.5
4249,user_25,8375.47,2026-09-05 06:57:27.153465,Paytm,send,Delhi,iOS,1,6,17,2,2,2,2,3615.32544,125,4760.144559999999,1,0.5
4250,user_42,1896.27,2026-09-08 13:49:10.153465,Zomato,request,Bangalore,Android,0,13,36,5,1,0,0,4749.498305084746,118,-2853.228305084746,0,0.1
4251,user_15,31157.43,2026-08-19 05:32:13.153465,Paytm,send,Bangalore,iOS,1,5,6,2,2,0,2,17357.696608695653,115,13799.733391304348,1,0.5
4252,user_45,21300.58,2026-09-18 07:57:32.153465,Flipkart,request,Bangalore,iOS,1,7,39,1,1,0,2,3748.3989344262295,122,17552.18106557377,0,0.5
4253,user_11,1934.14,2026-08-05 06:51:30.153465,Flipkart,send,Mumbai,Web,0,6,2,1,2,3,1,3819.240342465753,146,-1885.100342465753,1,0.2
4254,user_3,25690.41,2026-08-23 23:41:14.153465,Swiggy,request,Bangalore,iOS,0,23,22,3,1,0,2,51628.90211538462,104,-25938.49211538462,0,0.5
4255,user_22,10001.9,2026-07-25 06:53:34.153465,Walmart,refund,Pune,Android,0,6,14,4,0,4,0,18343.150086206897,116,-8341.250086206897,1,0.1
4256,user_50,2573.58,2026-08-03 23:54:08.153465,Zomato,send,Pune,Web,0,23,45,5,2,4,1,4276.488269230769,104,-1702.9082692307693,0,0.2
4257,user_16,4430.7,2026-08-17 07:35:15.153465,Swiggy,request,Mumbai,Web,1,7,7,3,1,3,1,3660.321525423729,118,770.378474576271,0,0.2
4258,user_31,1544.46,2026-08-22 09:02:23.153465,Flipkart,refund,Bangalore,Android,0,9,24,1,0,0,0,4894.9887499999995,96,-3350.5287499999995,0,0.1
4259,user_19,3285.24,2026-09-08 21:14:15.153465,Paytm,send,Chennai,Android,1,21,10,2,2,1,0,3644.202786885246,122,-358.96278688524626,0,0.1
4260,user_27,16408.96,2026-08-09 23:14:00.153465,Amazon,refund,Pune,Android,0,23,19,0,0,4,0,18537.69881355932,118,-2128.738813559321,0,0.1
4261,user_20,18579.98,2026-09-10 08:33:57.153465,Zomato,request,Pune,Android,0,8,12,5,1,4,0,19935.082280701754,114,-1355.1022807017544,0,0.1
4262,user_3,41201.61,2026-08-15 21:51:00.153465,Amazon,request,Pune,Web,0,21,22,0,1,4,1,51628.90211538462,104,-10427.292115384618,0,0.2
4263,user_44,5412.6,2026-09-13 08:35:06.153465,Amazon,refund,Mumbai,iOS,0,8,38,0,0,3,2,17327.384636363637,110,-11914.784636363636,0,0.5
4264,user_9,3122.52,2026-08-13 03:08:47.153465,Paytm,send,Mumbai,iOS,0,3,49,2,2,3,2,4747.313999999999,110,-1624.7939999999994,1,0.5
4265,user_13,11753.61,2026-08-30 21:40:51.153465,Flipkart,send,Mumbai,iOS,0,21,4,1,2,3,2,16363.8575,124,-4610.2474999999995,0,0.5
4266,user_28,1152.28,2026-07-28 15:57:58.153465,Flipkart,send,Mumbai,iOS,0,15,20,1,2,3,2,4678.404529914529,117,-3526.1245299145294,0,0.5
4267,user_3,26155.05,2026-08-04 13:45:15.153465,Swiggy,request,Mumbai,Web,0,13,22,3,1,3,1,51628.90211538462,104,-25473.85211538462,0,0.2
4268,user_41,954.97,2026-07-26 18:19:02.153465,Walmart,request,Mumbai,Android,0,18,35,4,1,3,0,4057.624609375,128,-3102.6546093750003,0,0.1
4269,user_5,7766.63,2026-09-11 20:13:15.153465,Zomato,request,Chennai,Web,0,20,44,5,1,1,1,21765.65124031008,129,-13999.021240310078,0,0.2
4270,user_41,892.59,2026-08-17 01:46:25.153465,Swiggy,refund,Pune,Android,0,1,35,3,0,4,0,4057.624609375,128,-3165.034609375,1,0.1
4271,user_24,55736.3,2026-08-02 00:27:30.153465,Zomato,request,Mumbai,Android,1,0,16,5,1,3,0,20664.321171875,128,35071.97882812501,1,0.1
4272,user_17,327.43,2026-08-16 10:44:51.153465,Zomato,refund,Mumbai,Android,0,10,8,5,0,3,0,4173.412348484848,132,-3845.982348484848,0,0.1
4273,user_31,1913.47,2026-09-06 00:53:55.153465,Flipkart,request,Delhi,Web,0,0,24,1,1,2,1,4894.9887499999995,96,-2981.5187499999993,1,0.2
4274,user_44,7189.99,2026-09-01 03:58:02.153465,Walmart,refund,Pune,Web,0,3,38,4,0,4,1,17327.384636363637,110,-10137.394636363637,1,0.2
4275,user_26,1707.91,2026-07-23 02:12:08.153465,Amazon,send,Pune,iOS,0,2,18,0,2,4,2,4396.555663716814,113,-2688.645663716814,1,0.5
4276,user_1,4953.85,2026-08-04 07:37:02.153465,Walmart,send,Pune,Android,0,7,0,4,2,4,0,4037.2688695652173,115,916.5811304347831,0,0.1
4277,user_17,499.81,2026-07-22 05:06:42.153465,Walmart,refund,Bangalore,iOS,0,5,8,4,0,0,2,4173.412348484848,132,-3673.602348484848,1,0.5
4278,user_23,7870.16,2026-07-25 08:01:35.153465,Swiggy,request,Delhi,Web,0,8,15,3,1,2,1,21876.48723880597,134,-14006.32723880597,0,0.2
4279,user_5,17078.26,2026-09-16 17:25:28.153465,Zomato,request,Chennai,iOS,0,17,44,5,1,1,2,21765.65124031008,129,-4687.39124031008,0,0.5
4280,user_28,786.93,2026-08-12 16:18:32.153465,Zomato,send,Delhi,Android,0,16,20,5,2,2,0,4678.404529914529,117,-3891.4745299145293,0,0.1
4281,user_42,4955.04,2026-07-29 00:19:56.153465,Swiggy,send,Chennai,Web,1,0,36,3,2,1,1,4749.498305084746,118,205.54169491525408,1,0.2
4282,user_1,3706.61,2026-09-17 19:04:39.153465,Swiggy,send,Pune,Android,0,19,0,3,2,4,0,4037.2688695652173,115,-330.6588695652172,0,0.1
4283,user_9,4268.15,2026-09-16 09:37:38.153465,Zomato,send,Delhi,Android,0,9,49,5,2,2,0,4747.313999999999,110,-479.16399999999976,0,0.1
4284,user_47,2033.09,2026-08-07 19:08:11.153465,Zomato,send,Delhi,iOS,0,19,41,5,2,2,2,3883.282635658915,129,-1850.192635658915,0,0.5
4285,user_11,14675.91,2026-09-05 02:15:34.153465,Flipkart,request,Bangalore,Web,1,2,2,1,1,0,1,3819.240342465753,146,10856.669657534247,1,0.2
4286,user_33,4123.76,2026-08-28 14:38:42.153465,Zomato,refund,Mumbai,Android,0,14,26,5,0,3,0,3974.536484375,128,149.22351562500035,0,0.1
4287,user_32,1416.43,2026-08-22 06:35:32.153465,Paytm,request,Delhi,Android,0,6,25,2,1,2,0,3596.741,130,-2180.3109999999997,1,0.1
4288,user_35,11829.71,2026-08-18 12:28:42.153465,Flipkart,send,Pune,Android,0,12,28,1,2,4,0,15800.978582677166,127,-3971.2685826771667,0,0.1
4289,user_25,827.5,2026-08-09 15:47:04.153465,Swiggy,request,Delhi,Android,0,15,17,3,1,2,0,3615.32544,125,-2787.82544,0,0.1
4290,user_4,309.29,2026-09-15 01:15:25.153465,Amazon,refund,Bangalore,Android,0,1,33,0,0,0,0,4960.130344827586,116,-4650.840344827586,1,0.1
4291,user_19,1110.46,2026-08-03 08:53:44.153465,Swiggy,send,Pune,Android,0,8,10,3,2,4,0,3644.202786885246,122,-2533.742786885246,0,0.1
4292,user_35,11355.47,2026-09-05 21:45:21.153465,Zomato,send,Bangalore,Android,0,21,28,5,2,0,0,15800.978582677166,127,-4445.5085826771665,0,0.1
4293,user_17,2382.32,2026-08-14 10:46:44.153465,Zomato,refund,Mumbai,Web,0,10,8,5,0,3,1,4173.412348484848,132,-1791.0923484848477,0,0.2
4294,user_50,4295.62,2026-08-16 20:28:15.153465,Paytm,send,Chennai,iOS,0,20,45,2,2,1,2,4276.488269230769,104,19.13173076923067,0,0.5
4295,user_22,13942.04,2026-08-31 12:07:13.153465,Flipkart,request,Delhi,Web,0,12,14,1,1,2,1,18343.150086206897,116,-4401.110086206896,0,0.2
4296,user_16,377.49,2026-07-25 13:05:41.153465,Amazon,request,Chennai,Web,0,13,7,0,1,1,1,3660.321525423729,118,-3282.8315254237286,0,0.2
4297,user_35,9241.42,2026-08-29 09:10:57.153465,Paytm,request,Chennai,Android,0,9,28,2,1,1,0,15800.978582677166,127,-6559.558582677166,0,0.1
4298,user_43,16438.58,2026-09-12 04:00:53.153465,Amazon,send,Chennai,Android,0,4,37,0,2,1,0,15429.552764227643,123,1009.0272357723588,1,0.1
4299,user_47,3363.24,2026-09-06 16:13:48.153465,Amazon,send,Bangalore,Web,0,16,41,0,2,0,1,3883.282635658915,129,-520.0426356589151,0,0.2
4300,user_50,1550.22,2026-09-01 06:17:18.153465,Swiggy,request,Chennai,iOS,0,6,45,3,1,1,2,4276.488269230769,104,-2726.268269230769,1,0.5
4301,user_7,35928.86,2026-08-04 01:03:45.153465,Paytm,send,Bangalore,iOS,0,1,47,2,2,0,2,60187.18528,125,-24258.325279999997,1,0.5
4302,user_29,4843.98,2026-08-28 02:41:02.153465,Flipkart,request,Pune,Android,0,2,21,1,1,4,0,4165.22631147541,122,678.75368852459,1,0.1
4303,user_17,509.78,2026-09-03 03:22:03.153465,Zomato,request,Bangalore,Android,0,3,8,5,1,0,0,4173.412348484848,132,-3663.632348484848,1,0.1
4304,user_42,26803.82,2026-08-05 17:07:42.153465,Amazon,refund,Mumbai,Android,0,17,36,0,0,3,0,4749.498305084746,118,22054.321694915256,0,0.1
4305,user_12,45767.5,2026-08-09 11:00:37.153465,Flipkart,refund,Delhi,iOS,0,11,3,1,0,2,2,52530.11026548673,113,-6762.610265486728,0,0.5
4306,user_28,2818.41,2026-07-23 13:49:54.153465,Swiggy,request,Mumbai,Android,0,13,20,3,1,3,0,4678.404529914529,117,-1859.9945299145293,0,0.1
4307,user_14,12096.25,2026-07-27 03:40:10.153465,Zomato,send,Pune,iOS,0,3,5,5,2,4,2,18284.780597014927,134,-6188.5305970149275,1,0.5
4308,user_31,841.13,2026-08-14 15:34:14.153465,Walmart,request,Delhi,Android,0,15,24,4,1,2,0,4894.9887499999995,96,-4053.8587499999994,0,0.1
4309,user_25,12634.77,2026-08-24 17:22:59.153465,Flipkart,request,Pune,iOS,1,17,17,1,1,4,2,3615.32544,125,9019.44456,0,0.5
4310,user_20,12181.02,2026-09-10 00:56:27.153465,Flipkart,refund,Delhi,Android,0,0,12,1,0,2,0,19935.082280701754,114,-7754.0622807017535,1,0.1
4311,user_24,12635.57,2026-08-13 16:22:55.153465,Flipkart,refund,Bangalore,Android,0,16,16,1,0,0,0,20664.321171875,128,-8028.751171874999,0,0.1
4312,user_15,18942.22,2026-07-31 18:44:28.153465,Walmart,send,Mumbai,iOS,0,18,6,4,2,3,2,17357.696608695653,115,1584.5233913043485,0,0.5
4313,user_31,1684.67,2026-09-03 18:03:52.153465,Paytm,refund,Pune,Web,0,18,24,2,0,4,1,4894.9887499999995,96,-3210.3187499999995,0,0.2
4314,user_43,8800.99,2026-08-17 12:01:25.153465,Zomato,request,Pune,Web,0,12,37,5,1,4,1,15429.552764227643,123,-6628.562764227643,0,0.2
4315,user_11,2331.14,2026-09-13 15:11:10.153465,Flipkart,send,Bangalore,Android,0,15,2,1,2,0,0,3819.240342465753,146,-1488.1003424657533,0,0.1
4316,user_34,3155.06,2026-09-06 16:04:50.153465,Flipkart,send,Mumbai,iOS,0,16,27,1,2,3,2,4524.1720000000005,120,-1369.1120000000005,0,0.5
4317,user_28,2443.79,2026-09-06 09:12:02.153465,Zomato,request,Bangalore,iOS,0,9,20,5,1,0,2,4678.404529914529,117,-2234.614529914529,0,0.5
4318,user_6,2112.32,2026-08-17 09:11:12.153465,Amazon,refund,Chennai,Web,0,9,46,0,0,1,1,3699.0514728682174,129,-1586.7314728682172,0,0.2
4319,user_9,3429.96,2026-09-12 23:25:58.153465,Amazon,refund,Mumbai,iOS,0,23,49,0,0,3,2,4747.313999999999,110,-1317.3539999999994,0,0.5
4320,user_34,12727.16,2026-08-16 21:27:35.153465,Walmart,refund,Bangalore,Web,0,21,27,4,0,0,1,4524.1720000000005,120,8202.988,0,0.2
4321,user_26,3175.89,2026-08-12 03:59:47.153465,Walmart,request,Pune,Web,0,3,18,4,1,4,1,4396.555663716814,113,-1220.665663716814,1,0.2
4322,user_27,15169.39,2026-08-03 02:52:44.153465,Walmart,refund,Bangalore,Android,0,2,19,4,0,0,0,18537.69881355932,118,-3368.3088135593207,1,0.1
4323,user_46,2695.8,2026-07-23 10:37:46.153465,Amazon,refund,Pune,Web,1,10,40,0,0,4,1,4824.613684210526,133,-2128.813684210526,0,0.2
4324,user_38,12333.64,2026-09-07 04:49:42.153465,Swiggy,request,Mumbai,iOS,0,4,31,3,1,3,2,17814.76077586207,116,-5481.120775862069,1,0.5
4325,user_29,7650.55,2026-09-09 21:55:12.153465,Swiggy,request,Mumbai,iOS,0,21,21,3,1,3,2,4165.22631147541,122,3485.3236885245906,0,0.5
4326,user_29,2572.49,2026-08-16 08:22:22.153465,Zomato,send,Pune,Android,0,8,21,5,2,4,0,4165.22631147541,122,-1592.7363114754098,0,0.1
4327,user_37,12837.92,2026-08-21 11:42:06.153465,Swiggy,send,Pune,iOS,0,11,30,3,2,4,2,15907.096030534352,131,-3069.1760305343523,0,0.5
4328,user_48,3787.29,2026-08-09 18:53:44.153465,Paytm,refund,Pune,iOS,0,18,42,2,0,4,2,4029.46368852459,122,-242.17368852459003,0,0.5
4329,user_27,10271.54,2026-07-27 20:57:57.153465,Walmart,send,Mumbai,Android,0,20,19,4,2,3,0,18537.69881355932,118,-8266.15881355932,0,0.1
4330,user_21,3834.41,2026-09-02 21:16:09.153465,Amazon,request,Mumbai,Android,0,21,13,0,1,3,0,4244.438115942029,138,-410.0281159420292,0,0.1
4331,user_47,2514.04,2026-08-29 23:04:30.153465,Amazon,refund,Bangalore,Web,0,23,41,0,0,0,1,3883.282635658915,129,-1369.2426356589149,0,0.2
4332,user_35,13459.98,2026-08-01 19:50:15.153465,Swiggy,send,Bangalore,iOS,0,19,28,3,2,0,2,15800.978582677166,127,-2340.9985826771663,0,0.5
4333,user_10,12826.82,2026-08-28 21:18:44.153465,Paytm,send,Delhi,Web,1,21,1,2,2,2,1,4115.205169491525,118,8711.614830508475,0,0.2
4334,user_4,405.14,2026-07-30 18:47:38.153465,Zomato,refund,Pune,iOS,0,18,33,5,0,4,2,4960.130344827586,116,-4554.990344827585,0,0.5
4335,user_26,2913.88,2026-09-19 12:54:24.153465,Flipkart,send,Mumbai,Web,0,12,18,1,2,3,1,4396.555663716814,113,-1482.6756637168137,0,0.2
4336,user_13,16448.81,2026-08-23 05:14:54.153465,Amazon,request,Pune,Android,0,5,4,0,1,4,0,16363.8575,124,84.95250000000124,1,0.1
4337,user_22,6563.71,2026-08-29 10:41:36.153465,Flipkart,refund,Delhi,Web,0,10,14,1,0,2,1,18343.150086206897,116,-11779.440086206898,0,0.2
4338,user_13,9124.55,2026-08-22 17:46:14.153465,Flipkart,send,Pune,Android,0,17,4,1,2,4,0,16363.8575,124,-7239.307500000001,0,0.1
4339,user_13,44542.03,2026-08-13 05:16:20.153465,Walmart,refund,Pune,Android,1,5,4,4,0,4,0,16363.8575,124,28178.1725,1,0.1
4340,user_47,3904.98,2026-08-12 00:15:19.153465,Walmart,refund,Chennai,Android,0,0,41,4,0,1,0,3883.282635658915,129,21.697364341085176,1,0.1
4341,user_22,17740.29,2026-08-26 17:57:37.153465,Paytm,send,Pune,Android,0,17,14,2,2,4,0,18343.150086206897,116,-602.8600862068961,0,0.1
4342,user_46,8251.63,2026-09-05 02:28:07.153465,Swiggy,request,Delhi,iOS,0,2,40,3,1,2,2,4824.613684210526,133,3427.016315789473,1,0.5
4343,user_43,19886.88,2026-09-16 21:04:15.153465,Flipkart,request,Bangalore,Android,0,21,37,1,1,0,0,15429.552764227643,123,4457.327235772358,0,0.1
4344,user_44,19316.1,2026-09-03 04:14:59.153465,Paytm,refund,Bangalore,Android,0,4,38,2,0,0,0,17327.384636363637,110,1988.7153636363619,1,0.1
4345,user_43,8192.93,2026-09-07 10:52:19.153465,Flipkart,send,Chennai,Web,0,10,37,1,2,1,1,15429.552764227643,123,-7236.622764227643,0,0.2
4346,user_23,15954.63,2026-08-22 10:46:01.153465,Amazon,request,Chennai,Web,0,10,15,0,1,1,1,21876.48723880597,134,-5921.857238805971,0,0.2
4347,user_21,13188.81,2026-09-15 20:02:13.153465,Amazon,send,Chennai,iOS,1,20,13,0,2,1,2,4244.438115942029,138,8944.371884057971,0,0.5
4348,user_36,4855.82,2026-08-21 19:56:46.153465,Walmart,request,Bangalore,Web,0,19,29,4,1,0,1,4483.898691588785,107,371.92130841121434,0,0.2
4349,user_36,234.06,2026-08-05 06:39:17.153465,Amazon,refund,Chennai,iOS,0,6,29,0,0,1,2,4483.898691588785,107,-4249.838691588785,1,0.5
4350,user_12,97819.28,2026-08-09 04:07:49.153465,Walmart,refund,Bangalore,Web,0,4,3,4,0,0,1,52530.11026548673,113,45289.16973451327,1,0.2
4351,user_9,29291.28,2026-09-17 21:30:15.153465,Swiggy,refund,Bangalore,iOS,1,21,49,3,0,0,2,4747.313999999999,110,24543.966,0,0.5
4352,user_20,120279.31,2026-08-08 22:19:52.153465,Amazon,refund,Chennai,Web,0,22,12,0,0,1,1,19935.082280701754,114,100344.22771929824,0,0.2
4353,user_48,2578.12,2026-08-28 14:50:09.153465,Swiggy,send,Mumbai,iOS,0,14,42,3,2,3,2,4029.46368852459,122,-1451.34368852459,0,0.5
4354,user_17,4376.99,2026-07-25 03:21:47.153465,Swiggy,refund,Chennai,iOS,1,3,8,3,0,1,2,4173.412348484848,132,203.57765151515196,1,0.5
4355,user_48,3238.81,2026-09-11 01:30:41.153465,Zomato,refund,Chennai,Web,0,1,42,5,0,1,1,4029.46368852459,122,-790.65368852459,1,0.2
4356,user_22,15787.16,2026-09-14 21:41:16.153465,Walmart,request,Pune,iOS,0,21,14,4,1,4,2,18343.150086206897,116,-2555.990086206897,0,0.5
4357,user_25,1604.47,2026-08-05 18:41:34.153465,Walmart,send,Chennai,Android,0,18,17,4,2,1,0,3615.32544,125,-2010.85544,0,0.1
4358,user_6,4899.18,2026-09-12 21:18:42.153465,Walmart,refund,Delhi,Web,0,21,46,4,0,2,1,3699.0514728682174,129,1200.128527131783,0,0.2
4359,user_41,3380.68,2026-09-17 14:40:26.153465,Walmart,request,Bangalore,Android,0,14,35,4,1,0,0,4057.624609375,128,-676.9446093750003,0,0.1
4360,user_25,2352.25,2026-09-06 15:35:38.153465,Paytm,request,Delhi,iOS,0,15,17,2,1,2,2,3615.32544,125,-1263.07544,0,0.5
4361,user_4,839.55,2026-08-03 12:07:55.153465,Paytm,send,Pune,Web,0,12,33,2,2,4,1,4960.130344827586,116,-4120.580344827586,0,0.2
4362,user_8,1708.05,2026-09-18 18:49:14.153465,Zomato,refund,Bangalore,iOS,0,18,48,5,0,0,2,4162.542654867257,113,-2454.4926548672565,0,0.5
4363,user_33,927.88,2026-09-14 07:55:44.153465,Paytm,send,Chennai,iOS,0,7,26,2,2,1,2,3974.536484375,128,-3046.6564843749998,0,0.5
4364,user_10,2219.22,2026-09-17 23:19:41.153465,Paytm,send,Bangalore,iOS,0,23,1,2,2,0,2,4115.205169491525,118,-1895.9851694915255,0,0.5
4365,user_7,48408.18,2026-08-02 01:46:56.153465,Zomato,request,Pune,iOS,0,1,47,5,1,4,2,60187.18528,125,-11779.005279999998,1,0.5
4366,user_29,737.13,2026-07-23 03:17:39.153465,Swiggy,request,Mumbai,Android,0,3,21,3,1,3,0,4165.22631147541,122,-3428.0963114754095,1,0.1
4367,user_37,9313.44,2026-07-28 21:00:15.153465,Zomato,request,Delhi,Android,0,21,30,5,1,2,0,15907.096030534352,131,-6593.656030534352,0,0.1
4368,user_50,1571.35,2026-08-28 15:06:08.153465,Paytm,send,Chennai,iOS,0,15,45,2,2,1,2,4276.488269230769,104,-2705.1382692307693,0,0.5
4369,user_14,10528.66,2026-09-02 00:47:17.153465,Paytm,send,Mumbai,Web,1,0,5,2,2,3,1,18284.780597014927,134,-7756.120597014928,1,0.2
4370,user_36,1204.86,2026-07-31 18:09:31.153465,Swiggy,send,Mumbai,Web,0,18,29,3,2,3,1,4483.898691588785,107,-3279.0386915887857,0,0.2
4371,user_26,2784.42,2026-08-02 14:24:10.153465,Zomato,send,Chennai,Android,1,14,18,5,2,1,0,4396.555663716814,113,-1612.1356637168137,0,0.1
4372,user_16,2210.02,2026-07-30 04:06:25.153465,Swiggy,request,Chennai,Android,0,4,7,3,1,1,0,3660.321525423729,118,-1450.301525423729,1,0.1
4373,user_14,9063.26,2026-08-20 07:02:07.153465,Walmart,refund,Chennai,Web,0,7,5,4,0,1,1,18284.780597014927,134,-9221.520597014927,0,0.2
4374,user_20,88226.24,2026-08-25 11:17:28.153465,Swiggy,refund,Mumbai,Android,1,11,12,3,0,3,0,19935.082280701754,114,68291.15771929825,0,0.1
4375,user_11,3923.7,2026-08-18 07:03:34.153465,Zomato,request,Delhi,Web,0,7,2,5,1,2,1,3819.240342465753,146,104.45965753424662,0,0.2
4376,user_17,3943.64,2026-08-11 00:07:15.153465,Paytm,request,Bangalore,Android,0,0,8,2,1,0,0,4173.412348484848,132,-229.77234848484795,1,0.1
4377,user_35,5647.86,2026-08-12 06:45:00.153465,Walmart,refund,Chennai,Web,1,6,28,4,0,1,1,15800.978582677166,127,-10153.118582677165,1,0.2
4378,user_41,8525.18,2026-09-10 18:35:06.153465,Zomato,request,Bangalore,iOS,0,18,35,5,1,0,2,4057.624609375,128,4467.555390625001,0,0.5
4379,user_48,3624.99,2026-08-18 23:55:32.153465,Zomato,refund,Chennai,iOS,0,23,42,5,0,1,2,4029.46368852459,122,-404.4736885245902,0,0.5
4380,user_50,1083.06,2026-09-06 01:11:08.153465,Flipkart,refund,Delhi,iOS,0,1,45,1,0,2,2,4276.488269230769,104,-3193.4282692307693,1,0.5
4381,user_7,29733.13,2026-08-18 10:32:48.153465,Paytm,request,Mumbai,iOS,0,10,47,2,1,3,2,60187.18528,125,-30454.055279999997,0,0.5
4382,user_34,4480.41,2026-08-19 07:02:25.153465,Swiggy,request,Pune,Web,1,7,27,3,1,4,1,4524.1720000000005,120,-43.762000000000626,0,0.2
4383,user_15,15597.02,2026-08-10 06:16:03.153465,Swiggy,send,Mumbai,Android,0,6,6,3,2,3,0,17357.696608695653,115,-1760.6766086956522,1,0.1
4384,user_33,4488.46,2026-07-23 20:02:24.153465,Swiggy,send,Bangalore,Web,0,20,26,3,2,0,1,3974.536484375,128,513.9235156250002,0,0.2
4385,user_31,3255.09,2026-09-07 23:52:06.153465,Swiggy,send,Pune,Android,0,23,24,3,2,4,0,4894.9887499999995,96,-1639.8987499999994,0,0.1
4386,user_49,14196.66,2026-08-18 14:23:36.153465,Zomato,request,Pune,Android,0,14,43,5,1,4,0,19333.43277227723,101,-5136.772772277229,0,0.1
4387,user_9,481.66,2026-08-21 21:47:39.153465,Amazon,refund,Delhi,Web,0,21,49,0,0,2,1,4747.313999999999,110,-4265.6539999999995,0,0.2
4388,user_12,42188.52,2026-08-11 16:18:58.153465,Paytm,refund,Bangalore,Android,0,16,3,2,0,0,0,52530.11026548673,113,-10341.590265486731,0,0.1
4389,user_4,2399.23,2026-08-25 03:03:29.153465,Amazon,request,Bangalore,Web,0,3,33,0,1,0,1,4960.130344827586,116,-2560.9003448275857,1,0.2
4390,user_39,3731.97,2026-09-09 08:27:13.153465,Zomato,refund,Chennai,Android,0,8,32,5,0,1,0,4488.573909090909,110,-756.6039090909094,0,0.1
4391,user_18,1254.06,2026-08-15 22:00:40.153465,Paytm,send,Pune,iOS,0,22,9,2,2,4,2,4267.170924369748,119,-3013.110924369748,0,0.5
4392,user_35,5213.93,2026-07-26 04:27:07.153465,Amazon,refund,Chennai,iOS,0,4,28,0,0,1,2,15800.978582677166,127,-10587.048582677166,1,0.5
4393,user_1,3553.91,2026-07-21 21:34:49.153465,Walmart,send,Mumbai,Android,0,21,0,4,2,3,0,4037.2688695652173,115,-483.35886956521745,0,0.1
4394,user_7,41415.97,2026-08-26 06:32:41.153465,Walmart,send,Mumbai,Android,0,6,47,4,2,3,0,60187.18528,125,-18771.215279999997,1,0.1
4395,user_42,3344.16,2026-09-05 20:29:23.153465,Zomato,refund,Pune,Web,0,20,36,5,0,4,1,4749.498305084746,118,-1405.338305084746,0,0.2
4396,user_49,11784.41,2026-08-27 15:50:23.153465,Zomato,send,Mumbai,Android,0,15,43,5,2,3,0,19333.43277227723,101,-7549.022772277229,0,0.1
4397,user_8,2081.08,2026-08-01 04:45:24.153465,Walmart,send,Chennai,iOS,0,4,48,4,2,1,2,4162.542654867257,113,-2081.462654867257,1,0.5
4398,user_48,1493.57,2026-09-19 02:17:41.153465,Walmart,send,Delhi,iOS,0,2,42,4,2,2,2,4029.46368852459,122,-2535.8936885245903,1,0.5
4399,user_5,12485.22,2026-08-29 23:31:59.153465,Amazon,refund,Pune,Web,0,23,44,0,0,4,1,21765.65124031008,129,-9280.43124031008,0,0.2
4400,user_27,13122.44,2026-09-15 04:12:58.153465,Flipkart,refund,Bangalore,Android,0,4,19,1,0,0,0,18537.69881355932,118,-5415.25881355932,1,0.1
4401,user_28,811.83,2026-08-20 18:22:58.153465,Amazon,request,Mumbai,Web,1,18,20,0,1,3,1,4678.404529914529,117,-3866.574529914529,0,0.2
4402,user_50,334.76,2026-09-15 18:31:45.153465,Walmart,request,Mumbai,Web,0,18,45,4,1,3,1,4276.488269230769,104,-3941.728269230769,0,0.2
4403,user_29,686.5,2026-08-16 12:21:13.153465,Walmart,refund,Bangalore,Web,0,12,21,4,0,0,1,4165.22631147541,122,-3478.7263114754096,0,0.2
4404,user_44,8529.64,2026-08-12 03:00:38.153465,Flipkart,refund,Bangalore,Android,0,3,38,1,0,0,0,17327.384636363637,110,-8797.744636363637,1,0.1
4405,user_1,542.04,2026-08-01 07:24:30.153465,Walmart,request,Pune,iOS,0,7,0,4,1,4,2,4037.2688695652173,115,-3495.2288695652173,0,0.5
4406,user_39,441.31,2026-08-06 18:44:30.153465,Zomato,request,Pune,Android,0,18,32,5,1,4,0,4488.573909090909,110,-4047.2639090909092,0,0.1
4407,user_37,19973.5,2026-09-16 13:01:51.153465,Swiggy,request,Delhi,Web,0,13,30,3,1,2,1,15907.096030534352,131,4066.4039694656476,0,0.2
4408,user_6,7736.19,2026-08-05 04:30:51.153465,Flipkart,request,Bangalore,iOS,0,4,46,1,1,0,2,3699.0514728682174,129,4037.138527131782,1,0.5
4409,user_37,15849.2,2026-09-08 12:04:25.153465,Flipkart,send,Pune,Android,0,12,30,1,2,4,0,15907.096030534352,131,-57.89603053435167,0,0.1
4410,user_4,2785.29,2026-09-17 23:51:58.153465,Walmart,refund,Bangalore,iOS,0,23,33,4,0,0,2,4960.130344827586,116,-2174.840344827586,0,0.5
4411,user_38,10837.07,2026-08-09 08:03:16.153465,Flipkart,refund,Bangalore,Web,0,8,31,1,0,0,1,17814.76077586207,116,-6977.690775862069,0,0.2
4412,user_7,16825.47,2026-08-05 08:11:00.153465,Amazon,refund,Mumbai,Android,0,8,47,0,0,3,0,60187.18528,125,-43361.71528,0,0.1
4413,user_29,4240.87,2026-08-11 07:39:29.153465,Walmart,request,Chennai,iOS,0,7,21,4,1,1,2,4165.22631147541,122,75.64368852459029,0,0.5
4414,user_1,4875.3,2026-08-24 04:23:33.153465,Walmart,send,Pune,iOS,0,4,0,4,2,4,2,4037.2688695652173,115,838.0311304347829,1,0.5
4415,user_10,4207.43,2026-08-24 13:15:27.153465,Zomato,refund,Delhi,Web,1,13,1,5,0,2,1,4115.205169491525,118,92.22483050847495,0,0.2
4416,user_34,3129.09,2026-09-10 19:56:12.153465,Flipkart,request,Mumbai,iOS,0,19,27,1,1,3,2,4524.1720000000005,120,-1395.0820000000003,0,0.5
4417,user_41,2165.73,2026-08-04 08:05:04.153465,Flipkart,request,Delhi,iOS,0,8,35,1,1,2,2,4057.624609375,128,-1891.894609375,0,0.5
4418,user_6,794.49,2026-08-18 01:29:17.153465,Amazon,refund,Bangalore,Web,0,1,46,0,0,0,1,3699.0514728682174,129,-2904.5614728682176,1,0.2
4419,user_8,3165.95,2026-09-03 02:35:49.153465,Paytm,send,Mumbai,Android,0,2,48,2,2,3,0,4162.542654867257,113,-996.5926548672569,1,0.1
4420,user_4,1618.9,2026-08-05 10:34:00.153465,Zomato,refund,Mumbai,Android,0,10,33,5,0,3,0,4960.130344827586,116,-3341.2303448275857,0,0.1
4421,user_28,1801.94,2026-08-19 14:33:46.153465,Swiggy,request,Bangalore,Web,0,14,20,3,1,0,1,4678.404529914529,117,-2876.464529914529,0,0.2
4422,user_28,4827.18,2026-07-24 23:58:16.153465,Walmart,request,Pune,iOS,0,23,20,4,1,4,2,4678.404529914529,117,148.77547008547117,0,0.5
4423,user_43,9455.45,2026-07-23 21:11:35.153465,Zomato,request,Delhi,Android,0,21,37,5,1,2,0,15429.552764227643,123,-5974.102764227642,0,0.1
4424,user_36,847.07,2026-08-07 04:29:10.153465,Swiggy,send,Mumbai,iOS,0,4,29,3,2,3,2,4483.898691588785,107,-3636.828691588785,1,0.5
4425,user_34,1706.73,2026-09-18 08:16:40.153465,Paytm,request,Chennai,Android,0,8,27,2,1,1,0,4524.1720000000005,120,-2817.4420000000005,0,0.1
4426,user_44,18090.08,2026-08-10 12:32:34.153465,Zomato,send,Bangalore,Web,0,12,38,5,2,0,1,17327.384636363637,110,762.6953636363651,0,0.2
4427,user_40,15127.48,2026-09-04 07:58:55.153465,Zomato,refund,Mumbai,Web,0,7,34,5,0,3,1,18950.453564356438,101,-3822.973564356438,0,0.2
4428,user_4,950.05,2026-08-19 05:30:04.153465,Amazon,send,Mumbai,iOS,0,5,33,0,2,3,2,4960.130344827586,116,-4010.0803448275856,1,0.5
4429,user_14,10433.68,2026-08-22 18:07:11.153465,Flipkart,request,Pune,Web,0,18,5,1,1,4,1,18284.780597014927,134,-7851.100597014927,0,0.2
4430,user_15,8009.44,2026-08-21 14:11:42.153465,Amazon,send,Bangalore,Web,0,14,6,0,2,0,1,17357.696608695653,115,-9348.256608695654,0,0.2
4431,user_41,2938.0,2026-09-08 16:45:50.153465,Amazon,refund,Delhi,Android,0,16,35,0,0,2,0,4057.624609375,128,-1119.624609375,0,0.1
4432,user_49,14730.3,2026-08-05 11:34:12.153465,Zomato,send,Pune,Web,0,11,43,5,2,4,1,19333.43277227723,101,-4603.132772277229,0,0.2
4433,user_50,8192.71,2026-08-10 05:40:30.153465,Amazon,refund,Bangalore,Android,1,5,45,0,0,0,0,4276.488269230769,104,3916.22173076923,1,0.1
4434,user_16,4085.89,2026-07-28 23:39:39.153465,Paytm,send,Mumbai,Android,0,23,7,2,2,3,0,3660.321525423729,118,425.568474576271,0,0.1
4435,user_37,10936.24,2026-09-06 00:30:05.153465,Paytm,refund,Delhi,Web,0,0,30,2,0,2,1,15907.096030534352,131,-4970.856030534353,1,0.2
4436,user_34,4599.74,2026-08-04 13:00:51.153465,Walmart,send,Chennai,Web,0,13,27,4,2,1,1,4524.1720000000005,120,75.5679999999993,0,0.2
4437,user_4,1121.91,2026-08-12 06:04:28.153465,Amazon,refund,Bangalore,iOS,1,6,33,0,0,0,2,4960.130344827586,116,-3838.220344827586,1,0.5
4438,user_22,5689.27,2026-09-17 22:31:27.153465,Paytm,send,Pune,Android,0,22,14,2,2,4,0,18343.150086206897,116,-12653.880086206897,0,0.1
4439,user_23,8307.69,2026-08-11 20:34:02.153465,Swiggy,refund,Mumbai,Android,0,20,15,3,0,3,0,21876.48723880597,134,-13568.79723880597,0,0.1
4440,user_50,396.29,2026-08-21 12:46:24.153465,Walmart,request,Mumbai,iOS,0,12,45,4,1,3,2,4276.488269230769,104,-3880.1982692307693,0,0.5
4441,user_45,1100.04,2026-09-17 11:37:29.153465,Zomato,refund,Mumbai,iOS,0,11,39,5,0,3,2,3748.3989344262295,122,-2648.3589344262296,0,0.5
4442,user_9,1570.2,2026-08-21 07:34:25.153465,Walmart,refund,Delhi,iOS,0,7,49,4,0,2,2,4747.313999999999,110,-3177.1139999999996,0,0.5
4443,user_39,4884.4,2026-09-02 21:32:37.153465,Paytm,send,Pune,Web,0,21,32,2,2,4,1,4488.573909090909,110,395.82609090909045,0,0.2
4444,user_28,701.43,2026-09-17 22:09:58.153465,Flipkart,refund,Chennai,Android,1,22,20,1,0,1,0,4678.404529914529,117,-3976.9745299145293,0,0.1
4445,user_12,20887.6,2026-08-01 02:12:50.153465,Paytm,request,Mumbai,Web,1,2,3,2,1,3,1,52530.11026548673,113,-31642.51026548673,1,0.2
4446,user_45,3504.41,2026-08-17 20:16:06.153465,Amazon,refund,Bangalore,Android,0,20,39,0,0,0,0,3748.3989344262295,122,-243.98893442622966,0,0.1
4447,user_24,14517.5,2026-08-10 18:16:22.153465,Paytm,send,Bangalore,Android,0,18,16,2,2,0,0,20664.321171875,128,-6146.821171874999,0,0.1
4448,user_37,16930.64,2026-07-29 13:21:29.153465,Amazon,send,Bangalore,iOS,0,13,30,0,2,0,2,15907.096030534352,131,1023.543969465647,0,0.5
4449,user_14,7190.0,2026-09-11 05:24:54.153465,Walmart,send,Mumbai,Android,0,5,5,4,2,3,0,18284.780597014927,134,-11094.780597014927,1,0.1
4450,user_42,2693.49,2026-09-10 23:13:19.153465,Paytm,refund,Chennai,Android,0,23,36,2,0,1,0,4749.498305084746,118,-2056.008305084746,0,0.1
4451,user_11,4025.26,2026-09-05 11:21:16.153465,Swiggy,send,Pune,Android,0,11,2,3,2,4,0,3819.240342465753,146,206.01965753424702,0,0.1
4452,user_17,1097.49,2026-07-25 13:55:18.153465,Zomato,send,Pune,Android,0,13,8,5,2,4,0,4173.412348484848,132,-3075.922348484848,0,0.1
4453,user_36,3808.21,2026-09-16 02:06:13.153465,Swiggy,request,Pune,Web,0,2,29,3,1,4,1,4483.898691588785,107,-675.6886915887853,1,0.2
4454,user_23,17327.24,2026-09-01 19:25:09.153465,Swiggy,send,Chennai,iOS,0,19,15,3,2,1,2,21876.48723880597,134,-4549.247238805969,0,0.5
4455,user_24,19370.26,2026-09-11 06:02:56.153465,Paytm,send,Delhi,iOS,0,6,16,2,2,2,2,20664.321171875,128,-1294.0611718750006,1,0.5
4456,user_48,7618.05,2026-07-21 18:37:50.153465,Walmart,request,Mumbai,iOS,1,18,42,4,1,3,2,4029.46368852459,122,3588.58631147541,0,0.5
4457,user_1,2696.1,2026-08-23 22:20:06.153465,Paytm,request,Pune,Android,0,22,0,2,1,4,0,4037.2688695652173,115,-1341.1688695652174,0,0.1
4458,user_50,4861.23,2026-08-12 03:23:48.153465,Walmart,request,Chennai,Android,0,3,45,4,1,1,0,4276.488269230769,104,584.7417307692303,1,0.1
4459,user_23,18401.26,2026-09-10 18:07:25.153465,Zomato,send,Bangalore,Web,0,18,15,5,2,0,1,21876.48723880597,134,-3475.227238805972,0,0.2
4460,user_10,4238.11,2026-07-24 21:27:25.153465,Paytm,send,Pune,Android,0,21,1,2,2,4,0,4115.205169491525,118,122.90483050847433,0,0.1
4461,user_29,38116.96,2026-09-05 20:35:32.153465,Flipkart,refund,Pune,Android,1,20,21,1,0,4,0,4165.22631147541,122,33951.73368852459,0,0.1
4462,user_28,2653.03,2026-08-16 13:20:30.153465,Amazon,request,Chennai,Web,0,13,20,0,1,1,1,4678.404529914529,117,-2025.374529914529,0,0.2
4463,user_42,1049.46,2026-08-06 00:24:15.153465,Zomato,refund,Delhi,iOS,0,0,36,5,0,2,2,4749.498305084746,118,-3700.038305084746,1,0.5
4464,user_21,3155.57,2026-09-10 13:39:45.153465,Zomato,request,Delhi,Web,1,13,13,5,1,2,1,4244.438115942029,138,-1088.868115942029,0,0.2
4465,user_14,13451.01,2026-08-11 18:28:31.153465,Paytm,request,Mumbai,iOS,0,18,5,2,1,3,2,18284.780597014927,134,-4833.770597014927,0,0.5
4466,user_35,7615.19,2026-09-07 15:04:16.153465,Zomato,request,Bangalore,Web,0,15,28,5,1,0,1,15800.978582677166,127,-8185.788582677166,0,0.2
4467,user_13,47487.99,2026-08-27 17:48:57.153465,Swiggy,refund,Mumbai,Android,1,17,4,3,0,3,0,16363.8575,124,31124.1325,0,0.1
4468,user_14,6855.88,2026-08-24 06:43:06.153465,Zomato,request,Chennai,Web,0,6,5,5,1,1,1,18284.780597014927,134,-11428.900597014926,1,0.2
4469,user_23,18590.79,2026-09-06 10:23:14.153465,Zomato,send,Mumbai,iOS,0,10,15,5,2,3,2,21876.48723880597,134,-3285.6972388059694,0,0.5
4470,user_43,7485.55,2026-09-01 13:21:07.153465,Amazon,send,Mumbai,Android,0,13,37,0,2,3,0,15429.552764227643,123,-7944.002764227643,0,0.1
4471,user_20,6683.08,2026-08-31 19:43:53.153465,Walmart,send,Bangalore,Web,0,19,12,4,2,0,1,19935.082280701754,114,-13252.002280701754,0,0.2
4472,user_44,8676.11,2026-09-10 03:39:19.153465,Flipkart,refund,Delhi,Android,0,3,38,1,0,2,0,17327.384636363637,110,-8651.274636363636,1,0.1
4473,user_49,74861.47,2026-08-22 06:54:21.153465,Swiggy,request,Delhi,iOS,1,6,43,3,1,2,2,19333.43277227723,101,55528.03722772277,1,0.5
4474,user_47,1217.33,2026-08-15 02:41:20.153465,Amazon,refund,Pune,iOS,0,2,41,0,0,4,2,3883.282635658915,129,-2665.952635658915,1,0.5
4475,user_46,2502.94,2026-09-13 12:07:24.153465,Amazon,request,Pune,iOS,0,12,40,0,1,4,2,4824.613684210526,133,-2321.673684210526,0,0.5
4476,user_16,4339.23,2026-09-17 11:22:32.153465,Walmart,send,Pune,Android,1,11,7,4,2,4,0,3660.321525423729,118,678.9084745762707,0,0.1
4477,user_36,1942.48,2026-09-17 01:11:46.153465,Paytm,request,Chennai,Web,0,1,29,2,1,1,1,4483.898691588785,107,-2541.4186915887854,1,0.2
4478,user_25,3298.25,2026-08-21 06:43:07.153465,Zomato,request,Bangalore,Android,0,6,17,5,1,0,0,3615.32544,125,-317.07544000000007,1,0.1
4479,user_28,3784.07,2026-08-13 22:21:31.153465,Amazon,send,Bangalore,iOS,0,22,20,0,2,0,2,4678.404529914529,117,-894.334529914529,0,0.5
4480,user_7,37252.88,2026-08-11 18:41:46.153465,Paytm,request,Pune,Android,0,18,47,2,1,4,0,60187.18528,125,-22934.30528,0,0.1
4481,user_25,3099.35,2026-07-27 12:48:40.153465,Walmart,send,Chennai,Android,0,12,17,4,2,1,0,3615.32544,125,-515.9754400000002,0,0.1
4482,user_23,34070.58,2026-07-22 12:27:43.153465,Swiggy,refund,Bangalore,Web,1,12,15,3,0,0,1,21876.48723880597,134,12194.092761194031,0,0.2
4483,user_31,1604.94,2026-09-03 06:59:42.153465,Swiggy,send,Chennai,iOS,0,6,24,3,2,1,2,4894.9887499999995,96,-3290.0487499999995,1,0.5
4484,user_6,2339.64,2026-07-25 18:26:36.153465,Flipkart,request,Bangalore,Android,0,18,46,1,1,0,0,3699.0514728682174,129,-1359.4114728682175,0,0.1
4485,user_44,13402.21,2026-07-26 09:17:30.153465,Zomato,refund,Pune,Web,0,9,38,5,0,4,1,17327.384636363637,110,-3925.1746363636375,0,0.2
4486,user_9,35122.79,2026-09-07 06:18:05.153465,Zomato,send,Mumbai,Android,1,6,49,5,2,3,0,4747.313999999999,110,30375.476000000002,1,0.1
4487,user_17,1670.68,2026-08-25 17:18:23.153465,Swiggy,send,Mumbai,Android,0,17,8,3,2,3,0,4173.412348484848,132,-2502.7323484848475,0,0.1
4488,user_14,7859.88,2026-07-29 06:39:37.153465,Amazon,send,Pune,Android,0,6,5,0,2,4,0,18284.780597014927,134,-10424.900597014926,1,0.1
4489,user_38,10722.92,2026-08-15 11:54:34.153465,Zomato,send,Chennai,iOS,0,11,31,5,2,1,2,17814.76077586207,116,-7091.840775862069,0,0.5
4490,user_28,702.8,2026-08-07 09:11:55.153465,Amazon,request,Pune,Web,0,9,20,0,1,4,1,4678.404529914529,117,-3975.604529914529,0,0.2
4491,user_13,6085.43,2026-08-12 13:59:37.153465,Zomato,request,Mumbai,iOS,0,13,4,5,1,3,2,16363.8575,124,-10278.4275,0,0.5
4492,user_31,4775.53,2026-09-07 10:22:00.153465,Swiggy,refund,Bangalore,Web,1,10,24,3,0,0,1,4894.9887499999995,96,-119.45874999999978,0,0.2
4493,user_32,4468.43,2026-07-31 13:08:39.153465,Zomato,request,Mumbai,Android,0,13,25,5,1,3,0,3596.741,130,871.6890000000003,0,0.1
4494,user_20,59298.86,2026-07-24 01:46:25.153465,Paytm,request,Chennai,Android,1,1,12,2,1,1,0,19935.082280701754,114,39363.77771929825,1,0.1
4495,user_11,1390.32,2026-08-18 23:20:46.153465,Paytm,request,Mumbai,iOS,0,23,2,2,1,3,2,3819.240342465753,146,-2428.9203424657535,0,0.5
4496,user_34,1806.8,2026-08-18 17:33:22.153465,Amazon,send,Pune,Android,0,17,27,0,2,4,0,4524.1720000000005,120,-2717.3720000000003,0,0.1
4497,user_3,300000.0,2026-09-05 15:26:36.153465,Swiggy,send,Bangalore,Android,1,15,22,3,2,0,0,51628.90211538462,104,248371.0978846154,0,0.1
4498,user_23,17988.53,2026-08-30 07:22:02.153465,Flipkart,send,Bangalore,Android,0,7,15,1,2,0,0,21876.48723880597,134,-3887.9572388059714,0,0.1
4499,user_11,3976.79,2026-08-11 11:33:32.153465,Walmart,request,Delhi,Android,0,11,2,4,1,2,0,3819.240342465753,146,157.54965753424676,0,0.1
4500,user_26,4664.1,2026-09-10 01:48:17.153465,Swiggy,request,Bangalore,Android,1,1,18,3,1,0,0,4396.555663716814,113,267.54433628318657,1,0.1
4501,user_9,2585.68,2026-08-02 02:11:31.153465,Flipkart,refund,Chennai,iOS,0,2,49,1,0,1,2,4747.313999999999,110,-2161.6339999999996,1,0.5
4502,user_47,9314.03,2026-09-09 00:46:01.153465,Walmart,send,Chennai,iOS,1,0,41,4,2,1,2,3883.282635658915,129,5430.747364341086,1,0.5
4503,user_50,4789.39,2026-09-10 04:16:17.153465,Swiggy,send,Chennai,iOS,1,4,45,3,2,1,2,4276.488269230769,104,512.9017307692311,1,0.5
4504,user_23,32702.11,2026-08-08 19:03:05.153465,Amazon,refund,Pune,Android,0,19,15,0,0,4,0,21876.48723880597,134,10825.62276119403,0,0.1
4505,user_46,3476.07,2026-08-02 13:12:53.153465,Flipkart,request,Delhi,Web,0,13,40,1,1,2,1,4824.613684210526,133,-1348.543684210526,0,0.2
4506,user_33,1954.52,2026-08-10 18:20:46.153465,Paytm,request,Pune,Android,0,18,26,2,1,4,0,3974.536484375,128,-2020.016484375,0,0.1
4507,user_15,10455.6,2026-07-24 07:36:02.153465,Swiggy,refund,Bangalore,Web,0,7,6,3,0,0,1,17357.696608695653,115,-6902.096608695652,0,0.2
4508,user_1,2543.73,2026-08-29 13:32:14.153465,Zomato,send,Pune,Android,0,13,0,5,2,4,0,4037.2688695652173,115,-1493.5388695652173,0,0.1
4509,user_15,8802.48,2026-07-28 12:06:51.153465,Swiggy,request,Chennai,Android,0,12,6,3,1,1,0,17357.696608695653,115,-8555.216608695653,0,0.1
4510,user_43,19044.4,2026-08-28 03:23:29.153465,Zomato,refund,Pune,Web,0,3,37,5,0,4,1,15429.552764227643,123,3614.8472357723585,1,0.2
4511,user_11,391.29,2026-09-12 23:10:45.153465,Swiggy,refund,Bangalore,Web,0,23,2,3,0,0,1,3819.240342465753,146,-3427.9503424657532,0,0.2
4512,user_40,9188.52,2026-08-11 14:38:50.153465,Paytm,request,Chennai,Android,0,14,34,2,1,1,0,18950.453564356438,101,-9761.933564356437,0,0.1
4513,user_15,17691.67,2026-07-23 22:52:25.153465,Zomato,request,Pune,Web,0,22,6,5,1,4,1,17357.696608695653,115,333.97339130434557,0,0.2
4514,user_5,10366.61,2026-09-05 13:22:32.153465,Amazon,refund,Chennai,Web,0,13,44,0,0,1,1,21765.65124031008,129,-11399.041240310078,0,0.2
4515,user_46,2190.47,2026-08-31 01:03:29.153465,Swiggy,send,Delhi,iOS,0,1,40,3,2,2,2,4824.613684210526,133,-2634.1436842105263,1,0.5
4516,user_17,1166.59,2026-09-05 01:57:53.153465,Flipkart,request,Delhi,Android,0,1,8,1,1,2,0,4173.412348484848,132,-3006.8223484848477,1,0.1
4517,user_33,2010.03,2026-08-28 10:38:18.153465,Swiggy,request,Bangalore,Web,0,10,26,3,1,0,1,3974.536484375,128,-1964.506484375,0,0.2
4518,user_3,57427.4,2026-08-14 18:27:42.153465,Swiggy,refund,Mumbai,Android,0,18,22,3,0,3,0,51628.90211538462,104,5798.497884615383,0,0.1
4519,user_6,1171.13,2026-07-29 04:28:23.153465,Amazon,request,Bangalore,Android,0,4,46,0,1,0,0,3699.0514728682174,129,-2527.9214728682173,1,0.1
4520,user_32,2318.91,2026-07-28 05:31:33.153465,Zomato,refund,Chennai,Web,0,5,25,5,0,1,1,3596.741,130,-1277.8310000000001,1,0.2
4521,user_17,4498.85,2026-08-14 02:50:12.153465,Amazon,request,Delhi,Android,0,2,8,0,1,2,0,4173.412348484848,132,325.43765151515254,1,0.1
4522,user_33,2287.58,2026-07-25 20:12:51.153465,Zomato,refund,Chennai,Android,0,20,26,5,0,1,0,3974.536484375,128,-1686.956484375,0,0.1
4523,user_24,5682.09,2026-08-09 08:17:32.153465,Swiggy,send,Chennai,Android,0,8,16,3,2,1,0,20664.321171875,128,-14982.231171874999,0,0.1
4524,user_28,476.62,2026-08-20 04:14:59.153465,Walmart,refund,Chennai,iOS,0,4,20,4,0,1,2,4678.404529914529,117,-4201.784529914529,1,0.5
4525,user_46,2672.94,2026-08-07 13:45:00.153465,Zomato,refund,Chennai,Web,1,13,40,5,0,1,1,4824.613684210526,133,-2151.673684210526,0,0.2
4526,user_35,9712.7,2026-08-15 00:06:38.153465,Swiggy,send,Delhi,Android,0,0,28,3,2,2,0,15800.978582677166,127,-6088.278582677165,1,0.1
4527,user_15,10763.37,2026-08-15 22:10:01.153465,Walmart,refund,Pune,Web,0,22,6,4,0,4,1,17357.696608695653,115,-6594.326608695652,0,0.2
4528,user_15,7850.47,2026-08-25 04:08:05.153465,Amazon,refund,Chennai,Android,0,4,6,0,0,1,0,17357.696608695653,115,-9507.226608695652,1,0.1
4529,user_31,3326.24,2026-08-11 19:12:32.153465,Flipkart,request,Chennai,iOS,0,19,24,1,1,1,2,4894.9887499999995,96,-1568.7487499999997,0,0.5
4530,user_47,4422.14,2026-09-15 14:47:22.153465,Flipkart,refund,Bangalore,Web,1,14,41,1,0,0,1,3883.282635658915,129,538.8573643410855,0,0.2
4531,user_46,2915.94,2026-09-08 17:27:23.153465,Zomato,request,Bangalore,iOS,0,17,40,5,1,0,2,4824.613684210526,133,-1908.673684210526,0,0.5
4532,user_22,19332.09,2026-09-01 06:04:27.153465,Flipkart,refund,Pune,Android,0,6,14,1,0,4,0,18343.150086206897,116,988.9399137931032,1,0.1
4533,user_40,56072.37,2026-08-21 12:46:36.153465,Flipkart,send,Pune,Android,1,12,34,1,2,4,0,18950.453564356438,101,37121.916435643565,0,0.1
4534,user_18,3765.29,2026-08-24 21:43:10.153465,Paytm,request,Mumbai,Android,0,21,9,2,1,3,0,4267.170924369748,119,-501.88092436974785,0,0.1
4535,user_33,8434.61,2026-09-05 01:47:12.153465,Flipkart,request,Chennai,Android,1,1,26,1,1,1,0,3974.536484375,128,4460.073515625001,1,0.1
4536,user_5,19092.75,2026-08-03 23:41:28.153465,Swiggy,refund,Chennai,Android,0,23,44,3,0,1,0,21765.65124031008,129,-2672.9012403100787,0,0.1
4537,user_17,1569.41,2026-08-16 10:01:57.153465,Amazon,request,Chennai,iOS,0,10,8,0,1,1,2,4173.412348484848,132,-2604.002348484848,0,0.5
4538,user_11,2058.33,2026-09-12 10:19:54.153465,Zomato,send,Mumbai,Android,0,10,2,5,2,3,0,3819.240342465753,146,-1760.9103424657533,0,0.1
4539,user_35,58158.2,2026-08-08 19:40:02.153465,Walmart,request,Pune,Android,0,19,28,4,1,4,0,15800.978582677166,127,42357.22141732283,0,0.1
4540,user_36,3488.54,2026-08-18 06:58:25.153465,Paytm,request,Pune,Android,0,6,29,2,1,4,0,4483.898691588785,107,-995.3586915887854,1,0.1
4541,user_35,30337.9,2026-08-18 20:56:28.153465,Swiggy,send,Bangalore,Android,1,20,28,3,2,0,0,15800.978582677166,127,14536.921417322836,0,0.1
4542,user_14,19889.86,2026-07-29 21:36:08.153465,Paytm,refund,Bangalore,Android,0,21,5,2,0,0,0,18284.780597014927,134,1605.079402985073,0,0.1
4543,user_37,19952.53,2026-08-20 21:27:08.153465,Swiggy,send,Pune,Web,0,21,30,3,2,4,1,15907.096030534352,131,4045.4339694656464,0,0.2
4544,user_30,14474.22,2026-07-28 04:28:36.153465,Walmart,request,Bangalore,iOS,1,4,23,4,1,0,2,20780.866470588233,119,-6306.646470588234,1,0.5
4545,user_47,432.48,2026-07-29 16:11:25.153465,Flipkart,request,Mumbai,iOS,0,16,41,1,1,3,2,3883.282635658915,129,-3450.802635658915,0,0.5
4546,user_38,17957.21,2026-09-09 17:56:39.153465,Zomato,refund,Delhi,Web,0,17,31,5,0,2,1,17814.76077586207,116,142.4492241379303,0,0.2
4547,user_2,33360.73,2026-09-01 02:47:31.153465,Paytm,request,Bangalore,Web,0,2,11,2,1,0,1,47401.46406779661,118,-14040.734067796606,1,0.2
4548,user_40,6661.62,2026-07-27 04:27:13.153465,Flipkart,refund,Chennai,Web,0,4,34,1,0,1,1,18950.453564356438,101,-12288.833564356439,1,0.2
4549,user_1,1931.83,2026-08-16 10:23:51.153465,Swiggy,request,Mumbai,iOS,0,10,0,3,1,3,2,4037.2688695652173,115,-2105.4388695652174,0,0.5
4550,user_49,10627.22,2026-09-11 13:45:32.153465,Amazon,request,Chennai,Web,0,13,43,0,1,1,1,19333.43277227723,101,-8706.21277227723,0,0.2
4551,user_7,45106.16,2026-09-17 18:46:26.153465,Swiggy,refund,Chennai,iOS,0,18,47,3,0,1,2,60187.18528,125,-15081.025279999994,0,0.5
4552,user_5,17916.12,2026-09-04 19:22:50.153465,Flipkart,request,Chennai,Web,0,19,44,1,1,1,1,21765.65124031008,129,-3849.5312403100797,0,0.2
4553,user_3,32448.81,2026-08-31 01:57:40.153465,Flipkart,request,Bangalore,iOS,0,1,22,1,1,0,2,51628.90211538462,104,-19180.092115384618,1,0.5
4554,user_46,4089.37,2026-07-22 20:09:14.153465,Swiggy,refund,Mumbai,iOS,0,20,40,3,0,3,2,4824.613684210526,133,-735.2436842105262,0,0.5
4555,user_31,2306.79,2026-09-13 01:21:48.153465,Amazon,send,Chennai,Web,0,1,24,0,2,1,1,4894.9887499999995,96,-2588.1987499999996,1,0.2
4556,user_7,20968.36,2026-08-10 18:24:42.153465,Walmart,send,Bangalore,Android,0,18,47,4,2,0,0,60187.18528,125,-39218.82528,0,0.1
4557,user_14,7796.71,2026-07-24 21:31:27.153465,Swiggy,send,Bangalore,Android,0,21,5,3,2,0,0,18284.780597014927,134,-10488.070597014928,0,0.1
4558,user_20,19198.49,2026-08-02 05:50:29.153465,Zomato,refund,Pune,iOS,0,5,12,5,0,4,2,19935.082280701754,114,-736.5922807017523,1,0.5
4559,user_48,549.88,2026-08-29 06:50:07.153465,Paytm,request,Chennai,iOS,0,6,42,2,1,1,2,4029.46368852459,122,-3479.58368852459,1,0.5
4560,user_41,3061.99,2026-09-15 05:15:04.153465,Amazon,request,Mumbai,iOS,0,5,35,0,1,3,2,4057.624609375,128,-995.6346093750003,1,0.5
4561,user_49,9375.4,2026-08-05 09:19:23.153465,Zomato,send,Mumbai,iOS,0,9,43,5,2,3,2,19333.43277227723,101,-9958.032772277229,0,0.5
4562,user_6,1416.21,2026-09-08 06:14:59.153465,Amazon,refund,Pune,Web,1,6,46,0,0,4,1,3699.0514728682174,129,-2282.8414728682174,1,0.2
4563,user_49,16612.66,2026-08-29 21:57:20.153465,Amazon,refund,Pune,Android,1,21,43,0,0,4,0,19333.43277227723,101,-2720.772772277229,0,0.1
4564,user_4,4948.32,2026-08-22 22:35:25.153465,Amazon,send,Bangalore,iOS,1,22,33,0,2,0,2,4960.130344827586,116,-11.81034482758605,0,0.5
4565,user_3,57010.92,2026-08-26 13:41:20.153465,Zomato,refund,Chennai,iOS,0,13,22,5,0,1,2,51628.90211538462,104,5382.017884615379,0,0.5
4566,user_48,4548.96,2026-09-14 02:05:12.153465,Zomato,refund,Mumbai,Web,1,2,42,5,0,3,1,4029.46368852459,122,519.49631147541,1,0.2
4567,user_19,524.57,2026-08-02 19:34:06.153465,Paytm,request,Chennai,iOS,0,19,10,2,1,1,2,3644.202786885246,122,-3119.632786885246,0,0.5
4568,user_23,17482.45,2026-09-14 09:32:12.153465,Walmart,send,Chennai,Web,1,9,15,4,2,1,1,21876.48723880597,134,-4394.0372388059695,0,0.2
4569,user_37,15928.65,2026-07-23 02:53:15.153465,Walmart,send,Mumbai,Android,0,2,30,4,2,3,0,15907.096030534352,131,21.553969465647242,1,0.1
4570,user_13,19878.33,2026-09-02 15:22:04.153465,Amazon,send,Chennai,iOS,0,15,4,0,2,1,2,16363.8575,124,3514.4725000000017,0,0.5
4571,user_8,2891.39,2026-09-05 06:06:05.153465,Walmart,refund,Mumbai,Android,0,6,48,4,0,3,0,4162.542654867257,113,-1271.1526548672568,1,0.1
4572,user_11,4985.25,2026-08-16 00:56:07.153465,Paytm,refund,Delhi,iOS,0,0,2,2,0,2,2,3819.240342465753,146,1166.0096575342468,1,0.5
4573,user_33,3231.94,2026-09-16 14:32:26.153465,Paytm,refund,Pune,Web,0,14,26,2,0,4,1,3974.536484375,128,-742.5964843749998,0,0.2
4574,user_22,17074.62,2026-08-11 01:56:04.153465,Flipkart,send,Chennai,Android,0,1,14,1,2,1,0,18343.150086206897,116,-1268.530086206898,1,0.1
4575,user_30,57559.52,2026-09-01 10:15:10.153465,Flipkart,send,Bangalore,Web,0,10,23,1,2,0,1,20780.866470588233,119,36778.653529411764,0,0.2
4576,user_29,3204.44,2026-09-13 14:10:22.153465,Swiggy,send,Pune,Web,0,14,21,3,2,4,1,4165.22631147541,122,-960.7863114754095,0,0.2
4577,user_37,11870.07,2026-08-23 02:12:38.153465,Amazon,send,Mumbai,Web,0,2,30,0,2,3,1,15907.096030534352,131,-4037.0260305343527,1,0.2
4578,user_50,2508.65,2026-08-23 14:44:40.153465,Walmart,refund,Pune,iOS,0,14,45,4,0,4,2,4276.488269230769,104,-1767.8382692307691,0,0.5
4579,user_31,3274.72,2026-08-13 11:36:45.153465,Paytm,send,Pune,Android,0,11,24,2,2,4,0,4894.9887499999995,96,-1620.2687499999997,0,0.1
4580,user_19,9883.34,2026-08-14 04:35:18.153465,Swiggy,refund,Bangalore,Web,1,4,10,3,0,0,1,3644.202786885246,122,6239.137213114755,1,0.2
4581,user_40,19555.88,2026-08-21 18:10:26.153465,Walmart,refund,Chennai,Web,0,18,34,4,0,1,1,18950.453564356438,101,605.4264356435633,0,0.2
4582,user_28,4070.46,2026-08-14 00:55:11.153465,Walmart,send,Delhi,Web,0,0,20,4,2,2,1,4678.404529914529,117,-607.9445299145291,1,0.2
4583,user_42,2640.54,2026-09-09 18:35:37.153465,Flipkart,send,Pune,Web,0,18,36,1,2,4,1,4749.498305084746,118,-2108.958305084746,0,0.2
4584,user_38,10466.49,2026-08-24 08:53:36.153465,Flipkart,send,Chennai,Android,0,8,31,1,2,1,0,17814.76077586207,116,-7348.270775862069,0,0.1
4585,user_40,7414.83,2026-08-20 22:08:01.153465,Walmart,refund,Bangalore,iOS,0,22,34,4,0,0,2,18950.453564356438,101,-11535.623564356438,0,0.5
4586,user_14,9803.12,2026-08-15 04:09:50.153465,Zomato,request,Bangalore,Web,0,4,5,5,1,0,1,18284.780597014927,134,-8481.660597014927,1,0.2
4587,user_46,4016.92,2026-08-30 04:01:21.153465,Swiggy,send,Mumbai,Web,0,4,40,3,2,3,1,4824.613684210526,133,-807.693684210526,1,0.2
4588,user_25,1561.3,2026-08-02 21:54:07.153465,Zomato,send,Pune,Web,1,21,17,5,2,4,1,3615.32544,125,-2054.0254400000003,0,0.2
4589,user_27,53376.06,2026-07-28 02:19:11.153465,Zomato,refund,Delhi,Android,1,2,19,5,0,2,0,18537.69881355932,118,34838.36118644068,1,0.1
4590,user_29,2497.98,2026-09-16 10:33:02.153465,Swiggy,send,Chennai,Web,0,10,21,3,2,1,1,4165.22631147541,122,-1667.2463114754096,0,0.2
4591,user_38,13812.35,2026-08-26 23:35:36.153465,Zomato,refund,Mumbai,iOS,0,23,31,5,0,3,2,17814.76077586207,116,-4002.4107758620685,0,0.5
4592,user_32,1745.32,2026-09-06 08:27:57.153465,Amazon,send,Mumbai,Android,1,8,25,0,2,3,0,3596.741,130,-1851.421,0,0.1
4593,user_10,17086.37,2026-08-09 00:11:31.153465,Swiggy,send,Pune,iOS,1,0,1,3,2,4,2,4115.205169491525,118,12971.164830508475,1,0.5
4594,user_50,1132.01,2026-08-09 02:31:01.153465,Amazon,send,Chennai,Android,0,2,45,0,2,1,0,4276.488269230769,104,-3144.478269230769,1,0.1
4595,user_6,1819.66,2026-09-02 11:12:02.153465,Flipkart,send,Bangalore,iOS,0,11,46,1,2,0,2,3699.0514728682174,129,-1879.3914728682173,0,0.5
4596,user_20,15427.43,2026-07-22 11:04:12.153465,Flipkart,request,Chennai,Web,0,11,12,1,1,1,1,19935.082280701754,114,-4507.652280701754,0,0.2
4597,user_37,11946.71,2026-09-14 22:03:50.153465,Swiggy,refund,Chennai,Android,0,22,30,3,0,1,0,15907.096030534352,131,-3960.3860305343533,0,0.1
4598,user_29,10242.86,2026-09-04 10:25:46.153465,Amazon,request,Chennai,Web,1,10,21,0,1,1,1,4165.22631147541,122,6077.633688524591,0,0.2
4599,user_4,1234.52,2026-08-06 15:55:18.153465,Paytm,refund,Pune,iOS,0,15,33,2,0,4,2,4960.130344827586,116,-3725.610344827586,0,0.5
4600,user_22,14549.61,2026-08-05 02:54:30.153465,Amazon,request,Chennai,Android,0,2,14,0,1,1,0,18343.150086206897,116,-3793.5400862068964,1,0.1
4601,user_18,2634.21,2026-08-27 07:24:32.153465,Swiggy,request,Delhi,Android,0,7,9,3,1,2,0,4267.170924369748,119,-1632.9609243697478,0,0.1
4602,user_10,13316.22,2026-09-08 13:35:22.153465,Zomato,send,Delhi,iOS,1,13,1,5,2,2,2,4115.205169491525,118,9201.014830508473,0,0.5
4603,user_40,14443.07,2026-08-30 03:33:36.153465,Swiggy,refund,Bangalore,iOS,0,3,34,3,0,0,2,18950.453564356438,101,-4507.383564356438,1,0.5
4604,user_40,15186.73,2026-08-29 15:34:14.153465,Swiggy,send,Chennai,Android,0,15,34,3,2,1,0,18950.453564356438,101,-3763.723564356438,0,0.1
4605,user_35,18172.61,2026-07-26 01:32:27.153465,Amazon,refund,Chennai,Android,1,1,28,0,0,1,0,15800.978582677166,127,2371.6314173228347,1,0.1
4606,user_28,4754.58,2026-09-06 09:01:21.153465,Flipkart,refund,Delhi,Web,1,9,20,1,0,2,1,4678.404529914529,117,76.1754700854708,0,0.2
4607,user_14,105209.62,2026-09-09 02:23:31.153465,Flipkart,refund,Bangalore,Web,1,2,5,1,0,0,1,18284.780597014927,134,86924.83940298506,1,0.2
4608,user_34,643.21,2026-08-13 17:33:35.153465,Walmart,request,Delhi,Web,0,17,27,4,1,2,1,4524.1720000000005,120,-3880.9620000000004,0,0.2
4609,user_7,57708.53,2026-09-09 04:41:47.153465,Amazon,refund,Pune,Web,0,4,47,0,0,4,1,60187.18528,125,-2478.655279999999,1,0.2
4610,user_17,1345.72,2026-07-23 05:42:35.153465,Walmart,refund,Pune,Android,0,5,8,4,0,4,0,4173.412348484848,132,-2827.6923484848476,1,0.1
4611,user_47,4116.17,2026-08-14 22:44:12.153465,Zomato,request,Chennai,Android,0,22,41,5,1,1,0,3883.282635658915,129,232.88736434108523,0,0.1
4612,user_20,11306.69,2026-08-07 09:45:27.153465,Swiggy,send,Pune,Android,0,9,12,3,2,4,0,19935.082280701754,114,-8628.392280701753,0,0.1
4613,user_25,2822.56,2026-08-22 17:45:00.153465,Zomato,refund,Pune,Web,0,17,17,5,0,4,1,3615.32544,125,-792.7654400000001,0,0.2
4614,user_25,11990.47,2026-08-24 15:34:41.153465,Walmart,request,Delhi,Android,0,15,17,4,1,2,0,3615.32544,125,8375.144559999999,0,0.1
4615,user_37,9845.35,2026-08-30 03:05:19.153465,Flipkart,refund,Chennai,iOS,0,3,30,1,0,1,2,15907.096030534352,131,-6061.746030534352,1,0.5
4616,user_37,16560.75,2026-08-29 21:43:44.153465,Amazon,request,Delhi,Android,0,21,30,0,1,2,0,15907.096030534352,131,653.6539694656476,0,0.1
4617,user_20,35088.13,2026-09-09 10:18:36.153465,Walmart,refund,Delhi,Web,1,10,12,4,0,2,1,19935.082280701754,114,15153.047719298243,0,0.2
4618,user_39,1111.54,2026-08-16 13:18:43.153465,Amazon,send,Pune,Android,0,13,32,0,2,4,0,4488.573909090909,110,-3377.033909090909,0,0.1
4619,user_18,3204.1,2026-08-03 00:08:39.153465,Swiggy,request,Delhi,Android,0,0,9,3,1,2,0,4267.170924369748,119,-1063.070924369748,1,0.1
4620,user_34,2848.58,2026-08-21 18:58:55.153465,Paytm,refund,Pune,iOS,0,18,27,2,0,4,2,4524.1720000000005,120,-1675.5920000000006,0,0.5
4621,user_44,17399.64,2026-08-03 07:41:08.153465,Flipkart,send,Chennai,iOS,0,7,38,1,2,1,2,17327.384636363637,110,72.25536363636274,0,0.5
4622,user_28,25685.73,2026-07-30 21:31:13.153465,Walmart,send,Pune,iOS,1,21,20,4,2,4,2,4678.404529914529,117,21007.32547008547,0,0.5
4623,user_10,4134.74,2026-08-22 15:19:24.153465,Amazon,refund,Bangalore,Web,1,15,1,0,0,0,1,4115.205169491525,118,19.534830508474442,0,0.2
4624,user_26,4018.47,2026-09-03 13:53:19.153465,Flipkart,refund,Delhi,iOS,0,13,18,1,0,2,2,4396.555663716814,113,-378.085663716814,0,0.5
4625,user_5,15960.07,2026-09-07 01:19:43.153465,Paytm,send,Mumbai,iOS,0,1,44,2,2,3,2,21765.65124031008,129,-5805.581240310079,1,0.5
4626,user_32,727.99,2026-08-12 04:35:34.153465,Zomato,request,Pune,iOS,0,4,25,5,1,4,2,3596.741,130,-2868.751,1,0.5
4627,user_47,1263.38,2026-08-12 14:42:11.153465,Walmart,refund,Delhi,iOS,0,14,41,4,0,2,2,3883.282635658915,129,-2619.9026356589147,0,0.5
4628,user_10,4556.77,2026-08-21 00:41:01.153465,Swiggy,send,Chennai,Web,1,0,1,3,2,1,1,4115.205169491525,118,441.5648305084751,1,0.2
4629,user_28,2171.5,2026-08-03 03:28:07.153465,Amazon,request,Pune,Android,0,3,20,0,1,4,0,4678.404529914529,117,-2506.904529914529,1,0.1
4630,user_19,3028.29,2026-09-17 22:13:01.153465,Zomato,request,Chennai,Web,0,22,10,5,1,1,1,3644.202786885246,122,-615.9127868852461,0,0.2
4631,user_19,10956.86,2026-09-18 15:28:18.153465,Paytm,refund,Bangalore,Android,0,15,10,2,0,0,0,3644.202786885246,122,7312.657213114755,0,0.1
4632,user_6,728.94,2026-08-15 22:28:18.153465,Flipkart,refund,Chennai,Android,0,22,46,1,0,1,0,3699.0514728682174,129,-2970.1114728682173,0,0.1
4633,user_15,150372.59,2026-08-23 23:26:56.153465,Amazon,request,Chennai,Android,1,23,6,0,1,1,0,17357.696608695653,115,133014.89339130436,0,0.1
4634,user_25,4346.03,2026-08-03 05:41:18.153465,Flipkart,request,Chennai,Web,1,5,17,1,1,1,1,3615.32544,125,730.7045599999997,1,0.2
4635,user_13,6657.85,2026-07-30 21:20:49.153465,Walmart,send,Mumbai,iOS,0,21,4,4,2,3,2,16363.8575,124,-9706.0075,0,0.5
4636,user_33,938.74,2026-08-19 14:17:16.153465,Flipkart,send,Pune,Web,1,14,26,1,2,4,1,3974.536484375,128,-3035.7964843749996,0,0.2
4637,user_24,5478.47,2026-08-10 11:16:02.153465,Swiggy,refund,Delhi,Android,0,11,16,3,0,2,0,20664.321171875,128,-15185.851171874998,0,0.1
4638,user_47,1494.23,2026-08-19 10:00:24.153465,Amazon,request,Bangalore,iOS,0,10,41,0,1,0,2,3883.282635658915,129,-2389.052635658915,0,0.5
4639,user_34,4539.39,2026-08-25 10:42:56.153465,Walmart,send,Delhi,Web,1,10,27,4,2,2,1,4524.1720000000005,120,15.217999999999847,0,0.2
4640,user_13,14272.98,2026-08-17 05:47:43.153465,Paytm,request,Bangalore,iOS,0,5,4,2,1,0,2,16363.8575,124,-2090.8775000000005,1,0.5
4641,user_33,4300.61,2026-09-18 14:09:28.153465,Paytm,refund,Chennai,Android,0,14,26,2,0,1,0,3974.536484375,128,326.0735156249998,0,0.1
4642,user_11,3386.0,2026-08-07 12:28:24.153465,Swiggy,refund,Chennai,Web,0,12,2,3,0,1,1,3819.240342465753,146,-433.2403424657532,0,0.2
4643,user_49,16826.14,2026-08-12 20:12:15.153465,Walmart,request,Bangalore,Web,0,20,43,4,1,0,1,19333.43277227723,101,-2507.2927722772292,0,0.2
4644,user_9,4483.67,2026-07-26 09:37:31.153465,Amazon,request,Delhi,iOS,1,9,49,0,1,2,2,4747.313999999999,110,-263.6439999999993,0,0.5
4645,user_37,12845.02,2026-08-30 02:38:34.153465,Zomato,refund,Delhi,Web,0,2,30,5,0,2,1,15907.096030534352,131,-3062.076030534352,1,0.2
4646,user_39,24412.97,2026-08-06 04:43:43.153465,Flipkart,refund,Chennai,Web,1,4,32,1,0,1,1,4488.573909090909,110,19924.396090909093,1,0.2
4647,user_48,3664.44,2026-08-13 02:26:23.153465,Walmart,send,Mumbai,iOS,0,2,42,4,2,3,2,4029.46368852459,122,-365.02368852458994,1,0.5
4648,user_44,18039.29,2026-08-12 23:12:21.153465,Zomato,send,Bangalore,Android,0,23,38,5,2,0,0,17327.384636363637,110,711.9053636363642,0,0.1
4649,user_18,3730.23,2026-08-27 15:32:34.153465,Zomato,send,Bangalore,Android,0,15,9,5,2,0,0,4267.170924369748,119,-536.9409243697478,0,0.1
4650,user_38,12479.14,2026-08-21 18:06:04.153465,Walmart,refund,Delhi,Web,0,18,31,4,0,2,1,17814.76077586207,116,-5335.620775862069,0,0.2
4651,user_1,742.96,2026-09-13 11:55:26.153465,Paytm,refund,Pune,iOS,0,11,0,2,0,4,2,4037.2688695652173,115,-3294.3088695652173,0,0.5
4652,user_46,28034.81,2026-09-11 17:45:14.153465,Walmart,refund,Pune,Web,1,17,40,4,0,4,1,4824.613684210526,133,23210.196315789475,0,0.2
4653,user_5,79023.92,2026-07-26 16:35:53.153465,Paytm,send,Pune,iOS,0,16,44,2,2,4,2,21765.65124031008,129,57258.26875968992,0,0.5
4654,user_18,12524.36,2026-08-14 14:34:20.153465,Flipkart,send,Delhi,Web,1,14,9,1,2,2,1,4267.170924369748,119,8257.189075630253,0,0.2
4655,user_42,4542.58,2026-08-10 08:09:48.153465,Walmart,request,Pune,Web,1,8,36,4,1,4,1,4749.498305084746,118,-206.91830508474595,0,0.2
4656,user_6,2311.75,2026-08-08 01:55:53.153465,Flipkart,refund,Delhi,Android,0,1,46,1,0,2,0,3699.0514728682174,129,-1387.3014728682174,1,0.1
4657,user_18,2409.38,2026-08-28 10:54:05.153465,Flipkart,send,Bangalore,Web,0,10,9,1,2,0,1,4267.170924369748,119,-1857.7909243697477,0,0.2
4658,user_46,1892.74,2026-09-13 13:33:10.153465,Swiggy,send,Pune,Web,0,13,40,3,2,4,1,4824.613684210526,133,-2931.8736842105263,0,0.2
4659,user_44,18474.47,2026-08-17 12:23:38.153465,Paytm,send,Bangalore,Web,0,12,38,2,2,0,1,17327.384636363637,110,1147.0853636363645,0,0.2
4660,user_16,4159.63,2026-08-16 03:29:27.153465,Flipkart,refund,Chennai,iOS,0,3,7,1,0,1,2,3660.321525423729,118,499.30847457627124,1,0.5
4661,user_16,14452.34,2026-09-17 09:32:36.153465,Flipkart,request,Delhi,Android,1,9,7,1,1,2,0,3660.321525423729,118,10792.01847457627,0,0.1
4662,user_34,1953.47,2026-08-30 00:25:25.153465,Paytm,request,Mumbai,Android,0,0,27,2,1,3,0,4524.1720000000005,120,-2570.702,1,0.1
4663,user_2,34346.29,2026-08-15 09:19:43.153465,Zomato,request,Mumbai,iOS,0,9,11,5,1,3,2,47401.46406779661,118,-13055.174067796608,0,0.5
4664,user_43,19260.62,2026-08-24 16:25:24.153465,Walmart,request,Bangalore,Web,0,16,37,4,1,0,1,15429.552764227643,123,3831.067235772356,0,0.2
4665,user_10,4414.29,2026-08-04 15:48:31.153465,Paytm,request,Delhi,Web,1,15,1,2,1,2,1,4115.205169491525,118,299.0848305084746,0,0.2
4666,user_30,13100.0,2026-08-31 13:41:48.153465,Flipkart,refund,Delhi,iOS,0,13,23,1,0,2,2,20780.866470588233,119,-7680.866470588233,0,0.5
4667,user_21,575.2,2026-07-30 18:46:01.153465,Amazon,request,Pune,Android,0,18,13,0,1,4,0,4244.438115942029,138,-3669.2381159420293,0,0.1
4668,user_44,9920.31,2026-08-22 15:08:43.153465,Walmart,refund,Delhi,Web,0,15,38,4,0,2,1,17327.384636363637,110,-7407.074636363637,0,0.2
4669,user_13,10848.95,2026-08-02 10:37:21.153465,Amazon,refund,Pune,Android,0,10,4,0,0,4,0,16363.8575,124,-5514.907499999999,0,0.1
4670,user_1,4040.06,2026-09-14 00:08:09.153465,Paytm,send,Mumbai,Web,1,0,0,2,2,3,1,4037.2688695652173,115,2.7911304347826444,1,0.2
4671,user_24,10424.51,2026-09-02 13:14:17.153465,Flipkart,refund,Mumbai,iOS,0,13,16,1,0,3,2,20664.321171875,128,-10239.811171874999,0,0.5
4672,user_18,359.4,2026-09-08 03:25:01.153465,Flipkart,refund,Bangalore,Android,0,3,9,1,0,0,0,4267.170924369748,119,-3907.7709243697477,1,0.1
4673,user_1,2402.64,2026-07-31 16:17:59.153465,Zomato,send,Mumbai,Web,0,16,0,5,2,3,1,4037.2688695652173,115,-1634.6288695652174,0,0.2
4674,user_13,7607.78,2026-07-26 10:17:29.153465,Paytm,request,Mumbai,Web,0,10,4,2,1,3,1,16363.8575,124,-8756.0775,0,0.2
4675,user_27,35465.76,2026-08-19 18:52:52.153465,Paytm,request,Pune,Web,0,18,19,2,1,4,1,18537.69881355932,118,16928.061186440682,0,0.2
4676,user_5,12084.3,2026-09-02 06:02:18.153465,Zomato,request,Pune,Web,0,6,44,5,1,4,1,21765.65124031008,129,-9681.35124031008,1,0.2
4677,user_19,2732.75,2026-09-04 02:27:40.153465,Walmart,refund,Pune,Web,0,2,10,4,0,4,1,3644.202786885246,122,-911.452786885246,1,0.2
4678,user_45,12652.97,2026-08-09 19:24:56.153465,Paytm,send,Pune,iOS,1,19,39,2,2,4,2,3748.3989344262295,122,8904.57106557377,0,0.5
4679,user_46,1760.42,2026-07-21 15:03:48.153465,Amazon,request,Bangalore,iOS,0,15,40,0,1,0,2,4824.613684210526,133,-3064.193684210526,0,0.5
4680,user_45,4101.98,2026-08-16 16:18:17.153465,Swiggy,refund,Delhi,Web,0,16,39,3,0,2,1,3748.3989344262295,122,353.58106557377005,0,0.2
4681,user_34,17542.52,2026-07-22 16:06:01.153465,Walmart,refund,Delhi,Web,1,16,27,4,0,2,1,4524.1720000000005,120,13018.348,0,0.2
4682,user_24,92769.44,2026-08-16 19:17:52.153465,Paytm,request,Chennai,Android,0,19,16,2,1,1,0,20664.321171875,128,72105.118828125,0,0.1
4683,user_25,3765.76,2026-09-02 14:19:47.153465,Flipkart,request,Pune,Android,0,14,17,1,1,4,0,3615.32544,125,150.43456000000015,0,0.1
4684,user_2,21146.56,2026-07-29 22:47:07.153465,Swiggy,request,Delhi,iOS,0,22,11,3,1,2,2,47401.46406779661,118,-26254.904067796608,0,0.5
4685,user_42,3653.23,2026-08-13 15:20:16.153465,Paytm,request,Delhi,Android,0,15,36,2,1,2,0,4749.498305084746,118,-1096.2683050847459,0,0.1
4686,user_43,10603.46,2026-07-26 20:25:16.153465,Swiggy,request,Mumbai,Android,0,20,37,3,1,3,0,15429.552764227643,123,-4826.092764227644,0,0.1
4687,user_36,4241.04,2026-08-11 12:32:03.153465,Walmart,refund,Mumbai,iOS,1,12,29,4,0,3,2,4483.898691588785,107,-242.8586915887854,0,0.5
4688,user_18,4977.54,2026-07-26 03:23:28.153465,Walmart,refund,Pune,iOS,1,3,9,4,0,4,2,4267.170924369748,119,710.3690756302522,1,0.5
4689,user_34,3567.37,2026-09-18 07:21:04.153465,Walmart,request,Mumbai,iOS,0,7,27,4,1,3,2,4524.1720000000005,120,-956.8020000000006,0,0.5
4690,user_42,4677.51,2026-08-10 18:22:24.153465,Flipkart,request,Delhi,Android,1,18,36,1,1,2,0,4749.498305084746,118,-71.98830508474566,0,0.1
4691,user_34,2569.31,2026-09-07 05:35:24.153465,Paytm,send,Chennai,Android,0,5,27,2,2,1,0,4524.1720000000005,120,-1954.8620000000005,1,0.1
4692,user_15,14626.57,2026-08-19 09:17:08.153465,Paytm,send,Bangalore,Android,0,9,6,2,2,0,0,17357.696608695653,115,-2731.126608695653,0,0.1
4693,user_20,48440.79,2026-08-26 20:41:27.153465,Zomato,refund,Mumbai,Android,0,20,12,5,0,3,0,19935.082280701754,114,28505.707719298247,0,0.1
4694,user_11,605.72,2026-07-27 16:03:45.153465,Swiggy,send,Delhi,Android,0,16,2,3,2,2,0,3819.240342465753,146,-3213.520342465753,0,0.1
4695,user_37,8720.56,2026-08-04 02:07:52.153465,Walmart,request,Bangalore,iOS,0,2,30,4,1,0,2,15907.096030534352,131,-7186.536030534353,1,0.5
4696,user_45,2455.39,2026-08-25 03:35:30.153465,Amazon,send,Pune,Web,0,3,39,0,2,4,1,3748.3989344262295,122,-1293.0089344262296,1,0.2
4697,user_15,19510.11,2026-08-30 07:58:42.153465,Paytm,request,Delhi,iOS,0,7,6,2,1,2,2,17357.696608695653,115,2152.413391304348,0,0.5
4698,user_45,1416.76,2026-08-09 13:23:13.153465,Paytm,refund,Bangalore,iOS,0,13,39,2,0,0,2,3748.3989344262295,122,-2331.6389344262298,0,0.5
4699,user_13,7023.91,2026-08-30 13:46:59.153465,Flipkart,send,Mumbai,iOS,1,13,4,1,2,3,2,16363.8575,124,-9339.9475,0,0.5
4700,user_3,43453.98,2026-08-20 10:48:32.153465,Amazon,send,Bangalore,Android,0,10,22,0,2,0,0,51628.90211538462,104,-8174.922115384616,0,0.1
4701,user_38,6326.42,2026-07-24 15:53:37.153465,Paytm,refund,Pune,Android,0,15,31,2,0,4,0,17814.76077586207,116,-11488.340775862069,0,0.1
4702,user_27,12688.16,2026-08-10 20:45:00.153465,Swiggy,refund,Pune,Web,0,20,19,3,0,4,1,18537.69881355932,118,-5849.53881355932,0,0.2
4703,user_9,13917.85,2026-08-10 10:17:07.153465,Zomato,send,Bangalore,iOS,1,10,49,5,2,0,2,4747.313999999999,110,9170.536,0,0.5
4704,user_9,3701.6,2026-08-03 13:51:45.153465,Walmart,request,Mumbai,Android,0,13,49,4,1,3,0,4747.313999999999,110,-1045.7139999999995,0,0.1
4705,user_17,1870.83,2026-08-21 02:40:07.153465,Zomato,send,Mumbai,Android,0,2,8,5,2,3,0,4173.412348484848,132,-2302.582348484848,1,0.1
4706,user_43,98314.0,2026-08-10 09:03:43.153465,Zomato,refund,Chennai,iOS,1,9,37,5,0,1,2,15429.552764227643,123,82884.44723577236,0,0.5
4707,user_40,6900.48,2026-08-30 07:01:20.153465,Zomato,request,Bangalore,Android,0,7,34,5,1,0,0,18950.453564356438,101,-12049.973564356438,0,0.1
4708,user_23,17888.59,2026-07-31 20:41:16.153465,Zomato,request,Bangalore,iOS,0,20,15,5,1,0,2,21876.48723880597,134,-3987.89723880597,0,0.5
4709,user_13,6364.5,2026-09-13 13:19:24.153465,Flipkart,request,Mumbai,Android,1,13,4,1,1,3,0,16363.8575,124,-9999.3575,0,0.1
4710,user_12,48103.82,2026-08-29 21:05:43.153465,Zomato,request,Delhi,Web,0,21,3,5,1,2,1,52530.11026548673,113,-4426.2902654867285,0,0.2
4711,user_22,13018.63,2026-09-15 08:01:38.153465,Amazon,send,Chennai,Web,1,8,14,0,2,1,1,18343.150086206897,116,-5324.520086206898,0,0.2
4712,user_47,19144.89,2026-07-23 04:33:33.153465,Flipkart,send,Chennai,Android,0,4,41,1,2,1,0,3883.282635658915,129,15261.607364341085,1,0.1
4713,user_7,21891.38,2026-08-08 12:59:52.153465,Flipkart,refund,Bangalore,iOS,0,12,47,1,0,0,2,60187.18528,125,-38295.80528,0,0.5
4714,user_43,13452.34,2026-08-31 16:08:57.153465,Swiggy,send,Delhi,Web,0,16,37,3,2,2,1,15429.552764227643,123,-1977.2127642276428,0,0.2
4715,user_49,7638.22,2026-09-08 03:57:40.153465,Swiggy,send,Chennai,Web,0,3,43,3,2,1,1,19333.43277227723,101,-11695.212772277227,1,0.2
4716,user_24,9976.89,2026-08-28 00:20:19.153465,Amazon,request,Delhi,Web,0,0,16,0,1,2,1,20664.321171875,128,-10687.431171875,1,0.2
4717,user_46,1310.18,2026-07-25 14:01:22.153465,Swiggy,refund,Chennai,Web,1,14,40,3,0,1,1,4824.613684210526,133,-3514.433684210526,0,0.2
4718,user_48,1756.72,2026-08-24 16:30:23.153465,Swiggy,send,Mumbai,Android,0,16,42,3,2,3,0,4029.46368852459,122,-2272.7436885245897,0,0.1
4719,user_12,54124.9,2026-09-08 22:22:29.153465,Paytm,send,Mumbai,iOS,0,22,3,2,2,3,2,52530.11026548673,113,1594.7897345132733,0,0.5
4720,user_43,19362.94,2026-09-08 00:14:18.153465,Walmart,request,Chennai,iOS,0,0,37,4,1,1,2,15429.552764227643,123,3933.387235772356,1,0.5
4721,user_18,790.0,2026-08-07 23:52:08.153465,Swiggy,refund,Bangalore,iOS,0,23,9,3,0,0,2,4267.170924369748,119,-3477.170924369748,0,0.5
4722,user_15,8044.94,2026-07-28 14:17:40.153465,Paytm,send,Pune,Android,0,14,6,2,2,4,0,17357.696608695653,115,-9312.756608695654,0,0.1
4723,user_7,50445.64,2026-08-29 12:23:31.153465,Amazon,send,Chennai,iOS,0,12,47,0,2,1,2,60187.18528,125,-9741.545279999998,0,0.5
4724,user_37,15319.71,2026-09-01 13:47:43.153465,Amazon,refund,Bangalore,iOS,0,13,30,0,0,0,2,15907.096030534352,131,-587.3860305343533,0,0.5
4725,user_9,2076.06,2026-07-26 03:52:37.153465,Zomato,refund,Pune,Android,1,3,49,5,0,4,0,4747.313999999999,110,-2671.2539999999995,1,0.1
4726,user_30,18474.86,2026-09-07 04:02:44.153465,Amazon,request,Bangalore,iOS,0,4,23,0,1,0,2,20780.866470588233,119,-2306.0064705882323,1,0.5
4727,user_38,9013.91,2026-09-04 17:48:17.153465,Swiggy,refund,Chennai,Android,0,17,31,3,0,1,0,17814.76077586207,116,-8800.850775862069,0,0.1
4728,user_13,13985.13,2026-07-26 20:16:42.153465,Swiggy,send,Delhi,iOS,0,20,4,3,2,2,2,16363.8575,124,-2378.727500000001,0,0.5
4729,user_25,3774.61,2026-09-16 10:58:47.153465,Walmart,refund,Bangalore,Web,0,10,17,4,0,0,1,3615.32544,125,159.28456000000006,0,0.2
4730,user_50,4880.21,2026-09-07 19:55:46.153465,Swiggy,request,Mumbai,Android,1,19,45,3,1,3,0,4276.488269230769,104,603.7217307692308,0,0.1
4731,user_36,7714.18,2026-08-19 10:55:52.153465,Walmart,send,Chennai,iOS,1,10,29,4,2,1,2,4483.898691588785,107,3230.281308411215,0,0.5
4732,user_28,2735.97,2026-09-16 04:00:39.153465,Paytm,refund,Delhi,Web,0,4,20,2,0,2,1,4678.404529914529,117,-1942.4345299145293,1,0.2
4733,user_18,13476.34,2026-07-25 09:59:53.153465,Paytm,refund,Chennai,Android,0,9,9,2,0,1,0,4267.170924369748,119,9209.169075630252,0,0.1
4734,user_4,2918.79,2026-09-14 23:22:29.153465,Amazon,request,Bangalore,Web,0,23,33,0,1,0,1,4960.130344827586,116,-2041.3403448275858,0,0.2
4735,user_18,7760.36,2026-08-24 10:22:39.153465,Paytm,refund,Pune,Web,1,10,9,2,0,4,1,4267.170924369748,119,3493.189075630252,0,0.2
4736,user_7,59898.67,2026-08-26 15:46:52.153465,Paytm,send,Chennai,iOS,0,15,47,2,2,1,2,60187.18528,125,-288.5152799999996,0,0.5
4737,user_39,3790.07,2026-09-10 15:50:06.153465,Zomato,request,Mumbai,Android,0,15,32,5,1,3,0,4488.573909090909,110,-698.503909090909,0,0.1
4738,user_32,3791.31,2026-08-15 11:16:02.153465,Paytm,send,Chennai,iOS,0,11,25,2,2,1,2,3596.741,130,194.56899999999996,0,0.5
4739,user_46,2963.7,2026-07-29 09:10:44.153465,Flipkart,send,Bangalore,iOS,0,9,40,1,2,0,2,4824.613684210526,133,-1860.9136842105263,0,0.5
4740,user_31,9045.05,2026-07-30 16:09:11.153465,Walmart,refund,Chennai,Android,1,16,24,4,0,1,0,4894.9887499999995,96,4150.06125,0,0.1
4741,user_23,7189.93,2026-08-02 13:38:33.153465,Zomato,send,Delhi,iOS,0,13,15,5,2,2,2,21876.48723880597,134,-14686.55723880597,0,0.5
4742,user_11,2872.45,2026-08-25 21:09:29.153465,Zomato,send,Bangalore,Android,0,21,2,5,2,0,0,3819.240342465753,146,-946.7903424657534,0,0.1
4743,user_7,247264.02,2026-08-26 07:25:32.153465,Flipkart,request,Pune,iOS,0,7,47,1,1,4,2,60187.18528,125,187076.83471999998,0,0.5
4744,user_12,47425.82,2026-07-22 05:59:34.153465,Walmart,send,Chennai,iOS,0,5,3,4,2,1,2,52530.11026548673,113,-5104.2902654867285,1,0.5
4745,user_26,1907.0,2026-08-12 01:03:02.153465,Swiggy,refund,Pune,Web,0,1,18,3,0,4,1,4396.555663716814,113,-2489.555663716814,1,0.2
4746,user_40,15737.2,2026-09-03 00:45:51.153465,Zomato,request,Delhi,iOS,0,0,34,5,1,2,2,18950.453564356438,101,-3213.253564356437,1,0.5
4747,user_21,4376.65,2026-08-22 00:51:04.153465,Zomato,send,Mumbai,Web,1,0,13,5,2,3,1,4244.438115942029,138,132.21188405797056,1,0.2
4748,user_39,2345.91,2026-08-23 18:16:39.153465,Swiggy,refund,Chennai,iOS,0,18,32,3,0,1,2,4488.573909090909,110,-2142.6639090909093,0,0.5
4749,user_46,3525.36,2026-08-06 06:23:11.153465,Walmart,send,Pune,Web,1,6,40,4,2,4,1,4824.613684210526,133,-1299.253684210526,1,0.2
4750,user_47,1394.68,2026-07-29 23:55:21.153465,Swiggy,refund,Chennai,iOS,0,23,41,3,0,1,2,3883.282635658915,129,-2488.6026356589146,0,0.5
4751,user_12,17770.96,2026-08-23 20:08:53.153465,Paytm,refund,Pune,Web,1,20,3,2,0,4,1,52530.11026548673,113,-34759.15026548673,0,0.2
4752,user_11,375.85,2026-08-24 15:53:02.153465,Swiggy,request,Pune,Android,0,15,2,3,1,4,0,3819.240342465753,146,-3443.3903424657533,0,0.1
4753,user_36,3527.86,2026-08-27 21:24:03.153465,Flipkart,refund,Chennai,Web,0,21,29,1,0,1,1,4483.898691588785,107,-956.0386915887852,0,0.2
4754,user_23,15789.87,2026-07-24 11:14:54.153465,Walmart,request,Bangalore,Web,0,11,15,4,1,0,1,21876.48723880597,134,-6086.6172388059695,0,0.2
4755,user_16,599.14,2026-08-16 21:56:46.153465,Amazon,send,Chennai,iOS,0,21,7,0,2,1,2,3660.321525423729,118,-3061.181525423729,0,0.5
4756,user_44,6045.73,2026-08-21 20:50:25.153465,Walmart,send,Pune,Android,0,20,38,4,2,4,0,17327.384636363637,110,-11281.654636363637,0,0.1
4757,user_37,12072.27,2026-09-17 20:14:23.153465,Walmart,refund,Chennai,Web,1,20,30,4,0,1,1,15907.096030534352,131,-3834.826030534352,0,0.2
4758,user_48,4046.22,2026-09-15 08:52:32.153465,Paytm,request,Delhi,iOS,0,8,42,2,1,2,2,4029.46368852459,122,16.756311475409802,0,0.5
4759,user_48,2341.58,2026-07-28 07:38:54.153465,Amazon,request,Delhi,iOS,0,7,42,0,1,2,2,4029.46368852459,122,-1687.88368852459,0,0.5
4760,user_28,2515.02,2026-08-31 11:01:27.153465,Walmart,send,Bangalore,iOS,0,11,20,4,2,0,2,4678.404529914529,117,-2163.384529914529,0,0.5
4761,user_20,10900.03,2026-09-11 08:19:25.153465,Amazon,send,Delhi,iOS,0,8,12,0,2,2,2,19935.082280701754,114,-9035.052280701753,0,0.5
4762,user_26,3397.41,2026-08-26 01:54:28.153465,Swiggy,refund,Delhi,Web,0,1,18,3,0,2,1,4396.555663716814,113,-999.1456637168139,1,0.2
4763,user_13,18311.15,2026-09-12 17:46:10.153465,Amazon,refund,Delhi,Web,0,17,4,0,0,2,1,16363.8575,124,1947.2925000000014,0,0.2
4764,user_36,1101.8,2026-07-22 15:47:17.153465,Walmart,request,Bangalore,Android,0,15,29,4,1,0,0,4483.898691588785,107,-3382.098691588785,0,0.1
4765,user_42,2451.18,2026-08-06 15:09:08.153465,Flipkart,request,Mumbai,Web,1,15,36,1,1,3,1,4749.498305084746,118,-2298.318305084746,0,0.2
4766,user_41,3187.22,2026-09-01 00:50:21.153465,Paytm,refund,Chennai,Web,1,0,35,2,0,1,1,4057.624609375,128,-870.4046093750003,1,0.2
4767,user_42,4681.0,2026-09-02 11:25:36.153465,Zomato,send,Pune,Android,0,11,36,5,2,4,0,4749.498305084746,118,-68.49830508474588,0,0.1
4768,user_9,242.44,2026-09-13 15:11:07.153465,Swiggy,request,Delhi,iOS,0,15,49,3,1,2,2,4747.313999999999,110,-4504.874,0,0.5
4769,user_19,856.32,2026-09-14 02:33:15.153465,Amazon,request,Bangalore,iOS,0,2,10,0,1,0,2,3644.202786885246,122,-2787.882786885246,1,0.5
4770,user_34,3227.39,2026-08-24 07:16:29.153465,Paytm,request,Chennai,Web,0,7,27,2,1,1,1,4524.1720000000005,120,-1296.7820000000006,0,0.2
4771,user_28,11584.93,2026-09-17 00:23:57.153465,Zomato,send,Delhi,iOS,1,0,20,5,2,2,2,4678.404529914529,117,6906.525470085471,1,0.5
4772,user_18,1039.0,2026-07-22 13:28:19.153465,Swiggy,refund,Bangalore,iOS,0,13,9,3,0,0,2,4267.170924369748,119,-3228.170924369748,0,0.5
4773,user_27,13980.53,2026-09-16 11:10:23.153465,Swiggy,refund,Pune,Android,0,11,19,3,0,4,0,18537.69881355932,118,-4557.1688135593195,0,0.1
4774,user_28,3809.5,2026-08-13 16:25:37.153465,Paytm,refund,Chennai,Android,0,16,20,2,0,1,0,4678.404529914529,117,-868.9045299145291,0,0.1
4775,user_42,4384.4,2026-08-18 20:37:15.153465,Walmart,request,Mumbai,iOS,0,20,36,4,1,3,2,4749.498305084746,118,-365.09830508474624,0,0.5
4776,user_50,8380.41,2026-08-18 15:58:59.153465,Swiggy,send,Delhi,Web,1,15,45,3,2,2,1,4276.488269230769,104,4103.921730769231,0,0.2
4777,user_41,2145.95,2026-08-05 11:56:25.153465,Amazon,refund,Mumbai,iOS,0,11,35,0,0,3,2,4057.624609375,128,-1911.6746093750003,0,0.5
4778,user_6,2174.92,2026-07-25 07:25:24.153465,Swiggy,refund,Delhi,iOS,0,7,46,3,0,2,2,3699.0514728682174,129,-1524.1314728682173,0,0.5
4779,user_42,966.14,2026-07-27 08:45:17.153465,Swiggy,refund,Delhi,Android,0,8,36,3,0,2,0,4749.498305084746,118,-3783.358305084746,0,0.1
4780,user_2,37114.82,2026-08-15 02:15:11.153465,Swiggy,send,Mumbai,Web,1,2,11,3,2,3,1,47401.46406779661,118,-10286.64406779661,1,0.2
4781,user_28,2095.93,2026-09-01 22:19:42.153465,Walmart,refund,Mumbai,iOS,0,22,20,4,0,3,2,4678.404529914529,117,-2582.4745299145293,0,0.5
4782,user_12,50817.63,2026-09-08 14:26:48.153465,Zomato,send,Pune,Web,0,14,3,5,2,4,1,52530.11026548673,113,-1712.4802654867308,0,0.2
4783,user_13,11333.69,2026-09-04 18:01:53.153465,Swiggy,refund,Mumbai,Android,0,18,4,3,0,3,0,16363.8575,124,-5030.1675,0,0.1
4784,user_21,1244.55,2026-07-31 18:35:27.153465,Paytm,refund,Bangalore,Web,0,18,13,2,0,0,1,4244.438115942029,138,-2999.888115942029,0,0.2
4785,user_31,296.52,2026-09-12 15:46:37.153465,Paytm,refund,Chennai,iOS,0,15,24,2,0,1,2,4894.9887499999995,96,-4598.46875,0,0.5
4786,user_31,4189.21,2026-08-30 07:07:14.153465,Paytm,request,Bangalore,Web,1,7,24,2,1,0,1,4894.9887499999995,96,-705.7787499999995,0,0.2
4787,user_25,4383.15,2026-09-01 15:53:41.153465,Walmart,refund,Mumbai,Web,1,15,17,4,0,3,1,3615.32544,125,767.8245599999996,0,0.2
4788,user_36,2620.94,2026-08-11 18:13:47.153465,Zomato,refund,Chennai,Android,0,18,29,5,0,1,0,4483.898691588785,107,-1862.9586915887853,0,0.1
4789,user_31,1343.27,2026-08-17 20:40:45.153465,Paytm,refund,Mumbai,Android,0,20,24,2,0,3,0,4894.9887499999995,96,-3551.7187499999995,0,0.1
4790,user_12,32734.66,2026-08-27 04:16:36.153465,Swiggy,refund,Mumbai,iOS,0,4,3,3,0,3,2,52530.11026548673,113,-19795.45026548673,1,0.5
4791,user_27,7152.81,2026-09-18 18:41:41.153465,Zomato,request,Mumbai,Android,0,18,19,5,1,3,0,18537.69881355932,118,-11384.888813559319,0,0.1
4792,user_11,3395.94,2026-08-15 02:54:55.153465,Paytm,refund,Chennai,Web,0,2,2,2,0,1,1,3819.240342465753,146,-423.30034246575315,1,0.2
4793,user_12,40775.76,2026-08-19 10:26:22.153465,Paytm,refund,Chennai,iOS,1,10,3,2,0,1,2,52530.11026548673,113,-11754.350265486726,0,0.5
4794,user_7,42878.9,2026-07-30 10:17:20.153465,Swiggy,request,Pune,Android,0,10,47,3,1,4,0,60187.18528,125,-17308.285279999996,0,0.1
4795,user_18,13201.4,2026-09-04 00:09:42.153465,Flipkart,send,Delhi,iOS,0,0,9,1,2,2,2,4267.170924369748,119,8934.229075630252,1,0.5
4796,user_34,3507.24,2026-09-07 11:40:50.153465,Paytm,send,Mumbai,iOS,0,11,27,2,2,3,2,4524.1720000000005,120,-1016.9320000000007,0,0.5
4797,user_13,5105.69,2026-08-23 11:28:01.153465,Walmart,refund,Mumbai,Android,0,11,4,4,0,3,0,16363.8575,124,-11258.1675,0,0.1
4798,user_49,11483.32,2026-07-30 00:28:07.153465,Zomato,request,Mumbai,Web,0,0,43,5,1,3,1,19333.43277227723,101,-7850.112772277229,1,0.2
4799,user_16,2095.89,2026-08-29 23:27:31.153465,Zomato,request,Mumbai,Android,0,23,7,5,1,3,0,3660.321525423729,118,-1564.431525423729,0,0.1
4800,user_22,16070.03,2026-09-15 01:09:12.153465,Flipkart,refund,Chennai,Web,0,1,14,1,0,1,1,18343.150086206897,116,-2273.1200862068963,1,0.2
4801,user_1,1222.91,2026-09-07 09:13:30.153465,Amazon,request,Chennai,iOS,0,9,0,0,1,1,2,4037.2688695652173,115,-2814.358869565217,0,0.5
4802,user_18,12484.62,2026-08-18 16:23:04.153465,Zomato,refund,Pune,Web,1,16,9,5,0,4,1,4267.170924369748,119,8217.449075630253,0,0.2
4803,user_32,2713.71,2026-08-10 04:16:17.153465,Walmart,send,Mumbai,Web,0,4,25,4,2,3,1,3596.741,130,-883.031,1,0.2
4804,user_21,2045.22,2026-08-16 22:42:19.153465,Swiggy,refund,Bangalore,Android,0,22,13,3,0,0,0,4244.438115942029,138,-2199.218115942029,0,0.1
4805,user_35,12068.64,2026-07-23 03:34:25.153465,Flipkart,send,Delhi,iOS,0,3,28,1,2,2,2,15800.978582677166,127,-3732.3385826771664,1,0.5
4806,user_26,16898.06,2026-09-06 03:55:16.153465,Zomato,request,Delhi,Android,1,3,18,5,1,2,0,4396.555663716814,113,12501.504336283188,1,0.1
4807,user_6,3146.99,2026-08-01 00:37:09.153465,Paytm,request,Pune,iOS,0,0,46,2,1,4,2,3699.0514728682174,129,-552.0614728682176,1,0.5
4808,user_37,12389.16,2026-09-07 02:35:15.153465,Zomato,request,Bangalore,Web,0,2,30,5,1,0,1,15907.096030534352,131,-3517.9360305343525,1,0.2
4809,user_26,313.1,2026-08-30 00:59:15.153465,Amazon,send,Delhi,Android,0,0,18,0,2,2,0,4396.555663716814,113,-4083.455663716814,1,0.1
4810,user_12,25313.67,2026-08-26 11:24:09.153465,Amazon,refund,Pune,Android,0,11,3,0,0,4,0,52530.11026548673,113,-27216.44026548673,0,0.1
4811,user_42,1253.41,2026-08-02 14:10:55.153465,Swiggy,request,Mumbai,iOS,0,14,36,3,1,3,2,4749.498305084746,118,-3496.088305084746,0,0.5
4812,user_6,4792.52,2026-08-28 17:37:28.153465,Paytm,refund,Pune,Android,0,17,46,2,0,4,0,3699.0514728682174,129,1093.468527131783,0,0.1
4813,user_2,34416.15,2026-09-07 12:26:11.153465,Paytm,refund,Delhi,iOS,0,12,11,2,0,2,2,47401.46406779661,118,-12985.314067796608,0,0.5
4814,user_45,4225.14,2026-09-14 04:24:48.153465,Amazon,send,Pune,iOS,0,4,39,0,2,4,2,3748.3989344262295,122,476.7410655737708,1,0.5
4815,user_1,1606.37,2026-08-02 16:09:18.153465,Amazon,request,Pune,Web,0,16,0,0,1,4,1,4037.2688695652173,115,-2430.8988695652174,0,0.2
4816,user_48,2012.13,2026-08-31 12:22:02.153465,Swiggy,request,Mumbai,Web,0,12,42,3,1,3,1,4029.46368852459,122,-2017.33368852459,0,0.2
4817,user_48,3920.69,2026-07-24 05:24:30.153465,Zomato,send,Bangalore,Android,0,5,42,5,2,0,0,4029.46368852459,122,-108.77368852458994,1,0.1
4818,user_37,18627.89,2026-07-22 20:00:20.153465,Zomato,send,Chennai,Android,0,20,30,5,2,1,0,15907.096030534352,131,2720.793969465647,0,0.1
4819,user_21,4588.58,2026-09-17 19:35:55.153465,Amazon,request,Chennai,Web,1,19,13,0,1,1,1,4244.438115942029,138,344.14188405797086,0,0.2
4820,user_41,1031.72,2026-08-23 19:56:55.153465,Amazon,request,Delhi,Web,0,19,35,0,1,2,1,4057.624609375,128,-3025.9046093750003,0,0.2
4821,user_23,7784.88,2026-08-12 06:34:49.153465,Paytm,send,Mumbai,Android,0,6,15,2,2,3,0,21876.48723880597,134,-14091.60723880597,1,0.1
4822,user_37,18426.11,2026-09-04 05:07:57.153465,Zomato,refund,Mumbai,Web,0,5,30,5,0,3,1,15907.096030534352,131,2519.013969465648,1,0.2
4823,user_12,18856.19,2026-07-26 12:21:31.153465,Walmart,refund,Mumbai,Web,0,12,3,4,0,3,1,52530.11026548673,113,-33673.920265486726,0,0.2
4824,user_43,15513.57,2026-09-13 20:41:41.153465,Zomato,send,Chennai,Android,0,20,37,5,2,1,0,15429.552764227643,123,84.0172357723568,0,0.1
4825,user_45,807.44,2026-07-23 03:42:03.153465,Swiggy,send,Pune,Web,0,3,39,3,2,4,1,3748.3989344262295,122,-2940.9589344262295,1,0.2
4826,user_21,4912.1,2026-08-06 19:02:22.153465,Amazon,request,Delhi,Android,1,19,13,0,1,2,0,4244.438115942029,138,667.6618840579713,0,0.1
4827,user_19,4381.73,2026-08-12 17:19:32.153465,Flipkart,send,Chennai,iOS,1,17,10,1,2,1,2,3644.202786885246,122,737.5272131147535,0,0.5
4828,user_26,3132.0,2026-08-11 12:15:03.153465,Walmart,send,Delhi,iOS,0,12,18,4,2,2,2,4396.555663716814,113,-1264.5556637168138,0,0.5
4829,user_31,1948.22,2026-08-14 10:24:14.153465,Amazon,send,Chennai,Android,0,10,24,0,2,1,0,4894.9887499999995,96,-2946.7687499999993,0,0.1
4830,user_31,8986.38,2026-08-29 21:31:51.153465,Zomato,refund,Delhi,iOS,1,21,24,5,0,2,2,4894.9887499999995,96,4091.3912499999997,0,0.5
4831,user_8,439.37,2026-07-22 08:58:49.153465,Flipkart,request,Mumbai,iOS,1,8,48,1,1,3,2,4162.542654867257,113,-3723.172654867257,0,0.5
4832,user_36,4175.78,2026-09-16 20:29:09.153465,Amazon,request,Mumbai,Android,1,20,29,0,1,3,0,4483.898691588785,107,-308.1186915887856,0,0.1
4833,user_47,1422.59,2026-08-16 04:41:54.153465,Amazon,refund,Mumbai,Web,0,4,41,0,0,3,1,3883.282635658915,129,-2460.6926356589147,1,0.2
4834,user_23,19645.0,2026-07-30 01:19:42.153465,Zomato,request,Bangalore,iOS,0,1,15,5,1,0,2,21876.48723880597,134,-2231.4872388059703,1,0.5
4835,user_45,4981.14,2026-08-02 06:23:46.153465,Zomato,request,Chennai,Web,1,6,39,5,1,1,1,3748.3989344262295,122,1232.7410655737708,1,0.2
4836,user_43,6568.29,2026-08-18 21:27:38.153465,Amazon,refund,Mumbai,Android,0,21,37,0,0,3,0,15429.552764227643,123,-8861.262764227642,0,0.1
4837,user_19,2578.36,2026-08-28 12:59:57.153465,Amazon,request,Pune,iOS,0,12,10,0,1,4,2,3644.202786885246,122,-1065.842786885246,0,0.5
4838,user_43,13452.15,2026-08-01 02:43:44.153465,Paytm,request,Mumbai,Android,1,2,37,2,1,3,0,15429.552764227643,123,-1977.4027642276433,1,0.1
4839,user_19,1208.21,2026-08-08 21:41:23.153465,Paytm,refund,Mumbai,iOS,0,21,10,2,0,3,2,3644.202786885246,122,-2435.992786885246,0,0.5
4840,user_46,1512.16,2026-07-24 00:28:40.153465,Flipkart,send,Delhi,iOS,0,0,40,1,2,2,2,4824.613684210526,133,-3312.4536842105263,1,0.5
4841,user_5,5888.57,2026-07-26 09:51:16.153465,Swiggy,refund,Pune,Web,1,9,44,3,0,4,1,21765.65124031008,129,-15877.081240310079,0,0.2
4842,user_7,15865.3,2026-08-29 11:10:36.153465,Zomato,send,Bangalore,Android,0,11,47,5,2,0,0,60187.18528,125,-44321.88528,0,0.1
4843,user_10,523.29,2026-09-08 23:09:03.153465,Zomato,request,Delhi,Android,0,23,1,5,1,2,0,4115.205169491525,118,-3591.9151694915254,0,0.1
4844,user_43,19061.27,2026-08-25 09:48:16.153465,Walmart,send,Chennai,iOS,0,9,37,4,2,1,2,15429.552764227643,123,3631.7172357723575,0,0.5
4845,user_22,10516.93,2026-09-11 07:02:02.153465,Swiggy,send,Delhi,iOS,0,7,14,3,2,2,2,18343.150086206897,116,-7826.220086206897,0,0.5
4846,user_15,12761.09,2026-07-31 17:02:03.153465,Swiggy,request,Delhi,Web,0,17,6,3,1,2,1,17357.696608695653,115,-4596.6066086956525,0,0.2
4847,user_28,3015.03,2026-07-27 00:07:03.153465,Amazon,refund,Bangalore,Android,0,0,20,0,0,0,0,4678.404529914529,117,-1663.374529914529,1,0.1
4848,user_2,19948.82,2026-07-31 15:51:26.153465,Amazon,request,Pune,Android,0,15,11,0,1,4,0,47401.46406779661,118,-27452.64406779661,0,0.1
4849,user_1,693.36,2026-09-05 18:59:34.153465,Flipkart,request,Pune,Web,0,18,0,1,1,4,1,4037.2688695652173,115,-3343.908869565217,0,0.2
4850,user_7,168336.52,2026-08-30 00:08:45.153465,Flipkart,send,Delhi,Web,1,0,47,1,2,2,1,60187.18528,125,108149.33471999998,1,0.2
4851,user_10,3677.36,2026-09-09 09:49:27.153465,Zomato,request,Chennai,iOS,0,9,1,5,1,1,2,4115.205169491525,118,-437.8451694915252,0,0.5
4852,user_32,2477.7,2026-08-25 21:37:34.153465,Amazon,refund,Chennai,Web,0,21,25,0,0,1,1,3596.741,130,-1119.0410000000002,0,0.2
4853,user_30,19370.6,2026-08-09 10:25:05.153465,Flipkart,request,Mumbai,iOS,1,10,23,1,1,3,2,20780.866470588233,119,-1410.2664705882344,0,0.5
4854,user_17,1287.15,2026-08-14 18:28:33.153465,Walmart,refund,Delhi,Web,0,18,8,4,0,2,1,4173.412348484848,132,-2886.2623484848477,0,0.2
4855,user_17,905.85,2026-08-31 06:34:22.153465,Walmart,send,Delhi,iOS,0,6,8,4,2,2,2,4173.412348484848,132,-3267.562348484848,1,0.5
4856,user_17,2794.32,2026-09-18 06:30:16.153465,Walmart,refund,Mumbai,Android,0,6,8,4,0,3,0,4173.412348484848,132,-1379.0923484848477,1,0.1
4857,user_8,4787.19,2026-08-19 14:30:37.153465,Amazon,send,Chennai,iOS,1,14,48,0,2,1,2,4162.542654867257,113,624.6473451327429,0,0.5
4858,user_36,278.77,2026-08-08 20:32:39.153465,Walmart,send,Bangalore,iOS,1,20,29,4,2,0,2,4483.898691588785,107,-4205.128691588785,0,0.5
4859,user_8,1754.14,2026-07-29 01:31:07.153465,Amazon,request,Chennai,iOS,1,1,48,0,1,1,2,4162.542654867257,113,-2408.4026548672564,1,0.5
4860,user_5,17265.65,2026-09-15 07:16:20.153465,Walmart,send,Mumbai,iOS,0,7,44,4,2,3,2,21765.65124031008,129,-4500.001240310077,0,0.5
4861,user_48,2539.59,2026-08-17 17:06:44.153465,Zomato,refund,Bangalore,Web,0,17,42,5,0,0,1,4029.46368852459,122,-1489.8736885245899,0,0.2
4862,user_46,3818.72,2026-09-11 04:58:46.153465,Flipkart,send,Delhi,Web,0,4,40,1,2,2,1,4824.613684210526,133,-1005.8936842105263,1,0.2
4863,user_30,8985.9,2026-09-07 22:26:23.153465,Zomato,request,Pune,Web,0,22,23,5,1,4,1,20780.866470588233,119,-11794.966470588233,0,0.2
4864,user_7,30727.79,2026-09-08 20:23:58.153465,Flipkart,refund,Mumbai,Android,0,20,47,1,0,3,0,60187.18528,125,-29459.395279999997,0,0.1
4865,user_32,349.15,2026-07-29 20:11:54.153465,Walmart,send,Pune,iOS,0,20,25,4,2,4,2,3596.741,130,-3247.591,0,0.5
4866,user_37,13890.26,2026-07-29 17:06:39.153465,Zomato,request,Bangalore,iOS,0,17,30,5,1,0,2,15907.096030534352,131,-2016.8360305343522,0,0.5
4867,user_33,4184.45,2026-09-01 09:53:20.153465,Amazon,refund,Chennai,Web,0,9,26,0,0,1,1,3974.536484375,128,209.91351562499995,0,0.2
4868,user_16,2280.74,2026-09-18 10:00:50.153465,Paytm,request,Chennai,Web,0,10,7,2,1,1,1,3660.321525423729,118,-1379.581525423729,0,0.2
4869,user_49,6661.1,2026-08-20 23:19:24.153465,Flipkart,refund,Delhi,Web,0,23,43,1,0,2,1,19333.43277227723,101,-12672.332772277228,0,0.2
4870,user_8,337.44,2026-08-24 06:48:33.153465,Flipkart,send,Mumbai,Web,0,6,48,1,2,3,1,4162.542654867257,113,-3825.1026548672567,1,0.2
4871,user_19,3390.25,2026-09-06 17:31:39.153465,Zomato,send,Mumbai,iOS,0,17,10,5,2,3,2,3644.202786885246,122,-253.95278688524604,0,0.5
4872,user_15,18475.79,2026-07-30 14:35:46.153465,Zomato,refund,Chennai,Android,0,14,6,5,0,1,0,17357.696608695653,115,1118.0933913043482,0,0.1
4873,user_35,15344.75,2026-08-16 02:33:59.153465,Paytm,send,Delhi,Android,0,2,28,2,2,2,0,15800.978582677166,127,-456.22858267716583,1,0.1
4874,user_17,3014.1,2026-09-08 13:09:59.153465,Swiggy,request,Delhi,Web,0,13,8,3,1,2,1,4173.412348484848,132,-1159.312348484848,0,0.2
4875,user_50,1650.74,2026-08-22 12:26:00.153465,Flipkart,refund,Chennai,iOS,0,12,45,1,0,1,2,4276.488269230769,104,-2625.7482692307694,0,0.5
4876,user_8,1959.3,2026-07-29 16:57:02.153465,Walmart,refund,Chennai,Web,0,16,48,4,0,1,1,4162.542654867257,113,-2203.2426548672565,0,0.2
4877,user_21,2566.61,2026-07-27 12:19:55.153465,Swiggy,request,Delhi,Android,0,12,13,3,1,2,0,4244.438115942029,138,-1677.828115942029,0,0.1
4878,user_24,15976.18,2026-08-14 08:30:45.153465,Zomato,request,Pune,Android,0,8,16,5,1,4,0,20664.321171875,128,-4688.141171874999,0,0.1
4879,user_28,3708.97,2026-09-18 19:11:56.153465,Zomato,send,Bangalore,Web,0,19,20,5,2,0,1,4678.404529914529,117,-969.4345299145293,0,0.2
4880,user_23,36813.42,2026-09-04 15:15:22.153465,Swiggy,request,Delhi,Web,1,15,15,3,1,2,1,21876.48723880597,134,14936.932761194028,0,0.2
4881,user_16,3047.5,2026-09-18 15:35:51.153465,Paytm,send,Bangalore,Web,0,15,7,2,2,0,1,3660.321525423729,118,-612.8215254237289,0,0.2
4882,user_43,10728.29,2026-08-08 03:51:39.153465,Paytm,refund,Pune,iOS,0,3,37,2,0,4,2,15429.552764227643,123,-4701.262764227642,1,0.5
4883,user_3,227101.43,2026-08-06 22:24:51.153465,Walmart,request,Pune,iOS,1,22,22,4,1,4,2,51628.90211538462,104,175472.52788461538,0,0.5
4884,user_11,10605.18,2026-09-03 13:08:30.153465,Swiggy,send,Chennai,Web,1,13,2,3,2,1,1,3819.240342465753,146,6785.939657534247,0,0.2
4885,user_40,19913.66,2026-08-10 22:56:44.153465,Amazon,send,Bangalore,iOS,1,22,34,0,2,0,2,18950.453564356438,101,963.2064356435621,0,0.5
4886,user_46,226.03,2026-08-04 02:13:01.153465,Amazon,request,Delhi,Web,0,2,40,0,1,2,1,4824.613684210526,133,-4598.583684210526,1,0.2
4887,user_9,3043.73,2026-09-05 11:07:10.153465,Walmart,refund,Bangalore,Android,0,11,49,4,0,0,0,4747.313999999999,110,-1703.5839999999994,0,0.1
4888,user_18,1471.75,2026-08-27 08:18:26.153465,Zomato,send,Delhi,iOS,0,8,9,5,2,2,2,4267.170924369748,119,-2795.420924369748,0,0.5
4889,user_13,16700.22,2026-07-27 08:51:42.153465,Walmart,send,Pune,iOS,0,8,4,4,2,4,2,16363.8575,124,336.3625000000011,0,0.5
4890,user_2,30702.82,2026-08-23 10:34:16.153465,Flipkart,refund,Pune,Web,0,10,11,1,0,4,1,47401.46406779661,118,-16698.64406779661,0,0.2
4891,user_35,16178.72,2026-09-07 10:41:21.153465,Swiggy,send,Bangalore,Android,0,10,28,3,2,0,0,15800.978582677166,127,377.7414173228335,0,0.1
4892,user_48,2228.21,2026-08-24 06:20:25.153465,Paytm,send,Pune,Android,0,6,42,2,2,4,0,4029.46368852459,122,-1801.25368852459,1,0.1
4893,user_1,2419.59,2026-08-12 01:33:55.153465,Flipkart,refund,Mumbai,iOS,0,1,0,1,0,3,2,4037.2688695652173,115,-1617.6788695652172,1,0.5
4894,user_45,2874.72,2026-07-28 17:21:26.153465,Walmart,send,Pune,iOS,0,17,39,4,2,4,2,3748.3989344262295,122,-873.6789344262297,0,0.5
4895,user_10,1745.35,2026-09-02 03:35:29.153465,Walmart,request,Delhi,iOS,0,3,1,4,1,2,2,4115.205169491525,118,-2369.8551694915254,1,0.5
4896,user_49,11261.67,2026-08-26 22:39:20.153465,Walmart,request,Bangalore,Android,0,22,43,4,1,0,0,19333.43277227723,101,-8071.762772277229,0,0.1
4897,user_25,2031.68,2026-08-20 17:51:31.153465,Flipkart,request,Mumbai,iOS,0,17,17,1,1,3,2,3615.32544,125,-1583.64544,0,0.5
4898,user_42,3755.24,2026-07-30 23:03:02.153465,Zomato,refund,Pune,Android,0,23,36,5,0,4,0,4749.498305084746,118,-994.2583050847461,0,0.1
4899,user_17,25946.1,2026-08-16 22:39:09.153465,Walmart,send,Chennai,Web,1,22,8,4,2,1,1,4173.412348484848,132,21772.687651515153,0,0.2
4900,user_33,3073.48,2026-09-17 12:52:34.153465,Swiggy,request,Mumbai,iOS,0,12,26,3,1,3,2,3974.536484375,128,-901.0564843749999,0,0.5
4901,user_30,13955.39,2026-08-10 21:30:54.153465,Paytm,refund,Pune,iOS,0,21,23,2,0,4,2,20780.866470588233,119,-6825.4764705882335,0,0.5
4902,user_20,53363.69,2026-09-01 23:05:42.153465,Zomato,request,Pune,Android,1,23,12,5,1,4,0,19935.082280701754,114,33428.60771929825,0,0.1
4903,user_14,8773.23,2026-07-29 00:46:21.153465,Paytm,send,Bangalore,iOS,0,0,5,2,2,0,2,18284.780597014927,134,-9511.550597014928,1,0.5
4904,user_2,24856.86,2026-08-10 20:11:20.153465,Walmart,send,Bangalore,Android,0,20,11,4,2,0,0,47401.46406779661,118,-22544.60406779661,0,0.1
4905,user_28,2316.83,2026-08-01 21:39:26.153465,Swiggy,refund,Chennai,iOS,0,21,20,3,0,1,2,4678.404529914529,117,-2361.574529914529,0,0.5
4906,user_12,45505.5,2026-07-30 03:09:18.153465,Zomato,request,Mumbai,Web,0,3,3,5,1,3,1,52530.11026548673,113,-7024.610265486728,1,0.2
4907,user_27,17206.01,2026-09-03 23:34:19.153465,Amazon,request,Delhi,Web,0,23,19,0,1,2,1,18537.69881355932,118,-1331.6888135593217,0,0.2
4908,user_37,12974.87,2026-07-24 22:26:37.153465,Zomato,send,Chennai,Android,0,22,30,5,2,1,0,15907.096030534352,131,-2932.2260305343516,0,0.1
4909,user_16,4886.82,2026-08-01 06:54:50.153465,Paytm,request,Pune,Web,0,6,7,2,1,4,1,3660.321525423729,118,1226.4984745762708,1,0.2
4910,user_34,2070.51,2026-09-11 23:23:01.153465,Swiggy,request,Delhi,Android,1,23,27,3,1,2,0,4524.1720000000005,120,-2453.6620000000003,0,0.1
4911,user_6,2612.12,2026-09-02 02:07:35.153465,Flipkart,refund,Delhi,Android,0,2,46,1,0,2,0,3699.0514728682174,129,-1086.9314728682175,1,0.1
4912,user_4,590.26,2026-08-13 17:50:10.153465,Flipkart,send,Chennai,Android,0,17,33,1,2,1,0,4960.130344827586,116,-4369.8703448275855,0,0.1
4913,user_21,801.67,2026-08-17 23:34:39.153465,Amazon,request,Bangalore,Web,0,23,13,0,1,0,1,4244.438115942029,138,-3442.768115942029,0,0.2
4914,user_33,3134.52,2026-09-07 00:36:55.153465,Zomato,refund,Pune,iOS,0,0,26,5,0,4,2,3974.536484375,128,-840.0164843749999,1,0.5
4915,user_28,3493.34,2026-08-02 22:11:11.153465,Walmart,send,Pune,Android,0,22,20,4,2,4,0,4678.404529914529,117,-1185.064529914529,0,0.1
4916,user_47,4944.84,2026-09-08 03:32:06.153465,Flipkart,request,Delhi,iOS,1,3,41,1,1,2,2,3883.282635658915,129,1061.5573643410853,1,0.5
4917,user_34,4741.39,2026-08-29 08:04:04.153465,Walmart,send,Pune,iOS,0,8,27,4,2,4,2,4524.1720000000005,120,217.21799999999985,0,0.5
4918,user_33,3829.0,2026-08-25 14:14:24.153465,Amazon,send,Delhi,Android,0,14,26,0,2,2,0,3974.536484375,128,-145.53648437499987,0,0.1
4919,user_21,4265.52,2026-09-12 08:02:21.153465,Amazon,request,Chennai,Android,1,8,13,0,1,1,0,4244.438115942029,138,21.081884057971365,0,0.1
4920,user_34,4326.89,2026-08-06 16:18:33.153465,Zomato,send,Pune,iOS,0,16,27,5,2,4,2,4524.1720000000005,120,-197.28200000000015,0,0.5
4921,user_7,18202.86,2026-08-18 07:18:33.153465,Swiggy,send,Pune,Web,0,7,47,3,2,4,1,60187.18528,125,-41984.32528,0,0.2
4922,user_5,5279.0,2026-09-14 00:03:43.153465,Walmart,refund,Mumbai,Android,0,0,44,4,0,3,0,21765.65124031008,129,-16486.65124031008,1,0.1
4923,user_28,777.64,2026-08-13 12:35:38.153465,Zomato,send,Chennai,Android,0,12,20,5,2,1,0,4678.404529914529,117,-3900.7645299145292,0,0.1
4924,user_5,5824.27,2026-08-08 18:48:03.153465,Flipkart,refund,Pune,Android,0,18,44,1,0,4,0,21765.65124031008,129,-15941.381240310078,0,0.1
4925,user_47,601.44,2026-09-17 11:24:11.153465,Flipkart,refund,Delhi,iOS,1,11,41,1,0,2,2,3883.282635658915,129,-3281.842635658915,0,0.5
4926,user_2,44057.46,2026-07-22 05:49:56.153465,Flipkart,refund,Delhi,Web,0,5,11,1,0,2,1,47401.46406779661,118,-3344.00406779661,1,0.2
4927,user_18,4316.74,2026-07-22 07:08:14.153465,Amazon,send,Chennai,Web,0,7,9,0,2,1,1,4267.170924369748,119,49.56907563025197,0,0.2
4928,user_24,12636.27,2026-08-04 09:03:14.153465,Amazon,send,Bangalore,iOS,0,9,16,0,2,0,2,20664.321171875,128,-8028.0511718749985,0,0.5
4929,user_10,2274.0,2026-07-26 19:08:57.153465,Amazon,send,Chennai,Web,0,19,1,0,2,1,1,4115.205169491525,118,-1841.2051694915253,0,0.2
4930,user_37,6791.87,2026-09-11 02:57:41.153465,Zomato,refund,Chennai,iOS,0,2,30,5,0,1,2,15907.096030534352,131,-9115.226030534352,1,0.5
4931,user_21,2317.19,2026-08-26 06:05:52.153465,Zomato,send,Mumbai,Android,0,6,13,5,2,3,0,4244.438115942029,138,-1927.248115942029,1,0.1
4932,user_9,2654.02,2026-08-11 14:28:05.153465,Zomato,request,Mumbai,iOS,0,14,49,5,1,3,2,4747.313999999999,110,-2093.2939999999994,0,0.5
4933,user_21,4823.48,2026-09-04 05:10:55.153465,Swiggy,request,Delhi,iOS,1,5,13,3,1,2,2,4244.438115942029,138,579.0418840579705,1,0.5
4934,user_5,14257.23,2026-09-13 11:28:26.153465,Flipkart,request,Delhi,iOS,0,11,44,1,1,2,2,21765.65124031008,129,-7508.421240310079,0,0.5
4935,user_4,4654.66,2026-09-07 07:49:25.153465,Amazon,request,Delhi,Web,1,7,33,0,1,2,1,4960.130344827586,116,-305.4703448275859,0,0.2
4936,user_15,16742.6,2026-08-14 05:24:59.153465,Walmart,refund,Delhi,Web,0,5,6,4,0,2,1,17357.696608695653,115,-615.0966086956541,1,0.2
4937,user_12,54826.91,2026-07-23 00:57:35.153465,Zomato,refund,Mumbai,Web,0,0,3,5,0,3,1,52530.11026548673,113,2296.7997345132753,1,0.2
4938,user_18,3557.76,2026-08-16 06:01:19.153465,Paytm,send,Pune,iOS,0,6,9,2,2,4,2,4267.170924369748,119,-709.4109243697476,1,0.5
4939,user_26,1074.05,2026-08-04 18:07:33.153465,Walmart,request,Chennai,Android,0,18,18,4,1,1,0,4396.555663716814,113,-3322.5056637168136,0,0.1
4940,user_45,514.21,2026-09-06 05:24:12.153465,Flipkart,send,Pune,Android,0,5,39,1,2,4,0,3748.3989344262295,122,-3234.1889344262295,1,0.1
4941,user_8,3363.01,2026-08-08 15:41:11.153465,Flipkart,send,Chennai,Web,0,15,48,1,2,1,1,4162.542654867257,113,-799.5326548672565,0,0.2
4942,user_43,5748.91,2026-09-14 21:40:53.153465,Zomato,send,Mumbai,Android,0,21,37,5,2,3,0,15429.552764227643,123,-9680.642764227643,0,0.1
4943,user_28,1763.83,2026-08-02 17:36:02.153465,Flipkart,refund,Chennai,iOS,1,17,20,1,0,1,2,4678.404529914529,117,-2914.574529914529,0,0.5
4944,user_28,9180.16,2026-09-09 16:32:23.153465,Amazon,send,Chennai,Web,1,16,20,0,2,1,1,4678.404529914529,117,4501.755470085471,0,0.2
4945,user_25,3472.34,2026-09-01 08:28:31.153465,Walmart,send,Pune,Web,0,8,17,4,2,4,1,3615.32544,125,-142.98543999999993,0,0.2
4946,user_22,19590.16,2026-07-30 06:45:18.153465,Zomato,refund,Pune,Android,0,6,14,5,0,4,0,18343.150086206897,116,1247.009913793103,1,0.1
4947,user_10,1170.62,2026-09-05 13:05:14.153465,Swiggy,send,Mumbai,Web,0,13,1,3,2,3,1,4115.205169491525,118,-2944.5851694915254,0,0.2
4948,user_26,4833.45,2026-08-28 18:37:36.153465,Zomato,send,Pune,Web,0,18,18,5,2,4,1,4396.555663716814,113,436.894336283186,0,0.2
4949,user_42,2946.34,2026-09-07 07:42:52.153465,Zomato,refund,Bangalore,Android,0,7,36,5,0,0,0,4749.498305084746,118,-1803.1583050847457,0,0.1
4950,user_35,8971.55,2026-09-02 04:41:17.153465,Amazon,refund,Chennai,Web,0,4,28,0,0,1,1,15800.978582677166,127,-6829.428582677167,1,0.2
4951,user_41,3438.26,2026-08-13 08:53:15.153465,Walmart,send,Mumbai,Web,0,8,35,4,2,3,1,4057.624609375,128,-619.3646093749999,0,0.2
4952,user_15,18309.05,2026-09-09 02:51:32.153465,Zomato,refund,Chennai,Web,0,2,6,5,0,1,1,17357.696608695653,115,951.3533913043466,1,0.2
4953,user_36,2673.99,2026-08-05 00:29:25.153465,Amazon,request,Delhi,Android,0,0,29,0,1,2,0,4483.898691588785,107,-1809.9086915887856,1,0.1
4954,user_8,435.93,2026-08-12 13:00:14.153465,Paytm,request,Bangalore,Android,0,13,48,2,1,0,0,4162.542654867257,113,-3726.612654867257,0,0.1
4955,user_30,14764.06,2026-09-11 16:18:29.153465,Flipkart,send,Chennai,Android,0,16,23,1,2,1,0,20780.866470588233,119,-6016.806470588233,0,0.1
4956,user_45,3841.33,2026-08-21 09:24:25.153465,Flipkart,request,Bangalore,iOS,0,9,39,1,1,0,2,3748.3989344262295,122,92.93106557377041,0,0.5
4957,user_7,54283.25,2026-08-16 13:51:19.153465,Walmart,send,Bangalore,Web,0,13,47,4,2,0,1,60187.18528,125,-5903.935279999998,0,0.2
4958,user_12,54518.26,2026-07-30 13:37:29.153465,Swiggy,request,Mumbai,Web,0,13,3,3,1,3,1,52530.11026548673,113,1988.1497345132739,0,0.2
4959,user_36,1522.09,2026-09-01 17:27:29.153465,Walmart,refund,Chennai,Android,0,17,29,4,0,1,0,4483.898691588785,107,-2961.808691588785,0,0.1
4960,user_2,56517.89,2026-08-24 20:08:11.153465,Amazon,refund,Chennai,Android,0,20,11,0,0,1,0,47401.46406779661,118,9116.42593220339,0,0.1
4961,user_36,3778.23,2026-08-24 17:15:01.153465,Flipkart,request,Pune,Web,0,17,29,1,1,4,1,4483.898691588785,107,-705.6686915887854,0,0.2
4962,user_34,3354.86,2026-09-04 00:29:19.153465,Flipkart,request,Delhi,Android,0,0,27,1,1,2,0,4524.1720000000005,120,-1169.3120000000004,1,0.1
4963,user_46,4575.27,2026-08-14 22:07:16.153465,Flipkart,refund,Pune,iOS,0,22,40,1,0,4,2,4824.613684210526,133,-249.34368421052568,0,0.5
4964,user_46,1583.37,2026-08-11 06:15:42.153465,Zomato,request,Chennai,Web,0,6,40,5,1,1,1,4824.613684210526,133,-3241.243684210526,1,0.2
4965,user_4,1365.18,2026-07-25 16:40:23.153465,Swiggy,send,Pune,Android,0,16,33,3,2,4,0,4960.130344827586,116,-3594.9503448275855,0,0.1
4966,user_14,13481.69,2026-08-14 19:46:21.153465,Amazon,send,Mumbai,iOS,0,19,5,0,2,3,2,18284.780597014927,134,-4803.090597014927,0,0.5
4967,user_13,17910.44,2026-09-10 21:32:50.153465,Amazon,send,Chennai,Android,0,21,4,0,2,1,0,16363.8575,124,1546.5824999999986,0,0.1
4968,user_22,12043.28,2026-08-01 13:17:32.153465,Amazon,refund,Bangalore,iOS,0,13,14,0,0,0,2,18343.150086206897,116,-6299.870086206896,0,0.5
4969,user_16,1770.61,2026-07-22 20:47:57.153465,Flipkart,request,Pune,Web,0,20,7,1,1,4,1,3660.321525423729,118,-1889.711525423729,0,0.2
4970,user_33,4559.04,2026-08-27 20:36:31.153465,Swiggy,request,Bangalore,Android,1,20,26,3,1,0,0,3974.536484375,128,584.5035156250001,0,0.1
4971,user_21,2072.98,2026-08-13 01:05:23.153465,Amazon,send,Mumbai,iOS,0,1,13,0,2,3,2,4244.438115942029,138,-2171.458115942029,1,0.5
4972,user_4,3855.65,2026-09-10 05:19:57.153465,Flipkart,send,Delhi,Android,0,5,33,1,2,2,0,4960.130344827586,116,-1104.4803448275857,1,0.1
4973,user_1,3020.89,2026-09-02 02:06:27.153465,Flipkart,request,Bangalore,iOS,0,2,0,1,1,0,2,4037.2688695652173,115,-1016.3788695652174,1,0.5
4974,user_32,1739.41,2026-09-08 16:58:58.153465,Paytm,refund,Pune,Android,0,16,25,2,0,4,0,3596.741,130,-1857.331,0,0.1
4975,user_41,547.03,2026-09-18 07:45:24.153465,Swiggy,send,Delhi,Android,0,7,35,3,2,2,0,4057.624609375,128,-3510.594609375,0,0.1
4976,user_21,1442.37,2026-09-07 21:39:43.153465,Flipkart,request,Bangalore,iOS,0,21,13,1,1,0,2,4244.438115942029,138,-2802.068115942029,0,0.5
4977,user_37,19415.6,2026-07-26 23:28:55.153465,Zomato,refund,Delhi,Android,0,23,30,5,0,2,0,15907.096030534352,131,3508.503969465646,0,0.1
4978,user_31,4133.71,2026-08-03 04:14:06.153465,Swiggy,send,Mumbai,iOS,0,4,24,3,2,3,2,4894.9887499999995,96,-761.2787499999995,1,0.5
4979,user_17,38737.47,2026-09-17 08:19:00.153465,Zomato,refund,Chennai,Android,1,8,8,5,0,1,0,4173.412348484848,132,34564.057651515155,0,0.1
4980,user_13,10025.08,2026-08-05 03:34:38.153465,Walmart,request,Pune,iOS,0,3,4,4,1,4,2,16363.8575,124,-6338.7775,1,0.5
4981,user_11,2142.11,2026-07-27 19:41:38.153465,Zomato,request,Pune,Web,1,19,2,5,1,4,1,3819.240342465753,146,-1677.130342465753,0,0.2
4982,user_26,3259.94,2026-08-10 21:35:24.153465,Flipkart,send,Delhi,Web,0,21,18,1,2,2,1,4396.555663716814,113,-1136.6156637168137,0,0.2
4983,user_13,12666.4,2026-07-24 23:43:41.153465,Paytm,send,Delhi,Android,0,23,4,2,2,2,0,16363.8575,124,-3697.4575000000004,0,0.1
4984,user_8,978.06,2026-08-07 21:16:26.153465,Paytm,request,Mumbai,iOS,0,21,48,2,1,3,2,4162.542654867257,113,-3184.4826548672568,0,0.5
4985,user_18,2151.46,2026-09-08 20:12:56.153465,Zomato,request,Mumbai,iOS,0,20,9,5,1,3,2,4267.170924369748,119,-2115.7109243697478,0,0.5
4986,user_9,769.1,2026-09-06 11:58:19.153465,Paytm,request,Pune,iOS,0,11,49,2,1,4,2,4747.313999999999,110,-3978.2139999999995,0,0.5
4987,user_4,15351.0,2026-09-18 09:16:08.153465,Zomato,request,Pune,Android,1,9,33,5,1,4,0,4960.130344827586,116,10390.869655172413,0,0.1
4988,user_34,2081.84,2026-08-12 03:12:36.153465,Flipkart,send,Mumbai,iOS,0,3,27,1,2,3,2,4524.1720000000005,120,-2442.3320000000003,1,0.5
4989,user_31,3850.96,2026-08-31 00:35:18.153465,Flipkart,request,Chennai,iOS,0,0,24,1,1,1,2,4894.9887499999995,96,-1044.0287499999995,1,0.5
4990,user_2,50459.15,2026-08-14 12:37:43.153465,Flipkart,refund,Chennai,iOS,0,12,11,1,0,1,2,47401.46406779661,118,3057.6859322033924,0,0.5
4991,user_49,58689.89,2026-08-04 22:02:41.153465,Zomato,request,Mumbai,Web,1,22,43,5,1,3,1,19333.43277227723,101,39356.45722772277,0,0.2
4992,user_8,2841.45,2026-08-02 07:30:11.153465,Walmart,send,Bangalore,Web,0,7,48,4,2,0,1,4162.542654867257,113,-1321.092654867257,0,0.2
4993,user_15,8506.31,2026-09-08 07:23:00.153465,Paytm,send,Bangalore,Web,0,7,6,2,2,0,1,17357.696608695653,115,-8851.386608695653,0,0.2
4994,user_28,1643.04,2026-08-28 23:22:34.153465,Swiggy,refund,Pune,iOS,0,23,20,3,0,4,2,4678.404529914529,117,-3035.364529914529,0,0.5
4995,user_12,15948.14,2026-09-04 14:45:14.153465,Zomato,request,Mumbai,Web,1,14,3,5,1,3,1,52530.11026548673,113,-36581.97026548673,0,0.2
4996,user_9,4724.92,2026-08-05 12:10:33.153465,Swiggy,send,Delhi,Android,1,12,49,3,2,2,0,4747.313999999999,110,-22.393999999999323,0,0.1
4997,user_19,997.5,2026-09-16 07:50:40.153465,Paytm,send,Mumbai,Android,0,7,10,2,2,3,0,3644.202786885246,122,-2646.702786885246,0,0.1
4998,user_42,402.51,2026-08-09 01:17:06.153465,Swiggy,send,Mumbai,iOS,0,1,36,3,2,3,2,4749.498305084746,118,-4346.988305084746,1,0.5
4999,user_30,5142.62,2026-09-06 17:52:25.153465,Swiggy,send,Pune,Android,1,17,23,3,2,4,0,20780.866470588233,119,-15638.246470588234,0,0.1
5000,user_6,4444.94,2026-07-27 06:55:50.153465,Walmart,refund,Pune,Web,0,6,46,4,0,4,1,3699.0514728682174,129,745.8885271317822,1,0.2
5001,user_36,831.67,2026-08-28 09:36:24.153465,Paytm,refund,Bangalore,iOS,0,9,29,2,0,0,2,4483.898691588785,107,-3652.2286915887853,0,0.5
5002,user_19,3299.33,2026-08-03 13:35:33.153465,Amazon,request,Bangalore,Web,1,13,10,0,1,0,1,3644.202786885246,122,-344.8727868852461,0,0.2
5003,user_19,1013.06,2026-08-06 09:06:14.153465,Walmart,send,Mumbai,iOS,0,9,10,4,2,3,2,3644.202786885246,122,-2631.142786885246,0,0.5
5004,user_42,32073.69,2026-08-24 05:27:07.153465,Amazon,refund,Chennai,iOS,0,5,36,0,0,1,2,4749.498305084746,118,27324.19169491525,1,0.5
5005,user_23,17475.96,2026-09-01 23:22:33.153465,Walmart,request,Delhi,Web,0,23,15,4,1,2,1,21876.48723880597,134,-4400.527238805971,0,0.2
5006,user_4,12910.68,2026-09-04 03:49:39.153465,Walmart,request,Pune,iOS,1,3,33,4,1,4,2,4960.130344827586,116,7950.5496551724145,1,0.5
5007,user_10,1493.55,2026-08-06 01:03:45.153465,Walmart,refund,Mumbai,iOS,0,1,1,4,0,3,2,4115.205169491525,118,-2621.655169491525,1,0.5
5008,user_33,4273.37,2026-09-16 05:41:15.153465,Zomato,request,Mumbai,Android,0,5,26,5,1,3,0,3974.536484375,128,298.833515625,1,0.1
5009,user_38,14268.53,2026-08-01 07:46:27.153465,Swiggy,send,Chennai,Web,0,7,31,3,2,1,1,17814.76077586207,116,-3546.230775862068,0,0.2
5010,user_11,1601.45,2026-07-23 17:02:33.153465,Flipkart,request,Delhi,Web,0,17,2,1,1,2,1,3819.240342465753,146,-2217.7903424657534,0,0.2
5011,user_45,4852.15,2026-07-30 14:10:16.153465,Amazon,request,Mumbai,Web,0,14,39,0,1,3,1,3748.3989344262295,122,1103.7510655737701,0,0.2
5012,user_38,5638.83,2026-08-13 18:53:53.153465,Amazon,request,Chennai,iOS,0,18,31,0,1,1,2,17814.76077586207,116,-12175.930775862069,0,0.5
5013,user_43,7561.11,2026-09-12 15:12:24.153465,Paytm,request,Mumbai,Web,0,15,37,2,1,3,1,15429.552764227643,123,-7868.442764227643,0,0.2
5014,user_20,41157.76,2026-07-30 08:00:11.153465,Flipkart,refund,Mumbai,iOS,1,8,12,1,0,3,2,19935.082280701754,114,21222.677719298248,0,0.5
5015,user_13,17130.32,2026-09-01 15:13:49.153465,Walmart,request,Chennai,iOS,0,15,4,4,1,1,2,16363.8575,124,766.4624999999996,0,0.5
5016,user_28,1395.76,2026-09-17 20:14:16.153465,Swiggy,request,Bangalore,Android,0,20,20,3,1,0,0,4678.404529914529,117,-3282.644529914529,0,0.1
5017,user_12,59623.08,2026-09-11 18:39:25.153465,Walmart,request,Delhi,Web,0,18,3,4,1,2,1,52530.11026548673,113,7092.969734513274,0,0.2
5018,user_17,887.37,2026-07-30 12:59:52.153465,Zomato,send,Pune,iOS,0,12,8,5,2,4,2,4173.412348484848,132,-3286.042348484848,0,0.5
5019,user_36,3315.41,2026-08-06 18:28:26.153465,Walmart,send,Delhi,iOS,0,18,29,4,2,2,2,4483.898691588785,107,-1168.4886915887855,0,0.5
5020,user_25,4878.05,2026-07-30 14:39:39.153465,Amazon,request,Chennai,Web,1,14,17,0,1,1,1,3615.32544,125,1262.72456,0,0.2
5021,user_32,3041.32,2026-09-11 13:22:44.153465,Zomato,request,Chennai,Web,1,13,25,5,1,1,1,3596.741,130,-555.4209999999998,0,0.2
5022,user_35,7792.78,2026-08-02 20:21:59.153465,Zomato,send,Bangalore,iOS,0,20,28,5,2,0,2,15800.978582677166,127,-8008.198582677166,0,0.5
5023,user_17,1513.21,2026-08-31 01:48:43.153465,Swiggy,request,Chennai,Android,0,1,8,3,1,1,0,4173.412348484848,132,-2660.202348484848,1,0.1
5024,user_4,14919.27,2026-07-23 23:06:22.153465,Flipkart,send,Chennai,iOS,0,23,33,1,2,1,2,4960.130344827586,116,9959.139655172414,0,0.5
5025,user_18,4893.78,2026-09-13 21:51:49.153465,Walmart,refund,Mumbai,Web,1,21,9,4,0,3,1,4267.170924369748,119,626.6090756302519,0,0.2
5026,user_30,16789.47,2026-08-18 06:47:56.153465,Swiggy,refund,Chennai,iOS,0,6,23,3,0,1,2,20780.866470588233,119,-3991.3964705882318,1,0.5
5027,user_44,9485.17,2026-09-08 20:08:33.153465,Walmart,send,Pune,Android,0,20,38,4,2,4,0,17327.384636363637,110,-7842.214636363637,0,0.1
5028,user_11,3073.14,2026-08-31 18:37:52.153465,Paytm,request,Pune,Android,1,18,2,2,1,4,0,3819.240342465753,146,-746.1003424657533,0,0.1
5029,user_43,14199.7,2026-08-30 10:07:29.153465,Paytm,request,Pune,Android,0,10,37,2,1,4,0,15429.552764227643,123,-1229.8527642276422,0,0.1
5030,user_12,49553.51,2026-09-03 14:28:37.153465,Zomato,refund,Bangalore,Web,0,14,3,5,0,0,1,52530.11026548673,113,-2976.600265486726,0,0.2
5031,user_9,1202.03,2026-08-10 13:41:22.153465,Zomato,send,Mumbai,Android,0,13,49,5,2,3,0,4747.313999999999,110,-3545.2839999999997,0,0.1
5032,user_27,9129.0,2026-09-05 19:08:46.153465,Amazon,refund,Pune,Android,0,19,19,0,0,4,0,18537.69881355932,118,-9408.69881355932,0,0.1
5033,user_38,9133.83,2026-09-16 14:59:19.153465,Swiggy,request,Bangalore,Web,0,14,31,3,1,0,1,17814.76077586207,116,-8680.930775862069,0,0.2
5034,user_9,4372.2,2026-08-02 15:55:02.153465,Paytm,request,Mumbai,iOS,0,15,49,2,1,3,2,4747.313999999999,110,-375.1139999999996,0,0.5
5035,user_46,4987.54,2026-08-10 01:02:01.153465,Amazon,request,Pune,iOS,1,1,40,0,1,4,2,4824.613684210526,133,162.92631578947385,1,0.5
5036,user_23,9618.65,2026-08-12 22:20:12.153465,Zomato,request,Delhi,Web,0,22,15,5,1,2,1,21876.48723880597,134,-12257.83723880597,0,0.2
5037,user_34,3053.75,2026-09-06 11:39:44.153465,Swiggy,send,Mumbai,Android,0,11,27,3,2,3,0,4524.1720000000005,120,-1470.4220000000005,0,0.1
5038,user_30,10450.11,2026-09-14 17:44:56.153465,Zomato,refund,Delhi,Web,0,17,23,5,0,2,1,20780.866470588233,119,-10330.756470588232,0,0.2
5039,user_44,8792.26,2026-09-09 02:44:51.153465,Zomato,send,Bangalore,Android,0,2,38,5,2,0,0,17327.384636363637,110,-8535.124636363636,1,0.1
5040,user_25,866.61,2026-08-16 01:49:57.153465,Swiggy,send,Mumbai,Android,0,1,17,3,2,3,0,3615.32544,125,-2748.71544,1,0.1
5041,user_3,48951.98,2026-08-06 20:37:37.153465,Zomato,send,Mumbai,Android,0,20,22,5,2,3,0,51628.90211538462,104,-2676.9221153846156,0,0.1
5042,user_26,4174.29,2026-08-31 10:18:53.153465,Zomato,request,Mumbai,Android,0,10,18,5,1,3,0,4396.555663716814,113,-222.26566371681383,0,0.1
5043,user_40,15978.48,2026-09-14 01:39:38.153465,Zomato,refund,Pune,Web,0,1,34,5,0,4,1,18950.453564356438,101,-2971.973564356438,1,0.2
5044,user_11,2751.96,2026-09-04 20:18:01.153465,Zomato,send,Mumbai,iOS,0,20,2,5,2,3,2,3819.240342465753,146,-1067.2803424657532,0,0.5
5045,user_20,19580.67,2026-09-14 00:36:33.153465,Swiggy,refund,Pune,iOS,0,0,12,3,0,4,2,19935.082280701754,114,-354.41228070175566,1,0.5
5046,user_15,16075.05,2026-07-22 01:32:50.153465,Paytm,send,Pune,Android,0,1,6,2,2,4,0,17357.696608695653,115,-1282.6466086956534,1,0.1
5047,user_2,53915.26,2026-08-18 16:58:22.153465,Paytm,refund,Bangalore,Android,0,16,11,2,0,0,0,47401.46406779661,118,6513.795932203393,0,0.1
5048,user_32,13913.07,2026-09-16 00:06:35.153465,Swiggy,request,Pune,Android,1,0,25,3,1,4,0,3596.741,130,10316.329,1,0.1
5049,user_6,1064.21,2026-09-19 04:26:12.153465,Amazon,send,Delhi,iOS,0,4,46,0,2,2,2,3699.0514728682174,129,-2634.8414728682174,1,0.5
5050,user_21,3789.83,2026-08-03 10:57:33.153465,Zomato,send,Delhi,Web,0,10,13,5,2,2,1,4244.438115942029,138,-454.60811594202914,0,0.2
5051,user_14,19206.38,2026-07-22 22:22:55.153465,Paytm,request,Chennai,Android,0,22,5,2,1,1,0,18284.780597014927,134,921.5994029850735,0,0.1
5052,user_35,6383.15,2026-08-09 19:08:07.153465,Zomato,request,Mumbai,Web,0,19,28,5,1,3,1,15800.978582677166,127,-9417.828582677166,0,0.2
5053,user_6,534.42,2026-07-26 09:24:58.153465,Walmart,refund,Bangalore,iOS,0,9,46,4,0,0,2,3699.0514728682174,129,-3164.6314728682173,0,0.5
5054,user_33,2941.48,2026-07-26 05:58:30.153465,Zomato,request,Chennai,iOS,0,5,26,5,1,1,2,3974.536484375,128,-1033.0564843749999,1,0.5
5055,user_45,1461.33,2026-08-07 19:59:41.153465,Amazon,send,Bangalore,iOS,0,19,39,0,2,0,2,3748.3989344262295,122,-2287.0689344262296,0,0.5
5056,user_46,4327.97,2026-07-22 19:35:30.153465,Walmart,request,Bangalore,iOS,0,19,40,4,1,0,2,4824.613684210526,133,-496.64368421052586,0,0.5
5057,user_22,81405.27,2026-07-29 20:20:15.153465,Zomato,request,Chennai,Web,1,20,14,5,1,1,1,18343.150086206897,116,63062.11991379311,0,0.2
5058,user_49,6622.89,2026-08-12 09:01:46.153465,Amazon,send,Delhi,Android,0,9,43,0,2,2,0,19333.43277227723,101,-12710.54277227723,0,0.1
5059,user_45,3758.65,2026-08-06 17:28:29.153465,Walmart,request,Pune,Web,0,17,39,4,1,4,1,3748.3989344262295,122,10.251065573770575,0,0.2
5060,user_32,514.56,2026-09-18 23:14:32.153465,Paytm,refund,Chennai,iOS,0,23,25,2,0,1,2,3596.741,130,-3082.181,0,0.5
5061,user_48,2378.95,2026-08-01 08:38:11.153465,Zomato,refund,Pune,iOS,0,8,42,5,0,4,2,4029.46368852459,122,-1650.5136885245902,0,0.5
5062,user_48,4107.66,2026-08-10 16:36:00.153465,Zomato,send,Chennai,Web,0,16,42,5,2,1,1,4029.46368852459,122,78.19631147540986,0,0.2
5063,user_34,3430.96,2026-08-04 07:57:33.153465,Amazon,send,Mumbai,iOS,0,7,27,0,2,3,2,4524.1720000000005,120,-1093.2120000000004,0,0.5
5064,user_1,1532.35,2026-08-24 20:53:12.153465,Zomato,refund,Chennai,Android,0,20,0,5,0,1,0,4037.2688695652173,115,-2504.9188695652174,0,0.1
5065,user_50,1061.43,2026-09-16 03:13:13.153465,Zomato,request,Pune,Web,0,3,45,5,1,4,1,4276.488269230769,104,-3215.058269230769,1,0.2
5066,user_16,4509.1,2026-08-26 10:21:35.153465,Flipkart,refund,Pune,Web,0,10,7,1,0,4,1,3660.321525423729,118,848.7784745762715,0,0.2
5067,user_25,3300.63,2026-08-31 16:51:00.153465,Zomato,refund,Mumbai,iOS,1,16,17,5,0,3,2,3615.32544,125,-314.69543999999996,0,0.5
5068,user_11,815.53,2026-09-06 13:54:42.153465,Zomato,request,Chennai,Android,0,13,2,5,1,1,0,3819.240342465753,146,-3003.7103424657535,0,0.1
5069,user_12,16619.28,2026-09-16 11:11:19.153465,Flipkart,refund,Bangalore,Web,1,11,3,1,0,0,1,52530.11026548673,113,-35910.83026548673,0,0.2
5070,user_37,9979.48,2026-09-11 17:17:59.153465,Flipkart,send,Pune,Android,0,17,30,1,2,4,0,15907.096030534352,131,-5927.616030534353,0,0.1
5071,user_15,12412.0,2026-08-09 15:52:39.153465,Paytm,refund,Mumbai,iOS,0,15,6,2,0,3,2,17357.696608695653,115,-4945.696608695653,0,0.5
5072,user_6,4842.14,2026-08-12 20:14:49.153465,Walmart,request,Delhi,Web,1,20,46,4,1,2,1,3699.0514728682174,129,1143.088527131783,0,0.2
5073,user_16,716.68,2026-08-12 22:09:24.153465,Paytm,send,Bangalore,iOS,0,22,7,2,2,0,2,3660.321525423729,118,-2943.641525423729,0,0.5
5074,user_47,3060.02,2026-08-29 19:08:01.153465,Flipkart,refund,Delhi,Web,0,19,41,1,0,2,1,3883.282635658915,129,-823.2626356589149,0,0.2
5075,user_32,1303.94,2026-09-13 12:37:33.153465,Zomato,request,Pune,iOS,1,12,25,5,1,4,2,3596.741,130,-2292.801,0,0.5
5076,user_5,6230.72,2026-08-20 17:16:29.153465,Zomato,send,Bangalore,Web,0,17,44,5,2,0,1,21765.65124031008,129,-15534.931240310078,0,0.2
5077,user_40,32445.21,2026-09-02 18:57:43.153465,Paytm,refund,Pune,Web,1,18,34,2,0,4,1,18950.453564356438,101,13494.756435643561,0,0.2
5078,user_5,13044.06,2026-09-19 12:10:08.153465,Zomato,refund,Pune,Web,0,12,44,5,0,4,1,21765.65124031008,129,-8721.59124031008,0,0.2
5079,user_10,1748.27,2026-08-15 08:16:14.153465,Zomato,refund,Mumbai,iOS,0,8,1,5,0,3,2,4115.205169491525,118,-2366.9351694915254,0,0.5
5080,user_34,2025.19,2026-09-03 18:48:23.153465,Paytm,send,Chennai,Android,0,18,27,2,2,1,0,4524.1720000000005,120,-2498.9820000000004,0,0.1
5081,user_4,31733.1,2026-09-15 22:55:51.153465,Flipkart,send,Bangalore,Web,1,22,33,1,2,0,1,4960.130344827586,116,26772.969655172412,0,0.2
5082,user_14,6118.57,2026-09-01 00:28:58.153465,Walmart,request,Mumbai,iOS,0,0,5,4,1,3,2,18284.780597014927,134,-12166.210597014928,1,0.5
5083,user_2,41734.39,2026-08-15 04:29:58.153465,Swiggy,send,Mumbai,iOS,0,4,11,3,2,3,2,47401.46406779661,118,-5667.07406779661,1,0.5
5084,user_22,10687.08,2026-09-13 13:44:30.153465,Swiggy,refund,Chennai,Android,0,13,14,3,0,1,0,18343.150086206897,116,-7656.070086206897,0,0.1
5085,user_44,10357.38,2026-08-01 03:09:51.153465,Zomato,refund,Chennai,Web,0,3,38,5,0,1,1,17327.384636363637,110,-6970.0046363636375,1,0.2
5086,user_24,19015.17,2026-08-15 08:20:46.153465,Zomato,send,Bangalore,Android,0,8,16,5,2,0,0,20664.321171875,128,-1649.1511718750007,0,0.1
5087,user_2,32108.23,2026-09-06 17:13:45.153465,Paytm,request,Delhi,Web,0,17,11,2,1,2,1,47401.46406779661,118,-15293.23406779661,0,0.2
5088,user_13,38007.32,2026-09-14 17:26:04.153465,Amazon,send,Mumbai,Android,0,17,4,0,2,3,0,16363.8575,124,21643.4625,0,0.1
5089,user_29,535.34,2026-07-23 22:48:23.153465,Flipkart,send,Chennai,Android,0,22,21,1,2,1,0,4165.22631147541,122,-3629.8863114754095,0,0.1
5090,user_29,3513.31,2026-07-25 16:52:59.153465,Swiggy,send,Bangalore,iOS,0,16,21,3,2,0,2,4165.22631147541,122,-651.9163114754097,0,0.5
5091,user_18,4515.42,2026-09-07 06:06:00.153465,Zomato,request,Chennai,Web,0,6,9,5,1,1,1,4267.170924369748,119,248.24907563025226,1,0.2
5092,user_13,19542.16,2026-09-01 17:24:55.153465,Swiggy,send,Pune,iOS,0,17,4,3,2,4,2,16363.8575,124,3178.3025,0,0.5
5093,user_7,49932.88,2026-08-19 07:10:52.153465,Walmart,refund,Chennai,Android,0,7,47,4,0,1,0,60187.18528,125,-10254.30528,0,0.1
5094,user_48,663.35,2026-07-28 09:26:35.153465,Swiggy,refund,Delhi,Android,0,9,42,3,0,2,0,4029.46368852459,122,-3366.11368852459,0,0.1
5095,user_41,437.22,2026-09-18 14:41:53.153465,Flipkart,request,Mumbai,Android,0,14,35,1,1,3,0,4057.624609375,128,-3620.4046093750003,0,0.1
5096,user_38,155774.24,2026-08-30 09:06:15.153465,Amazon,send,Mumbai,Web,1,9,31,0,2,3,1,17814.76077586207,116,137959.47922413793,0,0.2
5097,user_15,15501.78,2026-09-19 05:11:01.153465,Zomato,send,Bangalore,Android,0,5,6,5,2,0,0,17357.696608695653,115,-1855.916608695652,1,0.1
5098,user_14,7805.91,2026-09-09 08:32:14.153465,Paytm,request,Pune,Web,0,8,5,2,1,4,1,18284.780597014927,134,-10478.870597014928,0,0.2
5099,user_27,14599.52,2026-08-18 02:50:53.153465,Walmart,refund,Bangalore,iOS,0,2,19,4,0,0,2,18537.69881355932,118,-3938.1788135593197,1,0.5
5100,user_49,15951.91,2026-08-28 01:25:02.153465,Zomato,send,Bangalore,iOS,0,1,43,5,2,0,2,19333.43277227723,101,-3381.522772277229,1,0.5
5101,user_4,1815.6,2026-09-13 13:41:33.153465,Zomato,request,Chennai,iOS,0,13,33,5,1,1,2,4960.130344827586,116,-3144.530344827586,0,0.5
5102,user_11,2468.23,2026-07-24 10:35:35.153465,Paytm,send,Pune,Android,0,10,2,2,2,4,0,3819.240342465753,146,-1351.0103424657532,0,0.1
5103,user_47,3329.36,2026-09-05 18:50:45.153465,Swiggy,refund,Pune,Android,0,18,41,3,0,4,0,3883.282635658915,129,-553.9226356589147,0,0.1
5104,user_28,2633.04,2026-08-09 03:01:42.153465,Paytm,send,Delhi,Android,0,3,20,2,2,2,0,4678.404529914529,117,-2045.3645299145292,1,0.1
5105,user_9,537.95,2026-09-15 18:52:12.153465,Zomato,refund,Mumbai,Web,0,18,49,5,0,3,1,4747.313999999999,110,-4209.364,0,0.2
5106,user_24,9490.62,2026-08-17 07:22:53.153465,Paytm,send,Mumbai,Android,0,7,16,2,2,3,0,20664.321171875,128,-11173.701171874998,0,0.1
5107,user_29,2381.78,2026-07-22 01:28:36.153465,Amazon,send,Delhi,iOS,0,1,21,0,2,2,2,4165.22631147541,122,-1783.4463114754094,1,0.5
5108,user_5,7901.58,2026-08-06 21:56:32.153465,Paytm,refund,Bangalore,Android,0,21,44,2,0,0,0,21765.65124031008,129,-13864.071240310079,0,0.1
5109,user_24,8313.39,2026-08-21 19:27:02.153465,Paytm,send,Delhi,iOS,0,19,16,2,2,2,2,20664.321171875,128,-12350.931171875,0,0.5
5110,user_33,324.21,2026-08-27 08:16:31.153465,Amazon,request,Chennai,Android,0,8,26,0,1,1,0,3974.536484375,128,-3650.326484375,0,0.1
5111,user_42,4776.49,2026-08-07 11:00:27.153465,Walmart,send,Chennai,iOS,1,11,36,4,2,1,2,4749.498305084746,118,26.991694915253902,0,0.5
5112,user_40,7557.24,2026-07-25 06:41:27.153465,Zomato,send,Mumbai,Web,0,6,34,5,2,3,1,18950.453564356438,101,-11393.213564356438,1,0.2
5113,user_28,2163.91,2026-08-28 15:10:46.153465,Walmart,send,Delhi,Web,0,15,20,4,2,2,1,4678.404529914529,117,-2514.4945299145293,0,0.2
5114,user_36,3577.54,2026-09-04 17:34:55.153465,Amazon,request,Delhi,Android,0,17,29,0,1,2,0,4483.898691588785,107,-906.3586915887854,0,0.1
5115,user_39,383.3,2026-08-29 16:20:59.153465,Zomato,refund,Pune,iOS,0,16,32,5,0,4,2,4488.573909090909,110,-4105.273909090909,0,0.5
5116,user_6,1240.5,2026-08-06 05:11:17.153465,Flipkart,refund,Chennai,Web,0,5,46,1,0,1,1,3699.0514728682174,129,-2458.5514728682174,1,0.2
5117,user_32,2613.67,2026-08-26 07:48:06.153465,Zomato,refund,Pune,iOS,0,7,25,5,0,4,2,3596.741,130,-983.0709999999999,0,0.5
5118,user_19,9816.42,2026-09-14 15:43:37.153465,Swiggy,send,Delhi,iOS,1,15,10,3,2,2,2,3644.202786885246,122,6172.2172131147545,0,0.5
5119,user_40,19169.84,2026-08-28 06:17:06.153465,Flipkart,refund,Mumbai,iOS,0,6,34,1,0,3,2,18950.453564356438,101,219.38643564356244,1,0.5
5120,user_23,16753.8,2026-08-24 22:27:51.153465,Amazon,refund,Chennai,Web,0,22,15,0,0,1,1,21876.48723880597,134,-5122.687238805971,0,0.2
5121,user_29,4826.8,2026-08-28 18:01:52.153465,Walmart,refund,Mumbai,Web,1,18,21,4,0,3,1,4165.22631147541,122,661.5736885245906,0,0.2
5122,user_15,7485.42,2026-08-25 11:18:10.153465,Walmart,refund,Pune,Android,0,11,6,4,0,4,0,17357.696608695653,115,-9872.276608695653,0,0.1
5123,user_43,6394.15,2026-08-23 23:09:30.153465,Swiggy,request,Bangalore,Web,0,23,37,3,1,0,1,15429.552764227643,123,-9035.402764227643,0,0.2
5124,user_17,2183.86,2026-08-17 10:10:06.153465,Walmart,request,Chennai,iOS,0,10,8,4,1,1,2,4173.412348484848,132,-1989.5523484848477,0,0.5
5125,user_7,97025.64,2026-09-11 08:51:10.153465,Paytm,request,Pune,iOS,0,8,47,2,1,4,2,60187.18528,125,36838.45472,0,0.5
5126,user_14,16167.62,2026-08-04 15:36:30.153465,Paytm,send,Bangalore,iOS,0,15,5,2,2,0,2,18284.780597014927,134,-2117.1605970149267,0,0.5
5127,user_39,4597.2,2026-09-13 10:06:05.153465,Flipkart,refund,Pune,Android,1,10,32,1,0,4,0,4488.573909090909,110,108.62609090909064,0,0.1
5128,user_6,481.94,2026-08-14 16:03:11.153465,Paytm,request,Chennai,Web,1,16,46,2,1,1,1,3699.0514728682174,129,-3217.1114728682173,0,0.2
5129,user_3,33652.51,2026-07-22 23:51:04.153465,Walmart,refund,Pune,Web,0,23,22,4,0,4,1,51628.90211538462,104,-17976.392115384617,0,0.2
5130,user_20,6306.65,2026-08-17 10:21:23.153465,Zomato,request,Pune,Android,1,10,12,5,1,4,0,19935.082280701754,114,-13628.432280701754,0,0.1
5131,user_29,3344.62,2026-09-10 09:35:26.153465,Amazon,refund,Delhi,Web,1,9,21,0,0,2,1,4165.22631147541,122,-820.6063114754097,0,0.2
5132,user_48,4065.37,2026-09-05 06:56:27.153465,Swiggy,request,Delhi,Android,0,6,42,3,1,2,0,4029.46368852459,122,35.90631147540989,1,0.1
5133,user_6,374.45,2026-09-15 15:48:13.153465,Zomato,request,Bangalore,iOS,0,15,46,5,1,0,2,3699.0514728682174,129,-3324.6014728682176,0,0.5
5134,user_46,2374.48,2026-08-24 09:12:12.153465,Zomato,refund,Chennai,Android,0,9,40,5,0,1,0,4824.613684210526,133,-2450.133684210526,0,0.1
5135,user_13,15158.66,2026-08-27 18:39:52.153465,Swiggy,refund,Chennai,Android,0,18,4,3,0,1,0,16363.8575,124,-1205.1975000000002,0,0.1
5136,user_42,8197.51,2026-08-25 14:14:46.153465,Flipkart,request,Mumbai,Web,0,14,36,1,1,3,1,4749.498305084746,118,3448.0116949152543,0,0.2
5137,user_21,1840.41,2026-08-16 23:20:59.153465,Zomato,refund,Delhi,Web,0,23,13,5,0,2,1,4244.438115942029,138,-2404.028115942029,0,0.2
5138,user_44,49322.94,2026-08-13 09:15:55.153465,Walmart,refund,Chennai,iOS,1,9,38,4,0,1,2,17327.384636363637,110,31995.555363636366,0,0.5
5139,user_43,13996.69,2026-08-31 23:57:43.153465,Flipkart,send,Pune,Web,0,23,37,1,2,4,1,15429.552764227643,123,-1432.8627642276424,0,0.2
5140,user_11,4039.04,2026-07-30 01:25:24.153465,Walmart,send,Bangalore,Web,0,1,2,4,2,0,1,3819.240342465753,146,219.79965753424676,1,0.2
5141,user_17,4377.58,2026-08-18 19:11:08.153465,Walmart,send,Pune,Web,1,19,8,4,2,4,1,4173.412348484848,132,204.1676515151521,0,0.2
5142,user_5,19711.97,2026-07-26 03:07:52.153465,Zomato,send,Bangalore,Web,1,3,44,5,2,0,1,21765.65124031008,129,-2053.6812403100776,1,0.2
5143,user_24,7926.57,2026-08-29 16:12:13.153465,Paytm,refund,Bangalore,Web,0,16,16,2,0,0,1,20664.321171875,128,-12737.751171875,0,0.2
5144,user_50,1070.01,2026-09-09 23:07:06.153465,Walmart,request,Chennai,Web,0,23,45,4,1,1,1,4276.488269230769,104,-3206.478269230769,0,0.2
5145,user_43,47494.43,2026-07-24 00:02:33.153465,Zomato,send,Bangalore,Android,0,0,37,5,2,0,0,15429.552764227643,123,32064.877235772357,1,0.1
5146,user_41,31131.73,2026-08-26 12:48:02.153465,Amazon,refund,Delhi,Android,0,12,35,0,0,2,0,4057.624609375,128,27074.105390624998,0,0.1
5147,user_24,19225.01,2026-09-08 14:05:20.153465,Amazon,refund,Chennai,Web,0,14,16,0,0,1,1,20664.321171875,128,-1439.3111718750006,0,0.2
5148,user_25,4662.95,2026-09-05 14:12:26.153465,Zomato,send,Chennai,Android,0,14,17,5,2,1,0,3615.32544,125,1047.6245599999997,0,0.1
5149,user_28,3177.62,2026-08-20 18:52:48.153465,Flipkart,refund,Chennai,iOS,0,18,20,1,0,1,2,4678.404529914529,117,-1500.7845299145292,0,0.5
5150,user_4,4556.54,2026-09-04 10:27:10.153465,Paytm,refund,Chennai,iOS,0,10,33,2,0,1,2,4960.130344827586,116,-403.5903448275858,0,0.5
5151,user_35,9440.4,2026-08-08 10:02:50.153465,Flipkart,request,Chennai,iOS,1,10,28,1,1,1,2,15800.978582677166,127,-6360.578582677166,0,0.5
5152,user_6,2487.5,2026-08-16 23:48:50.153465,Swiggy,refund,Delhi,iOS,0,23,46,3,0,2,2,3699.0514728682174,129,-1211.5514728682174,0,0.5
5153,user_5,8825.8,2026-08-14 12:39:57.153465,Paytm,send,Chennai,Android,0,12,44,2,2,1,0,21765.65124031008,129,-12939.85124031008,0,0.1
5154,user_8,3342.16,2026-09-07 12:44:17.153465,Swiggy,request,Pune,Android,0,12,48,3,1,4,0,4162.542654867257,113,-820.3826548672569,0,0.1
5155,user_25,3083.98,2026-09-04 00:16:10.153465,Paytm,request,Delhi,iOS,0,0,17,2,1,2,2,3615.32544,125,-531.34544,1,0.5
5156,user_15,106408.51,2026-08-25 10:46:40.153465,Zomato,request,Delhi,iOS,1,10,6,5,1,2,2,17357.696608695653,115,89050.81339130434,0,0.5
5157,user_36,439.6,2026-09-15 20:57:32.153465,Paytm,refund,Mumbai,Web,1,20,29,2,0,3,1,4483.898691588785,107,-4044.2986915887855,0,0.2
5158,user_25,10351.24,2026-08-09 14:07:10.153465,Amazon,send,Delhi,iOS,1,14,17,0,2,2,2,3615.32544,125,6735.914559999999,0,0.5
5159,user_16,1387.46,2026-07-28 11:53:36.153465,Paytm,refund,Mumbai,iOS,0,11,7,2,0,3,2,3660.321525423729,118,-2272.861525423729,0,0.5
5160,user_39,3755.53,2026-09-14 20:04:09.153465,Amazon,send,Delhi,Web,0,20,32,0,2,2,1,4488.573909090909,110,-733.043909090909,0,0.2
5161,user_17,2090.14,2026-07-28 00:25:21.153465,Amazon,send,Pune,iOS,0,0,8,0,2,4,2,4173.412348484848,132,-2083.272348484848,1,0.5
5162,user_22,18993.71,2026-08-16 16:48:57.153465,Zomato,refund,Mumbai,Android,0,16,14,5,0,3,0,18343.150086206897,116,650.5599137931022,0,0.1
5163,user_26,920.44,2026-07-26 07:19:42.153465,Flipkart,request,Pune,Android,0,7,18,1,1,4,0,4396.555663716814,113,-3476.1156637168137,0,0.1
5164,user_16,1940.31,2026-08-12 05:55:17.153465,Amazon,refund,Delhi,Android,0,5,7,0,0,2,0,3660.321525423729,118,-1720.011525423729,1,0.1
5165,user_44,13412.29,2026-08-17 18:14:59.153465,Zomato,request,Delhi,iOS,0,18,38,5,1,2,2,17327.384636363637,110,-3915.094636363636,0,0.5
5166,user_29,4424.0,2026-08-30 00:13:59.153465,Swiggy,refund,Pune,Web,0,0,21,3,0,4,1,4165.22631147541,122,258.7736885245904,1,0.2
5167,user_47,9197.99,2026-08-29 03:35:45.153465,Swiggy,request,Mumbai,iOS,1,3,41,3,1,3,2,3883.282635658915,129,5314.707364341085,1,0.5
5168,user_7,24589.75,2026-09-10 19:55:37.153465,Zomato,send,Mumbai,iOS,0,19,47,5,2,3,2,60187.18528,125,-35597.43528,0,0.5
5169,user_14,17630.68,2026-09-01 06:32:09.153465,Paytm,request,Chennai,iOS,0,6,5,2,1,1,2,18284.780597014927,134,-654.1005970149272,1,0.5
5170,user_45,609.16,2026-08-12 18:39:37.153465,Walmart,send,Pune,Android,0,18,39,4,2,4,0,3748.3989344262295,122,-3139.2389344262297,0,0.1
5171,user_3,131624.23,2026-08-02 19:03:25.153465,Walmart,send,Pune,iOS,1,19,22,4,2,4,2,51628.90211538462,104,79995.3278846154,0,0.5
5172,user_16,1320.26,2026-07-21 19:57:22.153465,Paytm,refund,Mumbai,iOS,1,19,7,2,0,3,2,3660.321525423729,118,-2340.061525423729,0,0.5
5173,user_10,4909.12,2026-08-07 00:04:13.153465,Walmart,request,Pune,iOS,0,0,1,4,1,4,2,4115.205169491525,118,793.9148305084746,1,0.5
5174,user_21,2792.98,2026-09-11 01:31:52.153465,Swiggy,send,Delhi,iOS,0,1,13,3,2,2,2,4244.438115942029,138,-1451.458115942029,1,0.5
5175,user_32,3991.16,2026-07-23 13:22:35.153465,Walmart,request,Chennai,iOS,0,13,25,4,1,1,2,3596.741,130,394.41899999999987,0,0.5
5176,user_13,16619.26,2026-08-29 03:00:32.153465,Zomato,request,Pune,Web,0,3,4,5,1,4,1,16363.8575,124,255.40249999999833,1,0.2
5177,user_19,3031.28,2026-07-31 13:07:17.153465,Walmart,refund,Chennai,iOS,0,13,10,4,0,1,2,3644.202786885246,122,-612.9227868852458,0,0.5
5178,user_36,4880.01,2026-08-27 11:36:56.153465,Swiggy,request,Mumbai,Android,0,11,29,3,1,3,0,4483.898691588785,107,396.11130841121485,0,0.1
5179,user_33,3454.12,2026-07-23 18:25:50.153465,Swiggy,refund,Bangalore,Web,0,18,26,3,0,0,1,3974.536484375,128,-520.416484375,0,0.2
5180,user_23,10969.67,2026-08-26 23:51:53.153465,Paytm,refund,Bangalore,Web,0,23,15,2,0,0,1,21876.48723880597,134,-10906.81723880597,0,0.2
5181,user_17,756.03,2026-08-16 06:07:32.153465,Flipkart,request,Pune,Web,0,6,8,1,1,4,1,4173.412348484848,132,-3417.382348484848,1,0.2
5182,user_41,3651.6,2026-08-18 01:20:13.153465,Paytm,send,Delhi,Android,0,1,35,2,2,2,0,4057.624609375,128,-406.0246093750002,1,0.1
5183,user_1,3952.63,2026-09-15 13:11:57.153465,Amazon,send,Mumbai,iOS,0,13,0,0,2,3,2,4037.2688695652173,115,-84.63886956521719,0,0.5
5184,user_31,1851.8,2026-09-07 06:30:13.153465,Amazon,refund,Pune,Android,0,6,24,0,0,4,0,4894.9887499999995,96,-3043.1887499999993,1,0.1
5185,user_26,2399.48,2026-09-15 10:50:03.153465,Flipkart,send,Pune,iOS,0,10,18,1,2,4,2,4396.555663716814,113,-1997.0756637168138,0,0.5
5186,user_16,3793.11,2026-09-03 12:14:02.153465,Walmart,request,Bangalore,Android,0,12,7,4,1,0,0,3660.321525423729,118,132.78847457627126,0,0.1
5187,user_27,15917.58,2026-08-19 15:34:46.153465,Paytm,request,Pune,Web,0,15,19,2,1,4,1,18537.69881355932,118,-2620.11881355932,0,0.2
5188,user_24,17524.32,2026-08-16 19:45:28.153465,Zomato,refund,Pune,Android,0,19,16,5,0,4,0,20664.321171875,128,-3140.0011718749993,0,0.1
5189,user_27,9662.27,2026-09-13 08:28:50.153465,Paytm,send,Mumbai,Web,0,8,19,2,2,3,1,18537.69881355932,118,-8875.42881355932,0,0.2
5190,user_50,2229.93,2026-07-28 06:35:02.153465,Zomato,request,Delhi,Web,0,6,45,5,1,2,1,4276.488269230769,104,-2046.5582692307694,1,0.2
5191,user_38,14524.54,2026-08-02 17:56:41.153465,Swiggy,send,Chennai,Web,0,17,31,3,2,1,1,17814.76077586207,116,-3290.220775862068,0,0.2
5192,user_9,2666.09,2026-09-05 21:49:41.153465,Flipkart,refund,Bangalore,iOS,1,21,49,1,0,0,2,4747.313999999999,110,-2081.2239999999993,0,0.5
5193,user_5,17579.0,2026-09-04 20:47:30.153465,Amazon,refund,Chennai,Android,0,20,44,0,0,1,0,21765.65124031008,129,-4186.651240310079,0,0.1
5194,user_20,7686.0,2026-09-02 02:49:59.153465,Walmart,refund,Pune,Android,0,2,12,4,0,4,0,19935.082280701754,114,-12249.082280701754,1,0.1
5195,user_21,3620.53,2026-09-13 13:53:47.153465,Flipkart,request,Mumbai,iOS,0,13,13,1,1,3,2,4244.438115942029,138,-623.9081159420289,0,0.5
5196,user_21,1275.16,2026-08-07 13:43:00.153465,Walmart,refund,Bangalore,Web,0,13,13,4,0,0,1,4244.438115942029,138,-2969.278115942029,0,0.2
5197,user_5,53958.01,2026-08-01 08:30:31.153465,Zomato,send,Mumbai,Web,1,8,44,5,2,3,1,21765.65124031008,129,32192.358759689923,0,0.2
5198,user_3,38840.59,2026-08-27 08:16:24.153465,Paytm,request,Pune,Web,0,8,22,2,1,4,1,51628.90211538462,104,-12788.312115384622,0,0.2
5199,user_4,3915.47,2026-07-31 18:22:30.153465,Swiggy,refund,Chennai,iOS,0,18,33,3,0,1,2,4960.130344827586,116,-1044.660344827586,0,0.5
5200,user_17,3648.47,2026-07-23 23:26:17.153465,Flipkart,request,Chennai,Web,0,23,8,1,1,1,1,4173.412348484848,132,-524.942348484848,0,0.2
5201,user_37,17482.41,2026-09-10 01:02:00.153465,Paytm,request,Delhi,iOS,0,1,30,2,1,2,2,15907.096030534352,131,1575.3139694656475,1,0.5
5202,user_43,8564.97,2026-08-28 22:36:10.153465,Walmart,request,Bangalore,Android,0,22,37,4,1,0,0,15429.552764227643,123,-6864.582764227644,0,0.1
5203,user_45,1912.57,2026-08-24 11:51:49.153465,Walmart,refund,Pune,iOS,0,11,39,4,0,4,2,3748.3989344262295,122,-1835.8289344262296,0,0.5
5204,user_37,16973.77,2026-08-23 11:59:34.153465,Walmart,request,Pune,Web,0,11,30,4,1,4,1,15907.096030534352,131,1066.673969465648,0,0.2
5205,user_22,9345.49,2026-07-28 19:03:07.153465,Amazon,refund,Bangalore,iOS,0,19,14,0,0,0,2,18343.150086206897,116,-8997.660086206897,0,0.5
5206,user_23,30657.22,2026-08-25 00:15:56.153465,Walmart,request,Delhi,iOS,0,0,15,4,1,2,2,21876.48723880597,134,8780.73276119403,1,0.5
5207,user_38,19450.66,2026-09-14 20:44:40.153465,Amazon,request,Bangalore,Web,0,20,31,0,1,0,1,17814.76077586207,116,1635.899224137931,0,0.2
5208,user_17,4432.85,2026-07-25 07:48:21.153465,Flipkart,refund,Delhi,Android,0,7,8,1,0,2,0,4173.412348484848,132,259.43765151515254,0,0.1
5209,user_23,15392.49,2026-09-15 08:41:43.153465,Flipkart,send,Mumbai,iOS,0,8,15,1,2,3,2,21876.48723880597,134,-6483.9972388059705,0,0.5
5210,user_15,9636.97,2026-08-01 09:10:49.153465,Paytm,request,Mumbai,Web,0,9,6,2,1,3,1,17357.696608695653,115,-7720.726608695653,0,0.2
5211,user_23,7732.43,2026-09-16 04:34:21.153465,Amazon,send,Chennai,Android,0,4,15,0,2,1,0,21876.48723880597,134,-14144.05723880597,1,0.1
5212,user_6,2782.21,2026-07-22 06:22:46.153465,Amazon,send,Mumbai,iOS,0,6,46,0,2,3,2,3699.0514728682174,129,-916.8414728682174,1,0.5
5213,user_16,2618.64,2026-08-18 03:11:00.153465,Swiggy,refund,Bangalore,Web,0,3,7,3,0,0,1,3660.321525423729,118,-1041.681525423729,1,0.2
5214,user_23,8228.83,2026-08-17 17:23:52.153465,Swiggy,refund,Pune,iOS,0,17,15,3,0,4,2,21876.48723880597,134,-13647.65723880597,0,0.5
5215,user_41,4193.12,2026-07-26 13:47:59.153465,Amazon,refund,Bangalore,iOS,0,13,35,0,0,0,2,4057.624609375,128,135.4953906249998,0,0.5
5216,user_13,8388.18,2026-08-19 19:08:46.153465,Paytm,send,Bangalore,Web,0,19,4,2,2,0,1,16363.8575,124,-7975.6775,0,0.2
5217,user_42,1061.8,2026-08-06 14:22:32.153465,Swiggy,send,Pune,Web,0,14,36,3,2,4,1,4749.498305084746,118,-3687.6983050847457,0,0.2
5218,user_19,1618.77,2026-07-24 17:10:26.153465,Walmart,send,Bangalore,Web,1,17,10,4,2,0,1,3644.202786885246,122,-2025.432786885246,0,0.2
5219,user_23,19709.18,2026-08-01 09:36:46.153465,Amazon,request,Mumbai,Android,0,9,15,0,1,3,0,21876.48723880597,134,-2167.30723880597,0,0.1
5220,user_17,4582.49,2026-08-30 06:37:18.153465,Zomato,request,Mumbai,iOS,0,6,8,5,1,3,2,4173.412348484848,132,409.07765151515196,1,0.5
5221,user_40,19202.12,2026-07-29 00:30:47.153465,Amazon,send,Bangalore,iOS,0,0,34,0,2,0,2,18950.453564356438,101,251.66643564356127,1,0.5
5222,user_27,10169.06,2026-08-11 09:40:32.153465,Swiggy,request,Chennai,Android,0,9,19,3,1,1,0,18537.69881355932,118,-8368.63881355932,0,0.1
5223,user_28,14357.55,2026-09-18 12:01:09.153465,Swiggy,refund,Delhi,Web,1,12,20,3,0,2,1,4678.404529914529,117,9679.14547008547,0,0.2
5224,user_24,9463.47,2026-08-19 06:53:48.153465,Flipkart,refund,Chennai,iOS,0,6,16,1,0,1,2,20664.321171875,128,-11200.851171875,1,0.5
5225,user_25,12627.97,2026-08-08 17:59:38.153465,Swiggy,refund,Delhi,iOS,1,17,17,3,0,2,2,3615.32544,125,9012.644559999999,0,0.5
5226,user_3,41360.7,2026-07-25 19:16:39.153465,Walmart,refund,Pune,iOS,0,19,22,4,0,4,2,51628.90211538462,104,-10268.202115384622,0,0.5
5227,user_11,4084.68,2026-08-08 23:33:25.153465,Paytm,send,Chennai,Android,0,23,2,2,2,1,0,3819.240342465753,146,265.43965753424663,0,0.1
5228,user_26,3991.51,2026-08-17 09:16:53.153465,Amazon,refund,Bangalore,iOS,1,9,18,0,0,0,2,4396.555663716814,113,-405.0456637168136,0,0.5
5229,user_5,156080.48,2026-07-23 00:48:26.153465,Flipkart,send,Delhi,iOS,1,0,44,1,2,2,2,21765.65124031008,129,134314.82875968993,1,0.5
5230,user_21,493.62,2026-08-29 09:57:46.153465,Flipkart,request,Chennai,Web,0,9,13,1,1,1,1,4244.438115942029,138,-3750.818115942029,0,0.2
5231,user_19,1998.83,2026-07-24 06:01:49.153465,Flipkart,request,Mumbai,iOS,0,6,10,1,1,3,2,3644.202786885246,122,-1645.3727868852461,1,0.5
5232,user_49,8304.32,2026-08-12 11:10:44.153465,Swiggy,refund,Chennai,Android,0,11,43,3,0,1,0,19333.43277227723,101,-11029.112772277229,0,0.1
5233,user_21,4699.85,2026-09-04 22:09:15.153465,Zomato,send,Bangalore,Android,0,22,13,5,2,0,0,4244.438115942029,138,455.4118840579713,0,0.1
5234,user_30,10695.36,2026-08-16 01:20:33.153465,Swiggy,refund,Pune,Web,0,1,23,3,0,4,1,20780.866470588233,119,-10085.506470588232,1,0.2
5235,user_36,4518.92,2026-08-05 16:58:52.153465,Paytm,request,Bangalore,Web,0,16,29,2,1,0,1,4483.898691588785,107,35.021308411214704,0,0.2
5236,user_47,32785.09,2026-08-27 17:22:08.153465,Flipkart,send,Chennai,iOS,1,17,41,1,2,1,2,3883.282635658915,129,28901.807364341083,0,0.5
5237,user_30,10622.09,2026-07-28 14:33:34.153465,Flipkart,refund,Mumbai,Web,0,14,23,1,0,3,1,20780.866470588233,119,-10158.776470588233,0,0.2
5238,user_47,2011.62,2026-07-26 22:55:19.153465,Flipkart,request,Delhi,Web,0,22,41,1,1,2,1,3883.282635658915,129,-1871.662635658915,0,0.2
5239,user_31,4117.26,2026-08-06 05:39:25.153465,Swiggy,refund,Pune,Web,0,5,24,3,0,4,1,4894.9887499999995,96,-777.7287499999993,1,0.2
5240,user_20,7479.21,2026-08-26 09:02:47.153465,Flipkart,send,Delhi,Web,0,9,12,1,2,2,1,19935.082280701754,114,-12455.872280701755,0,0.2
5241,user_27,15151.89,2026-09-12 15:42:30.153465,Paytm,request,Pune,Web,1,15,19,2,1,4,1,18537.69881355932,118,-3385.8088135593207,0,0.2
5242,user_50,2587.73,2026-09-17 04:53:32.153465,Amazon,request,Bangalore,Web,0,4,45,0,1,0,1,4276.488269230769,104,-1688.7582692307692,1,0.2
5243,user_13,14669.65,2026-09-18 08:40:11.153465,Walmart,refund,Chennai,Android,0,8,4,4,0,1,0,16363.8575,124,-1694.2075000000004,0,0.1
5244,user_21,1396.54,2026-08-21 13:49:30.153465,Walmart,refund,Bangalore,Web,0,13,13,4,0,0,1,4244.438115942029,138,-2847.898115942029,0,0.2
5245,user_6,920.1,2026-08-15 04:49:01.153465,Flipkart,send,Chennai,iOS,0,4,46,1,2,1,2,3699.0514728682174,129,-2778.9514728682175,1,0.5
5246,user_29,2999.78,2026-09-08 15:24:07.153465,Paytm,send,Bangalore,Android,0,15,21,2,2,0,0,4165.22631147541,122,-1165.4463114754094,0,0.1
5247,user_21,2410.32,2026-08-24 14:28:00.153465,Flipkart,request,Pune,iOS,0,14,13,1,1,4,2,4244.438115942029,138,-1834.118115942029,0,0.5
5248,user_5,15724.6,2026-08-02 13:49:17.153465,Swiggy,send,Chennai,Android,0,13,44,3,2,1,0,21765.65124031008,129,-6041.051240310078,0,0.1
5249,user_37,8350.9,2026-08-31 21:50:47.153465,Paytm,refund,Mumbai,Android,0,21,30,2,0,3,0,15907.096030534352,131,-7556.196030534353,0,0.1
5250,user_6,3858.47,2026-09-08 04:52:38.153465,Walmart,send,Delhi,Android,0,4,46,4,2,2,0,3699.0514728682174,129,159.4185271317824,1,0.1
5251,user_37,48616.51,2026-09-08 00:39:48.153465,Walmart,refund,Bangalore,iOS,1,0,30,4,0,0,2,15907.096030534352,131,32709.413969465648,1,0.5
5252,user_36,2413.43,2026-09-08 16:44:11.153465,Flipkart,send,Chennai,iOS,0,16,29,1,2,1,2,4483.898691588785,107,-2070.4686915887855,0,0.5
5253,user_3,59825.44,2026-08-16 11:02:23.153465,Paytm,refund,Mumbai,Android,0,11,22,2,0,3,0,51628.90211538462,104,8196.537884615384,0,0.1
5254,user_29,1709.42,2026-09-08 20:53:25.153465,Amazon,refund,Pune,Web,0,20,21,0,0,4,1,4165.22631147541,122,-2455.8063114754095,0,0.2
5255,user_23,6121.3,2026-09-19 13:51:18.153465,Walmart,request,Delhi,iOS,0,13,15,4,1,2,2,21876.48723880597,134,-15755.187238805971,0,0.5
5256,user_8,2820.59,2026-08-13 11:49:55.153465,Walmart,request,Delhi,iOS,0,11,48,4,1,2,2,4162.542654867257,113,-1341.9526548672566,0,0.5
5257,user_24,8620.0,2026-08-26 21:02:28.153465,Zomato,send,Chennai,iOS,0,21,16,5,2,1,2,20664.321171875,128,-12044.321171874999,0,0.5
5258,user_26,2016.32,2026-09-04 22:06:39.153465,Walmart,request,Bangalore,Web,0,22,18,4,1,0,1,4396.555663716814,113,-2380.235663716814,0,0.2
5259,user_9,1505.16,2026-08-07 18:15:25.153465,Zomato,send,Bangalore,iOS,0,18,49,5,2,0,2,4747.313999999999,110,-3242.1539999999995,0,0.5
5260,user_44,9008.67,2026-09-05 03:48:26.153465,Amazon,send,Chennai,iOS,0,3,38,0,2,1,2,17327.384636363637,110,-8318.714636363637,1,0.5
5261,user_45,2032.64,2026-09-12 15:56:01.153465,Amazon,request,Chennai,Web,0,15,39,0,1,1,1,3748.3989344262295,122,-1715.7589344262294,0,0.2
5262,user_47,2648.62,2026-08-25 03:36:02.153465,Walmart,refund,Pune,Android,0,3,41,4,0,4,0,3883.282635658915,129,-1234.662635658915,1,0.1
5263,user_47,20744.3,2026-08-03 11:51:11.153465,Zomato,send,Mumbai,Web,1,11,41,5,2,3,1,3883.282635658915,129,16861.017364341085,0,0.2
5264,user_38,19181.12,2026-08-16 10:52:25.153465,Paytm,send,Mumbai,Web,0,10,31,2,2,3,1,17814.76077586207,116,1366.3592241379301,0,0.2
5265,user_23,17677.44,2026-09-02 11:47:15.153465,Paytm,request,Bangalore,Android,0,11,15,2,1,0,0,21876.48723880597,134,-4199.047238805972,0,0.1
5266,user_11,3345.37,2026-08-22 13:56:42.153465,Walmart,refund,Delhi,Android,0,13,2,4,0,2,0,3819.240342465753,146,-473.8703424657533,0,0.1
5267,user_42,2825.32,2026-08-04 04:33:15.153465,Amazon,request,Chennai,Web,0,4,36,0,1,1,1,4749.498305084746,118,-1924.1783050847457,1,0.2
5268,user_11,13469.25,2026-08-28 00:37:24.153465,Zomato,request,Mumbai,iOS,1,0,2,5,1,3,2,3819.240342465753,146,9650.009657534247,1,0.5
5269,user_2,34124.65,2026-08-18 22:24:05.153465,Paytm,send,Delhi,Android,0,22,11,2,2,2,0,47401.46406779661,118,-13276.814067796608,0,0.1
5270,user_4,325.01,2026-08-24 04:53:18.153465,Amazon,request,Bangalore,Android,1,4,33,0,1,0,0,4960.130344827586,116,-4635.1203448275855,1,0.1
5271,user_26,4855.99,2026-09-02 13:26:52.153465,Flipkart,request,Chennai,iOS,0,13,18,1,1,1,2,4396.555663716814,113,459.434336283186,0,0.5
5272,user_9,1559.71,2026-07-31 16:28:14.153465,Zomato,refund,Delhi,Web,0,16,49,5,0,2,1,4747.313999999999,110,-3187.6039999999994,0,0.2
5273,user_29,587.23,2026-08-16 15:21:27.153465,Zomato,refund,Chennai,iOS,0,15,21,5,0,1,2,4165.22631147541,122,-3577.9963114754096,0,0.5
5274,user_17,3732.07,2026-09-10 20:48:15.153465,Amazon,refund,Bangalore,iOS,0,20,8,0,0,0,2,4173.412348484848,132,-441.34234848484766,0,0.5
5275,user_21,4123.41,2026-08-16 11:53:37.153465,Walmart,refund,Pune,Android,0,11,13,4,0,4,0,4244.438115942029,138,-121.02811594202922,0,0.1
5276,user_35,5234.67,2026-09-12 02:05:25.153465,Swiggy,request,Delhi,iOS,0,2,28,3,1,2,2,15800.978582677166,127,-10566.308582677166,1,0.5
5277,user_12,125351.48,2026-09-18 13:14:51.153465,Amazon,send,Delhi,Android,1,13,3,0,2,2,0,52530.11026548673,113,72821.36973451327,0,0.1
5278,user_46,16906.71,2026-08-08 22:40:22.153465,Swiggy,request,Mumbai,iOS,1,22,40,3,1,3,2,4824.613684210526,133,12082.096315789473,0,0.5
5279,user_10,1691.67,2026-08-17 09:31:25.153465,Amazon,send,Pune,Android,0,9,1,0,2,4,0,4115.205169491525,118,-2423.5351694915253,0,0.1
5280,user_17,3115.66,2026-08-24 22:48:04.153465,Walmart,send,Delhi,Android,0,22,8,4,2,2,0,4173.412348484848,132,-1057.752348484848,0,0.1
5281,user_6,430.83,2026-09-03 07:20:32.153465,Walmart,request,Chennai,Web,0,7,46,4,1,1,1,3699.0514728682174,129,-3268.2214728682175,0,0.2
5282,user_47,666.15,2026-08-05 16:26:50.153465,Paytm,refund,Mumbai,iOS,0,16,41,2,0,3,2,3883.282635658915,129,-3217.1326356589148,0,0.5
5283,user_6,3692.57,2026-09-07 03:32:45.153465,Walmart,request,Delhi,Web,0,3,46,4,1,2,1,3699.0514728682174,129,-6.4814728682172245,1,0.2
5284,user_34,3141.52,2026-09-02 21:12:01.153465,Flipkart,send,Delhi,Android,0,21,27,1,2,2,0,4524.1720000000005,120,-1382.6520000000005,0,0.1
5285,user_37,16717.67,2026-09-19 09:38:31.153465,Flipkart,request,Pune,Web,0,9,30,1,1,4,1,15907.096030534352,131,810.5739694656459,0,0.2
5286,user_47,865.78,2026-08-26 04:25:42.153465,Paytm,refund,Delhi,iOS,0,4,41,2,0,2,2,3883.282635658915,129,-3017.502635658915,1,0.5
5287,user_19,661.1,2026-07-30 03:12:07.153465,Walmart,request,Mumbai,iOS,0,3,10,4,1,3,2,3644.202786885246,122,-2983.102786885246,1,0.5
5288,user_21,20008.69,2026-08-12 10:59:32.153465,Swiggy,refund,Mumbai,iOS,1,10,13,3,0,3,2,4244.438115942029,138,15764.251884057969,0,0.5
5289,user_14,9924.11,2026-07-23 18:10:26.153465,Walmart,refund,Pune,Android,0,18,5,4,0,4,0,18284.780597014927,134,-8360.670597014927,0,0.1
5290,user_5,15292.28,2026-09-01 13:55:08.153465,Amazon,refund,Chennai,Web,0,13,44,0,0,1,1,21765.65124031008,129,-6473.371240310078,0,0.2
5291,user_10,3301.45,2026-09-12 07:32:49.153465,Paytm,send,Delhi,Android,0,7,1,2,2,2,0,4115.205169491525,118,-813.7551694915255,0,0.1
5292,user_45,2613.94,2026-08-26 19:47:46.153465,Swiggy,send,Delhi,Android,0,19,39,3,2,2,0,3748.3989344262295,122,-1134.4589344262295,0,0.1
5293,user_25,1179.4,2026-09-08 10:44:32.153465,Swiggy,request,Pune,iOS,0,10,17,3,1,4,2,3615.32544,125,-2435.92544,0,0.5
5294,user_41,3368.46,2026-09-06 22:28:38.153465,Amazon,send,Chennai,Android,0,22,35,0,2,1,0,4057.624609375,128,-689.164609375,0,0.1
5295,user_32,4704.95,2026-09-12 05:26:53.153465,Flipkart,send,Delhi,Web,1,5,25,1,2,2,1,3596.741,130,1108.2089999999998,1,0.2
5296,user_43,10562.95,2026-09-17 17:18:57.153465,Amazon,send,Chennai,Android,0,17,37,0,2,1,0,15429.552764227643,123,-4866.602764227642,0,0.1
5297,user_7,54473.93,2026-08-27 16:34:35.153465,Walmart,refund,Mumbai,iOS,0,16,47,4,0,3,2,60187.18528,125,-5713.255279999998,0,0.5
5298,user_21,4519.47,2026-09-03 17:05:21.153465,Swiggy,request,Delhi,Web,0,17,13,3,1,2,1,4244.438115942029,138,275.0318840579712,0,0.2
5299,user_19,13893.65,2026-08-24 09:21:08.153465,Walmart,send,Bangalore,Android,1,9,10,4,2,0,0,3644.202786885246,122,10249.447213114754,0,0.1
5300,user_29,2399.13,2026-08-05 15:15:01.153465,Zomato,refund,Chennai,Android,0,15,21,5,0,1,0,4165.22631147541,122,-1766.0963114754095,0,0.1
5301,user_3,17707.97,2026-09-02 03:20:14.153465,Amazon,request,Pune,Web,0,3,22,0,1,4,1,51628.90211538462,104,-33920.93211538462,1,0.2
5302,user_7,138285.98,2026-08-23 21:42:13.153465,Amazon,request,Bangalore,Web,1,21,47,0,1,0,1,60187.18528,125,78098.79472,0,0.2
5303,user_22,13249.97,2026-08-24 09:25:33.153465,Walmart,send,Chennai,iOS,0,9,14,4,2,1,2,18343.150086206897,116,-5093.180086206898,0,0.5
5304,user_6,3079.93,2026-08-13 09:28:31.153465,Flipkart,refund,Pune,Android,0,9,46,1,0,4,0,3699.0514728682174,129,-619.1214728682176,0,0.1
5305,user_2,40370.27,2026-09-14 02:21:30.153465,Walmart,send,Chennai,Web,0,2,11,4,2,1,1,47401.46406779661,118,-7031.194067796612,1,0.2
5306,user_21,3324.98,2026-07-25 08:52:09.153465,Paytm,refund,Bangalore,Web,0,8,13,2,0,0,1,4244.438115942029,138,-919.458115942029,0,0.2
5307,user_1,995.57,2026-08-06 01:34:30.153465,Swiggy,send,Mumbai,Web,0,1,0,3,2,3,1,4037.2688695652173,115,-3041.698869565217,1,0.2
5308,user_1,3142.58,2026-08-05 23:43:56.153465,Paytm,refund,Delhi,Android,1,23,0,2,0,2,0,4037.2688695652173,115,-894.6888695652174,0,0.1
5309,user_46,1385.68,2026-08-29 07:20:42.153465,Walmart,request,Pune,iOS,0,7,40,4,1,4,2,4824.613684210526,133,-3438.933684210526,0,0.5
5310,user_25,3857.12,2026-08-23 15:58:45.153465,Amazon,send,Chennai,Android,0,15,17,0,2,1,0,3615.32544,125,241.79455999999982,0,0.1
5311,user_10,2446.25,2026-09-14 11:55:45.153465,Amazon,request,Bangalore,Web,0,11,1,0,1,0,1,4115.205169491525,118,-1668.9551694915253,0,0.2
5312,user_28,16581.04,2026-09-05 05:33:53.153465,Paytm,request,Bangalore,Web,1,5,20,2,1,0,1,4678.404529914529,117,11902.635470085472,1,0.2
5313,user_42,2656.6,2026-07-31 18:36:37.153465,Paytm,send,Chennai,Android,0,18,36,2,2,1,0,4749.498305084746,118,-2092.898305084746,0,0.1
5314,user_25,1038.26,2026-08-16 10:41:09.153465,Amazon,send,Bangalore,Web,0,10,17,0,2,0,1,3615.32544,125,-2577.0654400000003,0,0.2
5315,user_34,321.78,2026-08-16 23:36:27.153465,Walmart,refund,Delhi,Web,1,23,27,4,0,2,1,4524.1720000000005,120,-4202.392000000001,0,0.2
5316,user_46,4045.01,2026-08-03 02:27:56.153465,Paytm,send,Delhi,Android,0,2,40,2,2,2,0,4824.613684210526,133,-779.6036842105259,1,0.1
5317,user_7,43152.26,2026-09-03 13:43:43.153465,Flipkart,refund,Chennai,Android,1,13,47,1,0,1,0,60187.18528,125,-17034.925279999996,0,0.1
5318,user_33,9077.8,2026-08-09 18:47:20.153465,Flipkart,send,Delhi,Android,1,18,26,1,2,2,0,3974.536484375,128,5103.263515625,0,0.1
5319,user_6,1531.4,2026-07-29 17:21:09.153465,Paytm,request,Mumbai,iOS,0,17,46,2,1,3,2,3699.0514728682174,129,-2167.6514728682173,0,0.5
5320,user_4,8149.01,2026-09-14 00:45:42.153465,Amazon,request,Chennai,Android,0,0,33,0,1,1,0,4960.130344827586,116,3188.8796551724145,1,0.1
5321,user_23,9016.17,2026-07-21 16:37:07.153465,Swiggy,request,Chennai,Android,0,16,15,3,1,1,0,21876.48723880597,134,-12860.31723880597,0,0.1
5322,user_23,8103.36,2026-08-20 22:34:36.153465,Zomato,refund,Mumbai,iOS,0,22,15,5,0,3,2,21876.48723880597,134,-13773.12723880597,0,0.5
5323,user_44,7684.98,2026-09-13 19:39:47.153465,Zomato,refund,Chennai,iOS,0,19,38,5,0,1,2,17327.384636363637,110,-9642.404636363637,0,0.5
5324,user_31,14649.58,2026-07-29 23:12:10.153465,Flipkart,send,Bangalore,Android,1,23,24,1,2,0,0,4894.9887499999995,96,9754.591250000001,0,0.1
5325,user_42,8529.6,2026-08-18 01:14:49.153465,Paytm,refund,Chennai,Web,1,1,36,2,0,1,1,4749.498305084746,118,3780.1016949152545,1,0.2
5326,user_12,49389.16,2026-09-12 12:36:26.153465,Amazon,refund,Chennai,Web,0,12,3,0,0,1,1,52530.11026548673,113,-3140.9502654867247,0,0.2
5327,user_31,1993.2,2026-08-03 07:29:28.153465,Paytm,send,Pune,Android,0,7,24,2,2,4,0,4894.9887499999995,96,-2901.7887499999997,0,0.1
5328,user_19,4444.4,2026-08-29 22:38:26.153465,Swiggy,send,Delhi,Android,0,22,10,3,2,2,0,3644.202786885246,122,800.1972131147536,0,0.1
5329,user_28,4134.61,2026-09-18 12:45:03.153465,Walmart,send,Pune,Android,0,12,20,4,2,4,0,4678.404529914529,117,-543.7945299145294,0,0.1
5330,user_4,9899.25,2026-07-31 18:45:09.153465,Walmart,refund,Bangalore,Web,1,18,33,4,0,0,1,4960.130344827586,116,4939.119655172414,0,0.2
5331,user_27,11807.25,2026-08-11 22:02:56.153465,Flipkart,send,Delhi,Web,1,22,19,1,2,2,1,18537.69881355932,118,-6730.44881355932,0,0.2
5332,user_29,4861.02,2026-08-01 15:02:24.153465,Paytm,refund,Pune,Android,0,15,21,2,0,4,0,4165.22631147541,122,695.7936885245908,0,0.1
5333,user_44,11475.61,2026-08-13 19:55:26.153465,Amazon,request,Pune,iOS,0,19,38,0,1,4,2,17327.384636363637,110,-5851.774636363636,0,0.5
5334,user_8,652.87,2026-09-02 18:24:03.153465,Zomato,send,Mumbai,Web,0,18,48,5,2,3,1,4162.542654867257,113,-3509.672654867257,0,0.2
5335,user_41,1071.0,2026-08-01 22:25:55.153465,Amazon,request,Pune,iOS,0,22,35,0,1,4,2,4057.624609375,128,-2986.624609375,0,0.5
5336,user_11,1364.6,2026-08-22 13:06:50.153465,Zomato,request,Chennai,iOS,0,13,2,5,1,1,2,3819.240342465753,146,-2454.6403424657533,0,0.5
5337,user_34,596.54,2026-08-14 19:01:50.153465,Zomato,refund,Pune,iOS,0,19,27,5,0,4,2,4524.1720000000005,120,-3927.6320000000005,0,0.5
5338,user_40,15125.77,2026-08-06 11:39:42.153465,Paytm,request,Pune,iOS,0,11,34,2,1,4,2,18950.453564356438,101,-3824.6835643564373,0,0.5
5339,user_16,2040.8,2026-07-23 15:02:38.153465,Amazon,send,Mumbai,Web,0,15,7,0,2,3,1,3660.321525423729,118,-1619.521525423729,0,0.2
5340,user_14,32686.52,2026-09-02 02:07:03.153465,Flipkart,request,Mumbai,Android,1,2,5,1,1,3,0,18284.780597014927,134,14401.739402985073,1,0.1
5341,user_46,24368.63,2026-08-23 15:34:11.153465,Paytm,refund,Chennai,Android,0,15,40,2,0,1,0,4824.613684210526,133,19544.016315789475,0,0.1
5342,user_12,42847.89,2026-08-02 08:39:28.153465,Flipkart,request,Mumbai,iOS,0,8,3,1,1,3,2,52530.11026548673,113,-9682.220265486729,0,0.5
5343,user_16,995.65,2026-09-03 02:10:53.153465,Walmart,request,Delhi,Web,0,2,7,4,1,2,1,3660.321525423729,118,-2664.671525423729,1,0.2
5344,user_49,17616.23,2026-08-28 12:33:28.153465,Swiggy,refund,Mumbai,Web,0,12,43,3,0,3,1,19333.43277227723,101,-1717.202772277229,0,0.2
5345,user_50,1839.68,2026-08-10 08:08:14.153465,Swiggy,refund,Bangalore,Android,0,8,45,3,0,0,0,4276.488269230769,104,-2436.808269230769,0,0.1
5346,user_47,4077.53,2026-08-06 09:43:44.153465,Paytm,send,Mumbai,Android,0,9,41,2,2,3,0,3883.282635658915,129,194.24736434108536,0,0.1
5347,user_28,1850.26,2026-07-25 03:01:35.153465,Amazon,send,Mumbai,iOS,0,3,20,0,2,3,2,4678.404529914529,117,-2828.144529914529,1,0.5
5348,user_36,2835.56,2026-07-27 18:19:47.153465,Walmart,request,Pune,Android,0,18,29,4,1,4,0,4483.898691588785,107,-1648.3386915887854,0,0.1
5349,user_39,4519.52,2026-09-07 17:57:44.153465,Walmart,refund,Bangalore,iOS,0,17,32,4,0,0,2,4488.573909090909,110,30.946090909091254,0,0.5
5350,user_48,3636.66,2026-08-02 16:33:57.153465,Flipkart,refund,Mumbai,Android,0,16,42,1,0,3,0,4029.46368852459,122,-392.80368852459014,0,0.1
5351,user_39,21443.54,2026-08-28 21:14:03.153465,Zomato,refund,Chennai,Android,1,21,32,5,0,1,0,4488.573909090909,110,16954.966090909093,0,0.1
5352,user_32,4421.29,2026-08-27 15:37:39.153465,Flipkart,send,Mumbai,Android,0,15,25,1,2,3,0,3596.741,130,824.549,0,0.1
5353,user_1,9718.64,2026-08-13 17:38:50.153465,Walmart,request,Pune,iOS,1,17,0,4,1,4,2,4037.2688695652173,115,5681.371130434782,0,0.5
5354,user_38,15812.37,2026-09-09 20:14:41.153465,Walmart,refund,Chennai,Android,0,20,31,4,0,1,0,17814.76077586207,116,-2002.390775862068,0,0.1
5355,user_21,2992.04,2026-08-22 04:43:38.153465,Zomato,refund,Chennai,iOS,0,4,13,5,0,1,2,4244.438115942029,138,-1252.398115942029,1,0.5
5356,user_12,42088.78,2026-09-15 23:47:29.153465,Paytm,request,Bangalore,Web,0,23,3,2,1,0,1,52530.11026548673,113,-10441.33026548673,0,0.2
5357,user_37,15886.2,2026-09-03 07:57:45.153465,Swiggy,send,Chennai,Web,1,7,30,3,2,1,1,15907.096030534352,131,-20.896030534351667,0,0.2
5358,user_9,11079.82,2026-08-05 02:14:20.153465,Paytm,refund,Delhi,Web,1,2,49,2,0,2,1,4747.313999999999,110,6332.506,1,0.2
5359,user_34,1097.4,2026-09-14 22:24:31.153465,Swiggy,request,Bangalore,iOS,0,22,27,3,1,0,2,4524.1720000000005,120,-3426.7720000000004,0,0.5
5360,user_41,953.03,2026-08-16 03:00:07.153465,Walmart,request,Chennai,iOS,0,3,35,4,1,1,2,4057.624609375,128,-3104.594609375,1,0.5
5361,user_9,14702.03,2026-08-25 00:23:05.153465,Paytm,request,Bangalore,iOS,1,0,49,2,1,0,2,4747.313999999999,110,9954.716,1,0.5
5362,user_30,14048.44,2026-09-14 08:27:06.153465,Walmart,request,Bangalore,Web,0,8,23,4,1,0,1,20780.866470588233,119,-6732.426470588232,0,0.2
5363,user_13,35624.39,2026-07-24 15:12:18.153465,Swiggy,request,Mumbai,Web,1,15,4,3,1,3,1,16363.8575,124,19260.5325,0,0.2
5364,user_47,1794.35,2026-07-28 23:34:00.153465,Paytm,send,Pune,Web,0,23,41,2,2,4,1,3883.282635658915,129,-2088.932635658915,0,0.2
5365,user_44,13859.69,2026-07-21 23:28:32.153465,Paytm,refund,Bangalore,Web,0,23,38,2,0,0,1,17327.384636363637,110,-3467.694636363636,0,0.2
5366,user_45,585.9,2026-07-25 17:04:04.153465,Walmart,send,Chennai,iOS,0,17,39,4,2,1,2,3748.3989344262295,122,-3162.4989344262294,0,0.5
5367,user_23,11599.28,2026-09-16 16:25:37.153465,Swiggy,request,Bangalore,iOS,0,16,15,3,1,0,2,21876.48723880597,134,-10277.20723880597,0,0.5
5368,user_23,38860.95,2026-08-05 02:20:05.153465,Flipkart,request,Mumbai,Web,0,2,15,1,1,3,1,21876.48723880597,134,16984.462761194027,1,0.2
5369,user_21,4952.89,2026-08-31 08:06:29.153465,Paytm,request,Pune,Android,0,8,13,2,1,4,0,4244.438115942029,138,708.4518840579713,0,0.1
5370,user_11,3652.24,2026-08-01 16:25:11.153465,Walmart,request,Delhi,Android,0,16,2,4,1,2,0,3819.240342465753,146,-167.00034246575342,0,0.1
5371,user_19,2702.5,2026-08-15 12:51:19.153465,Zomato,request,Delhi,iOS,0,12,10,5,1,2,2,3644.202786885246,122,-941.702786885246,0,0.5
5372,user_46,1357.04,2026-07-25 00:04:23.153465,Walmart,send,Delhi,Web,0,0,40,4,2,2,1,4824.613684210526,133,-3467.573684210526,1,0.2
5373,user_28,3605.85,2026-09-15 23:57:45.153465,Flipkart,send,Mumbai,iOS,0,23,20,1,2,3,2,4678.404529914529,117,-1072.5545299145292,0,0.5
5374,user_42,1651.72,2026-07-30 10:28:03.153465,Swiggy,send,Pune,Web,0,10,36,3,2,4,1,4749.498305084746,118,-3097.7783050847456,0,0.2
5375,user_27,18907.12,2026-08-21 15:08:05.153465,Amazon,refund,Delhi,Android,0,15,19,0,0,2,0,18537.69881355932,118,369.42118644067887,0,0.1
5376,user_13,6299.62,2026-08-02 03:06:02.153465,Zomato,send,Mumbai,Android,0,3,4,5,2,3,0,16363.8575,124,-10064.2375,1,0.1
5377,user_30,10005.28,2026-09-01 10:31:30.153465,Flipkart,request,Pune,Android,0,10,23,1,1,4,0,20780.866470588233,119,-10775.586470588232,0,0.1
5378,user_33,4764.05,2026-09-04 23:20:58.153465,Paytm,request,Bangalore,Android,1,23,26,2,1,0,0,3974.536484375,128,789.5135156250003,0,0.1
5379,user_13,7890.23,2026-09-06 04:40:09.153465,Paytm,request,Delhi,Web,0,4,4,2,1,2,1,16363.8575,124,-8473.6275,1,0.2
5380,user_19,459.11,2026-07-23 11:32:51.153465,Paytm,send,Mumbai,Web,0,11,10,2,2,3,1,3644.202786885246,122,-3185.092786885246,0,0.2
5381,user_27,87372.92,2026-09-08 09:44:12.153465,Walmart,send,Pune,Android,1,9,19,4,2,4,0,18537.69881355932,118,68835.22118644067,0,0.1
5382,user_20,9372.15,2026-08-25 21:05:17.153465,Flipkart,send,Chennai,Android,1,21,12,1,2,1,0,19935.082280701754,114,-10562.932280701754,0,0.1
5383,user_14,14393.78,2026-08-22 10:12:13.153465,Paytm,request,Mumbai,Android,0,10,5,2,1,3,0,18284.780597014927,134,-3891.000597014927,0,0.1
5384,user_20,9576.62,2026-08-11 03:10:00.153465,Swiggy,request,Chennai,iOS,0,3,12,3,1,1,2,19935.082280701754,114,-10358.462280701753,1,0.5
5385,user_29,1624.12,2026-08-02 18:17:09.153465,Zomato,request,Pune,iOS,0,18,21,5,1,4,2,4165.22631147541,122,-2541.1063114754097,0,0.5
5386,user_8,3736.43,2026-09-03 02:38:49.153465,Swiggy,request,Chennai,Android,0,2,48,3,1,1,0,4162.542654867257,113,-426.1126548672569,1,0.1
5387,user_30,18674.14,2026-09-15 13:00:43.153465,Zomato,refund,Bangalore,iOS,0,13,23,5,0,0,2,20780.866470588233,119,-2106.7264705882335,0,0.5
5388,user_10,280.93,2026-09-02 23:45:35.153465,Zomato,refund,Pune,Android,0,23,1,5,0,4,0,4115.205169491525,118,-3834.2751694915255,0,0.1
5389,user_13,5366.5,2026-08-10 08:32:30.153465,Amazon,send,Delhi,Web,0,8,4,0,2,2,1,16363.8575,124,-10997.3575,0,0.2
5390,user_16,4080.78,2026-07-25 00:33:03.153465,Paytm,request,Bangalore,Android,0,0,7,2,1,0,0,3660.321525423729,118,420.4584745762713,1,0.1
5391,user_12,15687.81,2026-07-31 12:06:36.153465,Swiggy,refund,Delhi,Android,1,12,3,3,0,2,0,52530.11026548673,113,-36842.30026548673,0,0.1
5392,user_9,2321.4,2026-07-23 08:50:18.153465,Zomato,refund,Delhi,iOS,0,8,49,5,0,2,2,4747.313999999999,110,-2425.9139999999993,0,0.5
5393,user_34,2056.7,2026-09-19 11:10:13.153465,Flipkart,send,Delhi,iOS,0,11,27,1,2,2,2,4524.1720000000005,120,-2467.4720000000007,0,0.5
5394,user_48,4535.36,2026-07-24 17:22:10.153465,Zomato,refund,Pune,Web,0,17,42,5,0,4,1,4029.46368852459,122,505.8963114754097,0,0.2
5395,user_47,244.56,2026-08-23 22:40:01.153465,Swiggy,request,Bangalore,Web,0,22,41,3,1,0,1,3883.282635658915,129,-3638.722635658915,0,0.2
5396,user_19,2261.25,2026-09-05 09:47:54.153465,Zomato,refund,Chennai,Android,0,9,10,5,0,1,0,3644.202786885246,122,-1382.952786885246,0,0.1
5397,user_26,1906.76,2026-07-28 09:39:08.153465,Flipkart,refund,Pune,Web,0,9,18,1,0,4,1,4396.555663716814,113,-2489.7956637168136,0,0.2
5398,user_12,45027.2,2026-08-13 10:15:51.153465,Paytm,refund,Pune,iOS,1,10,3,2,0,4,2,52530.11026548673,113,-7502.910265486731,0,0.5
5399,user_8,3281.94,2026-07-25 21:02:04.153465,Paytm,send,Bangalore,Android,0,21,48,2,2,0,0,4162.542654867257,113,-880.6026548672567,0,0.1
5400,user_49,8108.33,2026-07-31 00:36:56.153465,Walmart,request,Mumbai,Android,0,0,43,4,1,3,0,19333.43277227723,101,-11225.102772277229,1,0.1
5401,user_43,7426.11,2026-09-16 05:30:19.153465,Paytm,refund,Bangalore,Android,0,5,37,2,0,0,0,15429.552764227643,123,-8003.442764227643,1,0.1
5402,user_16,1045.42,2026-08-28 15:23:56.153465,Paytm,send,Mumbai,iOS,0,15,7,2,2,3,2,3660.321525423729,118,-2614.901525423729,0,0.5
5403,user_22,6972.84,2026-08-02 22:43:23.153465,Amazon,refund,Chennai,iOS,1,22,14,0,0,1,2,18343.150086206897,116,-11370.310086206897,0,0.5
5404,user_33,3560.48,2026-09-04 23:01:24.153465,Swiggy,request,Chennai,iOS,0,23,26,3,1,1,2,3974.536484375,128,-414.05648437499985,0,0.5
5405,user_24,13901.01,2026-08-22 01:58:09.153465,Swiggy,send,Bangalore,Android,0,1,16,3,2,0,0,20664.321171875,128,-6763.311171874999,1,0.1
5406,user_14,5288.1,2026-09-16 10:13:05.153465,Zomato,send,Mumbai,Web,0,10,5,5,2,3,1,18284.780597014927,134,-12996.680597014927,0,0.2
5407,user_8,3044.99,2026-07-22 02:55:30.153465,Zomato,refund,Pune,Web,0,2,48,5,0,4,1,4162.542654867257,113,-1117.552654867257,1,0.2
5408,user_9,3028.24,2026-09-01 00:31:03.153465,Paytm,refund,Mumbai,iOS,0,0,49,2,0,3,2,4747.313999999999,110,-1719.0739999999996,1,0.5
5409,user_44,13453.94,2026-08-26 03:51:11.153465,Walmart,request,Bangalore,Android,0,3,38,4,1,0,0,17327.384636363637,110,-3873.444636363636,1,0.1
5410,user_1,1047.87,2026-09-14 00:08:03.153465,Zomato,send,Pune,Web,0,0,0,5,2,4,1,4037.2688695652173,115,-2989.3988695652174,1,0.2
5411,user_35,10532.93,2026-09-17 03:14:02.153465,Zomato,send,Pune,Web,1,3,28,5,2,4,1,15800.978582677166,127,-5268.0485826771655,1,0.2
5412,user_43,9331.84,2026-08-27 08:15:09.153465,Amazon,send,Chennai,Web,0,8,37,0,2,1,1,15429.552764227643,123,-6097.712764227643,0,0.2
5413,user_14,8702.94,2026-08-06 10:27:07.153465,Flipkart,request,Delhi,Web,0,10,5,1,1,2,1,18284.780597014927,134,-9581.840597014927,0,0.2
5414,user_34,4082.72,2026-08-19 18:39:50.153465,Amazon,request,Delhi,Web,0,18,27,0,1,2,1,4524.1720000000005,120,-441.4520000000007,0,0.2
5415,user_45,895.0,2026-09-14 14:05:02.153465,Swiggy,refund,Pune,Android,0,14,39,3,0,4,0,3748.3989344262295,122,-2853.3989344262295,0,0.1
5416,user_34,342.57,2026-07-23 20:39:55.153465,Swiggy,send,Chennai,iOS,0,20,27,3,2,1,2,4524.1720000000005,120,-4181.602000000001,0,0.5
5417,user_32,4771.39,2026-08-26 02:52:22.153465,Swiggy,refund,Pune,Android,1,2,25,3,0,4,0,3596.741,130,1174.6490000000003,1,0.1
5418,user_31,445.26,2026-09-06 19:58:27.153465,Zomato,refund,Delhi,Web,0,19,24,5,0,2,1,4894.9887499999995,96,-4449.728749999999,0,0.2
5419,user_42,2451.77,2026-08-15 15:02:21.153465,Flipkart,request,Pune,Web,0,15,36,1,1,4,1,4749.498305084746,118,-2297.728305084746,0,0.2
5420,user_29,1808.97,2026-09-15 22:29:34.153465,Paytm,refund,Mumbai,Web,0,22,21,2,0,3,1,4165.22631147541,122,-2356.2563114754093,0,0.2
5421,user_47,14148.97,2026-08-28 03:46:45.153465,Zomato,refund,Bangalore,Android,1,3,41,5,0,0,0,3883.282635658915,129,10265.687364341084,1,0.1
5422,user_46,4585.67,2026-07-26 07:33:21.153465,Zomato,refund,Pune,Web,0,7,40,5,0,4,1,4824.613684210526,133,-238.94368421052604,0,0.2
5423,user_7,51986.45,2026-09-03 09:19:47.153465,Zomato,request,Bangalore,iOS,0,9,47,5,1,0,2,60187.18528,125,-8200.73528,0,0.5
5424,user_34,7855.61,2026-09-09 17:00:29.153465,Amazon,refund,Pune,iOS,1,17,27,0,0,4,2,4524.1720000000005,120,3331.437999999999,0,0.5
5425,user_50,2122.1,2026-09-15 02:29:30.153465,Swiggy,refund,Mumbai,Web,0,2,45,3,0,3,1,4276.488269230769,104,-2154.3882692307693,1,0.2
5426,user_29,2101.79,2026-08-03 06:54:36.153465,Walmart,send,Pune,iOS,0,6,21,4,2,4,2,4165.22631147541,122,-2063.4363114754096,1,0.5
5427,user_47,686.29,2026-07-23 07:51:36.153465,Zomato,send,Bangalore,Web,0,7,41,5,2,0,1,3883.282635658915,129,-3196.992635658915,0,0.2
5428,user_30,12390.72,2026-09-08 23:40:23.153465,Amazon,send,Bangalore,iOS,0,23,23,0,2,0,2,20780.866470588233,119,-8390.146470588234,0,0.5
5429,user_39,2802.46,2026-08-07 19:22:33.153465,Zomato,send,Pune,iOS,0,19,32,5,2,4,2,4488.573909090909,110,-1686.1139090909091,0,0.5
5430,user_11,3364.11,2026-08-26 13:16:15.153465,Paytm,send,Bangalore,Android,0,13,2,2,2,0,0,3819.240342465753,146,-455.1303424657531,0,0.1
5431,user_46,21812.44,2026-09-19 08:20:02.153465,Amazon,request,Bangalore,Web,1,8,40,0,1,0,1,4824.613684210526,133,16987.826315789473,0,0.2
5432,user_13,18265.56,2026-07-24 04:00:12.153465,Paytm,request,Delhi,Android,0,4,4,2,1,2,0,16363.8575,124,1901.7025000000012,1,0.1
5433,user_42,3258.01,2026-09-02 00:31:01.153465,Walmart,refund,Pune,Android,0,0,36,4,0,4,0,4749.498305084746,118,-1491.4883050847457,1,0.1
5434,user_9,14897.1,2026-08-09 03:19:09.153465,Amazon,send,Mumbai,Android,1,3,49,0,2,3,0,4747.313999999999,110,10149.786,1,0.1
5435,user_31,2322.46,2026-08-20 05:55:15.153465,Paytm,refund,Delhi,Web,0,5,24,2,0,2,1,4894.9887499999995,96,-2572.5287499999995,1,0.2
5436,user_29,3893.62,2026-09-11 07:33:16.153465,Amazon,request,Chennai,iOS,0,7,21,0,1,1,2,4165.22631147541,122,-271.6063114754097,0,0.5
5437,user_4,1534.43,2026-08-09 10:15:13.153465,Amazon,refund,Bangalore,Web,0,10,33,0,0,0,1,4960.130344827586,116,-3425.7003448275855,0,0.2
5438,user_6,4433.38,2026-07-24 13:51:34.153465,Swiggy,request,Delhi,iOS,1,13,46,3,1,2,2,3699.0514728682174,129,734.3285271317827,0,0.5
5439,user_14,19326.24,2026-08-18 06:29:06.153465,Flipkart,refund,Chennai,Web,1,6,5,1,0,1,1,18284.780597014927,134,1041.4594029850741,1,0.2
5440,user_50,4289.99,2026-09-11 02:07:57.153465,Amazon,request,Delhi,iOS,0,2,45,0,1,2,2,4276.488269230769,104,13.501730769230562,1,0.5
5441,user_10,1759.94,2026-08-22 16:14:10.153465,Amazon,send,Mumbai,Android,0,16,1,0,2,3,0,4115.205169491525,118,-2355.2651694915253,0,0.1
5442,user_5,14546.95,2026-07-26 21:18:05.153465,Swiggy,request,Bangalore,iOS,0,21,44,3,1,0,2,21765.65124031008,129,-7218.701240310078,0,0.5
5443,user_46,4214.76,2026-09-15 21:19:40.153465,Swiggy,refund,Chennai,Android,0,21,40,3,0,1,0,4824.613684210526,133,-609.8536842105259,0,0.1
5444,user_17,1743.74,2026-08-25 16:56:31.153465,Paytm,request,Mumbai,Web,0,16,8,2,1,3,1,4173.412348484848,132,-2429.672348484848,0,0.2
5445,user_19,4234.52,2026-09-12 04:26:37.153465,Paytm,refund,Delhi,Web,1,4,10,2,0,2,1,3644.202786885246,122,590.3172131147544,1,0.2
5446,user_25,1769.36,2026-09-03 15:21:45.153465,Paytm,refund,Mumbai,Android,0,15,17,2,0,3,0,3615.32544,125,-1845.9654400000002,0,0.1
5447,user_14,11081.14,2026-08-21 10:17:52.153465,Swiggy,request,Mumbai,iOS,0,10,5,3,1,3,2,18284.780597014927,134,-7203.640597014928,0,0.5
5448,user_3,57248.1,2026-08-17 19:00:59.153465,Paytm,request,Chennai,Web,1,19,22,2,1,1,1,51628.90211538462,104,5619.19788461538,0,0.2
5449,user_2,15108.09,2026-08-27 18:26:19.153465,Amazon,send,Delhi,Android,0,18,11,0,2,2,0,47401.46406779661,118,-32293.37406779661,0,0.1
5450,user_11,321.44,2026-08-18 22:59:39.153465,Paytm,send,Chennai,iOS,0,22,2,2,2,1,2,3819.240342465753,146,-3497.800342465753,0,0.5
5451,user_19,2899.03,2026-09-18 07:33:26.153465,Zomato,send,Pune,Android,0,7,10,5,2,4,0,3644.202786885246,122,-745.1727868852458,0,0.1
5452,user_30,14958.27,2026-08-16 04:25:26.153465,Paytm,request,Pune,iOS,0,4,23,2,1,4,2,20780.866470588233,119,-5822.5964705882325,1,0.5
5453,user_29,3615.52,2026-07-29 01:15:29.153465,Walmart,refund,Bangalore,Android,1,1,21,4,0,0,0,4165.22631147541,122,-549.7063114754096,1,0.1
5454,user_5,14822.3,2026-09-10 10:37:26.153465,Zomato,send,Chennai,Android,0,10,44,5,2,1,0,21765.65124031008,129,-6943.351240310079,0,0.1
5455,user_2,48227.08,2026-09-15 08:49:04.153465,Paytm,refund,Chennai,Web,0,8,11,2,0,1,1,47401.46406779661,118,825.6159322033927,0,0.2
5456,user_1,4085.77,2026-08-30 16:31:19.153465,Flipkart,send,Bangalore,iOS,0,16,0,1,2,0,2,4037.2688695652173,115,48.50113043478268,0,0.5
5457,user_12,46900.2,2026-09-09 02:04:44.153465,Amazon,request,Pune,Web,1,2,3,0,1,4,1,52530.11026548673,113,-5629.910265486731,1,0.2
5458,user_36,4817.26,2026-08-02 02:08:07.153465,Zomato,refund,Pune,Web,1,2,29,5,0,4,1,4483.898691588785,107,333.36130841121485,1,0.2
5459,user_14,8727.31,2026-09-09 07:18:13.153465,Walmart,request,Bangalore,Web,0,7,5,4,1,0,1,18284.780597014927,134,-9557.470597014928,0,0.2
5460,user_4,14681.94,2026-08-26 20:19:10.153465,Walmart,send,Mumbai,Android,0,20,33,4,2,3,0,4960.130344827586,116,9721.809655172416,0,0.1
5461,user_36,4818.85,2026-08-11 13:01:06.153465,Walmart,refund,Chennai,Android,0,13,29,4,0,1,0,4483.898691588785,107,334.951308411215,0,0.1
5462,user_31,4059.96,2026-08-02 00:09:20.153465,Flipkart,request,Chennai,Android,0,0,24,1,1,1,0,4894.9887499999995,96,-835.0287499999995,1,0.1
5463,user_50,1293.46,2026-08-30 00:09:01.153465,Zomato,request,Chennai,Android,0,0,45,5,1,1,0,4276.488269230769,104,-2983.028269230769,1,0.1
5464,user_22,12634.63,2026-07-29 12:37:11.153465,Swiggy,refund,Pune,Web,1,12,14,3,0,4,1,18343.150086206897,116,-5708.520086206898,0,0.2
5465,user_48,1841.61,2026-09-17 09:02:55.153465,Swiggy,refund,Chennai,iOS,0,9,42,3,0,1,2,4029.46368852459,122,-2187.8536885245903,0,0.5
5466,user_26,431.7,2026-08-28 10:03:22.153465,Paytm,refund,Delhi,iOS,0,10,18,2,0,2,2,4396.555663716814,113,-3964.855663716814,0,0.5
5467,user_35,15388.87,2026-08-03 21:59:51.153465,Paytm,refund,Mumbai,Android,0,21,28,2,0,3,0,15800.978582677166,127,-412.10858267716503,0,0.1
5468,user_32,3768.87,2026-09-10 02:45:36.153465,Amazon,refund,Bangalore,Android,0,2,25,0,0,0,0,3596.741,130,172.1289999999999,1,0.1
5469,user_30,14318.16,2026-09-11 19:17:47.153465,Zomato,send,Delhi,iOS,0,19,23,5,2,2,2,20780.866470588233,119,-6462.706470588233,0,0.5
5470,user_8,1130.42,2026-09-02 03:25:55.153465,Flipkart,refund,Bangalore,Android,0,3,48,1,0,0,0,4162.542654867257,113,-3032.1226548672566,1,0.1
5471,user_35,8795.25,2026-08-13 16:18:48.153465,Zomato,refund,Delhi,iOS,0,16,28,5,0,2,2,15800.978582677166,127,-7005.728582677166,0,0.5
5472,user_32,2719.15,2026-09-06 01:29:58.153465,Paytm,request,Pune,Web,0,1,25,2,1,4,1,3596.741,130,-877.5909999999999,1,0.2
5473,user_22,47789.96,2026-09-04 18:19:46.153465,Flipkart,send,Bangalore,Web,1,18,14,1,2,0,1,18343.150086206897,116,29446.809913793102,0,0.2
5474,user_32,13035.85,2026-08-01 23:19:28.153465,Amazon,refund,Chennai,Web,1,23,25,0,0,1,1,3596.741,130,9439.109,0,0.2
5475,user_36,14403.43,2026-09-09 17:50:50.153465,Flipkart,refund,Mumbai,iOS,1,17,29,1,0,3,2,4483.898691588785,107,9919.531308411215,0,0.5
5476,user_42,991.89,2026-09-17 13:05:19.153465,Zomato,request,Chennai,iOS,0,13,36,5,1,1,2,4749.498305084746,118,-3757.608305084746,0,0.5
5477,user_9,12253.78,2026-09-12 20:10:30.153465,Paytm,refund,Pune,iOS,0,20,49,2,0,4,2,4747.313999999999,110,7506.466000000001,0,0.5
5478,user_6,4917.71,2026-09-01 03:47:35.153465,Paytm,send,Pune,Web,1,3,46,2,2,4,1,3699.0514728682174,129,1218.6585271317826,1,0.2
5479,user_7,35077.07,2026-08-31 15:18:13.153465,Amazon,refund,Pune,Android,0,15,47,0,0,4,0,60187.18528,125,-25110.115279999998,0,0.1
5480,user_48,9680.76,2026-08-16 11:00:00.153465,Amazon,refund,Pune,Web,1,11,42,0,0,4,1,4029.46368852459,122,5651.29631147541,0,0.2
5481,user_47,2050.27,2026-07-25 21:20:23.153465,Flipkart,request,Delhi,Android,0,21,41,1,1,2,0,3883.282635658915,129,-1833.0126356589149,0,0.1
5482,user_39,4957.63,2026-09-09 10:18:02.153465,Paytm,send,Chennai,Web,0,10,32,2,2,1,1,4488.573909090909,110,469.0560909090909,0,0.2
5483,user_21,3346.39,2026-08-29 14:59:25.153465,Amazon,send,Delhi,iOS,0,14,13,0,2,2,2,4244.438115942029,138,-898.0481159420292,0,0.5
5484,user_5,14681.03,2026-09-04 12:14:36.153465,Zomato,request,Chennai,Web,0,12,44,5,1,1,1,21765.65124031008,129,-7084.621240310078,0,0.2
5485,user_4,3773.3,2026-08-05 07:15:37.153465,Amazon,refund,Delhi,Android,0,7,33,0,0,2,0,4960.130344827586,116,-1186.8303448275856,0,0.1
5486,user_24,153863.95,2026-08-25 16:49:34.153465,Amazon,send,Delhi,Android,1,16,16,0,2,2,0,20664.321171875,128,133199.62882812502,0,0.1
5487,user_13,13451.01,2026-07-24 03:41:56.153465,Walmart,refund,Bangalore,Web,0,3,4,4,0,0,1,16363.8575,124,-2912.8475,1,0.2
5488,user_28,8187.98,2026-09-18 14:54:06.153465,Amazon,send,Mumbai,Android,0,14,20,0,2,3,0,4678.404529914529,117,3509.5754700854704,0,0.1
5489,user_16,4707.84,2026-09-17 14:51:48.153465,Amazon,refund,Pune,Android,1,14,7,0,0,4,0,3660.321525423729,118,1047.5184745762713,0,0.1
5490,user_2,18264.74,2026-08-03 08:06:44.153465,Paytm,send,Bangalore,Web,0,8,11,2,2,0,1,47401.46406779661,118,-29136.724067796607,0,0.2
5491,user_7,33125.16,2026-09-18 16:55:38.153465,Amazon,request,Mumbai,Web,0,16,47,0,1,3,1,60187.18528,125,-27062.025279999994,0,0.2
5492,user_35,16322.7,2026-09-10 17:20:55.153465,Zomato,refund,Chennai,iOS,0,17,28,5,0,1,2,15800.978582677166,127,521.7214173228349,0,0.5
5493,user_49,10270.71,2026-08-22 08:36:46.153465,Zomato,send,Bangalore,Android,0,8,43,5,2,0,0,19333.43277227723,101,-9062.72277227723,0,0.1
5494,user_27,14626.02,2026-08-09 01:04:32.153465,Flipkart,send,Bangalore,Web,0,1,19,1,2,0,1,18537.69881355932,118,-3911.6788135593197,1,0.2
5495,user_41,15470.2,2026-08-29 07:23:33.153465,Flipkart,request,Delhi,Android,1,7,35,1,1,2,0,4057.624609375,128,11412.575390625001,0,0.1
5496,user_41,36194.41,2026-09-02 13:19:14.153465,Flipkart,send,Bangalore,iOS,0,13,35,1,2,0,2,4057.624609375,128,32136.785390625002,0,0.5
5497,user_39,39316.38,2026-07-28 07:26:26.153465,Walmart,send,Bangalore,Android,1,7,32,4,2,0,0,4488.573909090909,110,34827.806090909085,0,0.1
5498,user_23,53117.89,2026-08-24 19:35:04.153465,Paytm,send,Bangalore,Web,1,19,15,2,2,0,1,21876.48723880597,134,31241.40276119403,0,0.2
5499,user_17,1800.38,2026-07-24 13:23:14.153465,Swiggy,refund,Pune,Android,0,13,8,3,0,4,0,4173.412348484848,132,-2373.0323484848477,0,0.1
5500,user_34,951.65,2026-07-29 21:19:57.153465,Amazon,request,Mumbai,iOS,0,21,27,0,1,3,2,4524.1720000000005,120,-3572.5220000000004,0,0.5
5501,user_18,2415.71,2026-07-22 22:56:51.153465,Flipkart,refund,Chennai,iOS,0,22,9,1,0,1,2,4267.170924369748,119,-1851.4609243697478,0,0.5
5502,user_39,4071.98,2026-07-21 20:01:16.153465,Swiggy,send,Mumbai,Web,0,20,32,3,2,3,1,4488.573909090909,110,-416.59390909090916,0,0.2
5503,user_5,13682.07,2026-08-11 12:10:40.153465,Swiggy,request,Mumbai,Web,0,12,44,3,1,3,1,21765.65124031008,129,-8083.581240310079,0,0.2
5504,user_46,2920.01,2026-08-05 16:26:02.153465,Flipkart,send,Chennai,Android,0,16,40,1,2,1,0,4824.613684210526,133,-1904.603684210526,0,0.1
5505,user_22,10081.12,2026-07-30 05:09:09.153465,Flipkart,send,Chennai,Web,1,5,14,1,2,1,1,18343.150086206897,116,-8262.030086206896,1,0.2
5506,user_5,7044.97,2026-08-24 10:31:34.153465,Swiggy,request,Chennai,Android,0,10,44,3,1,1,0,21765.65124031008,129,-14720.681240310078,0,0.1
5507,user_45,1913.52,2026-08-14 18:38:12.153465,Swiggy,request,Chennai,Web,1,18,39,3,1,1,1,3748.3989344262295,122,-1834.8789344262295,0,0.2
5508,user_47,1700.76,2026-08-18 05:00:49.153465,Zomato,send,Chennai,iOS,0,5,41,5,2,1,2,3883.282635658915,129,-2182.5226356589146,1,0.5
5509,user_24,14672.18,2026-09-15 03:49:45.153465,Flipkart,refund,Pune,Web,0,3,16,1,0,4,1,20664.321171875,128,-5992.141171874999,1,0.2
5510,user_20,16045.75,2026-07-24 01:19:28.153465,Paytm,request,Delhi,Android,0,1,12,2,1,2,0,19935.082280701754,114,-3889.332280701754,1,0.1
5511,user_22,9832.81,2026-08-01 17:52:58.153465,Amazon,send,Bangalore,iOS,0,17,14,0,2,0,2,18343.150086206897,116,-8510.340086206897,0,0.5
5512,user_3,44394.78,2026-07-26 14:46:41.153465,Zomato,refund,Delhi,Android,0,14,22,5,0,2,0,51628.90211538462,104,-7234.12211538462,0,0.1
5513,user_28,2396.52,2026-08-28 03:31:56.153465,Flipkart,send,Bangalore,iOS,0,3,20,1,2,0,2,4678.404529914529,117,-2281.884529914529,1,0.5
5514,user_2,108871.43,2026-09-19 03:30:45.153465,Paytm,send,Delhi,iOS,1,3,11,2,2,2,2,47401.46406779661,118,61469.965932203384,1,0.5
5515,user_4,1730.01,2026-08-16 02:16:33.153465,Amazon,refund,Mumbai,Android,1,2,33,0,0,3,0,4960.130344827586,116,-3230.1203448275855,1,0.1
5516,user_45,333.38,2026-07-28 13:53:21.153465,Swiggy,request,Bangalore,iOS,0,13,39,3,1,0,2,3748.3989344262295,122,-3415.0189344262294,0,0.5
5517,user_3,33924.63,2026-09-02 13:42:54.153465,Swiggy,send,Delhi,Android,0,13,22,3,2,2,0,51628.90211538462,104,-17704.27211538462,0,0.1
5518,user_5,18469.33,2026-09-07 12:37:40.153465,Swiggy,request,Mumbai,iOS,0,12,44,3,1,3,2,21765.65124031008,129,-3296.321240310077,0,0.5
5519,user_36,2264.62,2026-07-23 19:09:11.153465,Swiggy,refund,Mumbai,iOS,0,19,29,3,0,3,2,4483.898691588785,107,-2219.2786915887855,0,0.5
5520,user_36,1760.48,2026-09-15 13:07:54.153465,Zomato,refund,Chennai,Android,0,13,29,5,0,1,0,4483.898691588785,107,-2723.4186915887854,0,0.1
5521,user_46,799.43,2026-08-19 21:26:23.153465,Walmart,request,Bangalore,Android,0,21,40,4,1,0,0,4824.613684210526,133,-4025.1836842105263,0,0.1
5522,user_5,5359.69,2026-08-16 12:07:07.153465,Swiggy,send,Delhi,Web,1,12,44,3,2,2,1,21765.65124031008,129,-16405.96124031008,0,0.2
5523,user_34,2268.5,2026-09-13 15:13:10.153465,Walmart,request,Delhi,iOS,0,15,27,4,1,2,2,4524.1720000000005,120,-2255.6720000000005,0,0.5
5524,user_5,13244.57,2026-08-03 16:58:55.153465,Paytm,request,Pune,Web,0,16,44,2,1,4,1,21765.65124031008,129,-8521.081240310079,0,0.2
5525,user_27,6136.18,2026-08-04 15:31:32.153465,Swiggy,request,Bangalore,Android,0,15,19,3,1,0,0,18537.69881355932,118,-12401.51881355932,0,0.1
5526,user_35,5990.56,2026-08-04 01:58:20.153465,Paytm,request,Bangalore,iOS,0,1,28,2,1,0,2,15800.978582677166,127,-9810.418582677165,1,0.5
5527,user_42,4448.78,2026-09-01 11:43:49.153465,Flipkart,refund,Chennai,iOS,0,11,36,1,0,1,2,4749.498305084746,118,-300.71830508474613,0,0.5
5528,user_12,41979.58,2026-09-05 16:11:11.153465,Swiggy,request,Chennai,iOS,0,16,3,3,1,1,2,52530.11026548673,113,-10550.530265486726,0,0.5
5529,user_31,1518.59,2026-09-19 08:51:35.153465,Flipkart,request,Chennai,iOS,0,8,24,1,1,1,2,4894.9887499999995,96,-3376.3987499999994,0,0.5
5530,user_20,6331.18,2026-08-09 15:25:19.153465,Amazon,refund,Mumbai,iOS,0,15,12,0,0,3,2,19935.082280701754,114,-13603.902280701754,0,0.5
5531,user_9,2941.55,2026-07-25 23:34:37.153465,Walmart,refund,Pune,Android,0,23,49,4,0,4,0,4747.313999999999,110,-1805.7639999999992,0,0.1
5532,user_32,12062.04,2026-08-31 23:11:48.153465,Amazon,send,Bangalore,iOS,1,23,25,0,2,0,2,3596.741,130,8465.299,0,0.5
5533,user_15,6401.91,2026-09-12 13:51:56.153465,Swiggy,request,Chennai,iOS,0,13,6,3,1,1,2,17357.696608695653,115,-10955.786608695653,0,0.5
5534,user_3,36585.43,2026-09-08 06:18:47.153465,Walmart,send,Chennai,iOS,0,6,22,4,2,1,2,51628.90211538462,104,-15043.472115384619,1,0.5
5535,user_8,3050.41,2026-07-30 17:29:08.153465,Walmart,send,Bangalore,Android,0,17,48,4,2,0,0,4162.542654867257,113,-1112.1326548672569,0,0.1
5536,user_16,1135.01,2026-09-03 09:51:35.153465,Paytm,send,Mumbai,Android,0,9,7,2,2,3,0,3660.321525423729,118,-2525.311525423729,0,0.1
5537,user_34,314.43,2026-09-01 02:22:04.153465,Walmart,send,Chennai,Web,0,2,27,4,2,1,1,4524.1720000000005,120,-4209.742,1,0.2
5538,user_23,17371.51,2026-07-24 07:53:38.153465,Amazon,refund,Pune,Web,0,7,15,0,0,4,1,21876.48723880597,134,-4504.977238805972,0,0.2
5539,user_35,19012.33,2026-08-09 08:59:31.153465,Walmart,send,Pune,iOS,0,8,28,4,2,4,2,15800.978582677166,127,3211.351417322836,0,0.5
5540,user_14,15750.27,2026-09-09 14:46:14.153465,Flipkart,send,Delhi,Web,0,14,5,1,2,2,1,18284.780597014927,134,-2534.510597014927,0,0.2
5541,user_14,10332.57,2026-08-12 22:01:19.153465,Walmart,request,Chennai,Android,0,22,5,4,1,1,0,18284.780597014927,134,-7952.210597014928,0,0.1
5542,user_35,14417.11,2026-09-05 06:27:49.153465,Paytm,request,Bangalore,Web,0,6,28,2,1,0,1,15800.978582677166,127,-1383.8685826771653,1,0.2
5543,user_19,2268.15,2026-08-04 02:45:10.153465,Amazon,send,Chennai,Android,0,2,10,0,2,1,0,3644.202786885246,122,-1376.052786885246,1,0.1
5544,user_12,27241.54,2026-08-12 20:22:27.153465,Flipkart,send,Pune,Web,0,20,3,1,2,4,1,52530.11026548673,113,-25288.570265486727,0,0.2
5545,user_47,4979.76,2026-09-06 23:27:25.153465,Swiggy,send,Delhi,iOS,1,23,41,3,2,2,2,3883.282635658915,129,1096.4773643410854,0,0.5
5546,user_37,14031.66,2026-09-12 16:00:11.153465,Flipkart,request,Bangalore,Web,0,16,30,1,1,0,1,15907.096030534352,131,-1875.4360305343525,0,0.2
5547,user_32,3486.31,2026-07-27 07:32:15.153465,Flipkart,refund,Bangalore,Android,0,7,25,1,0,0,0,3596.741,130,-110.43100000000004,0,0.1
5548,user_13,47108.27,2026-08-18 15:36:15.153465,Paytm,send,Chennai,Web,1,15,4,2,2,1,1,16363.8575,124,30744.4125,0,0.2
5549,user_21,3100.62,2026-08-01 04:41:38.153465,Amazon,refund,Chennai,Android,0,4,13,0,0,1,0,4244.438115942029,138,-1143.8181159420292,1,0.1
5550,user_40,58329.13,2026-08-13 07:59:00.153465,Flipkart,send,Chennai,Web,1,7,34,1,2,1,1,18950.453564356438,101,39378.67643564356,0,0.2
5551,user_13,11466.98,2026-08-13 12:32:29.153465,Zomato,send,Mumbai,iOS,0,12,4,5,2,3,2,16363.8575,124,-4896.8775000000005,0,0.5
5552,user_45,1086.58,2026-07-28 18:31:41.153465,Swiggy,refund,Chennai,Web,0,18,39,3,0,1,1,3748.3989344262295,122,-2661.8189344262296,0,0.2
5553,user_14,9360.52,2026-09-07 03:53:27.153465,Amazon,request,Delhi,Android,0,3,5,0,1,2,0,18284.780597014927,134,-8924.260597014927,1,0.1
5554,user_25,4203.78,2026-08-25 17:49:55.153465,Flipkart,send,Delhi,iOS,1,17,17,1,2,2,2,3615.32544,125,588.4545599999997,0,0.5
5555,user_15,10975.39,2026-07-28 03:37:48.153465,Paytm,refund,Chennai,iOS,1,3,6,2,0,1,2,17357.696608695653,115,-6382.306608695653,1,0.5
5556,user_14,11251.36,2026-09-10 05:39:34.153465,Amazon,send,Chennai,Web,0,5,5,0,2,1,1,18284.780597014927,134,-7033.420597014927,1,0.2
5557,user_14,6597.0,2026-09-10 14:39:45.153465,Paytm,request,Chennai,iOS,0,14,5,2,1,1,2,18284.780597014927,134,-11687.780597014927,0,0.5
5558,user_18,1401.94,2026-08-18 08:47:32.153465,Amazon,request,Bangalore,Web,0,8,9,0,1,0,1,4267.170924369748,119,-2865.2309243697478,0,0.2
5559,user_36,4831.47,2026-08-11 15:11:25.153465,Zomato,request,Chennai,Web,1,15,29,5,1,1,1,4483.898691588785,107,347.5713084112149,0,0.2
5560,user_25,2204.21,2026-08-30 10:11:23.153465,Swiggy,send,Chennai,iOS,0,10,17,3,2,1,2,3615.32544,125,-1411.11544,0,0.5
5561,user_35,15027.87,2026-08-31 04:32:37.153465,Zomato,send,Pune,iOS,0,4,28,5,2,4,2,15800.978582677166,127,-773.108582677165,1,0.5
5562,user_13,8677.99,2026-08-27 06:38:59.153465,Paytm,refund,Delhi,Web,0,6,4,2,0,2,1,16363.8575,124,-7685.8675,1,0.2
5563,user_16,2967.0,2026-08-31 23:32:49.153465,Walmart,send,Delhi,Android,0,23,7,4,2,2,0,3660.321525423729,118,-693.3215254237289,0,0.1
5564,user_16,4469.58,2026-09-02 06:31:43.153465,Walmart,refund,Chennai,Web,1,6,7,4,0,1,1,3660.321525423729,118,809.258474576271,1,0.2
5565,user_7,17277.76,2026-09-17 18:08:41.153465,Walmart,refund,Delhi,Android,0,18,47,4,0,2,0,60187.18528,125,-42909.425279999996,0,0.1
5566,user_14,17936.4,2026-07-28 19:29:46.153465,Amazon,refund,Pune,Android,0,19,5,0,0,4,0,18284.780597014927,134,-348.380597014926,0,0.1
5567,user_45,1746.39,2026-09-05 06:08:08.153465,Swiggy,request,Mumbai,iOS,0,6,39,3,1,3,2,3748.3989344262295,122,-2002.0089344262294,1,0.5
5568,user_35,11611.38,2026-08-30 18:47:31.153465,Swiggy,refund,Bangalore,iOS,0,18,28,3,0,0,2,15800.978582677166,127,-4189.598582677167,0,0.5
5569,user_28,2121.43,2026-09-07 17:15:35.153465,Walmart,request,Bangalore,iOS,0,17,20,4,1,0,2,4678.404529914529,117,-2556.9745299145293,0,0.5
5570,user_44,5791.89,2026-08-03 08:52:16.153465,Swiggy,request,Delhi,iOS,0,8,38,3,1,2,2,17327.384636363637,110,-11535.494636363637,0,0.5
5571,user_37,9488.1,2026-08-07 17:16:14.153465,Flipkart,request,Chennai,Android,0,17,30,1,1,1,0,15907.096030534352,131,-6418.996030534352,0,0.1
5572,user_34,1105.65,2026-09-02 22:41:50.153465,Amazon,send,Pune,Android,1,22,27,0,2,4,0,4524.1720000000005,120,-3418.5220000000004,0,0.1
5573,user_19,3125.21,2026-07-30 19:34:22.153465,Swiggy,refund,Bangalore,Web,0,19,10,3,0,0,1,3644.202786885246,122,-518.992786885246,0,0.2
5574,user_17,1040.99,2026-08-29 10:04:19.153465,Walmart,send,Delhi,Android,0,10,8,4,2,2,0,4173.412348484848,132,-3132.422348484848,0,0.1
5575,user_29,26267.83,2026-08-16 01:58:11.153465,Swiggy,refund,Pune,iOS,1,1,21,3,0,4,2,4165.22631147541,122,22102.603688524592,1,0.5
5576,user_15,8023.2,2026-09-10 12:04:18.153465,Amazon,send,Delhi,Android,0,12,6,0,2,2,0,17357.696608695653,115,-9334.496608695652,0,0.1
5577,user_46,4335.4,2026-07-28 01:48:12.153465,Paytm,refund,Mumbai,iOS,0,1,40,2,0,3,2,4824.613684210526,133,-489.2136842105265,1,0.5
5578,user_6,2923.83,2026-08-05 13:46:09.153465,Swiggy,request,Bangalore,Web,0,13,46,3,1,0,1,3699.0514728682174,129,-775.2214728682175,0,0.2
5579,user_21,33083.32,2026-09-15 06:42:27.153465,Amazon,refund,Pune,iOS,1,6,13,0,0,4,2,4244.438115942029,138,28838.88188405797,1,0.5
5580,user_19,4856.01,2026-08-08 11:58:07.153465,Paytm,request,Bangalore,Web,0,11,10,2,1,0,1,3644.202786885246,122,1211.8072131147542,0,0.2
5581,user_46,595.73,2026-09-03 04:20:43.153465,Swiggy,send,Chennai,iOS,0,4,40,3,2,1,2,4824.613684210526,133,-4228.883684210527,1,0.5
5582,user_15,5508.03,2026-08-15 08:54:38.153465,Walmart,send,Chennai,Android,0,8,6,4,2,1,0,17357.696608695653,115,-11849.666608695654,0,0.1
5583,user_24,19447.24,2026-08-12 16:12:42.153465,Amazon,request,Mumbai,Android,0,16,16,0,1,3,0,20664.321171875,128,-1217.0811718749974,0,0.1
5584,user_43,9180.93,2026-08-17 21:59:57.153465,Swiggy,refund,Pune,Web,0,21,37,3,0,4,1,15429.552764227643,123,-6248.622764227643,0,0.2
5585,user_14,19982.04,2026-08-12 18:02:18.153465,Flipkart,request,Delhi,Web,0,18,5,1,1,2,1,18284.780597014927,134,1697.2594029850734,0,0.2
5586,user_29,4330.27,2026-09-08 20:09:46.153465,Paytm,refund,Pune,iOS,0,20,21,2,0,4,2,4165.22631147541,122,165.04368852459083,0,0.5
5587,user_42,1522.27,2026-09-07 01:38:17.153465,Swiggy,refund,Bangalore,Web,0,1,36,3,0,0,1,4749.498305084746,118,-3227.228305084746,1,0.2
5588,user_27,51351.12,2026-09-01 01:00:49.153465,Paytm,refund,Chennai,iOS,1,1,19,2,0,1,2,18537.69881355932,118,32813.42118644068,1,0.5
5589,user_39,4073.74,2026-09-12 09:37:14.153465,Walmart,refund,Pune,Web,0,9,32,4,0,4,1,4488.573909090909,110,-414.8339090909094,0,0.2
5590,user_36,268.71,2026-09-04 20:11:00.153465,Paytm,request,Bangalore,Android,0,20,29,2,1,0,0,4483.898691588785,107,-4215.188691588785,0,0.1
5591,user_17,4802.99,2026-09-11 03:40:07.153465,Walmart,send,Pune,Web,0,3,8,4,2,4,1,4173.412348484848,132,629.577651515152,1,0.2
5592,user_49,12382.99,2026-07-28 04:09:32.153465,Paytm,refund,Chennai,Web,0,4,43,2,0,1,1,19333.43277227723,101,-6950.442772277229,1,0.2
5593,user_28,3666.41,2026-09-11 20:23:29.153465,Walmart,refund,Pune,iOS,0,20,20,4,0,4,2,4678.404529914529,117,-1011.9945299145293,0,0.5
5594,user_23,19654.61,2026-09-14 08:49:33.153465,Swiggy,refund,Chennai,Web,0,8,15,3,0,1,1,21876.48723880597,134,-2221.8772388059697,0,0.2
5595,user_41,1839.48,2026-08-08 10:48:24.153465,Walmart,refund,Mumbai,Android,0,10,35,4,0,3,0,4057.624609375,128,-2218.144609375,0,0.1
5596,user_30,68305.88,2026-08-12 23:13:07.153465,Swiggy,refund,Delhi,iOS,0,23,23,3,0,2,2,20780.866470588233,119,47525.01352941177,0,0.5
5597,user_28,2268.5,2026-08-27 05:42:02.153465,Swiggy,request,Mumbai,Android,0,5,20,3,1,3,0,4678.404529914529,117,-2409.904529914529,1,0.1
5598,user_25,1675.76,2026-09-12 22:56:44.153465,Paytm,refund,Chennai,iOS,0,22,17,2,0,1,2,3615.32544,125,-1939.56544,0,0.5
5599,user_33,1682.42,2026-07-22 07:53:24.153465,Walmart,send,Mumbai,Web,0,7,26,4,2,3,1,3974.536484375,128,-2292.116484375,0,0.2
5600,user_10,1346.88,2026-08-19 19:01:46.153465,Paytm,send,Mumbai,Android,0,19,1,2,2,3,0,4115.205169491525,118,-2768.3251694915252,0,0.1
5601,user_32,3263.27,2026-07-31 22:45:30.153465,Walmart,send,Mumbai,Android,0,22,25,4,2,3,0,3596.741,130,-333.471,0,0.1
5602,user_25,201.76,2026-08-01 15:03:13.153465,Paytm,send,Bangalore,iOS,0,15,17,2,2,0,2,3615.32544,125,-3413.5654400000003,0,0.5
5603,user_42,253.69,2026-08-30 01:36:17.153465,Flipkart,refund,Chennai,Android,0,1,36,1,0,1,0,4749.498305084746,118,-4495.808305084746,1,0.1
5604,user_38,11621.23,2026-08-06 13:40:51.153465,Zomato,request,Chennai,iOS,0,13,31,5,1,1,2,17814.76077586207,116,-6193.530775862069,0,0.5
5605,user_32,2482.98,2026-08-23 22:28:56.153465,Amazon,request,Chennai,iOS,0,22,25,0,1,1,2,3596.741,130,-1113.761,0,0.5
5606,user_19,1105.4,2026-08-14 22:50:47.153465,Walmart,refund,Chennai,Android,0,22,10,4,0,1,0,3644.202786885246,122,-2538.802786885246,0,0.1
5607,user_20,12636.68,2026-09-02 07:36:19.153465,Swiggy,request,Mumbai,iOS,0,7,12,3,1,3,2,19935.082280701754,114,-7298.402280701754,0,0.5
5608,user_23,16479.46,2026-09-06 21:35:29.153465,Swiggy,request,Delhi,Android,0,21,15,3,1,2,0,21876.48723880597,134,-5397.027238805971,0,0.1
5609,user_19,4869.92,2026-08-09 00:16:39.153465,Swiggy,request,Pune,Web,1,0,10,3,1,4,1,3644.202786885246,122,1225.717213114754,1,0.2
5610,user_47,2482.03,2026-08-01 09:00:31.153465,Swiggy,refund,Chennai,iOS,0,9,41,3,0,1,2,3883.282635658915,129,-1401.2526356589146,0,0.5
5611,user_20,13902.58,2026-07-24 02:51:10.153465,Amazon,request,Mumbai,Web,0,2,12,0,1,3,1,19935.082280701754,114,-6032.502280701754,1,0.2
5612,user_18,2340.59,2026-07-22 18:26:48.153465,Amazon,request,Pune,Android,0,18,9,0,1,4,0,4267.170924369748,119,-1926.5809243697477,0,0.1
5613,user_24,14017.55,2026-07-25 10:28:25.153465,Amazon,request,Chennai,iOS,0,10,16,0,1,1,2,20664.321171875,128,-6646.771171875,0,0.5
5614,user_44,49897.31,2026-07-29 08:44:11.153465,Swiggy,send,Bangalore,iOS,1,8,38,3,2,0,2,17327.384636363637,110,32569.92536363636,0,0.5
5615,user_24,15159.91,2026-09-01 08:41:40.153465,Walmart,send,Pune,Android,0,8,16,4,2,4,0,20664.321171875,128,-5504.411171874999,0,0.1
5616,user_22,38086.79,2026-07-30 16:59:36.153465,Zomato,send,Chennai,Web,0,16,14,5,2,1,1,18343.150086206897,116,19743.639913793104,0,0.2
5617,user_50,1704.37,2026-08-12 10:53:17.153465,Swiggy,request,Delhi,Android,0,10,45,3,1,2,0,4276.488269230769,104,-2572.1182692307693,0,0.1
5618,user_43,16092.96,2026-08-03 17:20:52.153465,Flipkart,request,Chennai,Web,1,17,37,1,1,1,1,15429.552764227643,123,663.4072357723562,0,0.2
5619,user_35,9480.61,2026-08-24 21:39:11.153465,Flipkart,refund,Delhi,Web,0,21,28,1,0,2,1,15800.978582677166,127,-6320.368582677165,0,0.2
5620,user_12,90196.62,2026-07-21 17:52:51.153465,Zomato,request,Pune,Web,0,17,3,5,1,4,1,52530.11026548673,113,37666.50973451327,0,0.2
5621,user_21,2107.83,2026-09-01 00:37:47.153465,Paytm,send,Chennai,Android,0,0,13,2,2,1,0,4244.438115942029,138,-2136.608115942029,1,0.1
5622,user_19,1468.43,2026-09-19 03:19:34.153465,Walmart,refund,Pune,iOS,0,3,10,4,0,4,2,3644.202786885246,122,-2175.772786885246,1,0.5
5623,user_34,1878.3,2026-08-23 06:50:31.153465,Flipkart,send,Bangalore,iOS,0,6,27,1,2,0,2,4524.1720000000005,120,-2645.8720000000003,1,0.5
5624,user_10,704.24,2026-08-11 05:48:17.153465,Paytm,send,Chennai,Web,0,5,1,2,2,1,1,4115.205169491525,118,-3410.9651694915256,1,0.2
5625,user_20,37747.52,2026-09-09 17:18:30.153465,Paytm,send,Chennai,iOS,0,17,12,2,2,1,2,19935.082280701754,114,17812.437719298243,0,0.5
5626,user_45,3450.06,2026-08-18 22:24:59.153465,Zomato,refund,Bangalore,Web,1,22,39,5,0,0,1,3748.3989344262295,122,-298.33893442622957,0,0.2
5627,user_43,8046.64,2026-07-21 18:30:40.153465,Flipkart,request,Delhi,Web,1,18,37,1,1,2,1,15429.552764227643,123,-7382.912764227643,0,0.2
5628,user_50,3227.3,2026-07-27 07:03:42.153465,Flipkart,refund,Mumbai,Web,1,7,45,1,0,3,1,4276.488269230769,104,-1049.188269230769,0,0.2
5629,user_38,8045.78,2026-09-15 07:23:22.153465,Amazon,send,Delhi,Android,0,7,31,0,2,2,0,17814.76077586207,116,-9768.98077586207,0,0.1
5630,user_5,15662.84,2026-08-21 06:17:39.153465,Walmart,request,Mumbai,iOS,0,6,44,4,1,3,2,21765.65124031008,129,-6102.811240310079,1,0.5
5631,user_48,1048.96,2026-08-30 06:16:56.153465,Paytm,request,Mumbai,iOS,0,6,42,2,1,3,2,4029.46368852459,122,-2980.50368852459,1,0.5
5632,user_18,4895.42,2026-08-04 21:04:49.153465,Walmart,request,Mumbai,iOS,0,21,9,4,1,3,2,4267.170924369748,119,628.2490756302523,0,0.5
5633,user_35,11502.27,2026-08-04 09:15:24.153465,Flipkart,refund,Pune,Android,0,9,28,1,0,4,0,15800.978582677166,127,-4298.708582677165,0,0.1
5634,user_43,6669.79,2026-09-12 06:58:51.153465,Swiggy,send,Delhi,iOS,0,6,37,3,2,2,2,15429.552764227643,123,-8759.762764227642,1,0.5
5635,user_39,3914.18,2026-08-01 19:40:00.153465,Zomato,request,Bangalore,Android,0,19,32,5,1,0,0,4488.573909090909,110,-574.3939090909093,0,0.1
5636,user_27,6559.09,2026-08-05 01:37:29.153465,Flipkart,send,Pune,iOS,1,1,19,1,2,4,2,18537.69881355932,118,-11978.60881355932,1,0.5
5637,user_45,1359.03,2026-07-30 06:44:31.153465,Amazon,request,Chennai,Android,0,6,39,0,1,1,0,3748.3989344262295,122,-2389.3689344262293,1,0.1
5638,user_5,16236.3,2026-07-25 11:16:18.153465,Swiggy,refund,Bangalore,Web,0,11,44,3,0,0,1,21765.65124031008,129,-5529.351240310079,0,0.2
5639,user_35,13690.49,2026-09-08 17:16:18.153465,Walmart,send,Chennai,iOS,0,17,28,4,2,1,2,15800.978582677166,127,-2110.488582677166,0,0.5
5640,user_21,12939.74,2026-08-20 11:51:34.153465,Amazon,request,Delhi,iOS,1,11,13,0,1,2,2,4244.438115942029,138,8695.301884057972,0,0.5
5641,user_38,15054.18,2026-08-30 21:18:41.153465,Flipkart,request,Pune,Web,0,21,31,1,1,4,1,17814.76077586207,116,-2760.5807758620685,0,0.2
5642,user_4,506.1,2026-07-27 23:25:06.153465,Walmart,send,Pune,Web,0,23,33,4,2,4,1,4960.130344827586,116,-4454.030344827585,0,0.2
5643,user_15,5569.51,2026-08-01 11:58:05.153465,Amazon,request,Pune,iOS,0,11,6,0,1,4,2,17357.696608695653,115,-11788.186608695652,0,0.5
5644,user_14,5891.03,2026-08-30 16:47:32.153465,Paytm,send,Pune,iOS,0,16,5,2,2,4,2,18284.780597014927,134,-12393.750597014929,0,0.5
5645,user_2,51072.64,2026-08-07 20:31:41.153465,Zomato,send,Chennai,iOS,0,20,11,5,2,1,2,47401.46406779661,118,3671.1759322033904,0,0.5
5646,user_27,19568.91,2026-08-17 09:25:23.153465,Zomato,request,Pune,Android,0,9,19,5,1,4,0,18537.69881355932,118,1031.2111864406797,0,0.1
5647,user_10,2913.56,2026-09-14 10:07:46.153465,Walmart,refund,Chennai,Android,0,10,1,4,0,1,0,4115.205169491525,118,-1201.6451694915254,0,0.1
5648,user_10,627.91,2026-09-11 13:05:39.153465,Zomato,send,Pune,Android,0,13,1,5,2,4,0,4115.205169491525,118,-3487.2951694915255,0,0.1
5649,user_18,2930.09,2026-09-16 18:59:48.153465,Flipkart,request,Mumbai,Web,1,18,9,1,1,3,1,4267.170924369748,119,-1337.0809243697477,0,0.2
5650,user_27,19485.32,2026-08-08 12:24:36.153465,Paytm,refund,Delhi,Android,0,12,19,2,0,2,0,18537.69881355932,118,947.6211864406796,0,0.1
5651,user_6,4865.9,2026-09-13 00:12:24.153465,Walmart,request,Chennai,iOS,1,0,46,4,1,1,2,3699.0514728682174,129,1166.8485271317822,1,0.5
5652,user_4,814.7,2026-09-11 03:26:10.153465,Amazon,send,Chennai,Web,0,3,33,0,2,1,1,4960.130344827586,116,-4145.430344827586,1,0.2
5653,user_33,4256.22,2026-08-04 02:21:26.153465,Amazon,send,Mumbai,Android,1,2,26,0,2,3,0,3974.536484375,128,281.6835156250004,1,0.1
5654,user_21,2960.15,2026-08-23 00:43:25.153465,Amazon,refund,Pune,Android,0,0,13,0,0,4,0,4244.438115942029,138,-1284.288115942029,1,0.1
5655,user_10,2011.74,2026-07-29 09:20:25.153465,Amazon,request,Bangalore,Android,0,9,1,0,1,0,0,4115.205169491525,118,-2103.4651694915256,0,0.1
5656,user_26,1796.95,2026-07-22 19:23:49.153465,Walmart,send,Delhi,Web,0,19,18,4,2,2,1,4396.555663716814,113,-2599.605663716814,0,0.2
5657,user_42,3164.16,2026-08-09 21:39:22.153465,Swiggy,send,Bangalore,Android,0,21,36,3,2,0,0,4749.498305084746,118,-1585.338305084746,0,0.1
5658,user_35,17325.71,2026-08-13 16:08:14.153465,Walmart,send,Pune,Android,0,16,28,4,2,4,0,15800.978582677166,127,1524.7314173228333,0,0.1
5659,user_13,8597.47,2026-08-30 15:12:56.153465,Paytm,refund,Bangalore,Web,0,15,4,2,0,0,1,16363.8575,124,-7766.387500000001,0,0.2
5660,user_38,15799.82,2026-08-30 14:11:21.153465,Zomato,request,Chennai,Android,0,14,31,5,1,1,0,17814.76077586207,116,-2014.9407758620691,0,0.1
5661,user_26,3761.37,2026-07-29 08:14:53.153465,Amazon,send,Pune,Android,0,8,18,0,2,4,0,4396.555663716814,113,-635.1856637168139,0,0.1
5662,user_44,16796.11,2026-08-10 02:24:31.153465,Paytm,send,Chennai,iOS,0,2,38,2,2,1,2,17327.384636363637,110,-531.2746363636361,1,0.5
5663,user_21,4448.35,2026-07-31 23:38:03.153465,Amazon,refund,Chennai,iOS,0,23,13,0,0,1,2,4244.438115942029,138,203.9118840579713,0,0.5
5664,user_38,18618.33,2026-07-22 21:33:25.153465,Zomato,request,Chennai,iOS,0,21,31,5,1,1,2,17814.76077586207,116,803.5692241379329,0,0.5
5665,user_10,2709.19,2026-08-18 04:31:20.153465,Amazon,request,Bangalore,Android,0,4,1,0,1,0,0,4115.205169491525,118,-1406.0151694915253,1,0.1
5666,user_49,19300.69,2026-09-14 10:54:12.153465,Paytm,request,Bangalore,Android,0,10,43,2,1,0,0,19333.43277227723,101,-32.74277227722996,0,0.1
5667,user_24,7540.75,2026-08-09 09:28:28.153465,Walmart,request,Pune,Web,0,9,16,4,1,4,1,20664.321171875,128,-13123.571171874999,0,0.2
5668,user_47,3762.63,2026-08-15 15:00:48.153465,Walmart,request,Delhi,iOS,0,15,41,4,1,2,2,3883.282635658915,129,-120.65263565891473,0,0.5
5669,user_43,6301.57,2026-09-18 12:46:21.153465,Flipkart,send,Mumbai,Web,0,12,37,1,2,3,1,15429.552764227643,123,-9127.982764227643,0,0.2
5670,user_7,51572.84,2026-08-11 04:29:45.153465,Paytm,send,Mumbai,iOS,0,4,47,2,2,3,2,60187.18528,125,-8614.345280000001,1,0.5
5671,user_40,11514.4,2026-09-19 03:38:52.153465,Flipkart,request,Pune,Web,0,3,34,1,1,4,1,18950.453564356438,101,-7436.053564356438,1,0.2
5672,user_9,3865.83,2026-09-14 08:35:18.153465,Walmart,send,Bangalore,Web,0,8,49,4,2,0,1,4747.313999999999,110,-881.4839999999995,0,0.2
5673,user_36,4850.93,2026-08-19 06:59:55.153465,Amazon,send,Bangalore,Android,0,6,29,0,2,0,0,4483.898691588785,107,367.0313084112149,1,0.1
5674,user_30,16565.09,2026-07-27 10:05:37.153465,Amazon,request,Bangalore,Web,0,10,23,0,1,0,1,20780.866470588233,119,-4215.776470588233,0,0.2
5675,user_50,2930.41,2026-08-24 11:01:26.153465,Flipkart,request,Delhi,Web,0,11,45,1,1,2,1,4276.488269230769,104,-1346.0782692307694,0,0.2
5676,user_23,14815.65,2026-07-23 23:03:34.153465,Paytm,request,Chennai,Web,0,23,15,2,1,1,1,21876.48723880597,134,-7060.837238805971,0,0.2
5677,user_11,954.88,2026-09-03 06:55:40.153465,Swiggy,refund,Delhi,Web,0,6,2,3,0,2,1,3819.240342465753,146,-2864.360342465753,1,0.2
5678,user_24,74407.24,2026-08-16 04:20:55.153465,Walmart,refund,Delhi,Web,1,4,16,4,0,2,1,20664.321171875,128,53742.91882812501,1,0.2
5679,user_18,3523.23,2026-08-26 05:12:11.153465,Swiggy,send,Chennai,iOS,0,5,9,3,2,1,2,4267.170924369748,119,-743.9409243697478,1,0.5
5680,user_26,4355.9,2026-07-21 15:34:34.153465,Flipkart,send,Bangalore,iOS,0,15,18,1,2,0,2,4396.555663716814,113,-40.65566371681416,0,0.5
5681,user_23,131604.98,2026-08-13 16:02:08.153465,Paytm,request,Chennai,iOS,1,16,15,2,1,1,2,21876.48723880597,134,109728.49276119404,0,0.5
5682,user_43,11602.51,2026-08-04 12:08:40.153465,Amazon,request,Chennai,Android,0,12,37,0,1,1,0,15429.552764227643,123,-3827.0427642276427,0,0.1
5683,user_9,3444.2,2026-08-25 06:10:54.153465,Flipkart,send,Mumbai,Android,0,6,49,1,2,3,0,4747.313999999999,110,-1303.1139999999996,1,0.1
5684,user_20,9888.3,2026-09-17 14:59:41.153465,Zomato,send,Pune,Android,0,14,12,5,2,4,0,19935.082280701754,114,-10046.782280701755,0,0.1
5685,user_47,1065.08,2026-09-16 06:10:55.153465,Zomato,send,Pune,Android,0,6,41,5,2,4,0,3883.282635658915,129,-2818.202635658915,1,0.1
5686,user_47,3822.43,2026-08-22 01:56:25.153465,Amazon,send,Bangalore,Web,0,1,41,0,2,0,1,3883.282635658915,129,-60.852635658915005,1,0.2
5687,user_16,2819.29,2026-09-09 01:32:18.153465,Amazon,refund,Bangalore,Android,0,1,7,0,0,0,0,3660.321525423729,118,-841.0315254237289,1,0.1
5688,user_45,1776.2,2026-09-08 13:36:09.153465,Swiggy,request,Chennai,Web,1,13,39,3,1,1,1,3748.3989344262295,122,-1972.1989344262295,0,0.2
5689,user_27,10891.06,2026-08-13 08:59:46.153465,Paytm,refund,Pune,Android,0,8,19,2,0,4,0,18537.69881355932,118,-7646.638813559321,0,0.1
5690,user_6,454.95,2026-09-14 00:33:36.153465,Walmart,request,Chennai,Android,0,0,46,4,1,1,0,3699.0514728682174,129,-3244.1014728682176,1,0.1
5691,user_8,8125.29,2026-08-13 02:44:31.153465,Paytm,request,Bangalore,Web,0,2,48,2,1,0,1,4162.542654867257,113,3962.7473451327432,1,0.2
5692,user_32,243.77,2026-08-01 06:24:12.153465,Swiggy,request,Bangalore,Android,0,6,25,3,1,0,0,3596.741,130,-3352.971,1,0.1
5693,user_33,4653.59,2026-08-21 14:15:39.153465,Walmart,refund,Mumbai,iOS,0,14,26,4,0,3,2,3974.536484375,128,679.0535156250003,0,0.5
5694,user_48,3530.75,2026-09-12 16:41:14.153465,Zomato,refund,Delhi,Web,0,16,42,5,0,2,1,4029.46368852459,122,-498.71368852459,0,0.2
5695,user_39,3973.84,2026-07-28 17:40:31.153465,Paytm,refund,Delhi,iOS,0,17,32,2,0,2,2,4488.573909090909,110,-514.733909090909,0,0.5
5696,user_22,5983.74,2026-08-16 11:21:49.153465,Paytm,request,Bangalore,Web,0,11,14,2,1,0,1,18343.150086206897,116,-12359.410086206897,0,0.2
5697,user_32,1360.45,2026-08-29 15:19:33.153465,Swiggy,request,Delhi,Web,0,15,25,3,1,2,1,3596.741,130,-2236.291,0,0.2
5698,user_7,50062.3,2026-08-30 17:29:22.153465,Zomato,send,Mumbai,Android,0,17,47,5,2,3,0,60187.18528,125,-10124.885279999995,0,0.1
5699,user_38,12722.85,2026-09-02 00:08:01.153465,Swiggy,refund,Chennai,iOS,0,0,31,3,0,1,2,17814.76077586207,116,-5091.9107758620685,1,0.5
5700,user_20,5010.4,2026-09-12 14:31:38.153465,Flipkart,refund,Pune,Android,0,14,12,1,0,4,0,19935.082280701754,114,-14924.682280701754,0,0.1
5701,user_36,10939.15,2026-08-25 07:16:22.153465,Paytm,refund,Chennai,Web,1,7,29,2,0,1,1,4483.898691588785,107,6455.251308411214,0,0.2
5702,user_1,2020.66,2026-08-15 05:40:41.153465,Flipkart,request,Bangalore,Web,0,5,0,1,1,0,1,4037.2688695652173,115,-2016.6088695652172,1,0.2
5703,user_16,1374.22,2026-09-11 21:07:20.153465,Zomato,refund,Pune,Web,0,21,7,5,0,4,1,3660.321525423729,118,-2286.101525423729,0,0.2
5704,user_38,18916.44,2026-08-01 02:37:52.153465,Amazon,refund,Mumbai,Web,0,2,31,0,0,3,1,17814.76077586207,116,1101.6792241379299,1,0.2
5705,user_7,30110.17,2026-07-24 08:39:10.153465,Walmart,refund,Mumbai,Web,0,8,47,4,0,3,1,60187.18528,125,-30077.01528,0,0.2
5706,user_10,4963.48,2026-08-20 19:16:55.153465,Walmart,send,Chennai,Android,1,19,1,4,2,1,0,4115.205169491525,118,848.2748305084742,0,0.1
5707,user_29,4812.96,2026-08-09 20:07:06.153465,Flipkart,refund,Pune,iOS,0,20,21,1,0,4,2,4165.22631147541,122,647.7336885245904,0,0.5
5708,user_10,3132.3,2026-08-08 22:39:06.153465,Zomato,send,Bangalore,Web,0,22,1,5,2,0,1,4115.205169491525,118,-982.9051694915252,0,0.2
5709,user_40,18730.09,2026-08-07 00:13:34.153465,Paytm,send,Pune,Android,0,0,34,2,2,4,0,18950.453564356438,101,-220.36356435643756,1,0.1
5710,user_49,7169.8,2026-08-12 14:22:40.153465,Walmart,request,Pune,Web,0,14,43,4,1,4,1,19333.43277227723,101,-12163.63277227723,0,0.2
5711,user_21,3165.42,2026-09-10 03:24:37.153465,Walmart,refund,Delhi,Web,0,3,13,4,0,2,1,4244.438115942029,138,-1079.018115942029,1,0.2
5712,user_46,4455.22,2026-09-03 19:06:29.153465,Paytm,refund,Mumbai,Android,0,19,40,2,0,3,0,4824.613684210526,133,-369.39368421052586,0,0.1
5713,user_20,17974.26,2026-08-21 23:39:50.153465,Amazon,refund,Pune,iOS,0,23,12,0,0,4,2,19935.082280701754,114,-1960.8222807017555,0,0.5
5714,user_21,2932.79,2026-08-11 06:11:37.153465,Swiggy,request,Mumbai,Android,0,6,13,3,1,3,0,4244.438115942029,138,-1311.648115942029,1,0.1
5715,user_4,853.06,2026-08-30 16:54:03.153465,Paytm,send,Delhi,iOS,0,16,33,2,2,2,2,4960.130344827586,116,-4107.070344827585,0,0.5
5716,user_3,15671.3,2026-07-26 10:59:21.153465,Walmart,refund,Chennai,Web,0,10,22,4,0,1,1,51628.90211538462,104,-35957.60211538462,0,0.2
5717,user_27,5027.48,2026-09-15 15:30:08.153465,Walmart,refund,Mumbai,Android,0,15,19,4,0,3,0,18537.69881355932,118,-13510.21881355932,0,0.1
5718,user_49,13855.97,2026-08-05 01:48:07.153465,Paytm,refund,Mumbai,iOS,0,1,43,2,0,3,2,19333.43277227723,101,-5477.462772277229,1,0.5
5719,user_17,10688.84,2026-08-16 14:29:04.153465,Paytm,refund,Bangalore,Android,0,14,8,2,0,0,0,4173.412348484848,132,6515.427651515152,0,0.1
5720,user_22,31893.53,2026-08-22 01:24:03.153465,Walmart,request,Chennai,Web,0,1,14,4,1,1,1,18343.150086206897,116,13550.379913793102,1,0.2
5721,user_17,4141.42,2026-08-31 11:26:05.153465,Paytm,refund,Bangalore,Web,0,11,8,2,0,0,1,4173.412348484848,132,-31.992348484847753,0,0.2
5722,user_50,4577.27,2026-09-09 20:21:07.153465,Zomato,request,Bangalore,Web,0,20,45,5,1,0,1,4276.488269230769,104,300.7817307692312,0,0.2
5723,user_11,1871.18,2026-07-26 17:39:10.153465,Zomato,request,Bangalore,Android,0,17,2,5,1,0,0,3819.240342465753,146,-1948.0603424657531,0,0.1
5724,user_46,1189.41,2026-08-15 00:16:07.153465,Flipkart,send,Chennai,iOS,0,0,40,1,2,1,2,4824.613684210526,133,-3635.2036842105263,1,0.5
5725,user_4,705.81,2026-09-09 14:59:25.153465,Flipkart,send,Bangalore,Android,0,14,33,1,2,0,0,4960.130344827586,116,-4254.320344827585,0,0.1
5726,user_30,11064.55,2026-08-26 17:04:12.153465,Walmart,request,Chennai,Web,0,17,23,4,1,1,1,20780.866470588233,119,-9716.316470588234,0,0.2
5727,user_41,11617.94,2026-08-04 01:40:42.153465,Paytm,request,Chennai,Web,1,1,35,2,1,1,1,4057.624609375,128,7560.315390625001,1,0.2
5728,user_32,3244.64,2026-08-22 20:39:50.153465,Swiggy,send,Mumbai,iOS,0,20,25,3,2,3,2,3596.741,130,-352.1010000000001,0,0.5
5729,user_34,2108.45,2026-08-21 14:09:59.153465,Zomato,request,Chennai,iOS,0,14,27,5,1,1,2,4524.1720000000005,120,-2415.7220000000007,0,0.5
5730,user_21,2231.42,2026-07-31 15:42:07.153465,Paytm,send,Bangalore,iOS,0,15,13,2,2,0,2,4244.438115942029,138,-2013.018115942029,0,0.5
5731,user_48,4385.5,2026-08-24 01:11:19.153465,Amazon,refund,Bangalore,iOS,0,1,42,0,0,0,2,4029.46368852459,122,356.03631147541,1,0.5
5732,user_35,15545.75,2026-08-30 22:30:06.153465,Swiggy,request,Mumbai,iOS,0,22,28,3,1,3,2,15800.978582677166,127,-255.22858267716583,0,0.5
5733,user_18,2592.26,2026-09-05 07:56:57.153465,Amazon,send,Delhi,Android,0,7,9,0,2,2,0,4267.170924369748,119,-1674.9109243697476,0,0.1
5734,user_26,4280.35,2026-08-07 03:51:28.153465,Flipkart,request,Bangalore,Web,1,3,18,1,1,0,1,4396.555663716814,113,-116.20566371681343,1,0.2
5735,user_40,19969.71,2026-09-14 08:51:23.153465,Paytm,refund,Mumbai,iOS,0,8,34,2,0,3,2,18950.453564356438,101,1019.2564356435614,0,0.5
5736,user_46,14342.73,2026-08-30 22:05:00.153465,Swiggy,request,Mumbai,Web,1,22,40,3,1,3,1,4824.613684210526,133,9518.116315789473,0,0.2
5737,user_38,7938.36,2026-09-08 01:25:17.153465,Zomato,refund,Delhi,Android,0,1,31,5,0,2,0,17814.76077586207,116,-9876.400775862068,1,0.1
5738,user_27,7393.73,2026-09-02 16:31:20.153465,Swiggy,request,Delhi,Android,0,16,19,3,1,2,0,18537.69881355932,118,-11143.96881355932,0,0.1
5739,user_8,2449.57,2026-07-31 04:54:24.153465,Flipkart,send,Mumbai,iOS,0,4,48,1,2,3,2,4162.542654867257,113,-1712.9726548672566,1,0.5
5740,user_34,27199.88,2026-09-02 06:45:17.153465,Swiggy,request,Bangalore,iOS,1,6,27,3,1,0,2,4524.1720000000005,120,22675.708,1,0.5
5741,user_7,47201.77,2026-07-23 12:13:34.153465,Flipkart,request,Pune,iOS,0,12,47,1,1,4,2,60187.18528,125,-12985.415280000001,0,0.5
5742,user_38,5504.22,2026-08-20 04:18:25.153465,Zomato,request,Chennai,Web,0,4,31,5,1,1,1,17814.76077586207,116,-12310.540775862068,1,0.2
5743,user_36,2214.24,2026-08-29 08:21:09.153465,Amazon,send,Mumbai,iOS,0,8,29,0,2,3,2,4483.898691588785,107,-2269.6586915887856,0,0.5
5744,user_48,3036.22,2026-07-28 15:13:57.153465,Walmart,request,Delhi,iOS,0,15,42,4,1,2,2,4029.46368852459,122,-993.2436885245902,0,0.5
5745,user_43,8488.56,2026-07-29 16:26:28.153465,Flipkart,request,Pune,Web,0,16,37,1,1,4,1,15429.552764227643,123,-6940.992764227643,0,0.2
5746,user_4,1633.45,2026-08-27 14:12:08.153465,Flipkart,request,Delhi,Web,1,14,33,1,1,2,1,4960.130344827586,116,-3326.680344827586,0,0.2
5747,user_6,2040.93,2026-08-16 06:39:36.153465,Flipkart,send,Mumbai,iOS,0,6,46,1,2,3,2,3699.0514728682174,129,-1658.1214728682173,1,0.5
5748,user_48,2006.34,2026-09-01 11:04:40.153465,Swiggy,refund,Delhi,iOS,0,11,42,3,0,2,2,4029.46368852459,122,-2023.12368852459,0,0.5
5749,user_47,3566.5,2026-07-30 06:50:52.153465,Flipkart,send,Bangalore,Android,0,6,41,1,2,0,0,3883.282635658915,129,-316.78263565891484,1,0.1
5750,user_24,10716.97,2026-07-28 23:02:55.153465,Swiggy,send,Bangalore,Web,0,23,16,3,2,0,1,20664.321171875,128,-9947.351171875,0,0.2
5751,user_24,16370.9,2026-08-21 18:28:54.153465,Flipkart,send,Mumbai,Web,0,18,16,1,2,3,1,20664.321171875,128,-4293.421171874999,0,0.2
5752,user_38,52813.7,2026-08-19 16:51:58.153465,Flipkart,send,Delhi,iOS,1,16,31,1,2,2,2,17814.76077586207,116,34998.939224137925,0,0.5
5753,user_3,42441.02,2026-08-09 08:42:35.153465,Walmart,refund,Delhi,Web,0,8,22,4,0,2,1,51628.90211538462,104,-9187.882115384622,0,0.2
5754,user_50,4651.69,2026-09-14 07:34:54.153465,Zomato,refund,Delhi,Web,1,7,45,5,0,2,1,4276.488269230769,104,375.2017307692304,0,0.2
5755,user_21,1284.3,2026-08-30 02:04:52.153465,Flipkart,request,Chennai,Android,0,2,13,1,1,1,0,4244.438115942029,138,-2960.138115942029,1,0.1
5756,user_26,1552.27,2026-07-28 20:55:14.153465,Swiggy,refund,Delhi,Web,1,20,18,3,0,2,1,4396.555663716814,113,-2844.285663716814,0,0.2
5757,user_39,1195.35,2026-08-20 23:55:19.153465,Swiggy,send,Bangalore,Web,0,23,32,3,2,0,1,4488.573909090909,110,-3293.2239090909093,0,0.2
5758,user_43,15536.97,2026-08-19 15:10:07.153465,Walmart,send,Delhi,Web,0,15,37,4,2,2,1,15429.552764227643,123,107.41723577235643,0,0.2
5759,user_17,541.72,2026-08-31 19:47:11.153465,Paytm,refund,Bangalore,Android,0,19,8,2,0,0,0,4173.412348484848,132,-3631.6923484848476,0,0.1
5760,user_10,226.87,2026-08-09 09:15:32.153465,Walmart,request,Delhi,Android,0,9,1,4,1,2,0,4115.205169491525,118,-3888.3351694915254,0,0.1
5761,user_2,22751.52,2026-09-13 20:19:45.153465,Swiggy,send,Pune,Android,0,20,11,3,2,4,0,47401.46406779661,118,-24649.94406779661,0,0.1
5762,user_41,1019.3,2026-08-18 11:20:20.153465,Flipkart,request,Mumbai,Web,0,11,35,1,1,3,1,4057.624609375,128,-3038.3246093750004,0,0.2
5763,user_41,1231.11,2026-09-12 23:24:34.153465,Flipkart,request,Delhi,Web,0,23,35,1,1,2,1,4057.624609375,128,-2826.514609375,0,0.2
5764,user_19,2432.62,2026-07-25 13:53:00.153465,Walmart,request,Pune,iOS,0,13,10,4,1,4,2,3644.202786885246,122,-1211.5827868852462,0,0.5
5765,user_12,40208.92,2026-09-16 03:17:36.153465,Amazon,refund,Delhi,iOS,0,3,3,0,0,2,2,52530.11026548673,113,-12321.19026548673,1,0.5
5766,user_20,13575.73,2026-08-31 15:27:00.153465,Zomato,request,Mumbai,Web,0,15,12,5,1,3,1,19935.082280701754,114,-6359.352280701754,0,0.2
5767,user_1,3543.77,2026-08-15 04:39:35.153465,Swiggy,send,Bangalore,iOS,0,4,0,3,2,0,2,4037.2688695652173,115,-493.4988695652173,1,0.5
5768,user_45,4709.45,2026-07-29 23:39:53.153465,Amazon,send,Delhi,iOS,1,23,39,0,2,2,2,3748.3989344262295,122,961.0510655737703,0,0.5
5769,user_29,816.42,2026-08-30 06:23:35.153465,Zomato,refund,Bangalore,iOS,0,6,21,5,0,0,2,4165.22631147541,122,-3348.8063114754095,1,0.5
5770,user_11,2767.86,2026-08-10 21:29:19.153465,Zomato,send,Chennai,iOS,0,21,2,5,2,1,2,3819.240342465753,146,-1051.380342465753,0,0.5
5771,user_41,3278.52,2026-08-03 23:58:04.153465,Swiggy,send,Mumbai,Android,0,23,35,3,2,3,0,4057.624609375,128,-779.1046093750001,0,0.1
5772,user_6,4399.42,2026-09-11 16:05:24.153465,Paytm,request,Mumbai,iOS,0,16,46,2,1,3,2,3699.0514728682174,129,700.3685271317827,0,0.5
5773,user_30,13016.3,2026-07-28 06:59:35.153465,Swiggy,request,Mumbai,Android,0,6,23,3,1,3,0,20780.866470588233,119,-7764.566470588234,1,0.1
5774,user_32,1042.22,2026-08-12 16:19:40.153465,Amazon,send,Delhi,Android,0,16,25,0,2,2,0,3596.741,130,-2554.5209999999997,0,0.1
5775,user_15,8940.16,2026-08-02 07:42:40.153465,Zomato,send,Delhi,iOS,0,7,6,5,2,2,2,17357.696608695653,115,-8417.536608695653,0,0.5
5776,user_29,3932.62,2026-07-25 05:27:51.153465,Amazon,refund,Bangalore,Android,0,5,21,0,0,0,0,4165.22631147541,122,-232.6063114754097,1,0.1
5777,user_47,513.46,2026-08-31 15:32:52.153465,Flipkart,request,Mumbai,Android,0,15,41,1,1,3,0,3883.282635658915,129,-3369.822635658915,0,0.1
5778,user_19,13368.62,2026-09-19 11:59:45.153465,Paytm,send,Delhi,Android,1,11,10,2,2,2,0,3644.202786885246,122,9724.417213114755,0,0.1
5779,user_24,5871.86,2026-08-13 02:25:36.153465,Zomato,request,Pune,Android,0,2,16,5,1,4,0,20664.321171875,128,-14792.461171874998,1,0.1
5780,user_3,136295.19,2026-08-14 04:09:26.153465,Amazon,send,Delhi,Web,1,4,22,0,2,2,1,51628.90211538462,104,84666.28788461539,1,0.2
5781,user_7,91642.48,2026-07-29 00:19:05.153465,Walmart,refund,Mumbai,iOS,0,0,47,4,0,3,2,60187.18528,125,31455.294719999998,1,0.5
5782,user_39,553.45,2026-09-07 20:33:18.153465,Paytm,request,Bangalore,Web,0,20,32,2,1,0,1,4488.573909090909,110,-3935.1239090909094,0,0.2
5783,user_24,18580.85,2026-08-03 13:45:17.153465,Zomato,refund,Pune,Web,1,13,16,5,0,4,1,20664.321171875,128,-2083.4711718750004,0,0.2
5784,user_12,202375.32,2026-09-17 14:26:48.153465,Walmart,send,Mumbai,iOS,1,14,3,4,2,3,2,52530.11026548673,113,149845.20973451328,0,0.5
5785,user_23,6064.89,2026-08-03 14:37:15.153465,Swiggy,request,Mumbai,Web,0,14,15,3,1,3,1,21876.48723880597,134,-15811.59723880597,0,0.2
5786,user_32,7929.09,2026-08-29 11:57:11.153465,Amazon,refund,Bangalore,iOS,1,11,25,0,0,0,2,3596.741,130,4332.349,0,0.5
5787,user_37,5508.94,2026-07-26 11:23:15.153465,Amazon,send,Mumbai,iOS,0,11,30,0,2,3,2,15907.096030534352,131,-10398.156030534352,0,0.5
5788,user_14,11202.0,2026-09-16 20:11:18.153465,Amazon,request,Bangalore,Web,0,20,5,0,1,0,1,18284.780597014927,134,-7082.7805970149275,0,0.2
5789,user_27,9437.4,2026-08-14 22:23:58.153465,Zomato,request,Mumbai,Web,0,22,19,5,1,3,1,18537.69881355932,118,-9100.29881355932,0,0.2
5790,user_14,12220.85,2026-09-14 16:36:59.153465,Amazon,request,Delhi,Web,0,16,5,0,1,2,1,18284.780597014927,134,-6063.930597014927,0,0.2
5791,user_39,652.4,2026-08-16 05:43:51.153465,Walmart,request,Pune,Web,0,5,32,4,1,4,1,4488.573909090909,110,-3836.173909090909,1,0.2
5792,user_50,2264.55,2026-08-20 15:23:02.153465,Flipkart,send,Pune,Android,0,15,45,1,2,4,0,4276.488269230769,104,-2011.938269230769,0,0.1
5793,user_16,4737.74,2026-09-05 23:40:29.153465,Amazon,request,Pune,Web,1,23,7,0,1,4,1,3660.321525423729,118,1077.418474576271,0,0.2
5794,user_32,4744.82,2026-08-23 08:48:04.153465,Amazon,send,Chennai,Web,1,8,25,0,2,1,1,3596.741,130,1148.0789999999997,0,0.2
5795,user_36,584.52,2026-08-22 22:21:44.153465,Zomato,request,Delhi,Web,1,22,29,5,1,2,1,4483.898691588785,107,-3899.3786915887854,0,0.2
5796,user_32,14236.29,2026-08-21 07:30:53.153465,Paytm,request,Chennai,Android,1,7,25,2,1,1,0,3596.741,130,10639.549,0,0.1
5797,user_5,12402.78,2026-08-06 01:59:33.153465,Zomato,request,Pune,iOS,0,1,44,5,1,4,2,21765.65124031008,129,-9362.871240310078,1,0.5
5798,user_35,6850.82,2026-08-20 21:51:52.153465,Swiggy,refund,Pune,Web,0,21,28,3,0,4,1,15800.978582677166,127,-8950.158582677166,0,0.2
5799,user_2,40108.24,2026-08-14 19:07:17.153465,Walmart,send,Pune,iOS,0,19,11,4,2,4,2,47401.46406779661,118,-7293.224067796611,0,0.5
5800,user_34,1104.51,2026-08-08 06:05:36.153465,Zomato,send,Bangalore,iOS,0,6,27,5,2,0,2,4524.1720000000005,120,-3419.6620000000003,1,0.5
5801,user_28,1534.17,2026-09-11 16:39:12.153465,Zomato,request,Delhi,Web,0,16,20,5,1,2,1,4678.404529914529,117,-3144.234529914529,0,0.2
5802,user_7,24173.67,2026-08-16 06:25:12.153465,Paytm,refund,Chennai,Android,0,6,47,2,0,1,0,60187.18528,125,-36013.51528,1,0.1
5803,user_29,4454.62,2026-08-05 00:15:41.153465,Flipkart,refund,Delhi,Web,0,0,21,1,0,2,1,4165.22631147541,122,289.3936885245903,1,0.2
5804,user_35,18761.69,2026-09-07 12:43:07.153465,Swiggy,refund,Chennai,iOS,0,12,28,3,0,1,2,15800.978582677166,127,2960.711417322833,0,0.5
5805,user_16,4027.42,2026-09-02 06:27:24.153465,Walmart,request,Pune,iOS,1,6,7,4,1,4,2,3660.321525423729,118,367.0984745762712,1,0.5
5806,user_32,12727.57,2026-07-25 12:43:11.153465,Swiggy,send,Bangalore,Android,1,12,25,3,2,0,0,3596.741,130,9130.829,0,0.1
5807,user_27,19622.52,2026-08-04 12:54:26.153465,Swiggy,request,Chennai,Web,0,12,19,3,1,1,1,18537.69881355932,118,1084.8211864406803,0,0.2
5808,user_32,2744.21,2026-08-01 16:24:56.153465,Zomato,request,Bangalore,iOS,0,16,25,5,1,0,2,3596.741,130,-852.531,0,0.5
5809,user_18,2638.41,2026-08-05 15:35:31.153465,Zomato,request,Pune,Web,0,15,9,5,1,4,1,4267.170924369748,119,-1628.760924369748,0,0.2
5810,user_16,10628.22,2026-07-30 14:23:56.153465,Paytm,send,Bangalore,Web,1,14,7,2,2,0,1,3660.321525423729,118,6967.89847457627,0,0.2
5811,user_11,2036.02,2026-09-06 02:40:53.153465,Amazon,send,Bangalore,Android,0,2,2,0,2,0,0,3819.240342465753,146,-1783.2203424657532,1,0.1
5812,user_15,8975.23,2026-08-05 23:28:37.153465,Walmart,request,Chennai,Android,0,23,6,4,1,1,0,17357.696608695653,115,-8382.466608695653,0,0.1
5813,user_22,6797.14,2026-09-15 10:21:47.153465,Amazon,request,Pune,Web,0,10,14,0,1,4,1,18343.150086206897,116,-11546.010086206898,0,0.2
5814,user_11,2407.5,2026-08-06 12:20:20.153465,Swiggy,refund,Chennai,iOS,0,12,2,3,0,1,2,3819.240342465753,146,-1411.7403424657532,0,0.5
5815,user_6,2529.63,2026-07-28 14:13:29.153465,Walmart,send,Pune,Android,0,14,46,4,2,4,0,3699.0514728682174,129,-1169.4214728682173,0,0.1
5816,user_19,4754.41,2026-07-21 18:07:08.153465,Paytm,send,Delhi,Android,0,18,10,2,2,2,0,3644.202786885246,122,1110.2072131147538,0,0.1
5817,user_2,127780.21,2026-08-04 12:22:08.153465,Flipkart,send,Mumbai,Android,1,12,11,1,2,3,0,47401.46406779661,118,80378.7459322034,0,0.1
5818,user_23,8171.88,2026-08-21 08:31:18.153465,Paytm,request,Delhi,Web,0,8,15,2,1,2,1,21876.48723880597,134,-13704.60723880597,0,0.2
5819,user_18,3119.7,2026-09-05 21:47:48.153465,Zomato,request,Pune,Android,0,21,9,5,1,4,0,4267.170924369748,119,-1147.470924369748,0,0.1
5820,user_9,1097.33,2026-08-19 12:18:36.153465,Flipkart,send,Delhi,Web,0,12,49,1,2,2,1,4747.313999999999,110,-3649.9839999999995,0,0.2
5821,user_33,3184.78,2026-08-15 04:51:59.153465,Zomato,request,Delhi,Android,0,4,26,5,1,2,0,3974.536484375,128,-789.7564843749997,1,0.1
5822,user_25,3548.64,2026-08-31 11:56:58.153465,Swiggy,refund,Delhi,Android,0,11,17,3,0,2,0,3615.32544,125,-66.6854400000002,0,0.1
5823,user_46,3997.46,2026-07-24 14:43:51.153465,Swiggy,send,Bangalore,Web,0,14,40,3,2,0,1,4824.613684210526,133,-827.1536842105261,0,0.2
5824,user_33,4639.49,2026-09-18 19:47:42.153465,Flipkart,send,Chennai,Android,0,19,26,1,2,1,0,3974.536484375,128,664.9535156249999,0,0.1
5825,user_10,3421.55,2026-08-13 03:46:57.153465,Flipkart,refund,Delhi,Android,0,3,1,1,0,2,0,4115.205169491525,118,-693.6551694915252,1,0.1
5826,user_6,12115.19,2026-07-24 22:35:54.153465,Paytm,request,Delhi,iOS,1,22,46,2,1,2,2,3699.0514728682174,129,8416.138527131783,0,0.5
5827,user_3,18533.29,2026-08-24 19:43:02.153465,Amazon,send,Chennai,Android,0,19,22,0,2,1,0,51628.90211538462,104,-33095.61211538462,0,0.1
5828,user_10,12918.65,2026-08-04 17:26:30.153465,Paytm,request,Pune,Web,0,17,1,2,1,4,1,4115.205169491525,118,8803.444830508473,0,0.2
5829,user_3,44451.7,2026-07-25 08:49:48.153465,Swiggy,send,Pune,Android,0,8,22,3,2,4,0,51628.90211538462,104,-7177.202115384622,0,0.1
5830,user_40,6896.61,2026-08-03 15:10:38.153465,Paytm,refund,Bangalore,Web,1,15,34,2,0,0,1,18950.453564356438,101,-12053.843564356437,0,0.2
5831,user_48,3026.19,2026-09-07 11:04:45.153465,Walmart,send,Mumbai,Android,0,11,42,4,2,3,0,4029.46368852459,122,-1003.2736885245899,0,0.1
5832,user_26,4006.12,2026-08-31 13:23:17.153465,Zomato,request,Pune,Web,0,13,18,5,1,4,1,4396.555663716814,113,-390.4356637168139,0,0.2
5833,user_33,4153.75,2026-09-02 13:18:57.153465,Zomato,send,Delhi,iOS,0,13,26,5,2,2,2,3974.536484375,128,179.21351562500013,0,0.5
5834,user_41,3926.23,2026-07-22 13:52:50.153465,Paytm,refund,Bangalore,Web,0,13,35,2,0,0,1,4057.624609375,128,-131.39460937500007,0,0.2
5835,user_2,52546.16,2026-08-14 09:18:17.153465,Amazon,refund,Chennai,iOS,0,9,11,0,0,1,2,47401.46406779661,118,5144.6959322033945,0,0.5
5836,user_40,48368.48,2026-08-20 22:49:32.153465,Zomato,send,Pune,Android,1,22,34,5,2,4,0,18950.453564356438,101,29418.026435643565,0,0.1
5837,user_8,388.14,2026-09-03 04:31:25.153465,Flipkart,refund,Pune,iOS,0,4,48,1,0,4,2,4162.542654867257,113,-3774.402654867257,1,0.5
5838,user_41,370.85,2026-07-31 21:15:15.153465,Walmart,refund,Pune,Android,0,21,35,4,0,4,0,4057.624609375,128,-3686.774609375,0,0.1
5839,user_12,57509.6,2026-08-30 23:39:37.153465,Zomato,refund,Chennai,iOS,0,23,3,5,0,1,2,52530.11026548673,113,4979.48973451327,0,0.5
5840,user_2,57085.39,2026-07-24 00:42:28.153465,Flipkart,send,Mumbai,Android,0,0,11,1,2,3,0,47401.46406779661,118,9683.92593220339,1,0.1
5841,user_1,3362.6,2026-08-09 05:19:37.153465,Swiggy,send,Bangalore,iOS,0,5,0,3,2,0,2,4037.2688695652173,115,-674.6688695652174,1,0.5
5842,user_30,8604.48,2026-08-18 00:43:54.153465,Flipkart,request,Bangalore,Android,0,0,23,1,1,0,0,20780.866470588233,119,-12176.386470588233,1,0.1
5843,user_47,773.28,2026-08-03 19:58:32.153465,Flipkart,refund,Pune,iOS,0,19,41,1,0,4,2,3883.282635658915,129,-3110.002635658915,0,0.5
5844,user_26,549.46,2026-08-05 08:43:43.153465,Flipkart,request,Chennai,Android,0,8,18,1,1,1,0,4396.555663716814,113,-3847.0956637168138,0,0.1
5845,user_27,8767.47,2026-07-29 20:53:18.153465,Flipkart,request,Bangalore,iOS,0,20,19,1,1,0,2,18537.69881355932,118,-9770.22881355932,0,0.5
5846,user_32,1683.42,2026-08-30 01:48:52.153465,Swiggy,request,Mumbai,Android,0,1,25,3,1,3,0,3596.741,130,-1913.321,1,0.1
5847,user_45,2493.6,2026-09-09 11:18:46.153465,Amazon,request,Bangalore,Web,0,11,39,0,1,0,1,3748.3989344262295,122,-1254.7989344262296,0,0.2
5848,user_4,1662.35,2026-07-27 08:12:59.153465,Amazon,send,Chennai,Android,0,8,33,0,2,1,0,4960.130344827586,116,-3297.780344827586,0,0.1
5849,user_50,4084.24,2026-07-25 10:50:45.153465,Flipkart,request,Mumbai,Android,0,10,45,1,1,3,0,4276.488269230769,104,-192.24826923076944,0,0.1
5850,user_15,5290.08,2026-08-13 09:06:10.153465,Paytm,request,Pune,iOS,0,9,6,2,1,4,2,17357.696608695653,115,-12067.616608695653,0,0.5
5851,user_28,586.32,2026-07-25 06:48:22.153465,Swiggy,request,Chennai,iOS,0,6,20,3,1,1,2,4678.404529914529,117,-4092.084529914529,1,0.5
5852,user_45,35386.49,2026-09-12 11:31:27.153465,Flipkart,request,Chennai,iOS,1,11,39,1,1,1,2,3748.3989344262295,122,31638.091065573768,0,0.5
5853,user_32,270.99,2026-09-02 00:53:27.153465,Amazon,refund,Pune,iOS,0,0,25,0,0,4,2,3596.741,130,-3325.751,1,0.5
5854,user_18,12796.68,2026-08-02 05:26:57.153465,Paytm,request,Bangalore,iOS,1,5,9,2,1,0,2,4267.170924369748,119,8529.509075630252,1,0.5
5855,user_49,10583.45,2026-09-09 00:34:16.153465,Amazon,request,Pune,Web,1,0,43,0,1,4,1,19333.43277227723,101,-8749.982772277228,1,0.2
5856,user_44,17594.32,2026-08-13 07:56:21.153465,Flipkart,send,Mumbai,iOS,0,7,38,1,2,3,2,17327.384636363637,110,266.93536363636304,0,0.5
5857,user_27,7767.3,2026-07-26 19:58:12.153465,Paytm,send,Mumbai,iOS,0,19,19,2,2,3,2,18537.69881355932,118,-10770.39881355932,0,0.5
5858,user_20,13297.37,2026-09-05 13:27:32.153465,Amazon,request,Mumbai,Web,0,13,12,0,1,3,1,19935.082280701754,114,-6637.712280701753,0,0.2
5859,user_50,4758.33,2026-09-04 23:51:45.153465,Zomato,refund,Chennai,iOS,1,23,45,5,0,1,2,4276.488269230769,104,481.8417307692307,0,0.5
5860,user_1,31057.05,2026-08-05 22:46:07.153465,Swiggy,request,Pune,iOS,1,22,0,3,1,4,2,4037.2688695652173,115,27019.78113043478,0,0.5
5861,user_4,3587.02,2026-07-28 17:27:08.153465,Walmart,send,Bangalore,Web,0,17,33,4,2,0,1,4960.130344827586,116,-1373.1103448275858,0,0.2
5862,user_49,6004.52,2026-09-13 10:35:12.153465,Swiggy,refund,Delhi,iOS,0,10,43,3,0,2,2,19333.43277227723,101,-13328.912772277228,0,0.5
5863,user_24,6447.46,2026-08-13 13:05:43.153465,Paytm,request,Pune,Web,1,13,16,2,1,4,1,20664.321171875,128,-14216.861171875,0,0.2
5864,user_30,15367.94,2026-08-30 16:27:56.153465,Walmart,refund,Chennai,Web,0,16,23,4,0,1,1,20780.866470588233,119,-5412.926470588232,0,0.2
5865,user_10,4839.83,2026-09-03 11:36:20.153465,Flipkart,refund,Delhi,Android,0,11,1,1,0,2,0,4115.205169491525,118,724.6248305084746,0,0.1
5866,user_35,19079.26,2026-09-15 17:33:01.153465,Paytm,request,Mumbai,Web,0,17,28,2,1,3,1,15800.978582677166,127,3278.2814173228326,0,0.2
5867,user_47,1091.73,2026-09-05 05:09:42.153465,Amazon,refund,Bangalore,Web,0,5,41,0,0,0,1,3883.282635658915,129,-2791.552635658915,1,0.2
5868,user_9,507.15,2026-07-26 14:47:59.153465,Flipkart,refund,Chennai,iOS,0,14,49,1,0,1,2,4747.313999999999,110,-4240.164,0,0.5
5869,user_14,11987.88,2026-07-31 02:49:06.153465,Flipkart,request,Delhi,Android,0,2,5,1,1,2,0,18284.780597014927,134,-6296.900597014928,1,0.1
5870,user_32,4878.54,2026-08-29 13:30:10.153465,Flipkart,request,Pune,iOS,0,13,25,1,1,4,2,3596.741,130,1281.799,0,0.5
5871,user_2,25852.9,2026-08-14 02:42:58.153465,Swiggy,send,Bangalore,Android,0,2,11,3,2,0,0,47401.46406779661,118,-21548.564067796608,1,0.1
5872,user_3,47945.48,2026-08-17 18:57:35.153465,Zomato,request,Delhi,Web,0,18,22,5,1,2,1,51628.90211538462,104,-3683.4221153846156,0,0.2
5873,user_7,45389.87,2026-08-21 15:44:40.153465,Amazon,refund,Mumbai,Web,0,15,47,0,0,3,1,60187.18528,125,-14797.315279999995,0,0.2
5874,user_17,27592.23,2026-09-10 03:03:41.153465,Amazon,send,Chennai,Android,1,3,8,0,2,1,0,4173.412348484848,132,23418.81765151515,1,0.1
5875,user_6,3737.84,2026-08-09 15:33:05.153465,Paytm,refund,Bangalore,Android,0,15,46,2,0,0,0,3699.0514728682174,129,38.78852713178276,0,0.1
5876,user_10,4884.27,2026-09-16 07:16:18.153465,Walmart,send,Mumbai,iOS,0,7,1,4,2,3,2,4115.205169491525,118,769.0648305084751,0,0.5
5877,user_3,53132.19,2026-07-26 06:26:29.153465,Amazon,refund,Pune,Web,0,6,22,0,0,4,1,51628.90211538462,104,1503.2878846153835,1,0.2
5878,user_10,3878.36,2026-08-19 18:15:44.153465,Walmart,refund,Delhi,Web,0,18,1,4,0,2,1,4115.205169491525,118,-236.8451694915252,0,0.2
5879,user_42,749.2,2026-09-07 08:00:39.153465,Walmart,refund,Delhi,Android,0,8,36,4,0,2,0,4749.498305084746,118,-4000.298305084746,0,0.1
5880,user_31,634.89,2026-09-01 04:13:10.153465,Paytm,send,Mumbai,Android,0,4,24,2,2,3,0,4894.9887499999995,96,-4260.098749999999,1,0.1
5881,user_41,854.08,2026-08-13 14:46:54.153465,Paytm,refund,Delhi,Android,0,14,35,2,0,2,0,4057.624609375,128,-3203.544609375,0,0.1
5882,user_48,2437.1,2026-07-30 00:29:58.153465,Zomato,refund,Mumbai,Android,0,0,42,5,0,3,0,4029.46368852459,122,-1592.36368852459,1,0.1
5883,user_16,4100.34,2026-09-10 00:43:08.153465,Paytm,refund,Bangalore,iOS,0,0,7,2,0,0,2,3660.321525423729,118,440.0184745762713,1,0.5
5884,user_16,3677.25,2026-08-18 19:29:03.153465,Walmart,request,Bangalore,Web,0,19,7,4,1,0,1,3660.321525423729,118,16.928474576271128,0,0.2
5885,user_25,4595.09,2026-08-08 14:48:45.153465,Flipkart,send,Mumbai,Android,0,14,17,1,2,3,0,3615.32544,125,979.7645600000001,0,0.1
5886,user_45,4551.98,2026-09-02 01:01:23.153465,Swiggy,send,Delhi,Web,0,1,39,3,2,2,1,3748.3989344262295,122,803.58106557377,1,0.2
5887,user_45,4439.41,2026-08-04 17:11:30.153465,Swiggy,send,Delhi,iOS,0,17,39,3,2,2,2,3748.3989344262295,122,691.0110655737703,0,0.5
5888,user_48,661.53,2026-09-07 10:55:36.153465,Swiggy,refund,Mumbai,Android,0,10,42,3,0,3,0,4029.46368852459,122,-3367.9336885245903,0,0.1
5889,user_5,6050.94,2026-09-05 15:32:56.153465,Flipkart,send,Bangalore,iOS,0,15,44,1,2,0,2,21765.65124031008,129,-15714.71124031008,0,0.5
5890,user_20,37692.2,2026-08-29 20:41:43.153465,Paytm,refund,Chennai,Android,0,20,12,2,0,1,0,19935.082280701754,114,17757.117719298243,0,0.1
5891,user_25,3391.04,2026-08-10 12:35:31.153465,Flipkart,request,Bangalore,iOS,0,12,17,1,1,0,2,3615.32544,125,-224.2854400000001,0,0.5
5892,user_17,2148.47,2026-08-26 11:20:31.153465,Paytm,send,Bangalore,Android,0,11,8,2,2,0,0,4173.412348484848,132,-2024.942348484848,0,0.1
5893,user_34,431.82,2026-09-15 20:37:38.153465,Swiggy,request,Mumbai,Android,1,20,27,3,1,3,0,4524.1720000000005,120,-4092.3520000000003,0,0.1
5894,user_37,5734.02,2026-08-19 06:31:03.153465,Zomato,refund,Bangalore,Web,0,6,30,5,0,0,1,15907.096030534352,131,-10173.076030534352,1,0.2
5895,user_11,975.49,2026-09-01 00:46:42.153465,Swiggy,send,Bangalore,iOS,0,0,2,3,2,0,2,3819.240342465753,146,-2843.7503424657534,1,0.5
5896,user_35,18628.67,2026-08-22 11:10:18.153465,Paytm,send,Pune,Web,1,11,28,2,2,4,1,15800.978582677166,127,2827.6914173228324,0,0.2
5897,user_33,11282.9,2026-08-22 21:51:45.153465,Flipkart,refund,Pune,iOS,1,21,26,1,0,4,2,3974.536484375,128,7308.363515625,0,0.5
5898,user_31,1265.27,2026-08-07 04:44:04.153465,Swiggy,send,Mumbai,Web,0,4,24,3,2,3,1,4894.9887499999995,96,-3629.7187499999995,1,0.2
5899,user_15,11761.28,2026-08-14 09:30:51.153465,Swiggy,refund,Delhi,Android,0,9,6,3,0,2,0,17357.696608695653,115,-5596.416608695652,0,0.1
5900,user_3,29003.72,2026-08-19 16:35:52.153465,Amazon,request,Mumbai,Android,0,16,22,0,1,3,0,51628.90211538462,104,-22625.182115384618,0,0.1
5901,user_49,16767.49,2026-08-14 13:28:17.153465,Swiggy,send,Delhi,Android,0,13,43,3,2,2,0,19333.43277227723,101,-2565.942772277227,0,0.1
5902,user_37,5678.49,2026-07-27 20:31:29.153465,Amazon,send,Pune,Web,0,20,30,0,2,4,1,15907.096030534352,131,-10228.606030534353,0,0.2
5903,user_45,2436.0,2026-09-08 14:07:27.153465,Zomato,request,Mumbai,iOS,0,14,39,5,1,3,2,3748.3989344262295,122,-1312.3989344262295,0,0.5
5904,user_46,2921.2,2026-08-08 09:59:09.153465,Paytm,request,Bangalore,Android,0,9,40,2,1,0,0,4824.613684210526,133,-1903.4136842105263,0,0.1
5905,user_34,2396.72,2026-08-23 21:27:12.153465,Zomato,request,Mumbai,iOS,0,21,27,5,1,3,2,4524.1720000000005,120,-2127.4520000000007,0,0.5
5906,user_34,16475.02,2026-08-14 11:21:59.153465,Swiggy,send,Pune,iOS,1,11,27,3,2,4,2,4524.1720000000005,120,11950.848,0,0.5
5907,user_26,1712.56,2026-09-05 13:50:44.153465,Paytm,send,Mumbai,iOS,0,13,18,2,2,3,2,4396.555663716814,113,-2683.995663716814,0,0.5
5908,user_19,883.19,2026-07-24 19:42:35.153465,Zomato,refund,Chennai,Web,0,19,10,5,0,1,1,3644.202786885246,122,-2761.012786885246,0,0.2
5909,user_40,10823.16,2026-09-09 06:06:49.153465,Paytm,request,Bangalore,iOS,0,6,34,2,1,0,2,18950.453564356438,101,-8127.293564356438,1,0.5
5910,user_48,3173.47,2026-09-06 11:58:57.153465,Amazon,send,Mumbai,Android,0,11,42,0,2,3,0,4029.46368852459,122,-855.9936885245902,0,0.1
5911,user_42,2431.36,2026-08-24 05:12:30.153465,Zomato,send,Delhi,Android,0,5,36,5,2,2,0,4749.498305084746,118,-2318.1383050847458,1,0.1
5912,user_23,6567.87,2026-08-23 12:13:36.153465,Zomato,refund,Bangalore,Web,0,12,15,5,0,0,1,21876.48723880597,134,-15308.617238805971,0,0.2
5913,user_32,1447.28,2026-09-13 16:51:37.153465,Swiggy,request,Chennai,Web,0,16,25,3,1,1,1,3596.741,130,-2149.4610000000002,0,0.2
5914,user_15,34956.09,2026-07-23 15:00:49.153465,Paytm,refund,Pune,Android,0,15,6,2,0,4,0,17357.696608695653,115,17598.393391304344,0,0.1
5915,user_48,1253.18,2026-09-04 05:20:36.153465,Flipkart,send,Bangalore,iOS,0,5,42,1,2,0,2,4029.46368852459,122,-2776.2836885245897,1,0.5
5916,user_42,3062.07,2026-08-19 06:37:33.153465,Paytm,request,Pune,iOS,0,6,36,2,1,4,2,4749.498305084746,118,-1687.4283050847457,1,0.5
5917,user_11,429.49,2026-09-09 05:29:45.153465,Swiggy,request,Mumbai,Android,1,5,2,3,1,3,0,3819.240342465753,146,-3389.7503424657534,1,0.1
5918,user_50,2423.44,2026-09-05 07:54:24.153465,Zomato,refund,Bangalore,Android,0,7,45,5,0,0,0,4276.488269230769,104,-1853.0482692307692,0,0.1
5919,user_39,1519.99,2026-08-13 04:54:46.153465,Swiggy,refund,Chennai,Android,0,4,32,3,0,1,0,4488.573909090909,110,-2968.5839090909094,1,0.1
5920,user_18,4025.76,2026-09-07 14:59:12.153465,Amazon,request,Pune,iOS,0,14,9,0,1,4,2,4267.170924369748,119,-241.4109243697476,0,0.5
5921,user_5,33328.5,2026-08-06 10:17:49.153465,Zomato,send,Delhi,Android,0,10,44,5,2,2,0,21765.65124031008,129,11562.848759689921,0,0.1
5922,user_6,2782.85,2026-08-04 12:24:49.153465,Swiggy,request,Pune,Android,0,12,46,3,1,4,0,3699.0514728682174,129,-916.2014728682175,0,0.1
5923,user_6,1640.97,2026-08-10 05:44:57.153465,Amazon,refund,Delhi,iOS,0,5,46,0,0,2,2,3699.0514728682174,129,-2058.081472868217,1,0.5
5924,user_37,18932.88,2026-08-20 09:35:35.153465,Paytm,refund,Chennai,Android,0,9,30,2,0,1,0,15907.096030534352,131,3025.7839694656486,0,0.1
5925,user_44,18003.09,2026-09-16 15:58:59.153465,Flipkart,refund,Chennai,Android,0,15,38,1,0,1,0,17327.384636363637,110,675.7053636363635,0,0.1
5926,user_50,1140.42,2026-08-01 02:19:08.153465,Amazon,send,Bangalore,Android,0,2,45,0,2,0,0,4276.488269230769,104,-3136.068269230769,1,0.1
5927,user_29,1389.59,2026-08-01 16:58:41.153465,Paytm,refund,Chennai,Android,0,16,21,2,0,1,0,4165.22631147541,122,-2775.6363114754095,0,0.1
5928,user_6,8666.79,2026-08-14 12:50:28.153465,Zomato,send,Mumbai,iOS,1,12,46,5,2,3,2,3699.0514728682174,129,4967.7385271317835,0,0.5
5929,user_47,482.81,2026-08-30 09:41:38.153465,Flipkart,refund,Chennai,Web,0,9,41,1,0,1,1,3883.282635658915,129,-3400.472635658915,0,0.2
5930,user_40,14711.96,2026-08-10 12:24:28.153465,Paytm,request,Bangalore,Web,0,12,34,2,1,0,1,18950.453564356438,101,-4238.493564356439,0,0.2
5931,user_50,4858.13,2026-08-18 22:43:04.153465,Walmart,refund,Pune,iOS,1,22,45,4,0,4,2,4276.488269230769,104,581.6417307692309,0,0.5
5932,user_27,13515.58,2026-08-31 10:29:00.153465,Walmart,request,Bangalore,Web,0,10,19,4,1,0,1,18537.69881355932,118,-5022.11881355932,0,0.2
5933,user_8,1084.03,2026-09-01 12:32:31.153465,Swiggy,send,Delhi,iOS,0,12,48,3,2,2,2,4162.542654867257,113,-3078.512654867257,0,0.5
5934,user_11,4138.54,2026-08-04 23:57:23.153465,Zomato,request,Bangalore,Android,0,23,2,5,1,0,0,3819.240342465753,146,319.29965753424676,0,0.1
5935,user_18,399.42,2026-08-15 16:25:21.153465,Walmart,send,Chennai,Web,0,16,9,4,2,1,1,4267.170924369748,119,-3867.7509243697477,0,0.2
5936,user_10,13123.13,2026-08-15 08:27:54.153465,Zomato,request,Bangalore,iOS,1,8,1,5,1,0,2,4115.205169491525,118,9007.924830508473,0,0.5
5937,user_45,1652.24,2026-08-13 19:15:06.153465,Paytm,refund,Chennai,Android,0,19,39,2,0,1,0,3748.3989344262295,122,-2096.1589344262293,0,0.1
5938,user_23,9517.45,2026-08-15 22:08:17.153465,Walmart,send,Pune,Android,0,22,15,4,2,4,0,21876.48723880597,134,-12359.03723880597,0,0.1
5939,user_14,17721.77,2026-08-16 09:38:59.153465,Flipkart,send,Chennai,Web,1,9,5,1,2,1,1,18284.780597014927,134,-563.010597014927,0,0.2
5940,user_14,11108.77,2026-08-19 20:56:15.153465,Paytm,request,Delhi,Android,0,20,5,2,1,2,0,18284.780597014927,134,-7176.010597014927,0,0.1
5941,user_3,106867.11,2026-09-14 19:35:09.153465,Amazon,send,Chennai,Android,1,19,22,0,2,1,0,51628.90211538462,104,55238.20788461538,0,0.1
5942,user_6,707.68,2026-08-05 22:17:12.153465,Amazon,send,Chennai,Android,0,22,46,0,2,1,0,3699.0514728682174,129,-2991.3714728682176,0,0.1
5943,user_17,3608.0,2026-07-28 19:39:47.153465,Zomato,refund,Mumbai,Web,0,19,8,5,0,3,1,4173.412348484848,132,-565.4123484848478,0,0.2
5944,user_4,2473.43,2026-09-18 07:04:30.153465,Paytm,refund,Delhi,Web,0,7,33,2,0,2,1,4960.130344827586,116,-2486.700344827586,0,0.2
5945,user_39,9164.84,2026-09-01 01:51:59.153465,Paytm,send,Delhi,Web,1,1,32,2,2,2,1,4488.573909090909,110,4676.266090909091,1,0.2
5946,user_49,8276.67,2026-08-16 21:21:30.153465,Paytm,send,Bangalore,Web,0,21,43,2,2,0,1,19333.43277227723,101,-11056.762772277229,0,0.2
5947,user_32,3089.06,2026-07-31 04:04:42.153465,Amazon,request,Chennai,Android,0,4,25,0,1,1,0,3596.741,130,-507.68100000000004,1,0.1
5948,user_47,521.71,2026-08-02 07:56:38.153465,Flipkart,request,Bangalore,Android,0,7,41,1,1,0,0,3883.282635658915,129,-3361.572635658915,0,0.1
5949,user_19,4290.77,2026-09-02 17:55:50.153465,Amazon,send,Pune,Web,1,17,10,0,2,4,1,3644.202786885246,122,646.5672131147544,0,0.2
5950,user_47,1446.42,2026-08-17 12:33:55.153465,Swiggy,request,Chennai,iOS,0,12,41,3,1,1,2,3883.282635658915,129,-2436.8626356589148,0,0.5
5951,user_12,27968.13,2026-08-20 00:34:41.153465,Swiggy,request,Delhi,Web,0,0,3,3,1,2,1,52530.11026548673,113,-24561.980265486727,1,0.2
5952,user_12,300000.0,2026-07-24 16:01:06.153465,Walmart,send,Bangalore,iOS,0,16,3,4,2,0,2,52530.11026548673,113,247469.88973451327,0,0.5
5953,user_34,12447.58,2026-08-29 23:08:28.153465,Swiggy,request,Mumbai,Web,1,23,27,3,1,3,1,4524.1720000000005,120,7923.407999999999,0,0.2
5954,user_25,1691.01,2026-09-07 16:26:43.153465,Paytm,send,Bangalore,Android,0,16,17,2,2,0,0,3615.32544,125,-1924.31544,0,0.1
5955,user_18,209.07,2026-07-28 04:24:55.153465,Flipkart,send,Chennai,Android,0,4,9,1,2,1,0,4267.170924369748,119,-4058.1009243697476,1,0.1
5956,user_49,18601.93,2026-08-02 04:32:08.153465,Zomato,send,Delhi,Web,1,4,43,5,2,2,1,19333.43277227723,101,-731.5027722772284,1,0.2
5957,user_24,106985.13,2026-08-24 09:09:47.153465,Zomato,refund,Mumbai,Android,0,9,16,5,0,3,0,20664.321171875,128,86320.80882812501,0,0.1
5958,user_34,3517.54,2026-07-22 10:02:42.153465,Swiggy,send,Chennai,iOS,0,10,27,3,2,1,2,4524.1720000000005,120,-1006.6320000000005,0,0.5
5959,user_38,43270.55,2026-09-16 21:35:53.153465,Walmart,refund,Chennai,iOS,1,21,31,4,0,1,2,17814.76077586207,116,25455.789224137934,0,0.5
5960,user_41,2284.38,2026-08-31 04:07:31.153465,Zomato,request,Pune,Android,0,4,35,5,1,4,0,4057.624609375,128,-1773.244609375,1,0.1
5961,user_38,51231.9,2026-09-10 07:30:27.153465,Amazon,refund,Chennai,Web,1,7,31,0,0,1,1,17814.76077586207,116,33417.139224137936,0,0.2
5962,user_12,50982.28,2026-09-15 04:37:33.153465,Paytm,send,Delhi,Web,1,4,3,2,2,2,1,52530.11026548673,113,-1547.8302654867293,1,0.2
5963,user_12,15743.17,2026-07-25 11:56:49.153465,Walmart,refund,Chennai,Android,0,11,3,4,0,1,0,52530.11026548673,113,-36786.94026548673,0,0.1
5964,user_16,1927.59,2026-08-02 18:52:20.153465,Flipkart,send,Delhi,Web,0,18,7,1,2,2,1,3660.321525423729,118,-1732.731525423729,0,0.2
5965,user_38,13483.64,2026-09-08 11:26:37.153465,Zomato,send,Mumbai,Web,0,11,31,5,2,3,1,17814.76077586207,116,-4331.120775862069,0,0.2
5966,user_4,2670.62,2026-09-19 10:22:06.153465,Amazon,send,Bangalore,iOS,0,10,33,0,2,0,2,4960.130344827586,116,-2289.510344827586,0,0.5
5967,user_18,8738.96,2026-08-16 19:43:15.153465,Flipkart,refund,Delhi,Android,1,19,9,1,0,2,0,4267.170924369748,119,4471.789075630251,0,0.1
5968,user_20,17847.69,2026-07-22 19:19:12.153465,Zomato,request,Delhi,Web,0,19,12,5,1,2,1,19935.082280701754,114,-2087.392280701755,0,0.2
5969,user_22,13957.0,2026-08-06 13:37:05.153465,Flipkart,refund,Bangalore,Android,0,13,14,1,0,0,0,18343.150086206897,116,-4386.150086206897,0,0.1
5970,user_9,8649.73,2026-07-31 16:38:29.153465,Walmart,send,Delhi,Web,1,16,49,4,2,2,1,4747.313999999999,110,3902.416,0,0.2
5971,user_32,2327.24,2026-09-13 00:15:15.153465,Amazon,send,Delhi,Web,1,0,25,0,2,2,1,3596.741,130,-1269.5010000000002,1,0.2
5972,user_8,1003.74,2026-08-16 15:00:52.153465,Swiggy,send,Pune,iOS,0,15,48,3,2,4,2,4162.542654867257,113,-3158.802654867257,0,0.5
5973,user_41,1785.97,2026-08-12 23:14:33.153465,Flipkart,send,Chennai,iOS,0,23,35,1,2,1,2,4057.624609375,128,-2271.6546093750003,0,0.5
5974,user_27,10813.6,2026-08-05 08:07:20.153465,Zomato,request,Pune,Web,0,8,19,5,1,4,1,18537.69881355932,118,-7724.09881355932,0,0.2
5975,user_41,551.06,2026-09-19 12:35:59.153465,Paytm,send,Mumbai,Android,0,12,35,2,2,3,0,4057.624609375,128,-3506.564609375,0,0.1
5976,user_14,19136.65,2026-07-27 16:20:12.153465,Swiggy,send,Pune,iOS,0,16,5,3,2,4,2,18284.780597014927,134,851.869402985074,0,0.5
5977,user_40,31998.28,2026-08-19 03:24:10.153465,Swiggy,request,Mumbai,Android,1,3,34,3,1,3,0,18950.453564356438,101,13047.826435643561,1,0.1
5978,user_14,12337.78,2026-09-12 01:06:17.153465,Zomato,refund,Delhi,Android,0,1,5,5,0,2,0,18284.780597014927,134,-5947.000597014927,1,0.1
5979,user_19,440.24,2026-08-29 03:15:32.153465,Swiggy,refund,Bangalore,iOS,0,3,10,3,0,0,2,3644.202786885246,122,-3203.962786885246,1,0.5
5980,user_50,4807.27,2026-08-29 01:31:36.153465,Paytm,refund,Pune,Android,0,1,45,2,0,4,0,4276.488269230769,104,530.7817307692312,1,0.1
5981,user_7,47298.96,2026-08-04 22:00:02.153465,Paytm,refund,Chennai,iOS,0,22,47,2,0,1,2,60187.18528,125,-12888.225279999999,0,0.5
5982,user_1,4786.0,2026-08-16 13:51:17.153465,Zomato,send,Delhi,Android,1,13,0,5,2,2,0,4037.2688695652173,115,748.7311304347827,0,0.1
5983,user_6,3419.72,2026-08-01 09:44:01.153465,Walmart,send,Pune,Web,0,9,46,4,2,4,1,3699.0514728682174,129,-279.3314728682176,0,0.2
5984,user_13,5903.97,2026-07-27 14:06:59.153465,Paytm,send,Bangalore,Web,0,14,4,2,2,0,1,16363.8575,124,-10459.8875,0,0.2
5985,user_13,11848.21,2026-08-08 22:30:36.153465,Amazon,refund,Delhi,Web,0,22,4,0,0,2,1,16363.8575,124,-4515.647500000001,0,0.2
5986,user_9,3820.89,2026-09-04 17:42:34.153465,Amazon,request,Pune,iOS,0,17,49,0,1,4,2,4747.313999999999,110,-926.4239999999995,0,0.5
5987,user_37,17852.42,2026-07-27 10:57:14.153465,Walmart,refund,Bangalore,Web,0,10,30,4,0,0,1,15907.096030534352,131,1945.3239694656459,0,0.2
5988,user_39,2143.18,2026-07-22 08:00:46.153465,Zomato,request,Chennai,Android,0,8,32,5,1,1,0,4488.573909090909,110,-2345.3939090909093,0,0.1
5989,user_17,9274.49,2026-09-13 15:16:50.153465,Zomato,send,Pune,Android,1,15,8,5,2,4,0,4173.412348484848,132,5101.077651515152,0,0.1
5990,user_42,889.5,2026-09-18 10:50:24.153465,Paytm,send,Delhi,Android,0,10,36,2,2,2,0,4749.498305084746,118,-3859.998305084746,0,0.1
5991,user_27,13361.45,2026-08-31 15:49:34.153465,Zomato,send,Bangalore,Web,0,15,19,5,2,0,1,18537.69881355932,118,-5176.248813559319,0,0.2
5992,user_48,4222.36,2026-08-18 11:24:25.153465,Zomato,send,Mumbai,Android,0,11,42,5,2,3,0,4029.46368852459,122,192.89631147540968,0,0.1
5993,user_9,863.23,2026-09-01 12:47:08.153465,Amazon,refund,Chennai,iOS,0,12,49,0,0,1,2,4747.313999999999,110,-3884.0839999999994,0,0.5
5994,user_3,26215.88,2026-09-02 15:34:14.153465,Walmart,request,Chennai,Web,0,15,22,4,1,1,1,51628.90211538462,104,-25413.022115384618,0,0.2
5995,user_36,4567.48,2026-08-08 22:54:03.153465,Flipkart,send,Bangalore,Web,1,22,29,1,2,0,1,4483.898691588785,107,83.5813084112142,0,0.2
5996,user_18,14078.79,2026-08-10 15:14:16.153465,Zomato,request,Chennai,iOS,1,15,9,5,1,1,2,4267.170924369748,119,9811.619075630253,0,0.5
5997,user_34,4839.11,2026-09-18 18:03:16.153465,Paytm,send,Bangalore,Android,0,18,27,2,2,0,0,4524.1720000000005,120,314.9379999999992,0,0.1
5998,user_36,3395.12,2026-08-08 18:47:47.153465,Walmart,send,Chennai,Android,0,18,29,4,2,1,0,4483.898691588785,107,-1088.7786915887855,0,0.1
5999,user_18,4262.43,2026-09-14 02:58:58.153465,Walmart,request,Bangalore,Android,0,2,9,4,1,0,0,4267.170924369748,119,-4.740924369747518,1,0.1
6000,user_12,52322.56,2026-09-03 07:19:45.153465,Paytm,request,Pune,Android,0,7,3,2,1,4,0,52530.11026548673,113,-207.5502654867305,0,0.1
