transaction_id,user_id,amount,timestamp,merchant,transaction_type,location,device_info,is_fraud
1,user_19,2461.23,2026-09-16 07:27:50.153465,Walmart,refund,Bangalore,iOS,0
2,user_32,2491.98,2026-08-15 10:47:30.153465,Amazon,send,Mumbai,iOS,0
3,user_43,15881.51,2026-09-06 16:57:08.153465,Amazon,request,Delhi,Android,0
4,user_34,4262.33,2026-09-13 03:28:36.153465,Walmart,request,Bangalore,Android,0
5,user_20,56006.72,2026-08-14 11:54:59.153465,Amazon,send,Mumbai,Android,0
6,user_21,21393.89,2026-09-02 09:04:44.153465,Flipkart,request,Delhi,iOS,1
7,user_22,92811.47,2026-08-14 17:29:11.153465,Zomato,request,Chennai,Android,1
8,user_49,12818.51,2026-09-03 02:52:55.153465,Swiggy,request,Pune,Web,0
9,user_50,481.69,2026-08-17 16:38:10.153465,Zomato,refund,Mumbai,Web,0
10,user_29,2491.86,2026-09-06 04:04:17.153465,Amazon,send,Mumbai,Android,0
11,user_36,969.39,2026-09-10 12:51:21.153465,Amazon,request,Mumbai,Android,0
12,user_34,754.87,2026-08-09 05:25:33.153465,Zomato,request,Chennai,iOS,0
13,user_24,15978.98,2026-08-30 07:43:31.153465,Paytm,refund,Mumbai,iOS,0
14,user_22,13439.03,2026-09-17 16:27:54.153465,Walmart,request,Bangalore,Android,0
15,user_37,8997.87,2026-08-11 00:27:06.153465,Walmart,send,Chennai,iOS,0
16,user_22,17642.15,2026-09-11 02:35:16.153465,Walmart,request,Bangalore,iOS,0
17,user_43,9549.03,2026-09-14 04:04:27.153465,Walmart,refund,Mumbai,Web,0
18,user_50,822.74,2026-09-13 17:14:39.153465,Flipkart,refund,Chennai,Android,0
19,user_18,3993.17,2026-08-06 20:53:18.153465,Zomato,refund,Bangalore,Web,0
20,user_16,2326.83,2026-09-09 07:51:52.153465,Walmart,request,Mumbai,Android,0
21,user_12,16576.55,2026-08-15 15:56:07.153465,Paytm,request,Chennai,Web,0
22,user_4,3133.61,2026-09-03 05:24:54.153465,Swiggy,refund,Delhi,Web,0
23,user_29,614.49,2026-09-07 04:48:23.153465,Walmart,request,Chennai,Android,0
24,user_35,89143.54,2026-08-03 17:24:26.153465,Amazon,refund,Bangalore,Web,1
25,user_37,18693.33,2026-08-09 23:58:02.153465,Swiggy,refund,Chennai,Web,0
26,user_31,2450.31,2026-08-26 17:34:39.153465,Zomato,refund,Bangalore,Android,0
27,user_17,2069.95,2026-08-01 07:03:04.153465,Swiggy,send,Pune,iOS,0
28,user_23,13642.61,2026-09-13 00:17:27.153465,Flipkart,request,Pune,iOS,0
29,user_13,8062.73,2026-08-10 08:56:31.153465,Flipkart,request,Pune,iOS,0
30,user_35,5850.61,2026-07-22 12:02:49.153465,Zomato,refund,Mumbai,Android,0
31,user_26,3604.19,2026-08-13 23:01:41.153465,Swiggy,refund,Chennai,Web,0
32,user_23,10157.26,2026-08-25 16:31:40.153465,Amazon,send,Pune,Web,0
33,user_19,967.28,2026-09-02 01:35:04.153465,Paytm,request,Pune,Web,0
34,user_18,932.45,2026-09-07 06:49:25.153465,Zomato,send,Delhi,Web,0
35,user_16,4504.84,2026-09-08 14:16:29.153465,Paytm,request,Delhi,Web,1
36,user_20,9361.69,2026-08-14 16:24:38.153465,Amazon,send,Chennai,Android,0
37,user_3,33194.88,2026-09-06 16:56:32.153465,Flipkart,send,Pune,Android,0
38,user_1,1294.08,2026-08-21 14:16:31.153465,Flipkart,send,Pune,iOS,0
39,user_2,107327.66,2026-07-23 17:33:29.153465,Amazon,request,Pune,Android,1
40,user_27,8420.25,2026-09-18 04:28:12.153465,Flipkart,send,Pune,iOS,0
41,user_9,11078.35,2026-07-27 22:52:21.153465,Amazon,request,Delhi,iOS,0
42,user_39,1548.39,2026-08-26 10:27:41.153465,Zomato,refund,Delhi,iOS,0
43,user_17,3198.01,2026-09-14 11:48:01.153465,Paytm,refund,Mumbai,Web,1
44,user_43,5173.02,2026-09-16 11:02:55.153465,Amazon,refund,Chennai,iOS,0
45,user_49,13050.34,2026-08-02 08:29:57.153465,Walmart,refund,Pune,iOS,1
46,user_22,19222.5,2026-09-07 13:22:08.153465,Walmart,refund,Pune,Web,0
47,user_21,10372.18,2026-09-14 18:18:49.153465,Walmart,refund,Pune,Web,1
48,user_37,15391.23,2026-08-30 21:25:06.153465,Walmart,send,Bangalore,Android,0
49,user_23,110560.58,2026-08-12 20:34:56.153465,Flipkart,send,Mumbai,iOS,1
50,user_8,4503.28,2026-08-09 03:06:31.153465,Flipkart,request,Chennai,Android,0
51,user_22,12116.06,2026-08-13 12:59:16.153465,Flipkart,request,Pune,Android,0
52,user_36,9059.0,2026-08-29 10:59:24.153465,Swiggy,send,Delhi,iOS,1
53,user_47,204.63,2026-08-19 16:25:57.153465,Flipkart,send,Chennai,iOS,0
54,user_13,8727.1,2026-07-29 17:29:06.153465,Walmart,refund,Mumbai,iOS,0
55,user_5,13671.0,2026-08-27 19:52:34.153465,Flipkart,refund,Mumbai,Web,0
56,user_48,12387.69,2026-07-30 19:37:09.153465,Amazon,refund,Mumbai,Android,1
57,user_17,3303.98,2026-08-08 09:33:36.153465,Flipkart,send,Delhi,Web,0
58,user_46,2218.12,2026-09-05 06:11:21.153465,Paytm,refund,Pune,Web,0
59,user_38,18002.08,2026-08-08 17:43:27.153465,Flipkart,send,Mumbai,Web,0
60,user_49,13921.48,2026-09-05 17:43:17.153465,Walmart,request,Chennai,iOS,0
61,user_36,2235.5,2026-09-16 19:25:07.153465,Paytm,request,Mumbai,Android,0
62,user_33,2645.46,2026-08-07 15:05:22.153465,Walmart,request,Delhi,Android,0
63,user_36,4483.0,2026-08-20 02:50:37.153465,Walmart,request,Pune,Web,1
64,user_23,11326.08,2026-07-25 13:37:04.153465,Amazon,request,Delhi,Android,0
65,user_39,4356.59,2026-08-27 17:49:05.153465,Flipkart,send,Delhi,Android,0
66,user_43,13789.94,2026-07-23 02:07:13.153465,Zomato,refund,Pune,Web,0
67,user_35,13277.28,2026-08-13 17:40:51.153465,Paytm,request,Chennai,Android,0
68,user_21,3850.05,2026-08-24 20:21:37.153465,Paytm,send,Delhi,iOS,0
69,user_23,18211.98,2026-08-04 19:08:41.153465,Flipkart,send,Chennai,Web,0
70,user_31,629.35,2026-08-19 01:18:18.153465,Swiggy,request,Chennai,Android,0
71,user_46,3366.12,2026-08-06 13:21:17.153465,Amazon,request,Delhi,Web,0
72,user_7,42150.32,2026-09-02 23:51:57.153465,Walmart,request,Mumbai,iOS,0
73,user_44,11127.66,2026-07-28 04:28:57.153465,Flipkart,send,Chennai,iOS,0
74,user_5,5216.57,2026-09-08 15:45:10.153465,Swiggy,send,Bangalore,iOS,0
75,user_2,35774.73,2026-09-14 13:40:33.153465,Paytm,refund,Bangalore,Android,0
76,user_11,1022.1,2026-08-14 23:28:39.153465,Amazon,send,Chennai,Android,0
77,user_50,1665.14,2026-07-25 10:37:35.153465,Flipkart,request,Pune,Android,0
78,user_22,16305.88,2026-07-27 23:30:36.153465,Walmart,request,Delhi,Web,1
79,user_45,9350.92,2026-08-21 14:46:03.153465,Amazon,refund,Bangalore,Web,1
80,user_13,16707.41,2026-08-15 18:46:29.153465,Paytm,refund,Pune,Android,0
81,user_30,5232.69,2026-09-06 12:08:43.153465,Paytm,refund,Chennai,Android,0
82,user_3,31822.19,2026-09-10 00:37:13.153465,Paytm,send,Bangalore,Android,0
83,user_23,6832.61,2026-08-31 12:21:47.153465,Amazon,refund,Chennai,Android,0
84,user_5,42776.78,2026-09-14 09:27:04.153465,Swiggy,refund,Chennai,Web,0
85,user_38,10550.03,2026-08-24 01:42:50.153465,Swiggy,refund,Pune,Android,0
86,user_30,12505.8,2026-08-11 13:37:32.153465,Paytm,request,Mumbai,Android,0
87,user_30,6839.28,2026-09-05 15:48:07.153465,Amazon,send,Delhi,iOS,0
88,user_13,9724.83,2026-07-23 16:53:06.153465,Swiggy,request,Mumbai,Android,0
89,user_33,13369.87,2026-08-08 23:30:11.153465,Zomato,send,Delhi,Android,1
90,user_13,130021.87,2026-07-27 02:34:54.153465,Swiggy,refund,Chennai,Web,1
91,user_22,5874.35,2026-09-14 16:56:17.153465,Zomato,send,Bangalore,Web,0
92,user_4,2739.42,2026-07-23 15:58:23.153465,Flipkart,refund,Pune,iOS,0
93,user_22,19580.74,2026-09-05 09:41:26.153465,Swiggy,send,Mumbai,Android,0
94,user_17,8899.58,2026-08-14 18:49:23.153465,Flipkart,send,Delhi,Android,1
95,user_49,8841.23,2026-07-26 05:09:28.153465,Zomato,refund,Bangalore,Web,0
96,user_22,85918.82,2026-08-08 00:50:18.153465,Amazon,refund,Delhi,Web,1
97,user_25,2475.32,2026-08-02 00:42:53.153465,Flipkart,request,Chennai,iOS,0
98,user_28,10207.98,2026-09-10 11:47:09.153465,Swiggy,refund,Mumbai,Android,0
99,user_17,1741.36,2026-08-23 07:33:57.153465,Paytm,refund,Mumbai,Web,1
100,user_2,30723.55,2026-09-16 06:14:08.153465,Swiggy,refund,Mumbai,Web,1
101,user_23,6396.08,2026-08-16 22:28:15.153465,Walmart,send,Chennai,Android,0
102,user_14,18472.49,2026-08-17 20:06:58.153465,Swiggy,send,Bangalore,iOS,0
103,user_42,1704.63,2026-08-30 12:48:29.153465,Walmart,refund,Delhi,Android,0
104,user_50,4752.91,2026-07-26 02:00:06.153465,Walmart,refund,Pune,Android,0
105,user_9,952.28,2026-07-23 05:15:17.153465,Swiggy,send,Chennai,Android,0
106,user_35,10299.32,2026-08-26 08:51:35.153465,Paytm,request,Mumbai,Android,0
107,user_16,1703.17,2026-08-27 04:58:19.153465,Swiggy,refund,Bangalore,iOS,1
108,user_41,3332.19,2026-08-09 05:14:06.153465,Zomato,request,Delhi,Android,0
109,user_21,3175.23,2026-08-03 14:36:52.153465,Walmart,request,Mumbai,Web,0
110,user_6,13459.93,2026-07-25 05:43:14.153465,Walmart,send,Pune,Web,1
111,user_5,5289.01,2026-07-27 05:17:47.153465,Zomato,request,Mumbai,Web,0
112,user_49,8821.22,2026-09-19 03:01:46.153465,Walmart,send,Mumbai,Web,0
113,user_30,15879.09,2026-09-12 00:02:46.153465,Zomato,send,Bangalore,Web,1
114,user_34,2633.14,2026-08-27 19:31:49.153465,Swiggy,request,Delhi,Web,0
115,user_12,41796.75,2026-08-29 00:14:44.153465,Flipkart,send,Bangalore,Android,0
116,user_40,18308.29,2026-09-17 02:49:48.153465,Zomato,refund,Delhi,iOS,0
117,user_24,10540.43,2026-08-30 02:10:09.153465,Walmart,refund,Mumbai,iOS,0
118,user_7,30556.05,2026-08-11 19:11:54.153465,Paytm,send,Mumbai,iOS,0
119,user_9,3402.2,2026-08-28 01:12:57.153465,Zomato,request,Bangalore,Web,0
120,user_36,4583.47,2026-09-10 12:30:19.153465,Zomato,send,Bangalore,iOS,1
121,user_12,46345.06,2026-08-25 20:50:22.153465,Flipkart,request,Delhi,Android,0
122,user_25,3097.67,2026-09-12 21:48:39.153465,Walmart,refund,Mumbai,iOS,0
123,user_14,13153.91,2026-07-26 07:30:03.153465,Swiggy,refund,Mumbai,iOS,0
124,user_7,169081.17,2026-08-22 04:37:53.153465,Walmart,refund,Pune,Web,1
125,user_38,7016.77,2026-08-06 22:45:39.153465,Zomato,refund,Chennai,iOS,0
126,user_12,48148.48,2026-08-13 20:42:11.153465,Paytm,refund,Chennai,Android,0
127,user_7,44826.07,2026-08-05 15:27:48.153465,Amazon,request,Mumbai,iOS,0
128,user_18,2446.65,2026-08-09 08:16:57.153465,Walmart,request,Pune,Android,0
129,user_2,50225.74,2026-08-12 19:33:13.153465,Walmart,send,Chennai,iOS,0
130,user_11,324.6,2026-09-17 07:16:53.153465,Swiggy,send,Pune,Android,0
131,user_43,11104.94,2026-08-27 11:28:42.153465,Flipkart,send,Delhi,iOS,0
132,user_40,6172.71,2026-09-15 01:16:10.153465,Amazon,send,Bangalore,Web,0
133,user_46,1621.91,2026-07-26 18:50:52.153465,Walmart,refund,Delhi,Android,0
134,user_24,18967.87,2026-08-08 00:26:36.153465,Amazon,send,Chennai,Android,0
135,user_50,835.85,2026-09-17 08:19:24.153465,Paytm,send,Delhi,iOS,0
136,user_28,4984.21,2026-08-06 13:25:34.153465,Amazon,refund,Pune,Android,0
137,user_8,1100.11,2026-09-17 14:19:02.153465,Flipkart,send,Delhi,Web,0
138,user_24,5912.41,2026-07-27 14:46:18.153465,Swiggy,request,Chennai,iOS,0
139,user_46,1698.23,2026-08-04 05:53:24.153465,Paytm,send,Pune,iOS,1
140,user_42,3997.41,2026-07-27 22:36:34.153465,Amazon,send,Pune,Android,0
141,user_32,3524.23,2026-09-15 15:26:57.153465,Zomato,request,Bangalore,Android,0
142,user_38,15743.67,2026-08-26 15:53:10.153465,Zomato,request,Delhi,Web,0
143,user_37,7427.38,2026-08-04 02:03:50.153465,Zomato,request,Pune,iOS,0
144,user_22,6298.62,2026-09-10 23:48:02.153465,Walmart,request,Pune,Android,1
145,user_22,15171.24,2026-08-26 00:45:02.153465,Walmart,request,Mumbai,Web,0
146,user_16,495.11,2026-09-13 03:15:40.153465,Zomato,request,Mumbai,Android,0
147,user_33,1985.44,2026-07-30 06:56:52.153465,Amazon,refund,Delhi,iOS,0
148,user_41,4941.87,2026-07-23 08:04:44.153465,Paytm,refund,Delhi,Web,1
149,user_43,5063.87,2026-08-22 23:41:20.153465,Flipkart,send,Pune,Web,0
150,user_48,10515.95,2026-07-31 21:30:15.153465,Swiggy,send,Pune,Android,1
151,user_43,5451.5,2026-09-17 06:38:43.153465,Zomato,refund,Delhi,Android,0
152,user_35,35310.61,2026-08-15 11:48:38.153465,Zomato,refund,Bangalore,iOS,1
153,user_7,32546.41,2026-07-27 11:16:11.153465,Paytm,refund,Bangalore,iOS,0
154,user_14,13414.16,2026-09-15 16:32:46.153465,Zomato,send,Pune,iOS,0
155,user_16,3257.28,2026-08-19 00:22:16.153465,Walmart,refund,Chennai,Android,0
156,user_24,6482.11,2026-08-05 07:37:18.153465,Paytm,request,Chennai,Web,0
157,user_37,17692.45,2026-07-29 12:21:03.153465,Amazon,send,Mumbai,Android,0
158,user_41,1525.34,2026-08-11 13:10:21.153465,Zomato,request,Pune,iOS,0
159,user_21,2815.93,2026-08-12 08:04:26.153465,Flipkart,refund,Delhi,Android,0
160,user_40,12092.29,2026-07-30 10:28:47.153465,Zomato,refund,Chennai,iOS,0
161,user_4,4457.76,2026-08-09 21:05:59.153465,Flipkart,refund,Delhi,Android,0
162,user_30,10274.09,2026-09-16 06:47:32.153465,Zomato,request,Pune,iOS,0
163,user_7,25217.92,2026-07-29 23:06:52.153465,Zomato,send,Pune,Android,0
164,user_19,2791.54,2026-08-09 12:10:53.153465,Amazon,send,Bangalore,Android,0
165,user_45,3275.81,2026-09-13 23:05:59.153465,Zomato,refund,Bangalore,Android,0
166,user_38,7145.98,2026-08-31 01:39:35.153465,Walmart,refund,Delhi,iOS,1
167,user_15,9318.96,2026-09-02 00:10:48.153465,Zomato,refund,Chennai,iOS,0
168,user_1,27192.55,2026-08-05 16:58:41.153465,Walmart,refund,Pune,iOS,1
169,user_39,506.91,2026-09-10 06:35:05.153465,Walmart,request,Mumbai,iOS,0
170,user_6,3947.12,2026-08-12 21:01:31.153465,Walmart,send,Bangalore,iOS,0
171,user_31,3344.62,2026-08-04 14:17:39.153465,Flipkart,refund,Bangalore,iOS,0
172,user_7,51205.29,2026-08-05 13:27:15.153465,Swiggy,send,Delhi,Android,0
173,user_46,600.69,2026-08-08 15:25:25.153465,Walmart,request,Delhi,Web,0
174,user_22,11491.1,2026-09-13 15:35:44.153465,Flipkart,request,Bangalore,Web,0
175,user_24,140201.98,2026-09-08 02:49:30.153465,Walmart,refund,Bangalore,Web,1
176,user_3,43789.6,2026-07-27 19:41:22.153465,Zomato,send,Mumbai,Web,0
177,user_19,3940.91,2026-08-23 15:49:55.153465,Swiggy,request,Pune,Android,0
178,user_34,3633.29,2026-08-12 03:00:55.153465,Swiggy,request,Mumbai,Android,0
179,user_28,3590.2,2026-08-13 18:30:03.153465,Zomato,send,Delhi,Android,0
180,user_49,12079.46,2026-09-03 07:57:17.153465,Amazon,send,Chennai,iOS,0
181,user_1,2773.18,2026-08-07 05:00:54.153465,Amazon,send,Bangalore,Web,0
182,user_40,10336.14,2026-08-13 09:45:55.153465,Walmart,send,Bangalore,Android,0
183,user_24,15524.52,2026-09-03 21:22:31.153465,Paytm,request,Pune,iOS,0
184,user_9,9603.38,2026-09-14 12:37:49.153465,Paytm,refund,Bangalore,iOS,1
185,user_10,262.27,2026-07-26 18:25:10.153465,Paytm,send,Bangalore,Android,0
186,user_6,4203.36,2026-08-06 20:22:02.153465,Amazon,refund,Delhi,Android,1
187,user_44,32403.16,2026-08-18 23:55:19.153465,Zomato,send,Pune,Web,1
188,user_38,6214.37,2026-09-11 17:00:31.153465,Amazon,request,Bangalore,iOS,0
189,user_12,22620.31,2026-08-26 16:32:54.153465,Amazon,refund,Pune,iOS,0
190,user_43,5288.27,2026-09-10 18:37:46.153465,Zomato,send,Delhi,iOS,0
191,user_35,57426.95,2026-07-30 02:13:48.153465,Walmart,request,Chennai,Android,1
192,user_27,10852.55,2026-07-25 06:15:10.153465,Amazon,refund,Bangalore,iOS,0
193,user_26,2156.19,2026-08-15 16:50:59.153465,Swiggy,send,Pune,Android,0
194,user_12,17405.28,2026-09-19 12:43:59.153465,Walmart,request,Mumbai,Web,0
195,user_23,12630.73,2026-08-19 07:26:36.153465,Flipkart,request,Mumbai,iOS,0
196,user_20,34641.79,2026-08-06 12:27:49.153465,Paytm,refund,Pune,Android,0
197,user_25,892.68,2026-07-26 00:34:36.153465,Amazon,refund,Pune,Android,0
198,user_21,10843.8,2026-08-03 03:28:36.153465,Swiggy,send,Bangalore,iOS,1
199,user_21,3543.42,2026-08-23 01:46:55.153465,Amazon,refund,Delhi,Android,0
200,user_35,15682.75,2026-09-05 05:06:00.153465,Swiggy,send,Delhi,Android,0
201,user_46,3782.88,2026-09-07 09:35:29.153465,Paytm,send,Delhi,iOS,0
202,user_27,6075.56,2026-08-15 06:47:09.153465,Paytm,request,Chennai,Web,0
203,user_46,556.13,2026-07-24 05:44:13.153465,Swiggy,request,Delhi,iOS,0
204,user_33,13140.87,2026-08-28 06:40:44.153465,Flipkart,refund,Chennai,Web,1
205,user_18,252.03,2026-08-29 08:18:30.153465,Swiggy,send,Bangalore,Web,0
206,user_39,4989.46,2026-07-22 08:11:57.153465,Walmart,refund,Bangalore,Web,0
207,user_30,5696.95,2026-08-01 14:08:24.153465,Amazon,send,Bangalore,Web,1
208,user_7,21001.7,2026-09-05 19:19:03.153465,Swiggy,request,Pune,Web,0
209,user_20,9326.01,2026-09-11 23:01:54.153465,Walmart,request,Mumbai,Web,1
210,user_45,4830.66,2026-08-13 17:51:24.153465,Walmart,refund,Chennai,Web,1
211,user_23,17845.01,2026-08-24 05:51:33.153465,Paytm,refund,Mumbai,Android,0
212,user_6,3213.07,2026-09-07 20:56:45.153465,Zomato,send,Chennai,Web,0
213,user_19,1588.46,2026-09-19 02:28:07.153465,Paytm,refund,Pune,iOS,0
214,user_2,50018.52,2026-08-19 06:14:03.153465,Paytm,refund,Delhi,Android,0
215,user_3,155908.35,2026-08-05 20:46:08.153465,Amazon,request,Pune,Web,1
216,user_38,10940.32,2026-07-26 19:54:27.153465,Swiggy,send,Bangalore,Android,1
217,user_38,11948.2,2026-07-22 18:27:26.153465,Walmart,request,Mumbai,Web,0
218,user_14,13278.58,2026-09-18 04:24:20.153465,Amazon,send,Pune,Android,0
219,user_44,15543.59,2026-08-06 23:31:49.153465,Zomato,send,Bangalore,iOS,0
220,user_21,1739.72,2026-08-13 21:04:00.153465,Amazon,refund,Bangalore,iOS,0
221,user_29,1378.88,2026-07-28 00:19:25.153465,Swiggy,request,Delhi,Android,0
222,user_23,8516.93,2026-08-27 03:57:45.153465,Amazon,send,Bangalore,Web,0
223,user_3,59398.71,2026-09-07 07:44:29.153465,Flipkart,send,Chennai,Web,0
224,user_7,24809.69,2026-09-03 19:09:20.153465,Zomato,refund,Delhi,iOS,0
225,user_9,2295.8,2026-08-17 04:59:43.153465,Swiggy,send,Delhi,Android,0
226,user_50,3740.81,2026-09-09 21:38:55.153465,Walmart,refund,Pune,Android,0
227,user_6,3038.22,2026-08-20 19:25:00.153465,Zomato,refund,Chennai,iOS,0
228,user_11,4229.23,2026-08-22 22:16:16.153465,Swiggy,send,Mumbai,iOS,0
229,user_28,2533.44,2026-07-31 10:32:06.153465,Zomato,request,Delhi,Android,0
230,user_34,600.26,2026-09-18 00:23:57.153465,Walmart,request,Mumbai,Android,0
231,user_41,3487.31,2026-09-15 01:58:22.153465,Flipkart,request,Bangalore,iOS,0
232,user_25,11024.47,2026-07-21 17:12:10.153465,Walmart,send,Pune,iOS,0
233,user_13,5493.85,2026-08-31 04:51:08.153465,Amazon,refund,Delhi,iOS,0
234,user_41,1009.25,2026-08-21 07:12:31.153465,Amazon,refund,Chennai,Android,0
235,user_32,1587.61,2026-07-31 17:54:45.153465,Flipkart,send,Mumbai,Android,0
236,user_5,39746.01,2026-09-12 08:08:37.153465,Amazon,send,Mumbai,Web,1
237,user_9,2826.43,2026-08-17 23:10:08.153465,Zomato,request,Delhi,Web,0
238,user_43,14644.6,2026-09-05 14:23:32.153465,Flipkart,refund,Bangalore,Web,0
239,user_31,4055.09,2026-09-10 23:57:03.153465,Flipkart,send,Delhi,Android,0
240,user_21,3027.05,2026-09-16 06:06:15.153465,Paytm,request,Delhi,Android,0
241,user_31,3955.99,2026-08-17 20:14:29.153465,Amazon,request,Pune,Web,0
242,user_11,1537.58,2026-08-24 00:36:14.153465,Amazon,refund,Delhi,Android,0
243,user_49,18206.32,2026-08-12 13:04:24.153465,Flipkart,send,Mumbai,iOS,0
244,user_10,2682.16,2026-08-20 05:05:43.153465,Zomato,refund,Mumbai,Android,0
245,user_34,1081.78,2026-08-24 08:55:45.153465,Zomato,send,Bangalore,Android,0
246,user_10,2427.63,2026-09-04 09:23:33.153465,Paytm,send,Pune,iOS,0
247,user_49,15643.96,2026-07-29 23:14:51.153465,Walmart,send,Delhi,iOS,0
248,user_11,1960.04,2026-08-18 18:42:35.153465,Walmart,refund,Pune,iOS,0
249,user_35,11368.49,2026-09-14 11:22:16.153465,Walmart,refund,Pune,Web,0
250,user_38,19018.25,2026-08-16 13:41:58.153465,Zomato,request,Bangalore,Web,1
251,user_49,10158.04,2026-08-18 02:10:13.153465,Amazon,request,Mumbai,Android,0
252,user_19,3379.38,2026-09-11 05:38:38.153465,Amazon,send,Mumbai,Web,0
253,user_41,4211.22,2026-09-13 19:44:55.153465,Swiggy,request,Chennai,Android,1
254,user_9,2468.43,2026-08-22 11:26:03.153465,Zomato,send,Mumbai,Web,1
255,user_35,5972.41,2026-08-05 12:01:04.153465,Walmart,refund,Chennai,Web,0
256,user_36,4398.9,2026-07-21 21:02:12.153465,Flipkart,refund,Pune,iOS,1
257,user_13,5304.08,2026-08-11 15:22:59.153465,Walmart,send,Delhi,Web,0
258,user_48,36484.98,2026-07-25 03:16:08.153465,Paytm,refund,Delhi,Android,1
259,user_26,4097.71,2026-07-26 00:45:48.153465,Amazon,send,Delhi,Android,0
260,user_50,1175.5,2026-09-14 05:24:08.153465,Flipkart,request,Mumbai,Web,0
261,user_37,17189.3,2026-09-12 08:44:32.153465,Amazon,request,Pune,Web,1
262,user_44,19703.54,2026-09-07 21:33:42.153465,Zomato,send,Mumbai,iOS,0
263,user_50,1562.99,2026-09-18 01:41:45.153465,Walmart,send,Delhi,Android,0
264,user_32,3088.18,2026-09-04 09:42:20.153465,Walmart,send,Mumbai,Web,0
265,user_33,2104.22,2026-08-24 23:55:42.153465,Swiggy,refund,Mumbai,Web,0
266,user_11,2815.47,2026-07-24 04:43:59.153465,Swiggy,refund,Pune,Android,1
267,user_26,2441.31,2026-08-12 00:19:02.153465,Zomato,send,Chennai,Web,0
268,user_11,2235.18,2026-07-27 13:44:36.153465,Walmart,send,Chennai,Web,0
269,user_18,964.84,2026-08-01 17:16:58.153465,Paytm,refund,Mumbai,Android,0
270,user_22,47916.33,2026-08-26 20:18:06.153465,Zomato,refund,Bangalore,iOS,1
271,user_25,4424.63,2026-09-04 20:20:47.153465,Swiggy,send,Delhi,Android,0
272,user_5,19453.27,2026-07-22 23:57:50.153465,Zomato,send,Chennai,Android,0
273,user_39,2212.53,2026-09-12 00:46:23.153465,Walmart,request,Chennai,iOS,0
274,user_28,4774.14,2026-08-28 03:40:24.153465,Paytm,request,Bangalore,Web,1
275,user_20,8129.14,2026-08-23 14:33:21.153465,Walmart,send,Delhi,Android,0
276,user_11,2677.81,2026-08-22 00:50:32.153465,Zomato,refund,Mumbai,iOS,0
277,user_36,10440.15,2026-09-07 03:32:46.153465,Walmart,send,Delhi,Android,1
278,user_18,1980.41,2026-08-02 23:53:36.153465,Zomato,request,Bangalore,Web,0
279,user_29,1809.29,2026-07-31 11:09:50.153465,Flipkart,refund,Mumbai,Web,0
280,user_21,3167.49,2026-08-03 19:24:16.153465,Walmart,refund,Bangalore,Web,0
281,user_44,16476.6,2026-08-01 08:35:48.153465,Walmart,refund,Chennai,Web,0
282,user_11,4457.25,2026-07-31 05:38:01.153465,Zomato,request,Chennai,iOS,0
283,user_4,4576.73,2026-08-01 04:07:09.153465,Swiggy,refund,Mumbai,Web,0
284,user_32,4143.67,2026-08-02 09:06:50.153465,Paytm,request,Chennai,Android,0
285,user_41,3848.73,2026-09-01 21:58:38.153465,Swiggy,send,Delhi,Android,0
286,user_2,56900.18,2026-08-30 17:02:55.153465,Amazon,send,Delhi,iOS,0
287,user_31,9204.9,2026-09-03 23:01:00.153465,Walmart,request,Chennai,Android,1
288,user_15,18676.57,2026-08-20 05:58:53.153465,Zomato,send,Bangalore,Android,0
289,user_32,3901.69,2026-08-17 02:31:24.153465,Zomato,refund,Delhi,iOS,0
290,user_47,8634.79,2026-08-24 17:36:12.153465,Walmart,refund,Bangalore,Web,1
291,user_36,3287.75,2026-08-13 22:23:40.153465,Zomato,refund,Delhi,Android,0
292,user_21,3990.28,2026-08-03 09:29:28.153465,Amazon,request,Chennai,Android,0
293,user_20,9848.83,2026-09-07 11:59:42.153465,Amazon,send,Delhi,iOS,0
294,user_8,4914.36,2026-08-23 18:06:02.153465,Amazon,refund,Delhi,iOS,0
295,user_9,4363.34,2026-08-17 18:48:08.153465,Amazon,refund,Mumbai,iOS,1
296,user_4,256.85,2026-08-09 19:15:56.153465,Swiggy,send,Bangalore,Web,0
297,user_39,32076.96,2026-09-13 07:15:59.153465,Flipkart,send,Chennai,iOS,1
298,user_7,53476.15,2026-07-29 06:28:12.153465,Flipkart,refund,Mumbai,Android,1
299,user_44,17231.62,2026-08-08 13:41:10.153465,Swiggy,request,Delhi,Web,0
300,user_45,4114.03,2026-09-04 23:08:47.153465,Amazon,send,Delhi,iOS,0
301,user_36,492.33,2026-08-10 04:46:23.153465,Zomato,send,Delhi,Android,0
302,user_33,375.77,2026-09-06 05:06:30.153465,Swiggy,send,Mumbai,Android,0
303,user_46,2727.41,2026-09-07 18:18:22.153465,Paytm,refund,Chennai,iOS,0
304,user_14,12533.08,2026-08-16 17:37:51.153465,Amazon,refund,Delhi,Android,0
305,user_23,19374.22,2026-08-24 09:40:46.153465,Flipkart,send,Mumbai,Android,0
306,user_9,2963.39,2026-09-05 07:32:51.153465,Flipkart,refund,Pune,iOS,0
307,user_23,59960.94,2026-08-24 02:30:54.153465,Amazon,send,Pune,Web,1
308,user_7,22021.57,2026-08-27 21:21:02.153465,Flipkart,send,Delhi,Android,0
309,user_12,138129.44,2026-09-05 21:20:33.153465,Paytm,send,Chennai,iOS,1
310,user_9,3018.75,2026-08-01 16:19:25.153465,Paytm,request,Delhi,Android,0
311,user_1,4409.54,2026-09-08 21:43:45.153465,Paytm,refund,Bangalore,Android,0
312,user_19,1656.17,2026-09-16 00:11:23.153465,Paytm,request,Pune,Android,0
313,user_15,9969.25,2026-09-02 09:36:14.153465,Flipkart,request,Bangalore,Android,0
314,user_8,3808.1,2026-08-02 14:53:53.153465,Paytm,request,Delhi,Web,0
315,user_8,4502.97,2026-09-14 01:58:09.153465,Paytm,request,Delhi,Android,0
316,user_10,8242.62,2026-08-19 07:08:00.153465,Walmart,refund,Mumbai,iOS,0
317,user_2,18999.42,2026-09-13 08:10:10.153465,Paytm,request,Bangalore,iOS,0
318,user_8,3388.2,2026-07-23 22:11:07.153465,Amazon,refund,Delhi,iOS,0
319,user_45,538.66,2026-08-03 00:57:00.153465,Amazon,refund,Chennai,Web,1
320,user_50,1583.48,2026-09-19 00:27:31.153465,Zomato,request,Bangalore,Android,0
321,user_33,1626.95,2026-09-11 06:47:51.153465,Zomato,refund,Bangalore,iOS,0
322,user_29,457.82,2026-09-07 10:11:01.153465,Zomato,request,Mumbai,Web,0
323,user_34,2373.3,2026-08-21 11:01:01.153465,Swiggy,refund,Chennai,Android,1
324,user_39,4090.68,2026-09-06 21:49:03.153465,Zomato,send,Chennai,Web,0
325,user_14,7838.01,2026-09-11 20:19:17.153465,Zomato,request,Delhi,iOS,0
326,user_31,2730.29,2026-07-26 12:42:39.153465,Paytm,send,Delhi,iOS,0
327,user_20,13622.4,2026-09-07 13:26:39.153465,Flipkart,request,Chennai,iOS,0
328,user_10,478.46,2026-07-25 13:03:32.153465,Paytm,refund,Mumbai,iOS,0
329,user_43,12353.04,2026-08-05 07:34:21.153465,Zomato,send,Delhi,Android,0
330,user_9,1907.21,2026-08-06 14:01:41.153465,Flipkart,refund,Bangalore,Android,0
331,user_10,4702.98,2026-09-10 13:43:59.153465,Zomato,request,Mumbai,Web,1
332,user_22,7222.49,2026-08-10 12:02:24.153465,Swiggy,send,Chennai,Android,0
333,user_46,937.98,2026-08-30 12:19:59.153465,Flipkart,request,Delhi,Web,1
334,user_34,763.02,2026-09-03 13:35:56.153465,Flipkart,refund,Pune,Android,0
335,user_45,914.0,2026-08-05 15:36:18.153465,Flipkart,send,Chennai,Android,0
336,user_19,3877.28,2026-08-31 05:05:28.153465,Amazon,send,Mumbai,Android,0
337,user_16,1185.78,2026-08-05 09:25:10.153465,Flipkart,request,Mumbai,Android,0
338,user_11,4815.32,2026-08-03 18:09:09.153465,Flipkart,request,Chennai,Android,1
339,user_47,3581.5,2026-07-29 23:35:48.153465,Flipkart,send,Pune,Web,0
340,user_41,3357.01,2026-08-23 19:04:15.153465,Flipkart,send,Chennai,Web,0
341,user_18,8622.61,2026-08-13 23:33:46.153465,Amazon,refund,Mumbai,Android,0
342,user_34,4033.1,2026-08-12 17:05:42.153465,Amazon,send,Bangalore,Android,0
343,user_9,3406.93,2026-08-12 08:23:15.153465,Walmart,refund,Delhi,Android,0
344,user_10,8457.86,2026-08-27 14:43:49.153465,Walmart,request,Pune,Android,1
345,user_5,13343.59,2026-08-22 15:29:14.153465,Zomato,request,Mumbai,Web,0
346,user_39,4056.23,2026-08-05 05:34:00.153465,Swiggy,refund,Delhi,Web,0
347,user_37,13499.93,2026-07-29 20:28:31.153465,Walmart,refund,Pune,Web,0
348,user_17,2071.52,2026-08-30 19:02:06.153465,Walmart,request,Mumbai,iOS,0
349,user_18,4961.17,2026-09-04 20:27:41.153465,Amazon,send,Mumbai,Web,0
350,user_2,46201.38,2026-08-03 01:38:38.153465,Amazon,refund,Chennai,Android,0
351,user_20,7124.99,2026-09-13 15:13:46.153465,Walmart,refund,Delhi,Web,0
352,user_15,6364.73,2026-08-14 06:52:48.153465,Walmart,send,Pune,iOS,0
353,user_11,22697.95,2026-08-15 01:21:21.153465,Amazon,refund,Chennai,Web,1
354,user_50,4066.37,2026-08-24 17:00:05.153465,Flipkart,send,Bangalore,Web,0
355,user_22,12708.26,2026-09-13 14:00:05.153465,Amazon,refund,Mumbai,Web,0
356,user_37,10335.04,2026-08-30 16:42:32.153465,Paytm,send,Pune,Web,0
357,user_17,1319.77,2026-08-21 01:42:38.153465,Swiggy,refund,Chennai,iOS,0
358,user_24,15164.91,2026-08-05 02:20:51.153465,Flipkart,refund,Pune,Android,1
359,user_6,4641.31,2026-08-06 14:38:20.153465,Amazon,request,Delhi,iOS,1
360,user_14,17135.9,2026-09-16 01:42:43.153465,Zomato,refund,Bangalore,Android,0
361,user_7,49400.58,2026-07-22 09:48:38.153465,Paytm,refund,Pune,iOS,0
362,user_32,2247.52,2026-09-06 14:03:45.153465,Zomato,request,Delhi,iOS,0
363,user_28,909.86,2026-07-26 08:57:01.153465,Zomato,request,Bangalore,iOS,0
364,user_45,2725.03,2026-08-16 23:41:16.153465,Zomato,refund,Mumbai,Android,0
365,user_46,4166.98,2026-07-24 01:46:52.153465,Walmart,send,Bangalore,Android,1
366,user_21,1740.41,2026-08-14 16:36:22.153465,Flipkart,send,Pune,iOS,0
367,user_2,44304.2,2026-08-18 09:50:21.153465,Amazon,request,Bangalore,Web,0
368,user_2,42849.0,2026-08-13 22:16:50.153465,Walmart,request,Chennai,iOS,0
369,user_5,7164.57,2026-07-29 02:40:18.153465,Paytm,send,Chennai,Android,0
370,user_2,40619.08,2026-08-31 05:31:53.153465,Amazon,refund,Bangalore,iOS,0
371,user_40,7004.45,2026-08-12 11:20:08.153465,Amazon,send,Pune,Android,0
372,user_22,14482.56,2026-08-05 02:51:33.153465,Zomato,request,Pune,Web,0
373,user_33,1412.75,2026-09-17 02:54:46.153465,Flipkart,refund,Bangalore,iOS,0
374,user_2,57812.95,2026-07-23 09:14:25.153465,Swiggy,send,Chennai,Android,0
375,user_43,13908.53,2026-08-14 11:47:24.153465,Flipkart,request,Bangalore,Android,0
376,user_32,261.47,2026-08-12 19:49:51.153465,Flipkart,send,Bangalore,Web,0
377,user_15,10393.53,2026-08-12 04:32:29.153465,Zomato,send,Mumbai,Web,0
378,user_40,5401.44,2026-08-18 00:25:45.153465,Paytm,refund,Pune,iOS,0
379,user_22,13575.05,2026-07-28 00:21:15.153465,Swiggy,request,Pune,Web,0
380,user_49,9571.44,2026-08-03 07:31:56.153465,Paytm,send,Delhi,iOS,0
381,user_13,10813.57,2026-08-06 17:13:05.153465,Paytm,refund,Mumbai,iOS,0
382,user_5,137718.1,2026-09-16 10:03:23.153465,Amazon,send,Pune,Android,1
383,user_12,155488.21,2026-08-15 10:08:27.153465,Walmart,refund,Chennai,Web,1
384,user_2,15786.97,2026-09-06 15:20:44.153465,Swiggy,refund,Delhi,iOS,0
385,user_8,2021.5,2026-08-26 16:35:18.153465,Swiggy,request,Pune,Web,0
386,user_44,16448.48,2026-09-13 05:28:25.153465,Flipkart,send,Chennai,iOS,1
387,user_23,7936.38,2026-08-04 07:06:03.153465,Zomato,refund,Mumbai,iOS,0
388,user_13,53607.92,2026-08-01 07:34:20.153465,Amazon,send,Mumbai,Web,1
389,user_40,88047.94,2026-07-21 18:01:22.153465,Swiggy,refund,Pune,iOS,1
390,user_5,16460.71,2026-08-04 22:03:54.153465,Flipkart,send,Chennai,Web,0
391,user_26,4082.27,2026-07-27 12:17:12.153465,Flipkart,send,Mumbai,Web,0
392,user_4,2516.14,2026-09-19 13:47:40.153465,Paytm,request,Chennai,Web,0
393,user_50,361.87,2026-08-07 14:51:07.153465,Paytm,request,Bangalore,iOS,0
394,user_14,7465.88,2026-08-21 22:58:25.153465,Amazon,request,Mumbai,Web,0
395,user_36,3343.04,2026-07-30 05:17:08.153465,Paytm,request,Delhi,Web,0
396,user_45,1487.51,2026-09-13 20:57:33.153465,Swiggy,request,Chennai,iOS,0
397,user_31,2242.42,2026-09-16 23:18:30.153465,Paytm,send,Chennai,Android,0
398,user_45,3517.59,2026-08-14 01:53:02.153465,Swiggy,refund,Pune,iOS,0
399,user_50,4408.97,2026-08-20 11:03:03.153465,Zomato,request,Delhi,Android,0
400,user_39,3043.5,2026-08-06 17:16:56.153465,Zomato,refund,Pune,Web,1
401,user_26,1008.62,2026-08-03 07:26:09.153465,Flipkart,refund,Delhi,Web,1
402,user_44,6841.45,2026-08-13 12:02:41.153465,Swiggy,request,Chennai,Android,0
403,user_7,17359.51,2026-08-23 14:05:34.153465,Flipkart,refund,Chennai,Web,0
404,user_25,2555.31,2026-09-09 03:11:54.153465,Paytm,request,Delhi,iOS,0
405,user_26,1290.11,2026-09-03 03:42:32.153465,Amazon,refund,Chennai,iOS,0
406,user_35,18547.04,2026-07-26 12:08:16.153465,Amazon,send,Mumbai,iOS,0
407,user_5,17953.11,2026-09-18 00:04:59.153465,Swiggy,send,Delhi,iOS,0
408,user_39,469.02,2026-09-12 02:58:12.153465,Paytm,request,Bangalore,Android,1
409,user_17,3007.66,2026-08-02 03:36:15.153465,Walmart,send,Bangalore,Android,0
410,user_25,3683.77,2026-08-19 15:17:31.153465,Walmart,refund,Delhi,Android,0
411,user_30,145706.51,2026-08-01 09:15:13.153465,Zomato,send,Chennai,iOS,1
412,user_12,49138.37,2026-08-11 02:35:45.153465,Swiggy,request,Pune,Android,0
413,user_10,789.91,2026-08-12 05:42:03.153465,Paytm,refund,Delhi,Android,0
414,user_1,884.72,2026-09-13 14:46:37.153465,Swiggy,send,Delhi,Web,0
415,user_1,4709.6,2026-09-07 12:44:07.153465,Flipkart,send,Chennai,Web,1
416,user_39,2893.28,2026-08-15 03:41:02.153465,Walmart,refund,Pune,Web,0
417,user_38,42405.44,2026-08-12 16:06:38.153465,Flipkart,send,Pune,iOS,1
418,user_3,52816.88,2026-09-07 17:59:26.153465,Walmart,send,Chennai,iOS,0
419,user_39,869.99,2026-09-04 19:54:15.153465,Flipkart,request,Mumbai,iOS,0
420,user_8,1509.8,2026-09-10 12:36:47.153465,Walmart,refund,Bangalore,iOS,0
421,user_50,35430.1,2026-08-28 10:37:20.153465,Flipkart,send,Delhi,Web,0
422,user_43,15055.69,2026-09-17 06:36:51.153465,Amazon,refund,Chennai,iOS,0
423,user_18,4148.68,2026-07-30 09:13:07.153465,Swiggy,send,Pune,Web,0
424,user_6,13004.45,2026-08-14 16:36:58.153465,Paytm,send,Delhi,Web,1
425,user_29,3051.17,2026-08-05 12:41:02.153465,Zomato,request,Mumbai,iOS,0
426,user_9,4447.18,2026-08-29 09:03:28.153465,Flipkart,refund,Mumbai,Android,0
427,user_20,19810.53,2026-07-30 14:50:52.153465,Zomato,send,Mumbai,Android,0
428,user_11,37987.53,2026-09-07 09:03:45.153465,Flipkart,send,Delhi,Web,1
429,user_5,12115.22,2026-08-04 01:51:55.153465,Walmart,refund,Pune,Android,0
430,user_32,4727.93,2026-08-03 22:28:05.153465,Walmart,request,Delhi,Android,1
431,user_49,5196.69,2026-08-08 00:07:16.153465,Flipkart,send,Delhi,iOS,0
432,user_45,1190.29,2026-08-14 02:19:58.153465,Amazon,refund,Delhi,Web,0
433,user_46,2887.87,2026-07-21 23:28:31.153465,Paytm,request,Pune,Android,0
434,user_4,11018.99,2026-08-17 08:23:28.153465,Zomato,request,Pune,Web,1
435,user_22,18801.03,2026-09-18 01:05:44.153465,Amazon,request,Mumbai,Web,0
436,user_10,4289.67,2026-09-13 00:54:36.153465,Walmart,send,Mumbai,Android,1
437,user_42,4937.55,2026-09-09 23:39:43.153465,Amazon,request,Delhi,iOS,0
438,user_8,209.07,2026-08-29 12:36:56.153465,Paytm,refund,Mumbai,Android,0
439,user_43,9704.72,2026-07-22 16:58:42.153465,Amazon,request,Mumbai,Web,0
440,user_28,2234.99,2026-07-31 17:59:13.153465,Walmart,request,Bangalore,Web,0
441,user_29,594.11,2026-09-16 06:20:06.153465,Amazon,request,Bangalore,Web,1
442,user_7,39443.46,2026-09-01 10:26:52.153465,Swiggy,send,Pune,Android,0
443,user_20,15457.31,2026-09-11 13:46:53.153465,Paytm,send,Pune,Android,0
444,user_35,9192.8,2026-09-06 22:28:59.153465,Flipkart,request,Pune,Web,0
445,user_42,21188.4,2026-09-17 13:07:15.153465,Paytm,send,Mumbai,Web,1
446,user_10,1243.0,2026-09-15 04:05:08.153465,Swiggy,send,Mumbai,Web,0
447,user_48,2629.27,2026-08-21 07:20:33.153465,Paytm,refund,Delhi,iOS,0
448,user_49,6952.14,2026-09-13 08:10:52.153465,Zomato,refund,Chennai,iOS,0
449,user_43,8329.36,2026-09-01 23:13:28.153465,Amazon,send,Bangalore,iOS,0
450,user_30,9110.3,2026-08-07 13:18:23.153465,Walmart,refund,Chennai,Web,0
451,user_8,2007.86,2026-07-23 05:30:15.153465,Flipkart,refund,Bangalore,Web,0
452,user_4,27223.94,2026-08-15 14:01:41.153465,Zomato,request,Chennai,iOS,0
453,user_7,15079.49,2026-09-18 05:51:14.153465,Zomato,send,Mumbai,iOS,1
454,user_14,143660.49,2026-09-01 06:46:25.153465,Swiggy,refund,Bangalore,Android,1
455,user_6,782.99,2026-07-24 15:26:13.153465,Walmart,refund,Delhi,Web,0
456,user_24,7244.49,2026-08-09 02:01:39.153465,Swiggy,refund,Chennai,Android,0
457,user_46,4048.34,2026-07-21 15:05:44.153465,Zomato,refund,Pune,iOS,0
458,user_32,755.72,2026-08-28 01:16:16.153465,Flipkart,refund,Delhi,Android,0
459,user_3,59121.31,2026-08-22 11:48:08.153465,Swiggy,send,Delhi,Web,1
460,user_44,9634.7,2026-07-23 18:40:25.153465,Amazon,refund,Bangalore,Android,0
461,user_11,698.24,2026-09-03 02:15:30.153465,Zomato,send,Delhi,iOS,0
462,user_22,7150.35,2026-07-29 21:39:23.153465,Zomato,send,Pune,iOS,0
463,user_27,16069.33,2026-08-22 09:41:51.153465,Zomato,refund,Pune,Web,0
464,user_19,2801.77,2026-07-29 01:16:22.153465,Paytm,request,Bangalore,Android,0
465,user_41,12974.3,2026-09-13 12:52:50.153465,Zomato,refund,Delhi,Android,1
466,user_32,727.99,2026-08-20 15:36:14.153465,Walmart,refund,Mumbai,iOS,0
467,user_11,474.95,2026-08-14 15:00:06.153465,Paytm,request,Bangalore,iOS,0
468,user_25,351.21,2026-07-29 23:53:49.153465,Walmart,refund,Pune,Android,0
469,user_22,5813.99,2026-07-22 17:10:04.153465,Flipkart,refund,Delhi,Android,0
470,user_4,3945.53,2026-08-23 12:13:45.153465,Amazon,send,Delhi,iOS,0
471,user_16,447.84,2026-09-03 20:31:01.153465,Flipkart,send,Delhi,Android,0
472,user_16,4743.42,2026-09-01 02:01:08.153465,Walmart,refund,Mumbai,Android,0
473,user_16,12511.57,2026-08-17 17:22:26.153465,Walmart,refund,Chennai,Android,1
474,user_11,3894.0,2026-09-18 21:52:13.153465,Swiggy,refund,Bangalore,Web,0
475,user_2,30508.49,2026-08-15 23:06:17.153465,Amazon,request,Pune,Android,1
476,user_23,11187.27,2026-09-03 06:25:59.153465,Zomato,refund,Pune,Android,0
477,user_19,4213.98,2026-09-10 18:07:17.153465,Swiggy,send,Mumbai,Web,0
478,user_33,2023.09,2026-08-27 11:37:53.153465,Zomato,request,Delhi,Web,0
479,user_42,4432.6,2026-09-02 14:56:36.153465,Amazon,send,Mumbai,Android,0
480,user_27,17653.37,2026-09-03 10:54:25.153465,Zomato,refund,Pune,Web,1
481,user_24,19869.68,2026-07-27 02:04:01.153465,Walmart,refund,Pune,Android,1
482,user_25,2869.79,2026-07-28 22:09:24.153465,Walmart,send,Delhi,Web,1
483,user_38,14584.96,2026-07-22 03:52:48.153465,Flipkart,request,Chennai,iOS,0
484,user_1,33795.56,2026-08-11 16:11:54.153465,Flipkart,request,Mumbai,Web,1
485,user_35,14082.28,2026-09-11 07:50:57.153465,Paytm,send,Mumbai,Android,0
486,user_37,12360.11,2026-08-02 06:35:58.153465,Zomato,refund,Mumbai,Android,0
487,user_11,2114.18,2026-08-06 10:22:52.153465,Paytm,refund,Chennai,Android,0
488,user_7,48495.12,2026-08-30 06:49:43.153465,Flipkart,request,Delhi,Web,0
489,user_21,2314.95,2026-07-28 02:32:50.153465,Paytm,refund,Chennai,Android,0
490,user_4,3348.58,2026-08-21 00:31:13.153465,Paytm,send,Pune,Web,0
491,user_6,3254.89,2026-08-19 23:41:43.153465,Paytm,send,Delhi,Android,0
492,user_2,51427.24,2026-07-22 02:20:23.153465,Zomato,refund,Pune,Android,0
493,user_50,772.36,2026-09-12 19:28:59.153465,Paytm,request,Bangalore,iOS,0
494,user_44,37268.19,2026-09-16 03:27:57.153465,Flipkart,refund,Pune,Web,1
495,user_13,13566.04,2026-09-19 02:33:10.153465,Swiggy,send,Delhi,Android,0
496,user_11,2928.0,2026-09-03 18:28:13.153465,Amazon,send,Chennai,Web,0
497,user_41,3354.01,2026-08-30 10:02:45.153465,Paytm,request,Mumbai,Android,0
498,user_37,10946.54,2026-07-28 03:46:55.153465,Paytm,refund,Mumbai,Android,0
499,user_43,54322.8,2026-08-27 16:53:35.153465,Amazon,request,Mumbai,iOS,1
500,user_41,4807.72,2026-08-18 15:41:34.153465,Swiggy,refund,Mumbai,Android,0
501,user_30,12852.85,2026-09-18 05:30:37.153465,Walmart,refund,Pune,iOS,0
502,user_25,4632.06,2026-07-23 05:28:51.153465,Zomato,send,Pune,iOS,1
503,user_13,10497.36,2026-08-09 18:18:11.153465,Flipkart,request,Mumbai,iOS,1
504,user_31,2153.56,2026-08-25 18:52:34.153465,Flipkart,request,Delhi,Web,0
505,user_44,6169.79,2026-09-07 11:11:04.153465,Flipkart,request,Delhi,Web,0
506,user_37,12450.97,2026-07-23 07:37:06.153465,Swiggy,request,Chennai,iOS,0
507,user_23,19115.89,2026-08-09 04:21:18.153465,Paytm,send,Delhi,Android,1
508,user_7,15597.89,2026-08-03 15:39:25.153465,Amazon,send,Mumbai,Web,0
509,user_44,19910.21,2026-08-18 02:18:08.153465,Paytm,request,Pune,Android,0
510,user_11,1087.75,2026-08-21 21:42:10.153465,Amazon,refund,Delhi,iOS,0
511,user_14,8642.61,2026-08-06 06:58:33.153465,Flipkart,request,Mumbai,Android,0
512,user_13,8088.53,2026-09-03 03:47:44.153465,Flipkart,refund,Bangalore,Android,0
513,user_42,2965.97,2026-07-27 11:17:33.153465,Zomato,send,Mumbai,Web,0
514,user_15,9967.15,2026-09-10 18:53:19.153465,Amazon,send,Mumbai,Android,0
515,user_23,15048.0,2026-09-16 13:44:41.153465,Swiggy,send,Chennai,Android,0
516,user_44,12302.89,2026-08-10 18:47:35.153465,Flipkart,request,Mumbai,Android,0
517,user_7,49336.04,2026-07-30 04:04:31.153465,Flipkart,refund,Bangalore,Web,0
518,user_25,514.04,2026-08-02 14:23:57.153465,Swiggy,send,Mumbai,Android,0
519,user_7,171075.26,2026-08-10 00:26:39.153465,Swiggy,request,Chennai,Web,1
520,user_8,2385.0,2026-09-06 08:16:35.153465,Zomato,request,Bangalore,iOS,0
521,user_18,2098.78,2026-09-17 01:13:16.153465,Zomato,refund,Delhi,Android,0
522,user_39,1991.01,2026-08-26 11:44:20.153465,Walmart,request,Chennai,Web,1
523,user_28,963.7,2026-09-01 14:07:29.153465,Zomato,request,Delhi,Web,0
524,user_22,69895.97,2026-09-02 16:48:03.153465,Paytm,request,Mumbai,iOS,1
525,user_42,4609.57,2026-09-04 12:19:50.153465,Swiggy,refund,Delhi,Web,1
526,user_21,3947.71,2026-09-16 09:41:16.153465,Zomato,send,Chennai,iOS,0
527,user_36,3693.52,2026-09-17 07:44:25.153465,Flipkart,send,Pune,iOS,0
528,user_24,6344.15,2026-08-05 14:30:33.153465,Amazon,refund,Delhi,Web,0
529,user_12,45999.74,2026-08-02 22:02:14.153465,Zomato,send,Delhi,iOS,0
530,user_34,3096.89,2026-08-01 05:52:20.153465,Swiggy,refund,Chennai,Web,0
531,user_29,27473.07,2026-08-21 08:13:51.153465,Walmart,request,Pune,Web,1
532,user_1,1739.52,2026-08-20 19:58:57.153465,Zomato,refund,Pune,iOS,0
533,user_47,7925.47,2026-09-13 15:51:04.153465,Swiggy,refund,Chennai,Android,1
534,user_33,850.57,2026-09-03 12:38:58.153465,Flipkart,send,Mumbai,iOS,0
535,user_16,3530.23,2026-08-02 03:26:25.153465,Flipkart,request,Mumbai,Web,0
536,user_18,3391.07,2026-09-04 20:22:46.153465,Swiggy,request,Delhi,Android,0
537,user_28,3613.1,2026-09-08 10:26:09.153465,Amazon,refund,Bangalore,iOS,0
538,user_14,58803.81,2026-07-26 08:16:55.153465,Amazon,request,Delhi,iOS,1
539,user_43,9501.0,2026-08-31 14:32:51.153465,Flipkart,refund,Pune,iOS,0
540,user_25,4505.67,2026-08-12 22:10:12.153465,Flipkart,send,Pune,Web,0
541,user_48,4090.43,2026-09-18 03:30:36.153465,Zomato,send,Mumbai,Android,0
542,user_49,6858.31,2026-07-29 00:56:01.153465,Amazon,send,Delhi,Web,0
543,user_41,3481.69,2026-07-22 09:05:53.153465,Swiggy,send,Mumbai,Web,0
544,user_1,262.15,2026-07-31 07:07:59.153465,Flipkart,request,Mumbai,Android,1
545,user_11,3296.39,2026-09-05 14:32:33.153465,Flipkart,request,Chennai,Android,0
546,user_25,4541.39,2026-08-13 15:39:26.153465,Paytm,request,Mumbai,Android,0
547,user_28,792.7,2026-09-09 00:28:21.153465,Walmart,request,Chennai,Android,0
548,user_49,16645.15,2026-08-13 13:16:58.153465,Flipkart,send,Bangalore,Web,0
549,user_44,11102.69,2026-08-13 08:28:03.153465,Zomato,request,Mumbai,Android,0
550,user_48,4924.0,2026-08-13 14:00:24.153465,Paytm,send,Bangalore,Web,0
551,user_32,2417.75,2026-08-07 07:21:28.153465,Swiggy,send,Bangalore,Android,0
552,user_34,432.35,2026-08-28 08:53:15.153465,Flipkart,request,Pune,Android,0
553,user_35,13415.85,2026-08-21 00:36:09.153465,Flipkart,refund,Pune,Android,0
554,user_35,16894.37,2026-08-23 18:33:15.153465,Walmart,refund,Bangalore,Android,0
555,user_11,2093.53,2026-08-26 20:17:43.153465,Swiggy,refund,Delhi,Android,0
556,user_15,10497.76,2026-09-19 05:37:19.153465,Walmart,request,Mumbai,Android,1
557,user_8,3570.14,2026-09-14 08:18:11.153465,Walmart,refund,Delhi,Android,0
558,user_42,3791.95,2026-09-06 21:09:19.153465,Flipkart,refund,Chennai,Web,0
559,user_32,972.15,2026-08-11 16:32:00.153465,Amazon,request,Pune,Web,0
560,user_24,8506.34,2026-08-09 12:58:17.153465,Swiggy,refund,Mumbai,iOS,0
561,user_7,40909.31,2026-07-22 01:13:31.153465,Swiggy,send,Bangalore,iOS,0
562,user_34,3575.47,2026-08-12 09:02:30.153465,Flipkart,refund,Chennai,Web,0
563,user_49,12936.82,2026-09-04 00:34:18.153465,Zomato,request,Delhi,iOS,0
564,user_3,46674.03,2026-08-21 06:02:39.153465,Amazon,refund,Pune,Web,0
565,user_46,840.19,2026-09-15 21:33:44.153465,Paytm,send,Bangalore,Web,0
566,user_45,1833.24,2026-08-30 05:39:24.153465,Zomato,send,Mumbai,iOS,1
567,user_29,4301.8,2026-08-31 14:18:20.153465,Walmart,send,Pune,iOS,1
568,user_4,3159.25,2026-08-13 20:15:01.153465,Zomato,request,Delhi,Android,0
569,user_36,4174.14,2026-09-16 12:30:39.153465,Amazon,refund,Mumbai,Web,1
570,user_3,36227.04,2026-08-22 14:12:34.153465,Zomato,refund,Mumbai,Web,0
571,user_10,3683.72,2026-08-08 01:07:49.153465,Zomato,request,Bangalore,Web,0
572,user_24,8093.1,2026-08-26 08:17:38.153465,Zomato,request,Mumbai,Android,0
573,user_21,693.32,2026-09-15 02:00:03.153465,Swiggy,request,Bangalore,iOS,0
574,user_26,2876.33,2026-09-03 12:11:27.153465,Paytm,send,Mumbai,Web,0
575,user_9,2192.44,2026-09-17 04:27:34.153465,Flipkart,send,Chennai,Web,0
576,user_17,13607.81,2026-08-04 21:34:02.153465,Walmart,send,Delhi,iOS,0
577,user_4,599.06,2026-08-26 12:57:13.153465,Zomato,request,Bangalore,Web,0
578,user_35,9152.48,2026-09-04 12:09:00.153465,Amazon,request,Bangalore,Web,0
579,user_25,1889.49,2026-07-28 20:49:15.153465,Paytm,request,Pune,iOS,0
580,user_50,2936.67,2026-08-27 07:41:12.153465,Walmart,refund,Delhi,Web,1
581,user_35,16234.82,2026-09-13 03:20:16.153465,Paytm,send,Delhi,Web,0
582,user_16,4609.62,2026-07-29 21:57:26.153465,Zomato,request,Bangalore,iOS,1
583,user_21,4849.31,2026-08-28 16:55:09.153465,Amazon,request,Delhi,Android,1
584,user_2,27221.44,2026-08-26 11:19:00.153465,Zomato,request,Delhi,Android,1
585,user_22,5382.85,2026-09-03 13:12:52.153465,Paytm,request,Pune,Android,0
586,user_15,9809.24,2026-08-01 02:07:08.153465,Paytm,send,Chennai,Android,0
587,user_3,121488.0,2026-08-31 18:50:30.153465,Amazon,refund,Delhi,Web,1
588,user_7,25677.38,2026-09-12 11:49:00.153465,Walmart,send,Chennai,Android,0
589,user_5,5779.18,2026-09-11 02:37:02.153465,Paytm,refund,Mumbai,iOS,0
590,user_22,55999.88,2026-09-07 14:05:02.153465,Amazon,refund,Delhi,Android,1
591,user_21,1310.97,2026-08-07 08:57:43.153465,Flipkart,request,Pune,Android,0
592,user_14,9623.73,2026-07-27 11:43:29.153465,Amazon,request,Mumbai,Web,0
593,user_29,2208.41,2026-07-26 17:09:51.153465,Swiggy,send,Delhi,Web,0
594,user_13,14611.57,2026-09-14 17:30:37.153465,Zomato,send,Delhi,iOS,0
595,user_5,48383.53,2026-08-25 13:59:30.153465,Swiggy,request,Mumbai,Web,1
596,user_23,10172.01,2026-08-24 03:02:36.153465,Walmart,send,Delhi,Web,0
597,user_40,14089.51,2026-08-04 13:17:34.153465,Swiggy,refund,Pune,iOS,0
598,user_38,32123.27,2026-08-05 16:37:59.153465,Amazon,request,Chennai,iOS,1
599,user_2,46589.26,2026-09-15 13:26:07.153465,Zomato,send,Chennai,iOS,0
600,user_9,2405.01,2026-08-07 01:25:18.153465,Zomato,request,Mumbai,iOS,0
601,user_46,4249.34,2026-08-17 21:35:54.153465,Swiggy,send,Bangalore,Android,0
602,user_49,13455.23,2026-08-04 20:00:49.153465,Swiggy,request,Mumbai,Web,0
603,user_42,4924.65,2026-08-26 10:22:32.153465,Swiggy,refund,Mumbai,Web,0
604,user_16,2697.57,2026-07-30 23:03:41.153465,Walmart,refund,Mumbai,iOS,0
605,user_44,16752.22,2026-09-02 11:48:23.153465,Paytm,request,Bangalore,Web,0
606,user_4,3523.08,2026-09-02 22:43:56.153465,Amazon,refund,Chennai,Web,0
607,user_25,4639.74,2026-09-03 16:56:36.153465,Zomato,send,Chennai,iOS,1
608,user_32,3218.47,2026-08-04 07:09:50.153465,Swiggy,request,Bangalore,iOS,0
609,user_19,4522.13,2026-07-24 03:52:34.153465,Swiggy,refund,Bangalore,Web,1
610,user_16,4569.46,2026-07-26 01:03:48.153465,Swiggy,refund,Bangalore,iOS,1
611,user_26,1739.66,2026-07-25 12:39:08.153465,Zomato,request,Mumbai,iOS,0
612,user_46,3758.48,2026-07-30 18:37:14.153465,Walmart,request,Pune,iOS,1
613,user_31,2094.12,2026-08-23 22:10:08.153465,Zomato,request,Pune,iOS,0
614,user_13,8201.55,2026-07-26 03:46:33.153465,Zomato,request,Delhi,iOS,0
615,user_18,4099.98,2026-09-04 02:45:57.153465,Paytm,request,Pune,Android,0
616,user_14,8070.55,2026-09-09 11:38:51.153465,Paytm,send,Bangalore,iOS,0
617,user_19,1513.51,2026-08-17 20:34:42.153465,Walmart,send,Chennai,iOS,0
618,user_19,4845.66,2026-08-16 06:56:32.153465,Flipkart,request,Mumbai,Web,0
619,user_6,2979.25,2026-08-14 11:52:18.153465,Swiggy,refund,Chennai,Android,0
620,user_1,1534.64,2026-08-21 12:53:52.153465,Zomato,send,Mumbai,Web,1
621,user_20,5745.35,2026-09-12 09:02:45.153465,Paytm,send,Delhi,Android,0
622,user_38,11518.61,2026-08-10 00:36:01.153465,Paytm,refund,Bangalore,Web,0
623,user_5,33832.71,2026-07-28 15:52:23.153465,Swiggy,send,Delhi,Android,1
624,user_46,856.58,2026-09-13 14:11:03.153465,Swiggy,request,Delhi,Android,0
625,user_39,1038.71,2026-08-06 15:19:28.153465,Swiggy,refund,Pune,Android,0
626,user_23,8406.2,2026-09-15 08:31:26.153465,Amazon,send,Pune,Android,0
627,user_25,644.45,2026-08-14 12:12:33.153465,Amazon,send,Pune,Android,0
628,user_33,1229.12,2026-08-16 17:40:24.153465,Zomato,refund,Delhi,Android,0
629,user_9,3266.12,2026-08-20 22:22:02.153465,Swiggy,send,Delhi,Web,1
630,user_47,348.13,2026-07-31 10:40:16.153465,Amazon,refund,Pune,Android,0
631,user_23,13591.02,2026-08-18 14:23:54.153465,Zomato,request,Pune,Android,0
632,user_39,514.15,2026-09-03 17:53:44.153465,Amazon,request,Mumbai,Android,0
633,user_45,715.03,2026-08-31 11:05:17.153465,Paytm,send,Mumbai,Web,0
634,user_45,2163.25,2026-09-05 20:29:12.153465,Paytm,request,Mumbai,iOS,0
635,user_35,59682.66,2026-07-22 04:34:11.153465,Flipkart,send,Mumbai,iOS,1
636,user_31,4777.28,2026-08-19 06:39:22.153465,Flipkart,request,Chennai,iOS,0
637,user_39,3255.39,2026-09-05 15:44:08.153465,Amazon,request,Mumbai,Web,0
638,user_48,420.44,2026-07-27 08:25:23.153465,Paytm,refund,Chennai,Web,0
639,user_8,1499.33,2026-08-29 16:56:09.153465,Amazon,request,Pune,Web,0
640,user_18,510.87,2026-09-09 01:47:10.153465,Walmart,send,Delhi,Web,0
641,user_29,4334.96,2026-09-14 03:43:57.153465,Flipkart,send,Pune,Android,1
642,user_43,6368.93,2026-08-01 07:10:26.153465,Flipkart,refund,Bangalore,iOS,0
643,user_27,8793.35,2026-08-15 00:17:03.153465,Flipkart,request,Bangalore,Web,0
644,user_48,1052.38,2026-07-25 13:15:33.153465,Swiggy,refund,Delhi,iOS,0
645,user_6,37753.51,2026-09-11 23:44:08.153465,Swiggy,refund,Mumbai,iOS,1
646,user_27,16617.68,2026-07-30 10:10:31.153465,Walmart,request,Pune,iOS,0
647,user_11,3484.95,2026-08-30 18:15:28.153465,Zomato,request,Bangalore,Web,0
648,user_29,3777.11,2026-07-27 07:27:19.153465,Flipkart,refund,Bangalore,Web,1
649,user_39,3937.02,2026-09-02 20:11:33.153465,Walmart,refund,Bangalore,iOS,0
650,user_25,450.38,2026-09-16 04:07:44.153465,Amazon,request,Bangalore,Android,0
651,user_46,4768.55,2026-08-31 09:48:52.153465,Walmart,request,Bangalore,Web,0
652,user_38,7616.59,2026-09-08 06:30:49.153465,Amazon,request,Bangalore,Android,0
653,user_43,5257.61,2026-08-01 01:31:33.153465,Flipkart,send,Bangalore,Web,0
654,user_16,356.41,2026-08-28 05:03:33.153465,Flipkart,request,Bangalore,Android,0
655,user_3,34818.43,2026-09-02 21:02:33.153465,Swiggy,refund,Pune,iOS,0
656,user_21,495.52,2026-08-01 21:01:54.153465,Zomato,request,Bangalore,Android,0
657,user_14,13454.2,2026-07-30 09:37:16.153465,Flipkart,send,Bangalore,Web,0
658,user_49,19999.25,2026-09-03 08:54:42.153465,Paytm,refund,Bangalore,Web,0
659,user_37,17455.65,2026-08-15 12:51:11.153465,Swiggy,send,Bangalore,iOS,0
660,user_49,113384.82,2026-09-13 01:02:51.153465,Flipkart,send,Mumbai,Android,1
661,user_16,864.89,2026-08-15 16:16:33.153465,Swiggy,request,Bangalore,Web,1
662,user_42,2375.79,2026-09-14 12:18:42.153465,Swiggy,send,Pune,iOS,0
663,user_39,947.36,2026-09-06 12:16:03.153465,Zomato,refund,Delhi,Web,0
664,user_45,1688.56,2026-08-01 09:18:05.153465,Flipkart,refund,Bangalore,iOS,0
665,user_30,15194.04,2026-09-04 02:29:28.153465,Swiggy,request,Chennai,iOS,0
666,user_18,2021.46,2026-07-26 02:32:45.153465,Flipkart,request,Delhi,Android,0
667,user_2,93019.33,2026-07-22 11:52:30.153465,Amazon,send,Pune,Android,0
668,user_28,2269.89,2026-08-25 21:03:56.153465,Paytm,refund,Delhi,iOS,0
669,user_38,49075.3,2026-09-09 15:54:15.153465,Amazon,send,Pune,iOS,0
670,user_6,4856.94,2026-09-12 15:59:17.153465,Zomato,request,Mumbai,Web,0
671,user_28,696.56,2026-09-07 21:50:52.153465,Swiggy,send,Delhi,iOS,0
672,user_11,3411.09,2026-07-23 17:25:12.153465,Flipkart,request,Delhi,Android,0
673,user_17,1940.38,2026-08-14 12:36:57.153465,Flipkart,request,Chennai,iOS,1
674,user_45,3569.66,2026-08-27 09:10:07.153465,Walmart,refund,Chennai,Web,0
675,user_3,30099.39,2026-09-07 20:45:30.153465,Paytm,send,Delhi,Android,0
676,user_35,13417.64,2026-09-04 02:31:18.153465,Amazon,send,Pune,Android,0
677,user_46,1473.51,2026-08-02 12:45:44.153465,Zomato,send,Delhi,iOS,0
678,user_33,1613.47,2026-08-31 17:34:28.153465,Amazon,send,Mumbai,Android,0
679,user_4,3870.58,2026-08-13 13:20:27.153465,Swiggy,refund,Mumbai,Web,0
680,user_47,891.21,2026-08-17 09:15:00.153465,Paytm,refund,Bangalore,iOS,0
681,user_11,2879.99,2026-08-28 00:43:36.153465,Flipkart,request,Chennai,iOS,0
682,user_29,2977.4,2026-09-16 18:45:49.153465,Paytm,request,Delhi,Android,0
683,user_44,10176.43,2026-09-15 21:12:28.153465,Swiggy,refund,Bangalore,Android,0
684,user_8,1664.79,2026-09-03 06:44:54.153465,Zomato,refund,Mumbai,iOS,0
685,user_14,19486.65,2026-07-21 15:44:20.153465,Zomato,send,Pune,iOS,0
686,user_40,7160.73,2026-08-21 12:31:55.153465,Zomato,refund,Mumbai,Web,0
687,user_40,12263.09,2026-08-31 00:15:10.153465,Flipkart,request,Pune,iOS,0
688,user_15,5419.68,2026-08-13 16:04:05.153465,Zomato,request,Chennai,iOS,0
689,user_18,693.21,2026-08-02 19:38:34.153465,Paytm,send,Pune,Web,0
690,user_12,21186.44,2026-09-11 03:59:52.153465,Zomato,refund,Mumbai,Web,0
691,user_41,4313.14,2026-07-29 00:22:19.153465,Flipkart,refund,Chennai,Android,0
692,user_28,2737.48,2026-08-30 05:01:40.153465,Amazon,send,Bangalore,Android,0
693,user_40,7083.84,2026-07-29 16:49:32.153465,Flipkart,refund,Pune,iOS,0
694,user_2,39679.89,2026-07-22 07:59:41.153465,Flipkart,send,Bangalore,Android,0
695,user_16,2078.71,2026-08-17 19:36:46.153465,Paytm,send,Pune,Web,0
696,user_10,4399.23,2026-07-22 08:28:48.153465,Flipkart,send,Chennai,iOS,1
697,user_27,16902.97,2026-08-15 02:50:00.153465,Amazon,send,Bangalore,Web,0
698,user_37,17913.48,2026-09-16 14:47:05.153465,Walmart,request,Pune,Web,0
699,user_27,8200.92,2026-08-02 23:43:36.153465,Swiggy,send,Bangalore,iOS,0
700,user_8,28482.94,2026-07-23 09:39:21.153465,Swiggy,request,Delhi,Android,1
701,user_2,29227.97,2026-08-17 21:18:26.153465,Amazon,send,Delhi,Android,0
702,user_13,5949.79,2026-09-07 18:19:23.153465,Amazon,send,Pune,iOS,0
703,user_49,8149.78,2026-08-09 01:26:25.153465,Walmart,request,Pune,iOS,0
704,user_44,18020.18,2026-08-11 22:57:49.153465,Flipkart,request,Chennai,Web,1
705,user_26,1125.22,2026-08-11 03:16:31.153465,Amazon,refund,Bangalore,Android,0
706,user_26,2800.75,2026-07-23 14:40:32.153465,Swiggy,request,Bangalore,iOS,0
707,user_32,3651.41,2026-08-21 16:06:15.153465,Swiggy,request,Pune,iOS,0
708,user_5,18787.42,2026-09-07 16:30:26.153465,Walmart,request,Delhi,iOS,0
709,user_29,3817.67,2026-07-31 04:51:15.153465,Amazon,request,Pune,Android,0
710,user_27,10408.11,2026-08-03 08:14:31.153465,Swiggy,request,Bangalore,Web,0
711,user_24,18660.96,2026-09-03 16:25:20.153465,Flipkart,send,Mumbai,Android,0
712,user_24,101797.87,2026-08-04 19:27:51.153465,Walmart,send,Chennai,iOS,1
713,user_22,8568.33,2026-07-26 07:55:05.153465,Paytm,request,Mumbai,Android,0
714,user_20,5555.64,2026-08-21 18:07:48.153465,Swiggy,refund,Pune,Android,0
715,user_23,10210.1,2026-08-25 15:36:18.153465,Zomato,refund,Chennai,Android,0
716,user_45,379.53,2026-08-12 04:20:00.153465,Zomato,request,Pune,Web,1
717,user_24,61077.44,2026-09-02 04:33:01.153465,Paytm,request,Delhi,iOS,1
718,user_12,57993.38,2026-07-23 04:41:46.153465,Paytm,refund,Mumbai,iOS,0
719,user_16,1912.92,2026-08-26 16:22:27.153465,Paytm,request,Bangalore,Android,0
720,user_33,2054.82,2026-09-08 00:25:06.153465,Paytm,refund,Chennai,Android,0
721,user_26,2088.19,2026-09-16 16:30:07.153465,Flipkart,request,Bangalore,Android,0
722,user_25,3201.33,2026-08-10 09:07:23.153465,Walmart,send,Delhi,iOS,0
723,user_18,3121.06,2026-08-16 02:10:13.153465,Zomato,request,Delhi,Android,0
724,user_48,2564.66,2026-07-27 16:25:18.153465,Zomato,send,Bangalore,iOS,0
725,user_31,38857.18,2026-08-13 01:44:43.153465,Paytm,send,Delhi,Android,1
726,user_15,16800.32,2026-09-13 10:12:56.153465,Amazon,refund,Mumbai,Android,0
727,user_3,40373.82,2026-08-03 06:01:03.153465,Swiggy,request,Mumbai,Web,0
728,user_48,2769.24,2026-09-08 23:14:07.153465,Flipkart,request,Pune,iOS,0
729,user_13,19528.07,2026-09-04 12:36:21.153465,Zomato,request,Mumbai,Web,0
730,user_32,1880.56,2026-09-11 18:29:44.153465,Swiggy,refund,Chennai,iOS,0
731,user_44,9588.61,2026-08-15 19:27:22.153465,Zomato,request,Chennai,Web,0
732,user_30,13551.26,2026-07-26 20:48:06.153465,Paytm,request,Delhi,Android,0
733,user_33,2471.95,2026-07-27 09:36:32.153465,Paytm,request,Chennai,iOS,0
734,user_22,5626.15,2026-07-30 16:35:20.153465,Zomato,refund,Bangalore,Web,0
735,user_12,24288.85,2026-09-04 19:23:04.153465,Zomato,refund,Mumbai,Android,0
736,user_14,14838.5,2026-08-05 05:21:36.153465,Walmart,send,Chennai,iOS,0
737,user_5,14195.57,2026-09-03 21:54:43.153465,Amazon,send,Delhi,Android,0
738,user_39,4636.9,2026-09-04 12:07:58.153465,Flipkart,send,Chennai,iOS,1
739,user_26,886.51,2026-08-24 08:54:49.153465,Zomato,request,Delhi,iOS,0
740,user_29,4007.42,2026-07-22 00:35:52.153465,Flipkart,send,Chennai,iOS,1
741,user_21,2355.33,2026-08-05 05:57:28.153465,Walmart,send,Delhi,Web,0
742,user_45,3768.49,2026-08-02 11:28:41.153465,Flipkart,request,Pune,iOS,0
743,user_41,1620.1,2026-08-29 07:19:20.153465,Swiggy,refund,Mumbai,Android,0
744,user_29,4902.01,2026-08-03 13:07:13.153465,Flipkart,refund,Bangalore,iOS,1
745,user_35,11900.76,2026-08-18 14:30:43.153465,Amazon,send,Bangalore,Web,0
746,user_18,3357.47,2026-08-07 12:04:30.153465,Zomato,send,Bangalore,Web,0
747,user_9,3265.71,2026-09-17 23:54:51.153465,Zomato,refund,Pune,Web,0
748,user_3,20214.49,2026-09-17 21:53:28.153465,Swiggy,request,Mumbai,Android,0
749,user_3,26224.76,2026-08-17 03:01:02.153465,Amazon,request,Mumbai,Android,0
750,user_8,13574.37,2026-09-11 20:14:58.153465,Amazon,request,Bangalore,iOS,1
751,user_39,1677.29,2026-07-29 11:43:48.153465,Zomato,send,Bangalore,iOS,0
752,user_32,1207.09,2026-08-14 20:31:49.153465,Amazon,refund,Delhi,Web,0
753,user_3,29207.31,2026-09-10 01:51:46.153465,Swiggy,request,Mumbai,Web,1
754,user_32,1959.24,2026-07-23 05:52:32.153465,Flipkart,refund,Delhi,iOS,0
755,user_8,4610.76,2026-09-04 05:15:29.153465,Flipkart,refund,Bangalore,iOS,1
756,user_15,30392.37,2026-08-01 08:25:02.153465,Flipkart,send,Bangalore,Android,1
757,user_46,1721.25,2026-08-12 15:10:13.153465,Walmart,refund,Pune,Web,0
758,user_45,338.37,2026-08-21 21:15:28.153465,Amazon,refund,Delhi,Android,0
759,user_34,10926.88,2026-09-15 05:13:49.153465,Swiggy,request,Pune,iOS,0
760,user_47,1348.61,2026-07-25 14:09:01.153465,Paytm,refund,Bangalore,Android,0
761,user_32,4533.98,2026-08-15 07:22:57.153465,Walmart,refund,Mumbai,Android,1
762,user_44,56050.95,2026-07-28 11:40:07.153465,Walmart,send,Chennai,iOS,1
763,user_47,3805.68,2026-09-06 07:31:56.153465,Flipkart,send,Bangalore,Web,0
764,user_32,479.98,2026-07-25 23:37:24.153465,Walmart,request,Chennai,iOS,0
765,user_43,11753.76,2026-09-14 14:00:03.153465,Paytm,request,Pune,iOS,0
766,user_21,2107.49,2026-09-01 09:11:31.153465,Swiggy,request,Chennai,Web,0
767,user_7,300000.0,2026-08-27 09:18:30.153465,Swiggy,refund,Pune,Web,1
768,user_23,19648.57,2026-08-18 11:39:45.153465,Zomato,send,Delhi,iOS,0
769,user_37,14628.5,2026-08-22 01:56:46.153465,Flipkart,send,Bangalore,Android,0
770,user_27,14089.71,2026-08-09 14:24:08.153465,Amazon,request,Bangalore,Android,0
771,user_47,4604.82,2026-08-28 20:48:55.153465,Amazon,send,Pune,iOS,0
772,user_41,546.79,2026-07-25 06:36:40.153465,Swiggy,request,Bangalore,iOS,0
773,user_26,2677.23,2026-09-14 20:25:30.153465,Walmart,send,Bangalore,Android,1
774,user_37,30767.33,2026-08-14 11:51:45.153465,Zomato,refund,Bangalore,iOS,1
775,user_18,1653.21,2026-08-14 19:23:12.153465,Paytm,send,Pune,Web,0
776,user_17,796.09,2026-09-17 20:24:33.153465,Flipkart,request,Bangalore,Android,0
777,user_42,9639.41,2026-09-05 18:19:24.153465,Swiggy,send,Pune,Android,0
778,user_21,1656.35,2026-08-29 01:16:50.153465,Walmart,send,Chennai,Android,0
779,user_36,3544.63,2026-09-03 05:44:20.153465,Amazon,send,Chennai,iOS,0
780,user_13,11156.96,2026-08-04 00:36:45.153465,Paytm,send,Mumbai,Web,0
781,user_19,2118.23,2026-08-07 13:27:53.153465,Swiggy,request,Pune,Web,0
782,user_1,846.47,2026-09-18 09:48:31.153465,Amazon,refund,Delhi,Web,0
783,user_2,22079.3,2026-08-25 00:03:32.153465,Zomato,request,Bangalore,iOS,0
784,user_14,6166.47,2026-08-25 21:49:23.153465,Walmart,request,Bangalore,Android,0
785,user_8,4041.66,2026-08-08 21:10:30.153465,Zomato,refund,Pune,Android,0
786,user_19,3017.85,2026-07-22 06:04:40.153465,Zomato,request,Bangalore,iOS,0
787,user_42,36669.15,2026-08-25 06:10:38.153465,Swiggy,send,Delhi,Web,1
788,user_25,3547.5,2026-07-21 23:57:25.153465,Walmart,refund,Mumbai,Android,0
789,user_46,4384.63,2026-07-29 07:46:51.153465,Amazon,send,Mumbai,Android,1
790,user_15,11773.17,2026-08-30 10:36:28.153465,Zomato,request,Pune,iOS,0
791,user_22,8455.41,2026-09-12 11:45:32.153465,Zomato,request,Chennai,Android,1
792,user_40,9379.13,2026-09-13 22:34:57.153465,Walmart,send,Pune,Web,0
793,user_20,14772.23,2026-08-22 10:42:02.153465,Flipkart,send,Pune,Android,0
794,user_40,9056.81,2026-07-22 22:37:33.153465,Paytm,refund,Bangalore,Web,0
795,user_33,1858.25,2026-08-28 18:05:40.153465,Zomato,refund,Delhi,Android,0
796,user_45,2448.59,2026-09-04 03:18:54.153465,Paytm,send,Delhi,iOS,0
797,user_16,1280.12,2026-08-22 00:51:37.153465,Amazon,refund,Bangalore,iOS,0
798,user_49,7567.4,2026-08-24 14:02:43.153465,Paytm,request,Pune,Android,0
799,user_42,2752.29,2026-08-05 20:02:53.153465,Paytm,request,Mumbai,iOS,0
800,user_44,14595.43,2026-08-20 06:32:37.153465,Amazon,send,Bangalore,Android,0
801,user_11,1929.55,2026-08-25 08:25:02.153465,Flipkart,refund,Mumbai,Web,1
802,user_1,1059.73,2026-08-28 01:21:28.153465,Swiggy,send,Pune,Web,1
803,user_5,11763.42,2026-08-02 09:00:35.153465,Swiggy,send,Delhi,Web,0
804,user_16,2888.24,2026-09-10 18:55:31.153465,Swiggy,send,Bangalore,Android,0
805,user_42,2618.17,2026-08-12 12:42:39.153465,Zomato,refund,Chennai,iOS,0
806,user_16,2587.11,2026-08-07 15:12:02.153465,Walmart,refund,Chennai,iOS,0
807,user_9,1602.38,2026-08-02 20:40:24.153465,Paytm,request,Delhi,iOS,0
808,user_46,4201.88,2026-07-28 23:06:18.153465,Swiggy,send,Delhi,Web,0
809,user_50,960.91,2026-08-11 20:08:39.153465,Zomato,refund,Pune,Android,0
810,user_7,16204.02,2026-08-04 00:47:36.153465,Amazon,send,Delhi,iOS,1
811,user_30,19274.24,2026-08-21 02:18:13.153465,Amazon,send,Pune,Web,0
812,user_38,19431.12,2026-07-26 07:18:49.153465,Paytm,refund,Chennai,Web,1
813,user_35,19239.66,2026-09-05 18:38:47.153465,Swiggy,request,Chennai,Web,0
814,user_20,17670.39,2026-08-05 21:20:00.153465,Zomato,request,Pune,Android,0
815,user_48,2625.46,2026-07-24 09:49:17.153465,Amazon,request,Chennai,Web,0
816,user_45,1375.44,2026-09-07 23:11:21.153465,Flipkart,send,Bangalore,Web,1
817,user_49,19358.7,2026-08-13 18:43:24.153465,Amazon,send,Pune,Android,0
818,user_7,24494.34,2026-09-06 04:31:23.153465,Swiggy,request,Bangalore,iOS,0
819,user_30,19067.1,2026-08-20 22:58:54.153465,Swiggy,send,Mumbai,iOS,0
820,user_26,1163.68,2026-07-31 23:54:20.153465,Walmart,send,Mumbai,Android,0
821,user_31,3509.95,2026-08-16 11:35:59.153465,Walmart,refund,Pune,Web,0
822,user_37,40656.86,2026-08-18 20:04:02.153465,Amazon,refund,Delhi,Web,1
823,user_8,4379.81,2026-07-25 03:09:46.153465,Walmart,request,Mumbai,Web,0
824,user_42,1033.15,2026-08-15 12:27:58.153465,Zomato,refund,Delhi,Android,0
825,user_41,3972.38,2026-08-01 10:03:06.153465,Walmart,request,Bangalore,Web,0
826,user_44,11277.71,2026-08-04 19:20:34.153465,Zomato,request,Chennai,Android,0
827,user_7,31216.89,2026-08-07 09:24:38.153465,Amazon,request,Bangalore,Android,1
828,user_42,3714.36,2026-07-27 03:28:52.153465,Walmart,refund,Pune,Android,0
829,user_42,4945.09,2026-08-15 14:29:41.153465,Swiggy,refund,Pune,Android,0
830,user_24,7043.62,2026-09-15 06:57:05.153465,Amazon,send,Delhi,Web,1
831,user_40,16085.93,2026-09-12 00:54:48.153465,Walmart,refund,Bangalore,Android,0
832,user_44,19489.34,2026-07-29 11:52:57.153465,Amazon,request,Delhi,iOS,0
833,user_26,3389.36,2026-08-11 10:56:51.153465,Swiggy,request,Bangalore,Web,0
834,user_23,12793.72,2026-09-08 22:56:07.153465,Paytm,refund,Mumbai,Web,1
835,user_11,2197.67,2026-08-26 22:28:32.153465,Amazon,refund,Pune,iOS,0
836,user_15,8054.79,2026-08-26 02:08:26.153465,Amazon,send,Pune,Web,0
837,user_9,711.4,2026-08-29 00:21:19.153465,Flipkart,refund,Chennai,Android,0
838,user_2,277852.06,2026-09-14 14:07:49.153465,Amazon,refund,Bangalore,iOS,1
839,user_14,17680.61,2026-08-19 04:02:38.153465,Flipkart,request,Bangalore,Web,0
840,user_14,7184.13,2026-09-10 19:53:16.153465,Amazon,send,Chennai,Android,0
841,user_19,474.56,2026-08-12 06:51:58.153465,Flipkart,refund,Chennai,Android,0
842,user_24,16977.18,2026-09-17 19:09:19.153465,Flipkart,request,Pune,iOS,0
843,user_14,15240.29,2026-08-05 03:23:35.153465,Swiggy,request,Mumbai,iOS,1
844,user_23,16676.48,2026-08-19 09:24:32.153465,Paytm,send,Chennai,iOS,0
845,user_37,13391.23,2026-07-21 19:36:43.153465,Paytm,send,Mumbai,Android,0
846,user_42,1015.98,2026-08-29 02:21:45.153465,Swiggy,refund,Delhi,Android,1
847,user_45,4905.95,2026-07-30 12:22:01.153465,Zomato,refund,Bangalore,Web,1
848,user_28,10677.85,2026-08-23 11:20:56.153465,Zomato,request,Mumbai,Android,1
849,user_32,3940.88,2026-08-29 22:10:34.153465,Swiggy,refund,Pune,Android,0
850,user_29,4024.83,2026-08-30 14:20:04.153465,Flipkart,refund,Chennai,iOS,0
851,user_24,14743.37,2026-09-12 11:18:43.153465,Amazon,send,Delhi,Android,0
852,user_39,1095.2,2026-08-31 03:44:13.153465,Swiggy,request,Chennai,iOS,0
853,user_8,2139.72,2026-08-15 08:23:02.153465,Swiggy,request,Delhi,iOS,0
854,user_25,4253.44,2026-08-20 11:15:36.153465,Paytm,refund,Pune,iOS,1
855,user_33,1954.06,2026-09-09 04:21:10.153465,Flipkart,send,Chennai,iOS,0
856,user_43,13140.36,2026-09-14 18:30:10.153465,Amazon,refund,Pune,Android,0
857,user_31,1912.1,2026-07-23 14:10:42.153465,Flipkart,send,Chennai,Web,0
858,user_44,6915.5,2026-07-29 16:26:12.153465,Swiggy,send,Pune,Android,0
859,user_20,19752.53,2026-08-31 19:05:51.153465,Walmart,send,Pune,Android,0
860,user_35,19758.4,2026-09-12 05:12:40.153465,Zomato,send,Bangalore,Android,0
861,user_4,3567.06,2026-08-10 05:13:34.153465,Walmart,refund,Bangalore,Android,0
862,user_12,53152.79,2026-07-23 22:11:36.153465,Zomato,request,Mumbai,iOS,0
863,user_17,907.78,2026-09-17 19:20:36.153465,Walmart,refund,Pune,Android,0
864,user_11,399.98,2026-08-05 01:28:54.153465,Flipkart,send,Bangalore,Android,0
865,user_33,974.48,2026-08-12 17:18:23.153465,Paytm,refund,Chennai,Android,0
866,user_4,3166.22,2026-07-28 21:13:21.153465,Walmart,request,Chennai,Web,1
867,user_19,2167.15,2026-09-11 06:27:59.153465,Paytm,request,Delhi,Web,0
868,user_33,4091.92,2026-09-06 22:35:30.153465,Swiggy,send,Bangalore,iOS,0
869,user_13,16531.53,2026-08-03 18:12:15.153465,Zomato,refund,Delhi,Web,0
870,user_18,2477.36,2026-08-20 02:07:20.153465,Amazon,send,Delhi,Android,0
871,user_5,19073.66,2026-07-25 16:58:17.153465,Swiggy,send,Bangalore,Android,0
872,user_49,137548.47,2026-08-11 17:57:19.153465,Amazon,request,Bangalore,iOS,1
873,user_45,217.58,2026-09-04 22:35:26.153465,Paytm,request,Bangalore,Web,0
874,user_23,11524.9,2026-07-27 07:06:45.153465,Walmart,request,Chennai,Web,0
875,user_15,51890.7,2026-08-22 16:13:04.153465,Zomato,refund,Pune,Web,1
876,user_5,7070.8,2026-09-16 06:10:32.153465,Zomato,refund,Bangalore,Android,0
877,user_27,16619.69,2026-08-22 04:49:51.153465,Walmart,request,Delhi,iOS,0
878,user_11,1665.3,2026-09-10 07:43:46.153465,Paytm,send,Bangalore,Android,0
879,user_23,18151.71,2026-08-30 13:26:46.153465,Amazon,refund,Pune,Web,1
880,user_31,2070.6,2026-08-18 10:42:24.153465,Amazon,send,Delhi,Web,0
881,user_29,4230.68,2026-08-31 22:18:12.153465,Swiggy,send,Pune,Web,0
882,user_47,3642.49,2026-09-07 12:37:30.153465,Walmart,request,Pune,Web,0
883,user_1,3979.41,2026-07-22 04:25:07.153465,Walmart,send,Mumbai,Android,0
884,user_18,1623.88,2026-08-18 04:30:42.153465,Swiggy,send,Mumbai,Web,0
885,user_49,16275.87,2026-08-22 13:56:02.153465,Swiggy,request,Pune,iOS,0
886,user_9,4677.97,2026-09-03 23:56:31.153465,Amazon,request,Bangalore,Android,0
887,user_36,1324.68,2026-08-21 12:43:55.153465,Swiggy,request,Delhi,Web,0
888,user_29,11189.81,2026-07-31 01:49:56.153465,Paytm,request,Delhi,Android,1
889,user_44,14561.37,2026-08-12 12:37:34.153465,Paytm,refund,Mumbai,Android,0
890,user_23,15515.24,2026-09-14 16:40:53.153465,Swiggy,send,Mumbai,Web,0
891,user_49,5230.37,2026-07-22 10:56:25.153465,Amazon,send,Mumbai,iOS,0
892,user_7,19639.28,2026-09-12 10:52:06.153465,Zomato,refund,Mumbai,iOS,0
893,user_1,13875.59,2026-08-13 04:50:08.153465,Amazon,refund,Chennai,Web,1
894,user_33,1596.38,2026-09-09 12:34:39.153465,Zomato,request,Mumbai,Android,0
895,user_26,8775.71,2026-08-02 04:34:36.153465,Paytm,refund,Chennai,Android,1
896,user_3,47997.69,2026-08-11 13:51:00.153465,Swiggy,refund,Bangalore,iOS,0
897,user_1,3234.92,2026-08-11 14:58:27.153465,Paytm,request,Bangalore,iOS,0
898,user_50,2008.12,2026-08-13 13:10:31.153465,Amazon,refund,Delhi,iOS,0
899,user_24,6994.84,2026-08-23 15:28:27.153465,Zomato,refund,Mumbai,iOS,0
900,user_16,14767.95,2026-09-02 00:39:36.153465,Zomato,request,Pune,iOS,1
901,user_37,34848.92,2026-08-13 09:55:08.153465,Flipkart,request,Bangalore,Android,1
902,user_43,15974.12,2026-08-31 10:48:25.153465,Flipkart,refund,Mumbai,Web,1
903,user_9,3032.68,2026-08-06 13:08:15.153465,Amazon,send,Bangalore,Android,0
904,user_28,497.44,2026-08-10 01:17:25.153465,Walmart,send,Chennai,Web,0
905,user_14,13429.68,2026-09-06 13:16:07.153465,Walmart,request,Mumbai,iOS,0
906,user_43,10557.71,2026-07-25 02:43:00.153465,Zomato,request,Chennai,Android,0
907,user_15,15691.95,2026-08-27 10:42:29.153465,Swiggy,refund,Delhi,Web,0
908,user_36,3498.08,2026-09-03 05:25:42.153465,Paytm,request,Pune,Web,0
909,user_43,7742.87,2026-08-30 11:27:29.153465,Flipkart,send,Chennai,iOS,0
910,user_33,3283.03,2026-08-11 19:33:58.153465,Walmart,send,Chennai,Web,0
911,user_40,13408.08,2026-08-21 15:40:31.153465,Swiggy,refund,Pune,iOS,0
912,user_37,7081.49,2026-07-31 05:31:50.153465,Walmart,request,Chennai,Web,0
913,user_39,4322.31,2026-08-31 11:01:51.153465,Zomato,send,Bangalore,iOS,0
914,user_21,3342.96,2026-08-26 16:04:26.153465,Walmart,request,Delhi,Web,0
915,user_41,14241.76,2026-08-08 00:10:48.153465,Paytm,refund,Bangalore,Android,1
916,user_30,17121.12,2026-08-29 03:18:21.153465,Flipkart,refund,Delhi,Android,0
917,user_32,1633.27,2026-07-24 01:51:04.153465,Zomato,refund,Delhi,iOS,0
918,user_15,10971.15,2026-08-08 04:27:50.153465,Zomato,send,Delhi,Android,0
919,user_7,55605.08,2026-08-18 05:08:12.153465,Swiggy,refund,Pune,Web,0
920,user_39,2015.38,2026-08-14 05:49:56.153465,Paytm,send,Chennai,Web,0
921,user_33,34882.31,2026-08-09 18:57:14.153465,Walmart,request,Chennai,iOS,1
922,user_29,9155.96,2026-09-10 18:25:57.153465,Zomato,refund,Bangalore,Android,0
923,user_1,4996.27,2026-09-18 03:35:42.153465,Walmart,request,Pune,iOS,0
924,user_39,4336.31,2026-09-09 01:59:13.153465,Flipkart,send,Mumbai,Web,1
925,user_16,8222.64,2026-09-10 23:44:41.153465,Zomato,request,Bangalore,Android,1
926,user_33,1830.23,2026-09-02 18:03:36.153465,Zomato,send,Bangalore,Web,1
927,user_45,4144.48,2026-07-25 08:46:20.153465,Swiggy,refund,Mumbai,Android,0
928,user_32,4273.8,2026-08-31 10:25:34.153465,Walmart,refund,Mumbai,Android,1
929,user_6,373.81,2026-07-30 16:46:52.153465,Paytm,send,Mumbai,iOS,1
930,user_50,1724.49,2026-08-01 17:05:03.153465,Swiggy,refund,Delhi,Web,0
931,user_36,1747.17,2026-08-23 14:21:37.153465,Swiggy,request,Mumbai,Web,0
932,user_15,14451.18,2026-08-31 07:52:15.153465,Swiggy,refund,Bangalore,iOS,0
933,user_9,14759.85,2026-08-03 04:10:24.153465,Amazon,send,Bangalore,Android,1
934,user_5,45295.87,2026-08-02 14:56:45.153465,Paytm,refund,Bangalore,Android,1
935,user_10,1630.49,2026-08-30 05:37:26.153465,Walmart,refund,Bangalore,Android,0
936,user_27,7834.61,2026-09-15 00:59:39.153465,Zomato,refund,Delhi,Web,0
937,user_10,4619.79,2026-09-08 11:43:00.153465,Paytm,refund,Delhi,Web,0
938,user_33,773.45,2026-08-18 09:19:46.153465,Paytm,send,Mumbai,iOS,0
939,user_30,7254.45,2026-08-05 21:35:12.153465,Paytm,request,Delhi,Web,0
940,user_28,3465.39,2026-07-23 20:06:09.153465,Flipkart,request,Bangalore,Web,0
941,user_27,8633.22,2026-08-13 11:10:28.153465,Walmart,request,Chennai,iOS,0
942,user_39,3146.88,2026-09-08 02:18:19.153465,Flipkart,request,Delhi,Android,0
943,user_47,1903.69,2026-08-01 05:36:09.153465,Walmart,refund,Delhi,Android,0
944,user_11,1191.61,2026-07-24 11:34:36.153465,Swiggy,request,Delhi,iOS,0
945,user_25,3555.42,2026-09-18 19:55:59.153465,Flipkart,request,Pune,Android,0
946,user_50,3961.57,2026-09-08 20:45:12.153465,Swiggy,refund,Mumbai,Web,1
947,user_15,10852.14,2026-08-12 08:26:39.153465,Amazon,request,Chennai,Android,0
948,user_5,18729.36,2026-08-10 00:11:43.153465,Walmart,send,Bangalore,Web,0
949,user_44,5127.69,2026-08-15 01:33:27.153465,Swiggy,request,Mumbai,iOS,0
950,user_17,620.62,2026-08-14 02:19:08.153465,Zomato,refund,Mumbai,Android,0
951,user_24,6363.09,2026-08-14 00:42:37.153465,Swiggy,request,Chennai,iOS,0
952,user_34,4219.03,2026-08-07 05:34:30.153465,Amazon,refund,Delhi,Web,0
953,user_13,7947.34,2026-08-01 19:48:58.153465,Walmart,refund,Mumbai,iOS,0
954,user_9,4446.04,2026-09-03 03:01:38.153465,Walmart,refund,Pune,Android,1
955,user_16,2392.29,2026-09-02 19:49:50.153465,Flipkart,request,Chennai,iOS,0
956,user_31,3087.97,2026-08-28 15:07:11.153465,Amazon,refund,Pune,Web,0
957,user_31,4154.2,2026-08-01 07:26:41.153465,Walmart,request,Chennai,Web,0
958,user_33,1159.97,2026-08-30 10:24:43.153465,Paytm,send,Pune,Android,0
959,user_13,6943.41,2026-09-02 09:36:08.153465,Paytm,refund,Mumbai,Web,0
960,user_1,2001.81,2026-08-09 09:46:38.153465,Walmart,refund,Mumbai,Web,0
961,user_31,3041.11,2026-08-05 20:09:29.153465,Flipkart,refund,Mumbai,Web,0
962,user_16,2994.59,2026-08-20 12:03:25.153465,Walmart,refund,Bangalore,iOS,0
963,user_20,6764.12,2026-08-28 08:53:28.153465,Swiggy,request,Bangalore,Web,0
964,user_39,4304.43,2026-07-31 01:29:44.153465,Flipkart,send,Delhi,Android,1
965,user_29,591.78,2026-09-02 18:59:02.153465,Amazon,refund,Chennai,Web,0
966,user_13,6151.08,2026-07-26 01:48:39.153465,Walmart,send,Delhi,Android,0
967,user_42,4792.03,2026-09-02 16:08:08.153465,Flipkart,send,Mumbai,Web,1
968,user_12,233496.88,2026-07-26 22:26:21.153465,Amazon,refund,Pune,Web,1
969,user_43,13916.46,2026-09-08 00:51:50.153465,Amazon,send,Bangalore,Android,0
970,user_48,205.74,2026-09-05 00:34:26.153465,Amazon,refund,Delhi,iOS,0
971,user_13,7845.16,2026-08-05 00:17:50.153465,Flipkart,send,Delhi,Android,0
972,user_14,7549.97,2026-09-06 14:30:58.153465,Flipkart,request,Chennai,Android,0
973,user_38,17716.88,2026-09-08 18:59:46.153465,Amazon,refund,Chennai,iOS,0
974,user_45,8760.41,2026-09-01 10:30:03.153465,Amazon,refund,Pune,Android,0
975,user_35,10558.74,2026-08-11 14:21:23.153465,Swiggy,request,Mumbai,Web,0
976,user_35,14577.86,2026-09-07 21:14:36.153465,Paytm,request,Bangalore,Android,0
977,user_35,19657.78,2026-09-01 11:15:29.153465,Amazon,refund,Pune,Web,1
978,user_45,1793.42,2026-08-12 09:43:40.153465,Paytm,refund,Mumbai,iOS,0
979,user_44,17216.78,2026-07-27 23:36:08.153465,Zomato,refund,Chennai,Web,1
980,user_18,3120.13,2026-08-21 04:36:27.153465,Walmart,request,Chennai,Android,0
981,user_22,12555.94,2026-08-29 06:45:26.153465,Zomato,send,Mumbai,iOS,0
982,user_13,18292.48,2026-08-18 23:23:01.153465,Paytm,request,Bangalore,Web,0
983,user_14,14056.39,2026-08-05 19:17:47.153465,Flipkart,refund,Pune,Android,0
984,user_13,18575.22,2026-08-28 08:53:49.153465,Zomato,request,Pune,iOS,0
985,user_11,3201.53,2026-09-14 23:45:59.153465,Flipkart,request,Pune,Web,0
986,user_28,14779.37,2026-09-14 20:59:46.153465,Paytm,send,Bangalore,iOS,1
987,user_9,640.89,2026-07-30 10:20:34.153465,Swiggy,refund,Mumbai,Android,0
988,user_10,1368.61,2026-09-10 00:45:59.153465,Swiggy,refund,Bangalore,iOS,0
989,user_47,594.56,2026-07-22 09:45:56.153465,Swiggy,refund,Chennai,Web,0
990,user_12,38080.97,2026-08-05 03:08:45.153465,Swiggy,request,Bangalore,Android,0
991,user_41,4708.84,2026-09-15 15:01:54.153465,Amazon,refund,Delhi,Web,0
992,user_5,13990.76,2026-08-17 17:50:56.153465,Paytm,refund,Bangalore,Web,0
993,user_50,4535.29,2026-08-31 10:34:59.153465,Amazon,request,Pune,Android,0
994,user_22,6661.5,2026-08-20 17:25:12.153465,Zomato,refund,Mumbai,iOS,0
995,user_30,8074.85,2026-08-03 22:10:19.153465,Flipkart,send,Delhi,iOS,0
996,user_37,14245.44,2026-08-22 09:19:08.153465,Zomato,send,Chennai,Android,0
997,user_41,757.28,2026-09-03 16:25:10.153465,Flipkart,send,Chennai,Web,0
998,user_36,1434.78,2026-09-18 02:40:52.153465,Flipkart,request,Pune,Android,0
999,user_49,95817.65,2026-09-12 12:14:58.153465,Walmart,refund,Mumbai,Web,1
1000,user_30,12264.5,2026-07-21 18:50:44.153465,Swiggy,send,Mumbai,Android,0
1001,user_19,510.86,2026-08-26 01:49:06.153465,Swiggy,request,Bangalore,iOS,0
1002,user_37,42997.66,2026-09-06 20:21:56.153465,Zomato,request,Delhi,Android,1
1003,user_39,1905.85,2026-08-08 12:08:38.153465,Swiggy,request,Bangalore,iOS,0
1004,user_31,1493.82,2026-09-07 12:41:52.153465,Walmart,request,Mumbai,iOS,0
1005,user_37,15761.32,2026-08-17 02:10:08.153465,Zomato,request,Pune,iOS,1
1006,user_15,37313.31,2026-09-07 16:09:33.153465,Walmart,send,Chennai,iOS,0
1007,user_29,3977.0,2026-08-25 22:45:06.153465,Walmart,refund,Pune,Web,0
1008,user_43,17857.97,2026-09-10 19:55:40.153465,Flipkart,refund,Mumbai,Web,0
1009,user_41,2357.14,2026-08-19 18:14:56.153465,Flipkart,refund,Bangalore,iOS,1
1010,user_42,11200.23,2026-08-15 21:34:31.153465,Walmart,send,Bangalore,Android,1
1011,user_3,96207.37,2026-09-14 08:04:15.153465,Amazon,refund,Delhi,Web,1
1012,user_21,1525.32,2026-08-07 02:09:45.153465,Swiggy,refund,Pune,Web,0
1013,user_32,10532.25,2026-09-15 12:19:51.153465,Amazon,refund,Pune,Web,1
1014,user_18,2880.09,2026-09-06 23:29:22.153465,Zomato,refund,Chennai,Android,0
1015,user_33,862.05,2026-08-10 22:30:27.153465,Flipkart,request,Mumbai,Web,0
1016,user_10,4188.0,2026-07-31 12:12:55.153465,Amazon,refund,Bangalore,Android,0
1017,user_21,469.98,2026-09-02 03:57:15.153465,Walmart,send,Pune,Android,0
1018,user_34,4458.03,2026-09-12 13:13:18.153465,Walmart,refund,Bangalore,Web,1
1019,user_36,2578.74,2026-07-29 19:03:12.153465,Walmart,request,Pune,Android,0
1020,user_43,18921.98,2026-08-25 08:06:18.153465,Walmart,send,Pune,Android,0
1021,user_37,7431.4,2026-08-18 13:54:46.153465,Swiggy,request,Chennai,Android,0
1022,user_39,1700.7,2026-08-26 20:32:10.153465,Paytm,refund,Chennai,Android,0
1023,user_18,2806.7,2026-08-13 22:22:46.153465,Amazon,send,Bangalore,iOS,0
1024,user_44,10919.6,2026-08-06 17:58:59.153465,Walmart,refund,Pune,Web,0
1025,user_9,2088.16,2026-08-22 17:42:55.153465,Paytm,refund,Bangalore,iOS,0
1026,user_36,1677.79,2026-08-19 09:21:37.153465,Paytm,refund,Pune,Web,0
1027,user_9,4138.86,2026-08-11 07:30:02.153465,Paytm,refund,Mumbai,iOS,0
1028,user_2,28216.09,2026-08-20 23:45:08.153465,Amazon,send,Delhi,Web,0
1029,user_41,4813.48,2026-07-26 07:10:29.153465,Paytm,refund,Chennai,Android,1
1030,user_30,19847.85,2026-09-17 04:47:51.153465,Swiggy,request,Chennai,Android,0
1031,user_46,2048.57,2026-08-22 14:07:01.153465,Paytm,request,Delhi,Web,0
1032,user_10,3497.27,2026-07-29 04:18:44.153465,Zomato,send,Mumbai,Android,0
1033,user_42,12592.54,2026-07-29 06:18:00.153465,Swiggy,refund,Bangalore,Android,1
1034,user_34,2181.8,2026-08-07 17:36:35.153465,Flipkart,request,Delhi,iOS,0
1035,user_3,25696.08,2026-08-23 07:28:58.153465,Flipkart,request,Bangalore,iOS,0
1036,user_8,14042.03,2026-08-06 05:50:27.153465,Paytm,refund,Mumbai,iOS,1
1037,user_20,9922.78,2026-09-07 08:31:38.153465,Amazon,refund,Mumbai,Web,0
1038,user_17,2545.55,2026-08-28 15:01:13.153465,Amazon,refund,Mumbai,iOS,0
1039,user_3,15276.4,2026-08-19 04:46:21.153465,Paytm,request,Pune,Web,0
1040,user_31,1081.98,2026-08-10 14:17:05.153465,Paytm,refund,Chennai,iOS,0
1041,user_33,1925.85,2026-09-04 13:23:17.153465,Amazon,request,Chennai,Android,0
1042,user_9,4949.79,2026-09-02 19:35:46.153465,Zomato,refund,Bangalore,Android,0
1043,user_29,4546.99,2026-08-04 13:20:18.153465,Amazon,send,Bangalore,iOS,1
1044,user_45,1067.91,2026-08-23 10:44:23.153465,Zomato,request,Mumbai,iOS,0
1045,user_50,802.57,2026-08-13 23:08:26.153465,Amazon,send,Bangalore,Web,0
1046,user_35,9934.66,2026-09-16 16:41:58.153465,Walmart,send,Pune,iOS,0
1047,user_42,10183.06,2026-08-22 12:07:31.153465,Flipkart,send,Pune,iOS,1
1048,user_13,11114.38,2026-08-17 04:37:37.153465,Zomato,request,Mumbai,Android,0
1049,user_2,53566.14,2026-09-09 06:51:19.153465,Walmart,send,Mumbai,iOS,0
1050,user_4,1158.21,2026-08-05 17:05:40.153465,Paytm,refund,Pune,iOS,0
1051,user_43,6729.29,2026-07-28 16:48:49.153465,Swiggy,send,Pune,Android,0
1052,user_41,3868.56,2026-09-17 11:33:55.153465,Flipkart,request,Delhi,iOS,0
1053,user_2,23504.46,2026-09-10 21:55:04.153465,Amazon,refund,Mumbai,Web,0
1054,user_5,6067.78,2026-07-31 10:04:16.153465,Flipkart,request,Delhi,iOS,0
1055,user_42,3305.16,2026-08-26 12:49:31.153465,Amazon,request,Delhi,iOS,1
1056,user_40,5697.94,2026-09-03 08:38:06.153465,Flipkart,request,Bangalore,Android,0
1057,user_15,5078.93,2026-08-22 00:18:02.153465,Swiggy,request,Delhi,Android,0
1058,user_14,17295.46,2026-08-09 16:24:44.153465,Zomato,refund,Chennai,iOS,0
1059,user_11,3810.91,2026-08-23 00:12:43.153465,Swiggy,send,Pune,Android,0
1060,user_33,4206.66,2026-08-19 04:51:40.153465,Walmart,send,Delhi,Android,0
1061,user_14,13584.18,2026-07-22 09:14:21.153465,Amazon,send,Pune,Android,0
1062,user_6,3313.7,2026-08-09 18:17:20.153465,Paytm,send,Chennai,Android,0
1063,user_17,3115.64,2026-09-10 23:10:19.153465,Paytm,refund,Mumbai,iOS,0
1064,user_11,1374.6,2026-07-26 02:13:14.153465,Swiggy,send,Bangalore,Android,0
1065,user_27,5741.75,2026-08-22 07:08:06.153465,Amazon,refund,Delhi,iOS,0
1066,user_13,9724.57,2026-08-20 19:48:54.153465,Zomato,send,Chennai,Android,0
1067,user_46,4453.41,2026-08-22 03:20:02.153465,Walmart,request,Mumbai,Android,1
1068,user_44,15688.73,2026-08-30 04:31:08.153465,Swiggy,refund,Chennai,Android,0
1069,user_43,19172.66,2026-08-04 08:10:01.153465,Zomato,request,Delhi,iOS,0
1070,user_38,14205.47,2026-08-16 13:07:07.153465,Flipkart,send,Bangalore,Web,0
1071,user_4,16501.93,2026-07-23 04:39:56.153465,Flipkart,send,Chennai,iOS,0
1072,user_36,3732.2,2026-08-02 10:06:20.153465,Walmart,request,Mumbai,Web,0
1073,user_26,9032.03,2026-08-04 17:37:27.153465,Walmart,send,Chennai,Android,1
1074,user_13,8236.64,2026-09-10 10:54:24.153465,Paytm,request,Delhi,iOS,0
1075,user_41,12292.98,2026-08-08 12:19:00.153465,Amazon,request,Chennai,Android,1
1076,user_24,16670.15,2026-08-29 11:54:11.153465,Swiggy,request,Delhi,iOS,0
1077,user_41,1924.79,2026-08-20 16:01:04.153465,Amazon,refund,Bangalore,Android,1
1078,user_10,4501.48,2026-08-23 04:00:43.153465,Walmart,send,Chennai,iOS,1
1079,user_11,664.5,2026-08-10 18:26:07.153465,Paytm,request,Delhi,Android,0
1080,user_3,20324.14,2026-07-30 18:18:30.153465,Paytm,request,Bangalore,Android,0
1081,user_24,9128.16,2026-09-16 19:50:30.153465,Paytm,send,Bangalore,Android,0
1082,user_26,4398.91,2026-08-13 08:38:54.153465,Flipkart,request,Mumbai,iOS,0
1083,user_39,4100.87,2026-08-27 17:39:48.153465,Paytm,send,Bangalore,Android,0
1084,user_35,6241.9,2026-07-23 08:55:07.153465,Zomato,refund,Mumbai,Web,0
1085,user_48,983.02,2026-08-27 12:48:34.153465,Walmart,request,Pune,iOS,0
1086,user_25,1679.21,2026-07-28 01:05:52.153465,Walmart,refund,Bangalore,Web,0
1087,user_35,16195.66,2026-08-08 11:27:03.153465,Swiggy,request,Bangalore,iOS,0
1088,user_33,3434.84,2026-09-13 06:22:25.153465,Amazon,send,Bangalore,Android,0
1089,user_40,19799.4,2026-07-31 12:48:24.153465,Flipkart,send,Mumbai,Web,0
1090,user_19,1658.03,2026-08-21 05:18:54.153465,Swiggy,refund,Mumbai,Web,0
1091,user_35,12132.73,2026-08-10 10:58:19.153465,Zomato,send,Mumbai,iOS,0
1092,user_7,34100.1,2026-09-05 20:32:15.153465,Paytm,send,Chennai,iOS,0
1093,user_7,38010.17,2026-07-28 01:58:22.153465,Flipkart,refund,Chennai,iOS,0
1094,user_38,5324.54,2026-08-29 15:09:48.153465,Amazon,send,Mumbai,Android,1
1095,user_19,3049.81,2026-08-30 02:37:33.153465,Walmart,refund,Bangalore,iOS,0
1096,user_9,545.18,2026-08-30 19:59:09.153465,Paytm,refund,Mumbai,Android,0
1097,user_11,3580.16,2026-09-12 03:45:15.153465,Amazon,send,Chennai,Web,0
1098,user_40,17665.88,2026-08-14 15:13:44.153465,Paytm,request,Chennai,iOS,0
1099,user_6,1555.42,2026-09-11 08:19:40.153465,Amazon,refund,Chennai,iOS,0
1100,user_38,9894.59,2026-08-07 20:04:05.153465,Zomato,request,Pune,Android,0
1101,user_19,3288.42,2026-08-10 22:00:21.153465,Swiggy,send,Mumbai,iOS,0
1102,user_15,13277.13,2026-08-02 18:37:54.153465,Walmart,refund,Pune,Android,0
1103,user_16,347.66,2026-09-12 05:05:02.153465,Flipkart,send,Mumbai,iOS,0
1104,user_2,27636.26,2026-08-31 15:09:13.153465,Amazon,send,Mumbai,Web,0
1105,user_32,906.49,2026-08-31 07:27:17.153465,Flipkart,send,Chennai,iOS,0
1106,user_24,38096.95,2026-08-17 03:23:05.153465,Zomato,refund,Mumbai,iOS,0
1107,user_20,17884.2,2026-07-23 04:37:40.153465,Swiggy,refund,Mumbai,Android,0
1108,user_40,18143.46,2026-08-01 04:26:38.153465,Zomato,send,Mumbai,Android,0
1109,user_5,16319.4,2026-07-28 20:13:16.153465,Walmart,request,Chennai,Web,0
1110,user_19,1464.63,2026-09-15 01:08:22.153465,Flipkart,send,Chennai,Web,1
1111,user_34,4736.83,2026-07-27 23:53:19.153465,Swiggy,request,Bangalore,Android,0
1112,user_43,10791.0,2026-07-22 14:19:32.153465,Paytm,request,Bangalore,iOS,0
1113,user_40,12700.95,2026-08-04 09:35:03.153465,Swiggy,send,Chennai,iOS,0
1114,user_33,2793.28,2026-07-31 11:29:42.153465,Flipkart,send,Pune,iOS,0
1115,user_24,19467.12,2026-08-29 04:21:32.153465,Swiggy,refund,Delhi,Android,0
1116,user_30,15313.78,2026-08-23 21:41:48.153465,Swiggy,send,Chennai,iOS,0
1117,user_38,8617.86,2026-08-06 04:16:03.153465,Zomato,send,Bangalore,Web,0
1118,user_1,1512.27,2026-08-19 18:40:03.153465,Zomato,request,Pune,Android,0
1119,user_21,222.13,2026-09-10 16:49:17.153465,Zomato,request,Bangalore,iOS,0
1120,user_15,12937.61,2026-07-28 17:14:24.153465,Walmart,refund,Chennai,iOS,0
1121,user_47,3347.06,2026-09-06 13:10:21.153465,Flipkart,refund,Pune,Web,0
1122,user_42,1187.12,2026-08-27 02:23:25.153465,Paytm,request,Mumbai,Android,1
1123,user_45,615.49,2026-08-01 05:13:54.153465,Paytm,request,Pune,iOS,0
1124,user_6,1938.61,2026-08-20 14:52:40.153465,Swiggy,refund,Delhi,Web,0
1125,user_8,4910.62,2026-08-16 20:13:53.153465,Amazon,request,Bangalore,iOS,0
1126,user_13,12894.63,2026-08-08 16:42:49.153465,Amazon,refund,Pune,Android,0
1127,user_11,4687.38,2026-08-31 20:23:33.153465,Walmart,refund,Mumbai,iOS,0
1128,user_40,17542.48,2026-07-27 12:21:22.153465,Amazon,refund,Pune,iOS,0
1129,user_1,2872.21,2026-08-09 06:25:55.153465,Walmart,refund,Chennai,Android,0
1130,user_5,5590.8,2026-08-29 19:45:26.153465,Zomato,refund,Mumbai,iOS,0
1131,user_38,5476.44,2026-08-01 21:05:32.153465,Amazon,request,Pune,Web,0
1132,user_48,2279.15,2026-09-05 02:36:50.153465,Zomato,request,Chennai,iOS,0
1133,user_4,548.22,2026-07-28 09:59:52.153465,Amazon,request,Delhi,Web,0
1134,user_27,5386.29,2026-09-10 14:05:26.153465,Zomato,refund,Bangalore,Android,0
1135,user_31,3392.22,2026-08-07 07:51:45.153465,Paytm,send,Bangalore,Android,0
1136,user_17,574.15,2026-09-04 22:09:45.153465,Flipkart,refund,Delhi,Android,0
1137,user_41,4430.96,2026-08-25 14:41:38.153465,Paytm,refund,Delhi,Android,1
1138,user_5,15378.26,2026-09-11 02:03:38.153465,Flipkart,refund,Mumbai,iOS,0
1139,user_29,1229.06,2026-08-28 14:25:08.153465,Walmart,send,Pune,Web,0
1140,user_16,4704.49,2026-09-18 14:23:17.153465,Zomato,refund,Chennai,iOS,0
1141,user_22,7442.73,2026-09-15 06:10:15.153465,Walmart,refund,Pune,iOS,0
1142,user_38,16460.11,2026-08-13 21:54:41.153465,Paytm,request,Pune,iOS,0
1143,user_41,10143.97,2026-08-13 13:24:11.153465,Walmart,request,Mumbai,iOS,1
1144,user_43,49265.65,2026-09-08 00:38:00.153465,Amazon,request,Bangalore,Android,1
1145,user_19,4241.29,2026-09-07 16:22:01.153465,Zomato,send,Bangalore,iOS,1
1146,user_35,12502.7,2026-07-26 03:33:25.153465,Zomato,send,Delhi,Android,0
1147,user_8,4327.42,2026-09-07 22:09:42.153465,Paytm,refund,Mumbai,Web,0
1148,user_22,16076.07,2026-07-25 09:38:10.153465,Swiggy,request,Chennai,Android,0
1149,user_27,47727.59,2026-08-24 10:12:15.153465,Flipkart,refund,Pune,Web,1
1150,user_20,8115.5,2026-08-19 03:02:49.153465,Zomato,refund,Bangalore,Web,0
1151,user_30,8970.38,2026-08-19 12:16:33.153465,Swiggy,refund,Bangalore,Android,0
1152,user_14,14132.2,2026-07-23 15:23:38.153465,Zomato,refund,Mumbai,Android,0
1153,user_43,8719.47,2026-07-31 14:10:20.153465,Walmart,refund,Delhi,iOS,0
1154,user_46,3783.16,2026-08-05 19:19:31.153465,Amazon,request,Bangalore,Web,0
1155,user_37,12692.74,2026-09-14 20:38:07.153465,Paytm,send,Bangalore,iOS,0
1156,user_48,3100.17,2026-07-23 05:54:42.153465,Paytm,send,Mumbai,Web,0
1157,user_3,37416.6,2026-08-04 02:26:19.153465,Walmart,send,Mumbai,iOS,1
1158,user_37,14780.71,2026-08-28 23:11:03.153465,Paytm,request,Mumbai,Android,0
1159,user_24,18368.41,2026-08-03 20:14:31.153465,Paytm,request,Chennai,Android,0
1160,user_10,2049.27,2026-08-23 15:50:41.153465,Paytm,request,Delhi,Android,0
1161,user_46,907.22,2026-09-17 04:59:07.153465,Flipkart,send,Mumbai,iOS,0
1162,user_6,1095.63,2026-09-02 14:31:55.153465,Swiggy,request,Delhi,Web,0
1163,user_30,11731.55,2026-09-08 15:48:45.153465,Paytm,request,Chennai,iOS,0
1164,user_44,31208.9,2026-07-21 23:02:47.153465,Swiggy,refund,Bangalore,Android,0
1165,user_12,17066.1,2026-09-10 23:53:02.153465,Flipkart,send,Pune,Web,0
1166,user_41,8499.59,2026-08-05 01:22:26.153465,Flipkart,refund,Delhi,Web,1
1167,user_31,4448.73,2026-09-17 19:57:59.153465,Swiggy,request,Delhi,Web,1
1168,user_1,4591.12,2026-07-23 01:30:32.153465,Swiggy,request,Mumbai,iOS,1
1169,user_48,1225.8,2026-09-03 10:11:32.153465,Paytm,send,Chennai,Android,0
1170,user_46,4279.83,2026-09-12 06:03:57.153465,Paytm,send,Delhi,Android,1
1171,user_21,2519.73,2026-09-12 21:25:00.153465,Swiggy,send,Bangalore,iOS,0
1172,user_26,28927.03,2026-07-31 14:05:12.153465,Paytm,send,Mumbai,Android,1
1173,user_7,24043.68,2026-08-24 14:41:35.153465,Paytm,send,Chennai,iOS,0
1174,user_47,4567.06,2026-08-01 15:46:05.153465,Zomato,send,Pune,iOS,0
1175,user_11,4627.03,2026-08-24 00:28:00.153465,Walmart,request,Delhi,iOS,0
1176,user_19,1437.5,2026-08-31 21:24:14.153465,Flipkart,request,Delhi,Web,0
1177,user_17,704.43,2026-07-22 20:55:52.153465,Zomato,request,Delhi,Web,0
1178,user_47,1675.23,2026-09-08 17:34:09.153465,Paytm,refund,Mumbai,Web,0
1179,user_13,13804.53,2026-08-23 06:35:09.153465,Swiggy,refund,Mumbai,Android,0
1180,user_11,4031.94,2026-08-16 00:33:33.153465,Zomato,request,Chennai,Android,0
1181,user_28,2047.26,2026-09-08 20:57:39.153465,Zomato,send,Mumbai,iOS,0
1182,user_33,1592.45,2026-08-04 07:49:30.153465,Flipkart,send,Delhi,Android,0
1183,user_15,17344.49,2026-09-12 06:29:19.153465,Walmart,request,Pune,Web,0
1184,user_42,4986.28,2026-08-25 16:04:25.153465,Swiggy,refund,Delhi,iOS,0
1185,user_36,2932.96,2026-08-12 07:31:13.153465,Flipkart,request,Bangalore,Web,0
1186,user_12,49518.7,2026-07-25 07:33:17.153465,Walmart,send,Chennai,Android,0
1187,user_8,3217.62,2026-09-02 04:32:05.153465,Swiggy,request,Bangalore,Web,0
1188,user_25,3810.95,2026-08-23 00:16:43.153465,Walmart,send,Delhi,Web,0
1189,user_26,4298.85,2026-07-24 01:03:02.153465,Flipkart,send,Mumbai,iOS,1
1190,user_35,12181.07,2026-08-24 12:55:24.153465,Zomato,request,Delhi,Android,0
1191,user_12,141803.26,2026-08-17 00:25:25.153465,Amazon,request,Mumbai,Android,1
1192,user_2,33854.66,2026-09-19 08:46:20.153465,Flipkart,refund,Pune,Web,0
1193,user_9,13437.13,2026-08-08 07:10:30.153465,Amazon,send,Mumbai,iOS,1
1194,user_36,2330.69,2026-08-24 14:24:36.153465,Flipkart,request,Chennai,iOS,0
1195,user_8,1142.92,2026-08-05 11:25:26.153465,Flipkart,send,Pune,Web,0
1196,user_47,10738.21,2026-08-21 12:10:02.153465,Zomato,refund,Pune,iOS,1
1197,user_24,17556.79,2026-08-13 02:34:11.153465,Walmart,send,Delhi,Android,1
1198,user_5,13373.82,2026-08-11 17:07:21.153465,Walmart,request,Bangalore,Android,0
1199,user_43,10633.7,2026-09-09 13:49:33.153465,Swiggy,refund,Chennai,Android,0
1200,user_17,2048.01,2026-08-22 04:05:14.153465,Walmart,send,Pune,Web,0
1201,user_9,3191.79,2026-08-11 07:26:57.153465,Swiggy,refund,Mumbai,Android,0
1202,user_45,848.86,2026-08-08 04:15:46.153465,Walmart,request,Delhi,iOS,0
1203,user_3,21959.3,2026-09-07 12:27:09.153465,Amazon,send,Pune,Web,0
1204,user_9,3046.01,2026-07-30 11:23:27.153465,Zomato,send,Chennai,Web,0
1205,user_14,46731.15,2026-08-02 20:42:49.153465,Walmart,send,Bangalore,Android,1
1206,user_11,1189.21,2026-08-11 20:53:36.153465,Flipkart,send,Chennai,iOS,0
1207,user_20,17279.24,2026-09-14 14:49:24.153465,Swiggy,request,Pune,iOS,0
1208,user_8,1550.24,2026-09-15 19:55:46.153465,Paytm,request,Chennai,iOS,0
1209,user_4,3501.48,2026-07-31 16:04:49.153465,Amazon,refund,Bangalore,iOS,0
1210,user_23,13426.22,2026-09-06 04:30:19.153465,Amazon,send,Pune,iOS,0
1211,user_38,18260.59,2026-08-25 07:46:05.153465,Paytm,request,Pune,Android,0
1212,user_4,842.98,2026-08-28 07:28:03.153465,Amazon,send,Chennai,Android,0
1213,user_4,3855.05,2026-08-04 23:56:18.153465,Swiggy,refund,Delhi,Android,0
1214,user_47,718.42,2026-09-12 07:00:12.153465,Amazon,refund,Chennai,Web,0
1215,user_41,2036.66,2026-08-28 15:56:18.153465,Swiggy,send,Chennai,iOS,0
1216,user_40,18186.36,2026-07-30 11:59:48.153465,Flipkart,send,Bangalore,Web,0
1217,user_11,217.15,2026-08-22 09:20:07.153465,Swiggy,request,Delhi,Web,0
1218,user_19,12106.73,2026-08-23 00:07:18.153465,Walmart,send,Delhi,iOS,0
1219,user_43,10601.14,2026-08-22 15:17:31.153465,Zomato,send,Mumbai,iOS,0
1220,user_49,8050.13,2026-08-12 08:15:51.153465,Zomato,refund,Bangalore,Web,0
1221,user_2,33251.88,2026-09-03 11:36:27.153465,Walmart,request,Delhi,Web,1
1222,user_29,1734.6,2026-08-23 02:12:08.153465,Swiggy,refund,Delhi,Web,0
1223,user_31,4823.26,2026-08-27 22:26:28.153465,Amazon,refund,Pune,iOS,1
1224,user_9,3722.28,2026-09-01 20:47:15.153465,Swiggy,refund,Chennai,Android,0
1225,user_49,8537.22,2026-08-23 06:16:48.153465,Walmart,refund,Mumbai,Web,0
1226,user_12,18509.05,2026-08-16 03:18:13.153465,Swiggy,request,Chennai,Web,0
1227,user_11,3225.59,2026-08-16 11:40:30.153465,Walmart,send,Mumbai,iOS,0
1228,user_28,4585.97,2026-09-19 13:32:55.153465,Flipkart,request,Delhi,iOS,0
1229,user_38,8856.42,2026-09-14 08:39:43.153465,Swiggy,send,Chennai,Android,0
1230,user_48,935.16,2026-09-19 09:10:58.153465,Walmart,refund,Mumbai,iOS,1
1231,user_5,8064.23,2026-08-09 01:33:16.153465,Amazon,refund,Delhi,Android,0
1232,user_45,3967.27,2026-07-31 17:11:07.153465,Zomato,request,Chennai,Web,0
1233,user_13,19119.98,2026-07-31 08:42:09.153465,Amazon,send,Mumbai,Android,0
1234,user_19,1197.38,2026-08-13 23:33:12.153465,Zomato,request,Bangalore,Web,0
1235,user_48,1795.92,2026-08-26 07:41:08.153465,Paytm,request,Pune,Web,1
1236,user_18,1811.78,2026-09-07 11:20:32.153465,Walmart,send,Mumbai,Android,0
1237,user_29,3164.91,2026-08-27 05:11:10.153465,Amazon,request,Mumbai,iOS,0
1238,user_8,28057.69,2026-08-25 19:26:07.153465,Paytm,send,Pune,iOS,1
1239,user_50,1371.68,2026-08-06 15:22:58.153465,Paytm,refund,Delhi,Web,0
1240,user_34,2844.34,2026-08-03 00:15:32.153465,Walmart,request,Mumbai,iOS,0
1241,user_11,906.15,2026-07-30 09:29:42.153465,Paytm,send,Mumbai,Android,0
1242,user_24,16105.17,2026-09-04 21:55:28.153465,Walmart,send,Delhi,Web,1
1243,user_18,768.54,2026-08-24 04:31:57.153465,Swiggy,refund,Bangalore,iOS,0
1244,user_16,2157.93,2026-08-05 09:32:22.153465,Paytm,refund,Bangalore,iOS,0
1245,user_12,158680.12,2026-08-28 20:06:15.153465,Walmart,request,Chennai,Web,1
1246,user_41,411.74,2026-09-03 14:05:22.153465,Swiggy,send,Delhi,Android,0
1247,user_35,10675.58,2026-09-17 04:37:10.153465,Amazon,request,Bangalore,Android,0
1248,user_38,16465.41,2026-07-22 03:23:19.153465,Paytm,send,Mumbai,Android,0
1249,user_17,3064.73,2026-08-14 12:51:06.153465,Flipkart,send,Pune,iOS,0
1250,user_26,2701.31,2026-09-02 04:37:10.153465,Swiggy,refund,Mumbai,Android,0
1251,user_21,4932.15,2026-08-30 01:49:35.153465,Walmart,request,Mumbai,iOS,1
1252,user_43,10971.17,2026-07-23 12:35:04.153465,Paytm,request,Mumbai,Web,0
1253,user_5,12312.84,2026-08-18 21:58:10.153465,Flipkart,send,Chennai,iOS,0
1254,user_46,2997.26,2026-07-31 10:53:17.153465,Paytm,request,Bangalore,iOS,0
1255,user_49,12035.79,2026-07-22 01:19:47.153465,Swiggy,refund,Chennai,Web,0
1256,user_8,602.96,2026-08-22 02:20:20.153465,Walmart,refund,Pune,Web,0
1257,user_26,4405.55,2026-08-09 10:38:07.153465,Swiggy,refund,Bangalore,Web,1
1258,user_30,19364.4,2026-08-09 11:39:46.153465,Paytm,refund,Mumbai,Android,0
1259,user_50,4953.84,2026-08-15 20:27:13.153465,Swiggy,send,Delhi,Android,1
1260,user_10,1021.47,2026-08-21 14:09:49.153465,Amazon,send,Mumbai,Android,1
1261,user_18,2457.29,2026-08-15 21:23:55.153465,Paytm,refund,Pune,iOS,0
1262,user_45,578.66,2026-08-04 13:52:29.153465,Flipkart,refund,Chennai,iOS,0
1263,user_47,4484.34,2026-08-05 11:52:20.153465,Flipkart,refund,Bangalore,Web,1
1264,user_32,1245.3,2026-07-30 20:50:26.153465,Swiggy,send,Mumbai,iOS,0
1265,user_11,1574.37,2026-09-03 15:52:03.153465,Amazon,refund,Delhi,Web,0
1266,user_45,1425.55,2026-08-22 15:26:55.153465,Swiggy,request,Chennai,Android,0
1267,user_38,14772.84,2026-07-24 05:42:59.153465,Zomato,send,Pune,Android,0
1268,user_32,4935.75,2026-08-19 17:55:57.153465,Walmart,send,Pune,Web,1
1269,user_34,37702.48,2026-08-21 08:35:43.153465,Paytm,refund,Pune,Web,1
1270,user_12,45997.48,2026-09-10 01:23:21.153465,Walmart,refund,Chennai,Web,0
1271,user_1,2618.64,2026-08-02 12:02:03.153465,Walmart,request,Chennai,iOS,0
1272,user_40,19597.68,2026-09-02 11:52:26.153465,Flipkart,refund,Pune,Web,0
1273,user_1,4594.92,2026-09-11 18:10:05.153465,Zomato,send,Chennai,Android,1
1274,user_3,56864.68,2026-08-17 17:04:09.153465,Swiggy,request,Chennai,Web,0
1275,user_6,2515.04,2026-09-11 06:35:51.153465,Swiggy,request,Chennai,Android,0
1276,user_40,19590.39,2026-08-04 14:42:15.153465,Swiggy,send,Chennai,Android,0
1277,user_30,12296.41,2026-09-16 22:22:47.153465,Swiggy,request,Bangalore,iOS,0
1278,user_36,2567.15,2026-08-13 00:05:15.153465,Swiggy,refund,Bangalore,iOS,0
1279,user_2,57630.07,2026-08-18 23:39:49.153465,Zomato,send,Delhi,Web,0
1280,user_12,42704.21,2026-09-05 10:08:52.153465,Paytm,refund,Pune,Android,0
1281,user_10,2704.1,2026-09-02 19:47:09.153465,Zomato,refund,Chennai,Android,0
1282,user_4,22689.89,2026-09-09 14:03:14.153465,Flipkart,send,Pune,Web,1
1283,user_22,14551.03,2026-08-25 12:51:03.153465,Zomato,request,Chennai,Web,0
1284,user_19,770.84,2026-09-12 03:20:33.153465,Zomato,send,Pune,Android,0
1285,user_33,3462.01,2026-09-11 18:31:26.153465,Swiggy,refund,Delhi,Android,0
1286,user_45,4076.2,2026-08-28 09:31:59.153465,Swiggy,send,Delhi,iOS,0
1287,user_19,2438.92,2026-09-18 18:24:25.153465,Walmart,request,Bangalore,Android,0
1288,user_29,875.66,2026-08-01 02:15:10.153465,Flipkart,refund,Bangalore,Web,0
1289,user_36,2756.05,2026-08-27 17:20:29.153465,Walmart,send,Pune,Web,0
1290,user_2,45039.62,2026-08-04 23:21:54.153465,Paytm,request,Delhi,Android,0
1291,user_14,10370.36,2026-08-16 21:07:19.153465,Zomato,refund,Mumbai,Web,1
1292,user_26,18899.31,2026-08-23 14:49:52.153465,Paytm,send,Chennai,Android,1
1293,user_35,7672.86,2026-09-16 11:54:52.153465,Walmart,send,Mumbai,iOS,0
1294,user_33,2455.18,2026-07-27 18:51:44.153465,Swiggy,send,Mumbai,Android,0
1295,user_47,3904.67,2026-09-06 16:32:56.153465,Paytm,send,Pune,Android,0
1296,user_30,5564.17,2026-09-18 14:28:19.153465,Flipkart,request,Pune,iOS,0
1297,user_9,4415.85,2026-08-05 08:45:05.153465,Zomato,refund,Pune,iOS,1
1298,user_24,6365.33,2026-08-23 14:03:14.153465,Zomato,send,Pune,Web,0
1299,user_14,34643.0,2026-08-11 12:21:34.153465,Swiggy,refund,Pune,Web,1
1300,user_46,3629.58,2026-08-01 10:20:00.153465,Flipkart,request,Chennai,Web,0
1301,user_24,5850.85,2026-08-14 12:42:14.153465,Swiggy,refund,Chennai,Android,0
1302,user_11,957.18,2026-09-13 10:42:29.153465,Flipkart,refund,Delhi,Android,0
1303,user_18,1900.49,2026-07-22 05:11:51.153465,Swiggy,request,Chennai,Web,0
1304,user_48,1433.32,2026-09-17 22:32:52.153465,Swiggy,refund,Pune,iOS,0
1305,user_49,11915.87,2026-08-25 11:30:59.153465,Swiggy,send,Chennai,iOS,0
1306,user_39,264.7,2026-08-22 17:50:42.153465,Amazon,refund,Delhi,iOS,0
1307,user_41,1012.53,2026-08-18 20:25:18.153465,Swiggy,send,Pune,iOS,0
1308,user_19,2585.79,2026-09-12 03:46:45.153465,Flipkart,send,Bangalore,iOS,0
1309,user_33,3682.26,2026-08-19 18:17:57.153465,Swiggy,send,Mumbai,Android,0
1310,user_12,18838.99,2026-09-16 06:28:22.153465,Paytm,request,Delhi,Android,0
1311,user_6,3460.75,2026-09-02 11:52:19.153465,Flipkart,refund,Bangalore,Android,0
1312,user_13,14941.0,2026-08-09 15:09:23.153465,Swiggy,request,Chennai,Web,0
1313,user_47,3498.55,2026-08-11 13:34:39.153465,Flipkart,send,Bangalore,Web,0
1314,user_28,4026.71,2026-08-21 21:17:55.153465,Amazon,refund,Bangalore,Web,0
1315,user_33,29828.3,2026-09-08 11:36:52.153465,Zomato,request,Delhi,Web,1
1316,user_48,1963.11,2026-09-11 22:25:37.153465,Zomato,request,Mumbai,Android,0
1317,user_11,2370.76,2026-08-11 06:36:40.153465,Swiggy,send,Bangalore,Android,0
1318,user_26,1184.43,2026-09-18 22:32:33.153465,Paytm,request,Bangalore,iOS,1
1319,user_12,37910.11,2026-09-07 05:34:03.153465,Zomato,request,Mumbai,Android,0
1320,user_47,2024.09,2026-08-20 09:37:24.153465,Zomato,refund,Delhi,Android,0
1321,user_37,12364.97,2026-09-14 04:16:08.153465,Flipkart,send,Chennai,Web,0
1322,user_24,116390.05,2026-09-04 23:38:26.153465,Swiggy,send,Bangalore,iOS,1
1323,user_28,1450.98,2026-07-26 16:16:14.153465,Amazon,refund,Delhi,iOS,0
1324,user_48,1494.18,2026-08-06 08:37:05.153465,Flipkart,refund,Mumbai,Web,0
1325,user_45,3938.97,2026-08-12 21:06:26.153465,Walmart,send,Mumbai,Android,0
1326,user_27,13950.62,2026-09-05 01:15:34.153465,Zomato,request,Bangalore,iOS,0
1327,user_1,9379.57,2026-08-18 19:11:02.153465,Walmart,refund,Chennai,Web,1
1328,user_37,11197.9,2026-08-23 19:12:47.153465,Paytm,refund,Bangalore,Web,0
1329,user_47,3453.98,2026-08-29 03:32:56.153465,Zomato,send,Chennai,iOS,0
1330,user_27,152159.6,2026-08-29 20:05:42.153465,Paytm,send,Bangalore,iOS,1
1331,user_1,3837.98,2026-08-16 20:29:57.153465,Flipkart,refund,Mumbai,Android,0
1332,user_14,12672.35,2026-09-01 07:24:40.153465,Flipkart,request,Chennai,Web,0
1333,user_29,1750.77,2026-08-13 23:52:36.153465,Zomato,refund,Mumbai,iOS,0
1334,user_41,3895.54,2026-09-13 17:53:00.153465,Zomato,refund,Bangalore,iOS,0
1335,user_32,3830.62,2026-08-21 10:10:11.153465,Walmart,request,Mumbai,Android,0
1336,user_29,826.93,2026-09-17 01:18:03.153465,Amazon,send,Pune,Android,0
1337,user_29,2342.26,2026-08-15 22:30:25.153465,Flipkart,refund,Bangalore,Android,0
1338,user_20,10327.31,2026-07-25 08:17:23.153465,Flipkart,refund,Mumbai,Web,0
1339,user_12,45603.69,2026-08-21 20:56:44.153465,Amazon,send,Delhi,iOS,0
1340,user_49,15249.96,2026-08-03 11:40:43.153465,Walmart,send,Pune,iOS,0
1341,user_13,18795.48,2026-09-18 08:53:09.153465,Zomato,request,Mumbai,Web,0
1342,user_23,19407.24,2026-09-16 00:52:28.153465,Zomato,request,Chennai,Android,0
1343,user_5,6258.14,2026-08-25 22:08:58.153465,Amazon,refund,Pune,Android,0
1344,user_42,368.99,2026-08-14 19:50:25.153465,Flipkart,send,Chennai,Web,0
1345,user_33,473.97,2026-07-31 21:58:38.153465,Zomato,refund,Chennai,Android,0
1346,user_25,661.41,2026-08-11 18:53:03.153465,Amazon,send,Mumbai,Web,0
1347,user_45,1696.81,2026-08-26 12:53:21.153465,Swiggy,request,Delhi,Android,1
1348,user_46,997.64,2026-09-07 00:55:28.153465,Walmart,request,Mumbai,Android,1
1349,user_17,3631.46,2026-07-24 04:06:21.153465,Amazon,refund,Bangalore,iOS,0
1350,user_26,4318.43,2026-08-19 07:10:30.153465,Amazon,request,Pune,iOS,0
1351,user_27,53503.95,2026-07-27 00:49:11.153465,Flipkart,send,Delhi,Android,1
1352,user_25,2772.45,2026-07-26 14:05:31.153465,Walmart,refund,Delhi,iOS,0
1353,user_20,86870.73,2026-08-18 20:40:32.153465,Swiggy,request,Chennai,Web,1
1354,user_2,48059.67,2026-07-22 22:57:10.153465,Flipkart,send,Delhi,Web,0
1355,user_14,6969.21,2026-08-05 07:49:37.153465,Paytm,send,Delhi,Web,0
1356,user_34,4810.07,2026-07-30 06:38:03.153465,Swiggy,request,Mumbai,Android,1
1357,user_32,4803.69,2026-08-16 08:47:38.153465,Zomato,send,Bangalore,iOS,0
1358,user_48,4675.8,2026-08-30 19:20:35.153465,Walmart,send,Bangalore,iOS,0
1359,user_41,4493.76,2026-09-03 10:11:56.153465,Swiggy,send,Delhi,Android,0
1360,user_18,4680.0,2026-09-05 02:04:10.153465,Paytm,request,Bangalore,Android,0
1361,user_41,1804.13,2026-08-30 08:39:57.153465,Flipkart,request,Bangalore,iOS,0
1362,user_36,4779.0,2026-08-28 01:20:39.153465,Swiggy,send,Bangalore,Android,0
1363,user_2,52371.2,2026-09-02 16:30:07.153465,Flipkart,refund,Pune,iOS,0
1364,user_3,58733.23,2026-08-02 15:07:10.153465,Swiggy,send,Pune,Web,0
1365,user_15,18387.76,2026-08-29 09:51:07.153465,Paytm,request,Delhi,Android,0
1366,user_43,5365.25,2026-08-13 01:33:58.153465,Zomato,request,Chennai,Android,0
1367,user_48,1520.09,2026-07-23 07:32:14.153465,Amazon,refund,Delhi,Web,0
1368,user_39,2809.53,2026-08-10 06:18:28.153465,Swiggy,refund,Mumbai,iOS,0
1369,user_38,5111.33,2026-09-13 20:30:36.153465,Flipkart,send,Mumbai,Web,0
1370,user_19,4667.89,2026-07-26 22:05:14.153465,Zomato,send,Mumbai,Web,0
1371,user_35,18400.99,2026-08-15 08:08:04.153465,Paytm,refund,Delhi,Web,0
1372,user_15,18896.45,2026-08-31 08:50:11.153465,Swiggy,request,Chennai,iOS,0
1373,user_31,1814.2,2026-09-09 06:52:22.153465,Flipkart,send,Chennai,iOS,0
1374,user_34,4947.49,2026-07-22 12:25:15.153465,Zomato,send,Chennai,Android,1
1375,user_41,4442.53,2026-09-04 22:43:20.153465,Amazon,send,Delhi,Android,1
1376,user_22,8167.03,2026-09-07 05:21:00.153465,Walmart,request,Mumbai,Web,0
1377,user_46,1349.25,2026-08-07 14:08:59.153465,Swiggy,send,Delhi,iOS,0
1378,user_21,3196.38,2026-08-22 21:01:46.153465,Swiggy,request,Delhi,Android,0
1379,user_3,19355.31,2026-08-26 02:43:15.153465,Paytm,request,Chennai,iOS,0
1380,user_48,2673.81,2026-07-30 18:14:54.153465,Paytm,refund,Delhi,Android,0
1381,user_41,12976.83,2026-07-23 05:29:07.153465,Swiggy,send,Mumbai,Android,0
1382,user_39,2663.25,2026-08-09 11:30:16.153465,Swiggy,send,Pune,Web,1
1383,user_4,579.32,2026-08-23 09:33:41.153465,Swiggy,refund,Chennai,Web,0
1384,user_40,16962.31,2026-08-26 04:03:45.153465,Amazon,refund,Mumbai,Android,0
1385,user_22,15006.3,2026-09-05 19:20:31.153465,Flipkart,refund,Mumbai,Android,0
1386,user_26,568.74,2026-08-07 14:44:51.153465,Swiggy,send,Bangalore,Android,0
1387,user_4,700.76,2026-08-30 16:16:38.153465,Flipkart,send,Pune,iOS,0
1388,user_21,648.58,2026-09-01 16:08:32.153465,Amazon,refund,Delhi,iOS,0
1389,user_16,3653.5,2026-09-08 21:28:26.153465,Amazon,refund,Chennai,Android,0
1390,user_45,4354.29,2026-08-11 21:52:15.153465,Amazon,refund,Pune,Web,0
1391,user_38,13746.55,2026-08-03 01:59:53.153465,Swiggy,send,Delhi,Web,0
1392,user_9,462.36,2026-09-15 01:19:43.153465,Walmart,refund,Bangalore,iOS,0
1393,user_36,1033.02,2026-09-05 04:17:30.153465,Amazon,request,Delhi,Web,1
1394,user_15,5809.15,2026-08-09 16:02:06.153465,Swiggy,request,Delhi,Web,0
1395,user_42,4683.52,2026-09-15 00:32:11.153465,Walmart,request,Delhi,Web,0
1396,user_48,4224.34,2026-09-06 03:02:11.153465,Paytm,request,Pune,Android,0
1397,user_34,2531.42,2026-07-27 17:50:55.153465,Swiggy,refund,Pune,iOS,0
1398,user_26,1688.1,2026-08-01 03:01:34.153465,Flipkart,request,Delhi,Android,0
1399,user_6,1168.11,2026-07-25 22:54:39.153465,Paytm,send,Chennai,iOS,0
1400,user_19,1015.85,2026-08-20 23:24:16.153465,Paytm,refund,Delhi,iOS,0
1401,user_30,12231.36,2026-08-15 15:24:10.153465,Paytm,send,Mumbai,Android,0
1402,user_21,4493.0,2026-09-05 09:17:51.153465,Paytm,send,Delhi,iOS,1
1403,user_12,37196.19,2026-07-27 19:03:53.153465,Paytm,request,Delhi,Android,0
1404,user_17,9856.34,2026-09-16 14:46:57.153465,Zomato,send,Pune,Web,1
1405,user_20,12444.76,2026-07-31 03:24:55.153465,Swiggy,send,Mumbai,Web,0
1406,user_5,131543.05,2026-08-10 10:12:58.153465,Walmart,refund,Pune,Android,1
1407,user_37,12866.81,2026-07-23 02:56:23.153465,Amazon,request,Bangalore,iOS,0
1408,user_1,716.03,2026-08-29 05:00:57.153465,Flipkart,request,Chennai,Web,1
1409,user_39,36945.44,2026-09-15 20:15:46.153465,Amazon,request,Mumbai,Web,1
1410,user_23,12865.11,2026-09-07 05:28:22.153465,Paytm,refund,Delhi,Android,0
1411,user_16,3065.17,2026-09-07 05:06:19.153465,Walmart,request,Bangalore,Android,1
1412,user_37,18331.34,2026-07-22 12:11:55.153465,Swiggy,request,Chennai,Android,0
1413,user_44,18767.69,2026-08-24 19:01:01.153465,Zomato,request,Delhi,Web,0
1414,user_32,2307.11,2026-07-30 07:19:27.153465,Flipkart,refund,Delhi,Web,0
1415,user_20,15890.68,2026-08-31 22:09:50.153465,Amazon,request,Pune,Android,0
1416,user_19,3091.31,2026-08-19 08:13:35.153465,Zomato,send,Chennai,Android,0
1417,user_34,14780.94,2026-09-19 03:48:55.153465,Zomato,refund,Chennai,Web,1
1418,user_22,9897.8,2026-08-13 00:19:45.153465,Flipkart,send,Mumbai,Web,0
1419,user_39,3231.66,2026-09-16 21:00:35.153465,Paytm,send,Delhi,Android,0
1420,user_26,1702.59,2026-09-19 11:14:52.153465,Zomato,request,Bangalore,Web,0
1421,user_25,1127.18,2026-08-12 03:10:49.153465,Flipkart,request,Mumbai,Android,0
1422,user_10,3432.43,2026-09-10 10:36:22.153465,Zomato,request,Mumbai,Web,0
1423,user_14,19679.69,2026-07-31 10:57:34.153465,Flipkart,send,Pune,iOS,0
1424,user_29,1940.97,2026-08-17 20:09:41.153465,Flipkart,request,Bangalore,iOS,0
1425,user_11,1140.0,2026-09-15 23:52:45.153465,Amazon,request,Pune,iOS,0
1426,user_16,4316.36,2026-08-14 06:27:07.153465,Flipkart,request,Chennai,Web,1
1427,user_28,2167.59,2026-08-02 12:35:11.153465,Swiggy,request,Chennai,Web,0
1428,user_28,1591.96,2026-08-31 02:45:41.153465,Flipkart,refund,Bangalore,Android,0
1429,user_31,1375.32,2026-08-10 03:02:08.153465,Swiggy,refund,Chennai,Web,0
1430,user_29,2840.63,2026-07-28 02:42:16.153465,Walmart,refund,Chennai,iOS,0
1431,user_13,6678.34,2026-08-08 05:59:18.153465,Walmart,request,Delhi,Web,0
1432,user_44,14215.97,2026-09-06 19:59:22.153465,Zomato,request,Bangalore,iOS,0
1433,user_41,434.01,2026-07-25 13:48:39.153465,Paytm,send,Chennai,Web,0
1434,user_22,12427.57,2026-08-24 12:13:19.153465,Walmart,refund,Bangalore,iOS,0
1435,user_36,13918.09,2026-09-17 08:32:32.153465,Flipkart,refund,Mumbai,Web,1
1436,user_30,15998.59,2026-09-11 06:50:20.153465,Swiggy,refund,Chennai,Android,0
1437,user_10,3023.54,2026-08-08 11:23:25.153465,Paytm,request,Bangalore,iOS,0
1438,user_5,14094.99,2026-09-09 15:20:01.153465,Swiggy,refund,Delhi,Web,0
1439,user_47,1018.89,2026-08-20 00:14:24.153465,Swiggy,send,Pune,iOS,0
1440,user_1,1897.37,2026-08-07 22:55:12.153465,Paytm,request,Chennai,Android,0
1441,user_30,6472.92,2026-09-15 14:06:17.153465,Zomato,send,Mumbai,iOS,0
1442,user_45,3948.92,2026-09-06 21:57:41.153465,Paytm,send,Bangalore,iOS,0
1443,user_34,2892.57,2026-08-14 22:40:44.153465,Swiggy,request,Chennai,Android,0
1444,user_42,1351.21,2026-09-15 23:35:38.153465,Walmart,request,Delhi,Web,0
1445,user_13,11398.92,2026-09-15 01:33:57.153465,Walmart,request,Delhi,Android,1
1446,user_2,18656.29,2026-08-29 23:41:44.153465,Walmart,request,Pune,iOS,0
1447,user_43,17881.43,2026-07-23 22:26:26.153465,Swiggy,request,Bangalore,iOS,0
1448,user_41,4779.98,2026-08-28 13:01:27.153465,Zomato,request,Mumbai,Web,0
1449,user_19,282.25,2026-08-26 01:37:37.153465,Walmart,send,Pune,Android,0
1450,user_16,4415.14,2026-07-31 20:50:58.153465,Flipkart,request,Delhi,Web,1
1451,user_34,1902.86,2026-09-14 10:25:36.153465,Zomato,refund,Delhi,iOS,0
1452,user_4,4167.95,2026-07-29 13:59:35.153465,Paytm,refund,Mumbai,Web,0
1453,user_7,15456.07,2026-08-23 12:18:48.153465,Paytm,refund,Pune,Android,1
1454,user_39,4413.76,2026-08-29 08:21:30.153465,Paytm,send,Delhi,iOS,1
1455,user_10,3337.92,2026-09-10 21:05:39.153465,Paytm,request,Chennai,Android,0
1456,user_27,19051.29,2026-07-25 18:04:36.153465,Swiggy,request,Pune,Web,0
1457,user_11,2640.13,2026-09-17 01:10:06.153465,Amazon,refund,Mumbai,Android,0
1458,user_18,4473.55,2026-07-25 16:40:32.153465,Paytm,refund,Delhi,Web,1
1459,user_10,232.23,2026-08-06 07:43:21.153465,Swiggy,refund,Chennai,iOS,0
1460,user_37,10600.17,2026-07-25 08:08:00.153465,Paytm,refund,Delhi,Android,0
1461,user_21,3531.9,2026-08-13 00:30:05.153465,Paytm,request,Pune,Web,0
1462,user_49,6501.73,2026-09-12 11:25:27.153465,Walmart,refund,Pune,Web,0
1463,user_13,5811.84,2026-09-04 02:17:30.153465,Paytm,send,Chennai,Android,0
1464,user_46,3549.74,2026-07-26 02:34:20.153465,Swiggy,request,Mumbai,iOS,0
1465,user_38,5923.48,2026-09-09 01:44:25.153465,Paytm,request,Chennai,Web,0
1466,user_36,1310.85,2026-09-17 16:59:29.153465,Flipkart,refund,Bangalore,Web,1
1467,user_13,19441.37,2026-09-12 22:40:08.153465,Zomato,refund,Delhi,iOS,0
1468,user_35,15479.57,2026-08-18 20:35:46.153465,Swiggy,refund,Pune,iOS,0
1469,user_27,15516.09,2026-09-06 15:39:48.153465,Flipkart,refund,Mumbai,Web,0
1470,user_41,375.67,2026-07-27 02:52:56.153465,Swiggy,refund,Bangalore,Android,0
1471,user_13,17074.11,2026-08-15 02:18:07.153465,Flipkart,refund,Pune,Android,0
1472,user_16,1068.17,2026-08-17 05:55:15.153465,Swiggy,refund,Delhi,Android,0
1473,user_26,1140.91,2026-08-08 14:38:10.153465,Zomato,send,Mumbai,iOS,0
1474,user_31,3061.9,2026-08-22 06:55:47.153465,Swiggy,request,Delhi,Android,0
1475,user_36,3368.03,2026-08-31 14:19:28.153465,Swiggy,send,Pune,Web,0
1476,user_49,15990.92,2026-09-10 18:49:02.153465,Walmart,send,Chennai,Android,0
1477,user_8,14350.6,2026-08-24 17:05:51.153465,Paytm,refund,Pune,Web,1
1478,user_19,2946.11,2026-08-24 18:23:31.153465,Amazon,refund,Chennai,Android,0
1479,user_39,8691.69,2026-08-17 20:54:02.153465,Flipkart,refund,Chennai,Android,1
1480,user_29,833.37,2026-07-28 16:22:03.153465,Zomato,request,Delhi,Android,0
1481,user_1,3243.13,2026-08-12 05:00:45.153465,Walmart,refund,Pune,iOS,0
1482,user_20,10138.65,2026-08-14 15:07:23.153465,Walmart,refund,Pune,Web,0
1483,user_7,300000.0,2026-08-09 12:34:53.153465,Zomato,send,Chennai,Android,1
1484,user_3,15980.2,2026-08-22 10:29:20.153465,Amazon,send,Pune,Android,0
1485,user_10,451.58,2026-08-05 03:08:43.153465,Swiggy,request,Pune,Android,0
1486,user_18,3814.8,2026-08-01 20:17:00.153465,Flipkart,send,Pune,Android,0
1487,user_24,109078.26,2026-07-31 21:54:49.153465,Zomato,refund,Mumbai,Web,1
1488,user_8,3836.09,2026-08-12 13:37:20.153465,Amazon,request,Mumbai,Android,0
1489,user_20,17600.26,2026-08-16 10:45:10.153465,Flipkart,refund,Bangalore,Android,0
1490,user_2,33552.84,2026-09-15 11:16:29.153465,Zomato,refund,Pune,iOS,0
1491,user_6,11493.88,2026-07-22 21:12:48.153465,Amazon,send,Mumbai,Android,1
1492,user_17,3484.77,2026-09-12 20:09:26.153465,Swiggy,send,Pune,iOS,0
1493,user_22,13192.27,2026-09-07 03:29:22.153465,Walmart,send,Mumbai,Android,0
1494,user_24,6632.71,2026-08-10 11:39:58.153465,Zomato,send,Mumbai,Android,0
1495,user_44,9721.84,2026-08-18 19:00:26.153465,Walmart,refund,Pune,Web,0
1496,user_28,1354.27,2026-07-22 16:00:25.153465,Walmart,refund,Pune,iOS,0
1497,user_47,4348.91,2026-09-01 01:21:07.153465,Walmart,send,Mumbai,iOS,1
1498,user_33,14053.78,2026-08-11 12:47:25.153465,Flipkart,refund,Bangalore,Web,1
1499,user_25,3751.87,2026-08-18 06:39:27.153465,Paytm,refund,Chennai,Web,0
1500,user_28,1496.12,2026-08-12 02:43:07.153465,Flipkart,refund,Pune,Android,0
1501,user_38,11978.54,2026-08-03 15:19:17.153465,Flipkart,send,Chennai,Android,0
1502,user_42,583.56,2026-08-16 10:21:06.153465,Walmart,request,Bangalore,Web,0
1503,user_33,4013.96,2026-08-09 03:55:59.153465,Amazon,request,Mumbai,iOS,0
1504,user_40,38884.58,2026-07-25 16:04:13.153465,Amazon,request,Chennai,Android,0
1505,user_14,15720.87,2026-09-01 01:36:36.153465,Paytm,request,Mumbai,Android,0
1506,user_42,2401.65,2026-08-26 23:33:43.153465,Walmart,refund,Mumbai,Android,0
1507,user_20,15898.96,2026-09-16 04:23:59.153465,Paytm,send,Pune,Web,0
1508,user_50,2169.32,2026-08-10 10:43:22.153465,Swiggy,send,Chennai,iOS,0
1509,user_42,3850.9,2026-08-22 07:43:15.153465,Paytm,request,Pune,iOS,0
1510,user_24,9967.28,2026-07-29 01:06:50.153465,Amazon,send,Pune,Android,0
1511,user_33,1314.93,2026-08-16 20:51:17.153465,Amazon,send,Delhi,Web,0
1512,user_14,6513.81,2026-08-30 09:22:43.153465,Swiggy,send,Delhi,Android,0
1513,user_35,19650.51,2026-08-06 12:49:41.153465,Swiggy,refund,Delhi,Android,0
1514,user_9,301.8,2026-08-17 11:59:00.153465,Zomato,refund,Delhi,Web,0
1515,user_42,3683.74,2026-08-11 18:42:14.153465,Walmart,request,Bangalore,iOS,0
1516,user_28,2440.23,2026-08-14 12:53:10.153465,Flipkart,request,Pune,Web,0
1517,user_42,3567.18,2026-08-20 19:37:18.153465,Zomato,refund,Bangalore,Android,0
1518,user_13,15392.79,2026-08-11 22:26:52.153465,Zomato,request,Delhi,Android,0
1519,user_15,12637.56,2026-08-03 18:40:28.153465,Flipkart,refund,Pune,Web,0
1520,user_44,38947.69,2026-08-23 16:17:30.153465,Paytm,request,Pune,Web,1
1521,user_19,2736.53,2026-09-17 10:56:09.153465,Flipkart,send,Pune,Web,0
1522,user_42,4641.77,2026-08-26 03:39:55.153465,Walmart,send,Mumbai,Web,0
1523,user_49,11055.25,2026-08-21 05:42:08.153465,Swiggy,refund,Bangalore,Web,1
1524,user_15,16865.44,2026-09-11 06:04:46.153465,Zomato,send,Bangalore,Android,0
1525,user_18,1341.76,2026-08-09 07:14:40.153465,Walmart,refund,Chennai,Web,1
1526,user_5,16248.46,2026-09-08 15:16:53.153465,Walmart,request,Pune,Web,1
1527,user_16,3550.44,2026-08-07 23:17:19.153465,Flipkart,send,Delhi,Android,1
1528,user_1,3479.13,2026-07-23 04:09:44.153465,Swiggy,request,Mumbai,Android,0
1529,user_7,17952.33,2026-08-08 20:10:07.153465,Paytm,send,Chennai,iOS,0
1530,user_19,9076.4,2026-09-05 17:01:38.153465,Amazon,refund,Pune,Android,1
1531,user_48,1839.09,2026-08-13 12:00:51.153465,Zomato,request,Chennai,iOS,0
1532,user_19,4637.72,2026-07-31 05:55:53.153465,Flipkart,request,Chennai,iOS,0
1533,user_23,137162.69,2026-09-15 22:16:35.153465,Swiggy,send,Chennai,iOS,1
1534,user_3,50102.83,2026-08-10 04:16:09.153465,Paytm,request,Pune,Web,0
1535,user_34,9168.35,2026-08-10 09:15:05.153465,Swiggy,send,Pune,Android,1
1536,user_10,419.08,2026-07-28 06:29:13.153465,Walmart,refund,Delhi,iOS,0
1537,user_4,612.44,2026-09-03 03:36:36.153465,Walmart,request,Chennai,Web,0
1538,user_39,2357.9,2026-08-12 09:00:14.153465,Paytm,refund,Pune,iOS,0
1539,user_34,2832.98,2026-08-28 20:10:32.153465,Walmart,request,Pune,Android,0
1540,user_4,1222.63,2026-07-30 03:30:22.153465,Walmart,refund,Delhi,Web,0
1541,user_20,9544.74,2026-08-09 12:52:59.153465,Zomato,refund,Delhi,iOS,0
1542,user_15,8314.07,2026-09-14 15:44:34.153465,Flipkart,send,Delhi,iOS,0
1543,user_36,2174.8,2026-08-04 07:31:26.153465,Swiggy,send,Bangalore,Android,0
1544,user_39,460.76,2026-08-22 21:48:58.153465,Zomato,refund,Delhi,Web,0
1545,user_1,11621.62,2026-08-15 23:05:21.153465,Zomato,refund,Delhi,Web,1
1546,user_33,2230.71,2026-07-24 10:39:22.153465,Zomato,refund,Bangalore,iOS,0
1547,user_21,4898.74,2026-09-05 11:22:34.153465,Paytm,send,Chennai,Android,0
1548,user_14,14362.3,2026-08-10 05:57:24.153465,Walmart,send,Pune,iOS,0
1549,user_47,2001.23,2026-08-02 00:58:14.153465,Amazon,send,Chennai,iOS,0
1550,user_48,4370.61,2026-07-28 14:35:26.153465,Flipkart,refund,Mumbai,Web,1
1551,user_48,4179.5,2026-08-30 06:08:20.153465,Paytm,request,Chennai,Web,0
1552,user_40,8514.41,2026-09-04 19:52:17.153465,Paytm,request,Bangalore,Android,0
1553,user_37,10400.66,2026-08-24 10:59:06.153465,Walmart,refund,Delhi,Web,0
1554,user_28,2021.77,2026-09-01 15:44:58.153465,Swiggy,request,Bangalore,Android,0
1555,user_50,4394.41,2026-09-13 15:15:26.153465,Flipkart,request,Delhi,Web,1
1556,user_30,47278.95,2026-09-05 08:23:17.153465,Paytm,refund,Mumbai,Web,1
1557,user_18,4679.42,2026-07-22 18:11:26.153465,Zomato,refund,Mumbai,Android,0
1558,user_26,2938.94,2026-08-06 23:58:26.153465,Zomato,send,Delhi,Web,0
1559,user_5,11697.57,2026-07-26 08:25:51.153465,Zomato,send,Bangalore,Web,1
1560,user_10,768.99,2026-08-04 08:28:28.153465,Amazon,send,Delhi,iOS,0
1561,user_1,3958.18,2026-08-16 13:53:19.153465,Walmart,refund,Delhi,iOS,0
1562,user_17,2466.06,2026-09-14 22:32:19.153465,Amazon,refund,Chennai,iOS,0
1563,user_44,12132.14,2026-09-04 17:07:46.153465,Zomato,request,Bangalore,iOS,0
1564,user_27,15896.75,2026-08-04 21:32:59.153465,Zomato,refund,Bangalore,Android,0
1565,user_9,2867.86,2026-08-01 04:10:52.153465,Paytm,refund,Mumbai,iOS,0
1566,user_38,13818.49,2026-07-27 22:48:22.153465,Walmart,request,Mumbai,Web,0
1567,user_34,1150.83,2026-07-26 10:03:55.153465,Walmart,refund,Delhi,Web,0
1568,user_11,985.18,2026-09-15 17:53:16.153465,Swiggy,refund,Mumbai,iOS,0
1569,user_22,9597.02,2026-09-10 10:24:10.153465,Zomato,refund,Pune,Web,0
1570,user_1,2082.56,2026-08-20 17:24:18.153465,Amazon,request,Delhi,iOS,1
1571,user_4,39068.78,2026-09-14 19:40:51.153465,Walmart,request,Mumbai,Web,1
1572,user_25,10443.33,2026-08-08 11:35:34.153465,Amazon,refund,Chennai,Web,1
1573,user_6,4229.11,2026-07-21 18:42:39.153465,Zomato,send,Delhi,Android,0
1574,user_7,150779.29,2026-08-24 06:40:41.153465,Walmart,send,Pune,iOS,1
1575,user_45,1146.72,2026-08-01 11:22:11.153465,Flipkart,send,Bangalore,Web,1
1576,user_7,300000.0,2026-07-27 19:52:37.153465,Swiggy,refund,Chennai,iOS,1
1577,user_41,4557.09,2026-08-30 23:35:56.153465,Walmart,request,Pune,Web,0
1578,user_40,7595.39,2026-08-30 21:49:39.153465,Flipkart,send,Pune,Web,0
1579,user_7,30811.45,2026-07-31 23:46:51.153465,Flipkart,refund,Bangalore,Web,0
1580,user_41,1797.16,2026-08-01 02:22:18.153465,Zomato,send,Bangalore,iOS,0
1581,user_5,18181.58,2026-08-07 16:39:09.153465,Zomato,request,Pune,iOS,0
1582,user_26,1945.85,2026-08-19 04:24:46.153465,Flipkart,send,Delhi,iOS,0
1583,user_46,3877.71,2026-09-03 19:40:19.153465,Walmart,request,Bangalore,iOS,0
1584,user_47,890.42,2026-09-02 00:04:00.153465,Paytm,request,Pune,Web,1
1585,user_43,9905.85,2026-08-06 21:51:37.153465,Paytm,refund,Chennai,Android,0
1586,user_12,16598.63,2026-09-07 23:04:54.153465,Flipkart,request,Bangalore,iOS,0
1587,user_5,19517.37,2026-09-01 03:37:53.153465,Amazon,request,Mumbai,iOS,0
1588,user_25,3289.53,2026-07-27 07:25:04.153465,Flipkart,refund,Chennai,Android,0
1589,user_11,8403.59,2026-07-28 20:10:36.153465,Amazon,send,Delhi,Web,1
1590,user_38,5857.98,2026-09-01 19:32:41.153465,Swiggy,request,Bangalore,iOS,0
1591,user_35,15833.15,2026-09-16 04:47:47.153465,Paytm,refund,Chennai,iOS,0
1592,user_24,7559.51,2026-08-13 19:47:06.153465,Walmart,send,Pune,iOS,0
1593,user_43,19324.96,2026-09-12 16:46:44.153465,Swiggy,refund,Delhi,Web,0
1594,user_5,18302.2,2026-08-14 11:09:44.153465,Walmart,request,Bangalore,Web,0
1595,user_16,4303.1,2026-08-11 04:34:31.153465,Swiggy,request,Delhi,Web,0
1596,user_33,4345.26,2026-09-11 13:34:38.153465,Zomato,request,Bangalore,iOS,0
1597,user_36,630.8,2026-08-21 21:45:50.153465,Amazon,request,Mumbai,iOS,0
1598,user_2,163088.36,2026-07-31 10:02:31.153465,Zomato,refund,Mumbai,Android,1
1599,user_42,2631.47,2026-08-07 22:57:53.153465,Swiggy,send,Delhi,Android,0
1600,user_10,2859.18,2026-08-15 06:23:13.153465,Walmart,refund,Pune,Web,1
1601,user_23,14820.22,2026-08-31 08:21:30.153465,Walmart,refund,Delhi,Web,0
1602,user_15,15003.35,2026-08-15 00:18:04.153465,Swiggy,refund,Mumbai,iOS,0
1603,user_5,6989.23,2026-08-13 17:20:15.153465,Swiggy,refund,Chennai,Android,0
1604,user_1,3281.55,2026-08-28 01:52:28.153465,Flipkart,request,Mumbai,Android,0
1605,user_5,10762.57,2026-07-28 15:49:18.153465,Paytm,request,Bangalore,Android,0
1606,user_17,1974.87,2026-08-01 14:37:41.153465,Swiggy,refund,Delhi,Web,0
1607,user_5,19593.34,2026-09-09 11:33:43.153465,Walmart,refund,Delhi,Android,0
1608,user_18,2151.5,2026-09-16 19:52:30.153465,Swiggy,send,Delhi,iOS,0
1609,user_8,3116.21,2026-08-10 22:25:06.153465,Flipkart,request,Delhi,Web,0
1610,user_44,11400.76,2026-09-17 05:02:27.153465,Swiggy,send,Delhi,iOS,0
1611,user_32,482.13,2026-08-28 20:33:53.153465,Amazon,request,Delhi,iOS,0
1612,user_11,4285.56,2026-09-06 05:13:09.153465,Paytm,request,Mumbai,Web,1
1613,user_49,12142.16,2026-08-07 10:24:44.153465,Swiggy,send,Delhi,Android,1
1614,user_25,886.03,2026-08-05 04:34:22.153465,Amazon,send,Delhi,Android,0
1615,user_30,9782.35,2026-08-02 00:47:01.153465,Paytm,request,Chennai,iOS,0
1616,user_12,34016.37,2026-08-27 07:44:13.153465,Amazon,send,Mumbai,iOS,0
1617,user_6,3268.04,2026-07-26 05:51:17.153465,Amazon,send,Bangalore,Android,0
1618,user_4,1050.8,2026-07-31 22:07:52.153465,Zomato,send,Mumbai,Android,0
1619,user_27,10723.69,2026-07-26 06:35:38.153465,Paytm,request,Mumbai,Web,0
1620,user_15,14933.62,2026-07-26 02:33:30.153465,Paytm,send,Chennai,iOS,0
1621,user_34,2153.31,2026-08-18 12:37:01.153465,Swiggy,request,Bangalore,Android,0
1622,user_4,4963.1,2026-09-08 10:06:02.153465,Swiggy,request,Delhi,Android,1
1623,user_3,33718.07,2026-07-27 02:10:16.153465,Amazon,send,Chennai,iOS,0
1624,user_50,12608.83,2026-09-14 07:52:38.153465,Paytm,send,Chennai,Android,1
1625,user_33,665.73,2026-07-29 06:47:46.153465,Swiggy,send,Delhi,Web,0
1626,user_37,5206.45,2026-08-28 06:14:34.153465,Flipkart,send,Mumbai,Web,0
1627,user_48,25453.78,2026-09-14 04:01:48.153465,Swiggy,send,Pune,Web,1
1628,user_21,4262.59,2026-07-26 15:06:38.153465,Swiggy,send,Delhi,iOS,0
1629,user_3,19211.51,2026-08-01 17:39:51.153465,Zomato,send,Mumbai,iOS,0
1630,user_30,51523.38,2026-09-06 01:09:06.153465,Amazon,send,Pune,Android,1
1631,user_18,4455.71,2026-08-11 23:07:40.153465,Flipkart,send,Chennai,Android,1
1632,user_29,1662.29,2026-09-11 18:23:50.153465,Swiggy,request,Pune,Web,0
1633,user_37,6755.4,2026-08-20 15:08:49.153465,Amazon,send,Bangalore,Android,0
1634,user_41,418.04,2026-09-09 22:08:34.153465,Flipkart,send,Mumbai,Web,0
1635,user_2,31166.54,2026-08-13 21:56:53.153465,Amazon,refund,Bangalore,Android,0
1636,user_36,1092.74,2026-09-14 03:33:59.153465,Zomato,request,Mumbai,Android,0
1637,user_10,2235.95,2026-07-28 08:48:11.153465,Zomato,request,Delhi,iOS,0
1638,user_14,16188.59,2026-08-23 20:12:39.153465,Swiggy,request,Chennai,Web,0
1639,user_23,19431.29,2026-09-12 23:09:35.153465,Paytm,request,Chennai,iOS,0
1640,user_28,3016.88,2026-07-29 07:19:14.153465,Flipkart,refund,Bangalore,Web,0
1641,user_14,12103.37,2026-09-08 06:07:36.153465,Flipkart,send,Chennai,Android,0
1642,user_22,10852.66,2026-07-27 12:52:20.153465,Swiggy,request,Delhi,iOS,0
1643,user_16,2084.05,2026-09-10 10:38:54.153465,Paytm,request,Chennai,iOS,0
1644,user_39,1027.16,2026-08-08 14:17:04.153465,Amazon,send,Chennai,iOS,0
1645,user_12,25810.58,2026-09-11 02:03:12.153465,Flipkart,request,Delhi,iOS,0
1646,user_46,3031.57,2026-09-08 00:09:50.153465,Walmart,send,Chennai,iOS,0
1647,user_17,4582.95,2026-09-14 00:44:08.153465,Flipkart,refund,Pune,Web,1
1648,user_23,12523.29,2026-08-01 02:59:09.153465,Swiggy,request,Chennai,Android,0
1649,user_40,17410.53,2026-09-15 09:23:19.153465,Walmart,request,Bangalore,Web,0
1650,user_26,1755.61,2026-08-04 22:41:38.153465,Walmart,send,Mumbai,iOS,0
1651,user_36,38323.39,2026-09-08 17:52:20.153465,Paytm,refund,Pune,iOS,0
1652,user_1,1280.92,2026-07-29 23:28:03.153465,Amazon,request,Bangalore,Android,0
1653,user_14,41033.26,2026-09-17 19:39:14.153465,Flipkart,send,Pune,Web,1
1654,user_25,4646.12,2026-08-12 00:13:26.153465,Flipkart,request,Pune,Android,1
1655,user_5,11394.41,2026-07-30 06:52:38.153465,Flipkart,send,Bangalore,iOS,0
1656,user_30,7849.31,2026-09-02 10:45:28.153465,Flipkart,refund,Bangalore,iOS,0
1657,user_13,9033.95,2026-09-01 12:10:30.153465,Paytm,send,Delhi,iOS,0
1658,user_49,10602.57,2026-08-03 21:11:31.153465,Swiggy,send,Bangalore,iOS,0
1659,user_26,3289.56,2026-09-08 07:35:25.153465,Paytm,refund,Delhi,Web,0
1660,user_34,37167.67,2026-08-05 20:15:08.153465,Amazon,send,Pune,Android,1
1661,user_14,15919.19,2026-07-22 03:44:00.153465,Paytm,request,Delhi,Android,0
1662,user_48,3265.06,2026-07-30 21:29:55.153465,Amazon,request,Delhi,Web,0
1663,user_33,1128.25,2026-07-30 19:56:34.153465,Walmart,send,Mumbai,Android,0
1664,user_29,1888.76,2026-08-16 03:34:00.153465,Paytm,request,Mumbai,Android,0
1665,user_5,18832.04,2026-08-09 14:54:29.153465,Walmart,send,Delhi,iOS,0
1666,user_33,4795.14,2026-09-10 07:18:39.153465,Paytm,send,Pune,iOS,0
1667,user_30,53606.8,2026-08-31 11:30:32.153465,Zomato,request,Delhi,iOS,1
1668,user_41,1590.92,2026-09-18 03:48:27.153465,Swiggy,request,Chennai,iOS,0
1669,user_44,5162.99,2026-08-13 20:44:55.153465,Amazon,refund,Mumbai,iOS,0
1670,user_30,138536.09,2026-08-19 08:12:23.153465,Zomato,send,Chennai,Android,1
1671,user_29,3693.87,2026-07-22 14:43:24.153465,Flipkart,refund,Mumbai,Android,0
1672,user_15,7942.39,2026-09-13 01:33:50.153465,Amazon,send,Pune,iOS,0
1673,user_13,5259.9,2026-08-09 00:37:13.153465,Swiggy,refund,Bangalore,iOS,0
1674,user_8,3764.06,2026-08-12 06:03:19.153465,Amazon,request,Delhi,Android,0
1675,user_13,7889.48,2026-08-06 17:32:23.153465,Swiggy,request,Mumbai,Android,0
1676,user_16,11068.3,2026-09-01 23:31:49.153465,Amazon,refund,Chennai,Web,1
1677,user_15,6938.14,2026-09-14 02:16:27.153465,Swiggy,refund,Pune,iOS,0
1678,user_6,548.64,2026-08-17 23:30:16.153465,Swiggy,send,Chennai,Android,0
1679,user_42,1404.29,2026-09-18 01:18:42.153465,Amazon,refund,Chennai,iOS,0
1680,user_4,2270.77,2026-08-23 21:18:16.153465,Flipkart,send,Delhi,iOS,0
1681,user_47,4367.07,2026-07-28 06:26:15.153465,Paytm,refund,Delhi,iOS,1
1682,user_45,2943.86,2026-09-15 05:33:51.153465,Zomato,send,Pune,Web,0
1683,user_18,3504.41,2026-08-09 20:44:29.153465,Amazon,refund,Pune,Android,0
1684,user_50,4217.31,2026-09-10 15:00:24.153465,Swiggy,refund,Chennai,Web,1
1685,user_32,1992.41,2026-08-03 08:52:35.153465,Walmart,request,Pune,Android,0
1686,user_6,2231.27,2026-08-17 04:29:56.153465,Swiggy,send,Mumbai,Android,0
1687,user_32,4582.89,2026-08-19 22:50:22.153465,Paytm,refund,Bangalore,iOS,0
1688,user_35,7047.99,2026-09-14 14:13:14.153465,Flipkart,send,Mumbai,Android,0
1689,user_10,1436.02,2026-09-04 05:39:46.153465,Zomato,request,Chennai,iOS,0
1690,user_10,1764.87,2026-08-28 01:43:11.153465,Zomato,send,Bangalore,Web,0
1691,user_45,606.34,2026-09-03 21:17:13.153465,Amazon,send,Delhi,Android,0
1692,user_27,82362.15,2026-09-05 11:39:41.153465,Zomato,refund,Chennai,iOS,1
1693,user_32,3077.45,2026-07-27 04:56:12.153465,Zomato,send,Delhi,Android,0
1694,user_21,1823.26,2026-08-25 19:59:26.153465,Flipkart,refund,Mumbai,Web,0
1695,user_17,2561.37,2026-09-07 18:45:04.153465,Flipkart,request,Mumbai,iOS,0
1696,user_47,1833.58,2026-08-17 02:03:46.153465,Paytm,request,Bangalore,Android,0
1697,user_25,580.03,2026-09-09 13:47:05.153465,Zomato,request,Mumbai,iOS,1
1698,user_26,2161.4,2026-08-21 19:50:45.153465,Amazon,request,Bangalore,Web,0
1699,user_48,211.73,2026-08-11 10:02:35.153465,Amazon,request,Delhi,Android,0
1700,user_9,3769.27,2026-08-15 15:27:44.153465,Zomato,send,Mumbai,iOS,0
1701,user_34,3450.78,2026-08-26 16:03:10.153465,Swiggy,refund,Mumbai,Web,1
1702,user_46,1169.82,2026-08-16 15:15:07.153465,Walmart,request,Bangalore,iOS,0
1703,user_15,19811.33,2026-08-02 11:38:20.153465,Swiggy,request,Mumbai,Android,0
1704,user_50,14520.4,2026-08-08 01:23:43.153465,Amazon,refund,Pune,iOS,1
1705,user_13,9359.04,2026-08-02 14:35:58.153465,Flipkart,send,Mumbai,Android,0
1706,user_19,761.42,2026-07-29 19:22:12.153465,Amazon,send,Mumbai,iOS,0
1707,user_19,221.53,2026-08-03 18:49:33.153465,Flipkart,refund,Pune,Android,0
1708,user_1,3120.77,2026-08-17 02:39:23.153465,Paytm,refund,Pune,iOS,0
1709,user_49,15843.55,2026-08-28 12:21:53.153465,Paytm,send,Mumbai,Web,0
1710,user_6,2480.54,2026-08-06 21:26:40.153465,Amazon,refund,Chennai,Android,0
1711,user_46,1210.17,2026-08-10 21:47:24.153465,Swiggy,refund,Mumbai,Android,1
1712,user_25,2921.8,2026-07-30 10:22:48.153465,Zomato,request,Delhi,Android,0
1713,user_27,10216.91,2026-08-10 17:46:08.153465,Walmart,refund,Delhi,Web,0
1714,user_32,515.85,2026-09-02 17:44:15.153465,Swiggy,send,Delhi,Android,0
1715,user_8,10300.56,2026-08-15 22:51:04.153465,Zomato,request,Pune,Web,1
1716,user_1,3763.28,2026-08-12 03:45:50.153465,Walmart,refund,Pune,Web,0
1717,user_29,678.53,2026-09-17 00:04:31.153465,Amazon,send,Chennai,Web,0
1718,user_19,3589.11,2026-08-27 15:11:27.153465,Swiggy,send,Bangalore,iOS,0
1719,user_29,3601.67,2026-09-10 07:12:03.153465,Amazon,request,Delhi,Web,0
1720,user_45,1852.62,2026-09-03 05:35:16.153465,Walmart,refund,Mumbai,Web,0
1721,user_28,23757.91,2026-07-30 01:58:06.153465,Zomato,send,Pune,Android,1
1722,user_40,12092.16,2026-08-31 07:00:55.153465,Paytm,request,Chennai,Android,0
1723,user_16,1320.32,2026-07-23 08:27:19.153465,Paytm,refund,Mumbai,Web,0
1724,user_44,10605.4,2026-09-13 02:19:27.153465,Zomato,refund,Bangalore,Web,0
1725,user_8,2620.94,2026-08-16 09:27:57.153465,Flipkart,send,Delhi,Android,0
1726,user_16,8997.85,2026-08-25 08:35:48.153465,Walmart,request,Bangalore,Android,1
1727,user_37,10961.03,2026-08-28 07:11:16.153465,Amazon,request,Mumbai,iOS,0
1728,user_46,2186.42,2026-08-25 17:56:29.153465,Amazon,refund,Bangalore,iOS,0
1729,user_27,10412.77,2026-08-03 16:37:15.153465,Swiggy,request,Chennai,Android,1
1730,user_24,15883.9,2026-09-05 19:22:32.153465,Walmart,request,Bangalore,iOS,0
1731,user_26,4266.82,2026-08-20 09:36:44.153465,Paytm,refund,Mumbai,iOS,0
1732,user_18,4255.43,2026-07-31 15:56:31.153465,Paytm,refund,Pune,iOS,1
1733,user_14,17651.77,2026-09-17 03:17:03.153465,Flipkart,send,Mumbai,Web,1
1734,user_32,4472.69,2026-09-16 01:17:46.153465,Amazon,send,Chennai,iOS,1
1735,user_17,16353.03,2026-08-14 12:42:56.153465,Swiggy,refund,Delhi,Web,1
1736,user_50,3371.02,2026-07-28 05:01:52.153465,Zomato,refund,Chennai,Web,0
1737,user_38,16462.17,2026-08-14 13:42:28.153465,Walmart,send,Chennai,iOS,0
1738,user_26,592.84,2026-07-24 15:00:11.153465,Flipkart,request,Chennai,Android,0
1739,user_19,1474.8,2026-09-03 18:45:59.153465,Walmart,request,Delhi,Web,0
1740,user_23,10762.03,2026-08-13 03:24:57.153465,Swiggy,request,Chennai,iOS,0
1741,user_17,14447.74,2026-07-27 04:49:20.153465,Flipkart,refund,Chennai,iOS,1
1742,user_15,15761.18,2026-09-05 01:34:06.153465,Zomato,request,Mumbai,Web,0
1743,user_28,2732.8,2026-08-30 21:17:24.153465,Amazon,refund,Pune,Android,1
1744,user_26,498.75,2026-08-21 21:23:52.153465,Amazon,refund,Chennai,iOS,0
1745,user_11,4350.96,2026-09-01 03:00:14.153465,Walmart,send,Bangalore,iOS,1
1746,user_30,18819.9,2026-07-25 09:33:47.153465,Swiggy,request,Chennai,Android,0
1747,user_12,50442.91,2026-08-31 13:34:05.153465,Walmart,request,Delhi,iOS,0
1748,user_11,1709.86,2026-08-06 13:25:16.153465,Paytm,send,Delhi,iOS,0
1749,user_32,12484.73,2026-09-02 21:02:35.153465,Amazon,request,Bangalore,Android,1
1750,user_6,3697.13,2026-07-26 11:58:16.153465,Zomato,send,Delhi,Android,0
1751,user_19,764.15,2026-08-07 01:46:59.153465,Swiggy,refund,Mumbai,iOS,0
1752,user_39,4305.29,2026-08-19 00:28:41.153465,Walmart,refund,Mumbai,Android,0
1753,user_41,2558.79,2026-08-25 19:56:31.153465,Flipkart,refund,Bangalore,Android,0
1754,user_50,2500.29,2026-07-31 17:12:29.153465,Amazon,refund,Delhi,iOS,0
1755,user_18,2213.73,2026-08-12 09:16:52.153465,Swiggy,send,Mumbai,Android,0
1756,user_34,12453.52,2026-09-19 08:40:00.153465,Zomato,refund,Mumbai,Android,1
1757,user_22,19776.35,2026-08-04 21:51:41.153465,Zomato,send,Chennai,Web,0
1758,user_20,5218.23,2026-08-11 02:01:50.153465,Paytm,send,Mumbai,Web,0
1759,user_39,532.15,2026-09-03 11:26:58.153465,Paytm,send,Pune,iOS,0
1760,user_29,1164.28,2026-09-05 06:03:52.153465,Flipkart,refund,Bangalore,iOS,0
1761,user_23,7514.3,2026-09-14 16:10:26.153465,Zomato,request,Pune,Web,0
1762,user_38,7932.47,2026-08-28 21:47:31.153465,Swiggy,refund,Chennai,Android,0
1763,user_46,2825.55,2026-08-07 09:13:56.153465,Swiggy,refund,Bangalore,iOS,0
1764,user_41,4171.7,2026-08-23 04:47:42.153465,Zomato,request,Bangalore,Web,1
1765,user_25,4254.0,2026-08-16 03:13:29.153465,Walmart,request,Bangalore,Android,1
1766,user_3,43939.94,2026-08-13 09:17:57.153465,Walmart,refund,Delhi,Web,0
1767,user_6,4393.68,2026-08-12 02:26:41.153465,Flipkart,send,Pune,Android,1
1768,user_29,3152.78,2026-09-16 13:36:40.153465,Flipkart,refund,Bangalore,Web,0
1769,user_37,6735.66,2026-08-17 01:20:07.153465,Swiggy,refund,Delhi,Web,0
1770,user_16,2287.56,2026-08-17 11:52:22.153465,Zomato,send,Bangalore,iOS,0
1771,user_38,15423.4,2026-08-16 16:34:52.153465,Swiggy,request,Pune,Android,0
1772,user_42,2182.55,2026-08-27 08:01:41.153465,Paytm,send,Delhi,Android,0
1773,user_47,3868.07,2026-08-12 04:10:35.153465,Flipkart,request,Chennai,iOS,0
1774,user_10,4193.29,2026-07-29 12:43:34.153465,Flipkart,send,Bangalore,iOS,0
1775,user_18,4716.07,2026-09-16 09:45:50.153465,Zomato,refund,Pune,iOS,0
1776,user_22,11663.12,2026-07-28 19:59:51.153465,Paytm,request,Chennai,Web,0
1777,user_30,10409.08,2026-08-24 18:44:18.153465,Swiggy,refund,Bangalore,Android,0
1778,user_8,1140.81,2026-08-08 05:36:05.153465,Swiggy,request,Mumbai,Android,0
1779,user_38,15901.47,2026-08-23 21:28:47.153465,Flipkart,request,Pune,Android,0
1780,user_25,2100.52,2026-07-31 01:51:48.153465,Flipkart,refund,Pune,Android,0
1781,user_35,12529.09,2026-08-18 05:34:53.153465,Amazon,refund,Chennai,Web,0
1782,user_5,5655.99,2026-08-23 19:42:48.153465,Swiggy,send,Chennai,iOS,0
1783,user_13,8230.86,2026-08-21 07:09:17.153465,Amazon,send,Delhi,Android,0
1784,user_29,863.04,2026-09-16 11:53:55.153465,Flipkart,send,Chennai,Web,0
1785,user_30,12677.14,2026-09-13 19:40:30.153465,Zomato,refund,Pune,Web,0
1786,user_33,3737.18,2026-08-31 17:18:25.153465,Swiggy,request,Pune,Android,0
1787,user_47,914.26,2026-08-27 16:12:29.153465,Swiggy,refund,Pune,iOS,0
1788,user_10,765.88,2026-08-10 22:34:33.153465,Paytm,refund,Mumbai,Web,0
1789,user_24,5049.71,2026-08-05 22:56:34.153465,Walmart,refund,Bangalore,iOS,0
1790,user_22,12483.39,2026-07-29 06:05:03.153465,Walmart,request,Delhi,iOS,0
1791,user_1,4541.89,2026-08-04 15:14:27.153465,Zomato,request,Delhi,iOS,0
1792,user_19,4534.59,2026-08-06 18:03:34.153465,Amazon,send,Mumbai,iOS,0
1793,user_14,12664.29,2026-09-05 09:42:51.153465,Swiggy,request,Mumbai,Web,0
1794,user_32,588.31,2026-09-01 02:11:40.153465,Paytm,refund,Pune,Android,0
1795,user_17,1358.4,2026-08-06 23:22:46.153465,Zomato,request,Bangalore,iOS,0
1796,user_38,5864.96,2026-07-26 03:12:25.153465,Walmart,request,Bangalore,Android,0
1797,user_22,10055.02,2026-08-19 15:24:17.153465,Flipkart,request,Mumbai,Web,0
1798,user_32,912.66,2026-07-25 17:22:08.153465,Amazon,send,Pune,Android,0
1799,user_43,12697.37,2026-08-04 21:43:32.153465,Amazon,refund,Delhi,Android,0
1800,user_39,1437.09,2026-09-15 05:06:16.153465,Amazon,request,Delhi,iOS,0
1801,user_18,4282.05,2026-08-31 00:26:57.153465,Flipkart,refund,Bangalore,Android,1
1802,user_39,2157.21,2026-09-18 19:41:50.153465,Zomato,request,Bangalore,Android,0
1803,user_26,27395.75,2026-07-22 12:19:56.153465,Swiggy,send,Mumbai,iOS,0
1804,user_43,17996.42,2026-09-06 22:11:44.153465,Amazon,request,Mumbai,iOS,0
1805,user_1,3084.23,2026-09-07 00:55:48.153465,Swiggy,refund,Pune,iOS,0
1806,user_40,9395.76,2026-08-06 21:50:19.153465,Swiggy,send,Delhi,iOS,0
1807,user_16,3558.8,2026-08-14 14:53:18.153465,Amazon,request,Pune,iOS,0
1808,user_16,1638.3,2026-09-15 17:48:58.153465,Swiggy,request,Pune,Android,0
1809,user_19,1490.86,2026-08-06 01:16:09.153465,Swiggy,request,Delhi,Web,1
1810,user_33,4416.81,2026-08-05 09:17:12.153465,Swiggy,request,Delhi,iOS,1
1811,user_37,11401.51,2026-08-01 17:33:44.153465,Walmart,send,Delhi,iOS,0
1812,user_40,35249.48,2026-08-21 04:44:24.153465,Flipkart,send,Mumbai,iOS,0
1813,user_10,3529.78,2026-07-29 00:57:42.153465,Flipkart,request,Delhi,Android,0
1814,user_10,510.66,2026-09-05 00:02:14.153465,Amazon,send,Mumbai,Android,0
1815,user_13,5011.27,2026-09-08 04:27:33.153465,Flipkart,refund,Bangalore,Android,0
1816,user_14,17933.48,2026-09-19 00:00:39.153465,Paytm,send,Mumbai,Android,0
1817,user_36,4751.86,2026-07-26 14:13:26.153465,Amazon,send,Delhi,Web,1
1818,user_43,14502.62,2026-09-15 20:55:00.153465,Amazon,refund,Mumbai,iOS,0
1819,user_40,18141.81,2026-09-18 05:34:33.153465,Walmart,send,Pune,Android,1
1820,user_16,4344.61,2026-08-06 21:02:17.153465,Amazon,refund,Bangalore,iOS,0
1821,user_9,1431.27,2026-07-30 11:37:47.153465,Swiggy,request,Mumbai,iOS,0
1822,user_49,12800.26,2026-09-09 19:05:15.153465,Zomato,request,Pune,Web,1
1823,user_44,48104.59,2026-07-22 10:45:02.153465,Walmart,send,Mumbai,Web,1
1824,user_14,14763.7,2026-08-30 11:46:25.153465,Amazon,send,Delhi,iOS,0
1825,user_9,2835.46,2026-09-05 18:37:38.153465,Amazon,refund,Mumbai,Android,0
1826,user_13,12830.29,2026-08-29 08:52:03.153465,Swiggy,request,Chennai,iOS,1
1827,user_1,773.17,2026-09-18 07:53:54.153465,Walmart,refund,Delhi,Web,0
1828,user_2,59659.25,2026-08-10 10:39:26.153465,Amazon,request,Pune,Android,0
1829,user_2,196560.72,2026-08-17 19:42:42.153465,Amazon,request,Pune,iOS,1
1830,user_3,19172.82,2026-09-08 09:34:45.153465,Swiggy,send,Bangalore,iOS,0
1831,user_41,4768.78,2026-09-12 15:32:10.153465,Flipkart,send,Bangalore,Web,1
1832,user_3,54220.45,2026-08-28 09:47:03.153465,Flipkart,send,Bangalore,Web,0
1833,user_17,4098.53,2026-09-04 01:05:17.153465,Paytm,refund,Mumbai,Web,0
1834,user_28,866.03,2026-09-07 14:21:06.153465,Walmart,request,Mumbai,Web,0
1835,user_34,490.28,2026-09-01 23:41:39.153465,Walmart,refund,Mumbai,iOS,0
1836,user_46,2097.4,2026-09-02 03:03:35.153465,Swiggy,send,Pune,iOS,0
1837,user_28,693.32,2026-08-29 07:40:35.153465,Swiggy,refund,Bangalore,Android,0
1838,user_49,5488.76,2026-08-11 20:39:59.153465,Swiggy,refund,Delhi,Web,0
1839,user_12,57728.26,2026-09-17 09:27:26.153465,Zomato,refund,Delhi,iOS,0
1840,user_32,3938.74,2026-09-01 05:56:54.153465,Swiggy,send,Bangalore,Android,0
1841,user_50,1520.15,2026-07-21 19:04:23.153465,Walmart,request,Mumbai,Web,1
1842,user_24,9162.71,2026-07-24 03:38:33.153465,Amazon,request,Bangalore,Web,0
1843,user_50,3832.75,2026-08-13 14:58:20.153465,Paytm,request,Delhi,Android,0
1844,user_16,4450.68,2026-09-17 04:06:03.153465,Amazon,send,Chennai,iOS,0
1845,user_21,3161.17,2026-07-25 05:23:46.153465,Swiggy,request,Mumbai,Web,0
1846,user_46,2677.64,2026-09-01 12:14:13.153465,Flipkart,request,Pune,Android,0
1847,user_8,3948.05,2026-08-25 14:33:02.153465,Paytm,request,Mumbai,Android,0
1848,user_17,1589.02,2026-09-17 00:18:34.153465,Flipkart,request,Mumbai,Web,1
1849,user_30,117458.61,2026-07-23 08:44:38.153465,Paytm,refund,Mumbai,Android,1
1850,user_43,14243.4,2026-09-12 04:06:34.153465,Flipkart,send,Mumbai,Web,0
1851,user_6,3880.32,2026-08-17 02:00:17.153465,Paytm,refund,Bangalore,Android,0
1852,user_20,19781.27,2026-08-23 11:29:27.153465,Swiggy,refund,Pune,Android,0
1853,user_35,17209.81,2026-07-26 01:58:27.153465,Amazon,refund,Chennai,Android,0
1854,user_5,14912.82,2026-07-27 17:59:45.153465,Amazon,refund,Chennai,iOS,0
1855,user_17,855.72,2026-07-24 06:52:05.153465,Walmart,request,Chennai,iOS,0
1856,user_5,14239.15,2026-09-09 18:50:01.153465,Zomato,refund,Bangalore,Android,0
1857,user_11,304.26,2026-08-28 04:38:41.153465,Paytm,refund,Chennai,iOS,0
1858,user_29,2314.68,2026-09-05 19:17:26.153465,Amazon,send,Delhi,Web,0
1859,user_16,2175.79,2026-08-25 05:23:32.153465,Amazon,refund,Mumbai,Android,0
1860,user_10,8585.11,2026-09-07 05:32:46.153465,Walmart,refund,Chennai,Android,1
1861,user_1,4213.45,2026-09-01 09:46:36.153465,Flipkart,refund,Mumbai,Android,0
1862,user_32,616.36,2026-07-23 04:03:30.153465,Zomato,refund,Bangalore,Web,0
1863,user_33,4002.49,2026-09-14 02:32:24.153465,Zomato,send,Pune,iOS,0
1864,user_33,12484.3,2026-08-05 17:13:55.153465,Swiggy,request,Chennai,Android,1
1865,user_3,35907.02,2026-09-19 06:31:33.153465,Flipkart,send,Bangalore,Web,0
1866,user_3,55638.2,2026-08-09 00:44:37.153465,Zomato,request,Delhi,Android,0
1867,user_30,16621.1,2026-08-29 13:08:00.153465,Swiggy,send,Bangalore,iOS,0
1868,user_15,10245.69,2026-08-15 07:19:16.153465,Amazon,send,Chennai,Web,0
1869,user_39,527.51,2026-07-27 03:29:49.153465,Flipkart,refund,Pune,Android,0
1870,user_6,3905.19,2026-08-04 11:47:45.153465,Walmart,request,Pune,Android,0
1871,user_17,4142.99,2026-08-10 09:18:53.153465,Walmart,refund,Delhi,Web,0
1872,user_25,1555.8,2026-08-22 00:22:09.153465,Paytm,request,Mumbai,Web,0
1873,user_32,3355.65,2026-07-29 06:46:01.153465,Zomato,send,Chennai,iOS,0
1874,user_45,608.49,2026-08-11 15:33:32.153465,Flipkart,refund,Mumbai,iOS,0
1875,user_17,575.45,2026-09-09 20:38:56.153465,Swiggy,send,Pune,Android,0
1876,user_44,36629.52,2026-08-12 04:13:57.153465,Zomato,refund,Pune,Web,1
1877,user_3,24371.96,2026-09-10 06:28:09.153465,Amazon,send,Delhi,Android,0
1878,user_27,18201.41,2026-08-24 23:32:49.153465,Swiggy,request,Delhi,Android,0
1879,user_4,8574.78,2026-07-27 18:17:03.153465,Paytm,send,Bangalore,iOS,1
1880,user_34,4215.98,2026-08-12 10:03:34.153465,Amazon,send,Bangalore,iOS,1
1881,user_31,13830.56,2026-08-01 13:02:49.153465,Paytm,refund,Mumbai,Android,1
1882,user_24,10460.05,2026-08-20 20:11:14.153465,Paytm,send,Chennai,Android,0
1883,user_44,42135.02,2026-08-07 23:36:54.153465,Swiggy,refund,Mumbai,Android,1
1884,user_27,11479.64,2026-08-15 06:09:50.153465,Zomato,send,Chennai,Web,0
1885,user_28,13808.66,2026-07-28 20:26:33.153465,Paytm,refund,Mumbai,Android,1
1886,user_27,7222.32,2026-08-27 18:44:46.153465,Amazon,refund,Chennai,Web,0
1887,user_17,2533.88,2026-09-07 14:02:30.153465,Paytm,request,Mumbai,Web,0
1888,user_7,25666.23,2026-08-07 19:15:00.153465,Zomato,request,Chennai,Web,0
1889,user_3,34608.93,2026-09-02 19:50:11.153465,Flipkart,refund,Pune,Web,0
1890,user_47,743.37,2026-08-25 17:49:41.153465,Paytm,send,Pune,Web,0
1891,user_14,6901.62,2026-08-06 13:14:27.153465,Walmart,refund,Chennai,Web,0
1892,user_2,43271.77,2026-09-06 21:44:26.153465,Swiggy,refund,Pune,Android,1
1893,user_18,4605.03,2026-09-11 22:11:34.153465,Paytm,refund,Delhi,iOS,1
1894,user_3,18207.24,2026-09-16 06:01:14.153465,Walmart,send,Pune,iOS,0
1895,user_39,4629.6,2026-08-30 07:44:03.153465,Walmart,send,Pune,iOS,0
1896,user_29,851.25,2026-08-13 07:45:45.153465,Zomato,request,Bangalore,Web,0
1897,user_48,2817.4,2026-08-10 16:23:14.153465,Walmart,send,Pune,Web,0
1898,user_41,7896.72,2026-08-29 11:58:09.153465,Swiggy,send,Bangalore,Web,1
1899,user_20,8367.87,2026-09-10 08:53:39.153465,Paytm,send,Pune,iOS,0
1900,user_7,52395.75,2026-09-04 06:34:34.153465,Swiggy,refund,Delhi,Android,0
1901,user_4,3112.01,2026-08-22 10:04:22.153465,Swiggy,refund,Delhi,iOS,0
1902,user_34,2003.47,2026-09-18 18:15:44.153465,Amazon,refund,Chennai,Android,0
1903,user_22,44810.46,2026-09-14 20:43:53.153465,Swiggy,send,Bangalore,Web,1
1904,user_13,11575.63,2026-09-03 03:22:54.153465,Flipkart,send,Bangalore,Web,0
1905,user_40,8148.09,2026-09-08 05:48:23.153465,Swiggy,request,Chennai,Web,1
1906,user_24,15949.51,2026-08-28 15:39:08.153465,Paytm,refund,Bangalore,Web,0
1907,user_2,27410.42,2026-09-11 08:25:20.153465,Walmart,refund,Chennai,iOS,0
1908,user_32,2181.7,2026-08-02 22:45:12.153465,Walmart,send,Pune,iOS,0
1909,user_15,7404.71,2026-09-05 16:55:27.153465,Zomato,request,Mumbai,Web,0
1910,user_37,19493.74,2026-08-08 06:00:56.153465,Swiggy,request,Chennai,iOS,0
1911,user_17,4992.37,2026-07-28 00:51:50.153465,Zomato,request,Pune,iOS,0
1912,user_46,1094.21,2026-08-10 12:35:05.153465,Swiggy,send,Bangalore,Android,0
1913,user_10,13038.02,2026-07-26 17:27:04.153465,Amazon,send,Chennai,Web,1
1914,user_20,16628.47,2026-09-01 21:40:26.153465,Amazon,refund,Delhi,Web,0
1915,user_30,5662.09,2026-09-18 07:45:10.153465,Paytm,send,Mumbai,iOS,0
1916,user_50,4375.41,2026-08-05 21:31:17.153465,Paytm,send,Chennai,Android,0
1917,user_46,4974.16,2026-08-24 20:48:40.153465,Amazon,request,Chennai,iOS,1
1918,user_14,5472.83,2026-08-13 13:57:51.153465,Swiggy,refund,Delhi,iOS,0
1919,user_34,406.43,2026-08-23 16:09:37.153465,Paytm,send,Bangalore,Web,0
1920,user_23,7881.63,2026-08-28 02:35:44.153465,Swiggy,refund,Bangalore,Android,0
1921,user_40,18508.41,2026-09-16 09:47:57.153465,Amazon,send,Mumbai,iOS,0
1922,user_11,4966.08,2026-08-23 00:42:42.153465,Amazon,refund,Mumbai,Android,1
1923,user_6,1716.25,2026-09-11 03:51:19.153465,Zomato,request,Chennai,iOS,0
1924,user_25,3052.56,2026-09-05 10:40:55.153465,Zomato,request,Pune,Android,0
1925,user_40,6324.4,2026-09-07 14:19:22.153465,Swiggy,request,Mumbai,Android,0
1926,user_28,10493.34,2026-09-14 17:08:31.153465,Zomato,refund,Delhi,Web,1
1927,user_12,49915.15,2026-07-29 20:31:15.153465,Zomato,refund,Bangalore,Web,0
1928,user_42,13959.17,2026-08-06 15:02:56.153465,Zomato,refund,Mumbai,Web,1
1929,user_8,10239.41,2026-08-20 05:07:42.153465,Swiggy,refund,Pune,Web,1
1930,user_11,1930.32,2026-08-21 22:35:08.153465,Zomato,refund,Mumbai,Android,0
1931,user_36,1900.73,2026-08-16 07:26:40.153465,Zomato,request,Mumbai,Android,0
1932,user_7,18941.31,2026-09-07 11:53:37.153465,Paytm,send,Mumbai,iOS,0
1933,user_36,14764.19,2026-08-22 23:17:22.153465,Swiggy,refund,Delhi,Web,1
1934,user_21,2042.74,2026-08-11 07:31:01.153465,Flipkart,refund,Pune,iOS,1
1935,user_18,2597.78,2026-08-03 15:02:04.153465,Swiggy,send,Mumbai,Web,0
1936,user_1,2751.25,2026-08-17 00:44:46.153465,Walmart,refund,Bangalore,iOS,0
1937,user_3,33213.0,2026-07-26 19:16:43.153465,Walmart,refund,Pune,Android,0
1938,user_27,11504.28,2026-07-30 17:09:22.153465,Walmart,refund,Delhi,Web,0
1939,user_10,2722.31,2026-08-20 10:14:28.153465,Paytm,send,Delhi,Android,0
1940,user_20,10741.64,2026-07-31 05:36:39.153465,Walmart,request,Bangalore,iOS,0
1941,user_13,12372.94,2026-08-10 21:55:35.153465,Zomato,send,Chennai,Android,0
1942,user_14,9243.11,2026-07-24 03:49:52.153465,Amazon,request,Delhi,Web,0
1943,user_29,10014.38,2026-08-24 00:00:06.153465,Flipkart,request,Delhi,iOS,1
1944,user_8,3214.0,2026-08-17 22:40:07.153465,Swiggy,request,Bangalore,iOS,0
1945,user_3,34300.11,2026-08-06 04:58:05.153465,Walmart,refund,Delhi,iOS,0
1946,user_29,3453.53,2026-09-04 20:59:25.153465,Amazon,send,Chennai,Web,1
1947,user_48,381.08,2026-07-31 13:09:32.153465,Flipkart,request,Pune,iOS,0
1948,user_18,4784.13,2026-09-03 05:47:20.153465,Zomato,send,Chennai,Web,0
1949,user_22,15836.61,2026-09-10 14:27:23.153465,Swiggy,send,Mumbai,Android,0
1950,user_38,19382.14,2026-09-14 10:36:09.153465,Swiggy,send,Pune,iOS,0
1951,user_13,7764.21,2026-08-19 19:55:47.153465,Flipkart,request,Bangalore,Web,1
1952,user_29,12810.6,2026-08-17 21:50:06.153465,Paytm,request,Bangalore,iOS,1
1953,user_13,9573.91,2026-07-27 21:23:34.153465,Paytm,send,Delhi,Web,1
1954,user_35,10453.14,2026-08-23 05:29:44.153465,Walmart,request,Bangalore,Web,1
1955,user_4,1843.02,2026-09-11 02:29:53.153465,Zomato,refund,Chennai,Android,0
1956,user_36,3392.59,2026-08-10 00:30:28.153465,Flipkart,refund,Chennai,Web,1
1957,user_42,910.24,2026-09-13 01:50:05.153465,Zomato,send,Delhi,Web,0
1958,user_8,1934.86,2026-09-11 02:53:40.153465,Swiggy,request,Delhi,Android,0
1959,user_48,2654.7,2026-08-24 15:33:53.153465,Swiggy,refund,Bangalore,iOS,0
1960,user_2,38849.36,2026-07-26 20:54:40.153465,Walmart,refund,Pune,iOS,0
1961,user_4,3517.55,2026-09-04 23:41:10.153465,Paytm,request,Bangalore,Android,0
1962,user_29,3835.46,2026-09-18 20:00:18.153465,Flipkart,request,Chennai,Web,0
1963,user_13,15560.22,2026-07-29 03:29:18.153465,Zomato,refund,Delhi,Android,0
1964,user_44,18598.03,2026-09-01 08:30:13.153465,Zomato,request,Pune,Web,0
1965,user_31,35666.86,2026-08-13 18:22:48.153465,Swiggy,refund,Mumbai,iOS,1
1966,user_34,1212.35,2026-09-15 18:00:55.153465,Flipkart,refund,Delhi,iOS,0
1967,user_11,876.01,2026-08-19 22:33:09.153465,Swiggy,refund,Delhi,Android,0
1968,user_22,11317.95,2026-09-06 23:31:18.153465,Zomato,send,Delhi,Android,0
1969,user_23,19415.79,2026-09-03 16:13:00.153465,Flipkart,send,Pune,iOS,0
1970,user_35,42331.42,2026-08-12 15:45:15.153465,Amazon,refund,Mumbai,Android,1
1971,user_28,24974.54,2026-09-17 18:16:31.153465,Swiggy,request,Bangalore,Web,1
1972,user_5,58723.83,2026-08-01 09:09:20.153465,Zomato,refund,Pune,Android,1
1973,user_44,17689.85,2026-08-15 12:28:09.153465,Flipkart,request,Delhi,Web,0
1974,user_33,2036.4,2026-08-02 21:43:02.153465,Swiggy,request,Pune,Web,0
1975,user_19,28938.35,2026-09-11 16:10:27.153465,Zomato,refund,Delhi,iOS,1
1976,user_4,4559.17,2026-07-30 13:52:55.153465,Paytm,send,Bangalore,Web,0
1977,user_24,8098.05,2026-08-24 15:37:27.153465,Paytm,refund,Chennai,Web,0
1978,user_24,11589.23,2026-09-13 23:28:26.153465,Amazon,refund,Mumbai,Android,0
1979,user_18,3297.2,2026-08-10 09:44:46.153465,Paytm,refund,Delhi,Android,0
1980,user_37,49159.68,2026-07-28 01:46:25.153465,Walmart,request,Delhi,Web,1
1981,user_19,1416.0,2026-07-29 22:23:52.153465,Paytm,request,Bangalore,Web,1
1982,user_21,4546.86,2026-08-07 08:44:52.153465,Paytm,request,Bangalore,Web,1
1983,user_13,11405.1,2026-09-11 03:32:32.153465,Zomato,send,Mumbai,iOS,0
1984,user_36,3784.57,2026-07-27 18:33:54.153465,Paytm,request,Bangalore,Web,0
1985,user_28,4771.15,2026-09-14 01:38:06.153465,Paytm,send,Pune,Android,1
1986,user_47,2474.15,2026-08-19 22:18:20.153465,Paytm,request,Bangalore,iOS,0
1987,user_4,12772.68,2026-09-08 18:02:35.153465,Flipkart,send,Chennai,Web,1
1988,user_19,3491.01,2026-08-11 08:46:40.153465,Zomato,send,Chennai,Android,0
1989,user_13,6192.47,2026-09-12 02:19:29.153465,Swiggy,request,Delhi,Android,0
1990,user_33,3002.0,2026-08-09 19:26:46.153465,Swiggy,send,Pune,iOS,0
1991,user_27,16027.6,2026-08-19 06:56:06.153465,Swiggy,refund,Delhi,Web,1
1992,user_44,16077.71,2026-08-19 20:26:18.153465,Paytm,request,Mumbai,iOS,0
1993,user_22,128495.5,2026-08-11 01:52:30.153465,Walmart,request,Delhi,iOS,1
1994,user_18,2330.27,2026-08-21 21:51:02.153465,Swiggy,refund,Delhi,Android,1
1995,user_15,12797.98,2026-08-25 09:23:52.153465,Zomato,send,Bangalore,Android,0
1996,user_39,2929.18,2026-08-03 21:57:58.153465,Zomato,refund,Delhi,iOS,0
1997,user_4,3161.69,2026-08-06 08:52:37.153465,Swiggy,send,Chennai,Web,0
1998,user_12,34377.27,2026-08-09 20:19:23.153465,Swiggy,request,Mumbai,Web,0
1999,user_23,76361.7,2026-08-24 09:57:47.153465,Walmart,send,Pune,Web,1
2000,user_20,18943.59,2026-08-08 00:26:28.153465,Flipkart,send,Pune,iOS,0
2001,user_5,7232.98,2026-07-28 13:03:16.153465,Flipkart,request,Delhi,Web,1
2002,user_1,3512.5,2026-09-12 22:21:36.153465,Amazon,request,Pune,Android,0
2003,user_20,10432.07,2026-08-13 09:23:00.153465,Flipkart,refund,Delhi,Android,0
2004,user_26,804.14,2026-08-31 02:27:46.153465,Zomato,request,Pune,Web,0
2005,user_31,2300.89,2026-07-24 14:42:01.153465,Amazon,refund,Delhi,Web,0
2006,user_27,17108.56,2026-08-18 18:23:36.153465,Amazon,request,Bangalore,Web,1
2007,user_20,9393.66,2026-08-09 12:11:34.153465,Amazon,send,Mumbai,iOS,0
2008,user_16,2690.68,2026-08-08 11:11:11.153465,Paytm,request,Delhi,iOS,0
2009,user_40,13547.58,2026-08-11 17:15:26.153465,Swiggy,request,Mumbai,Android,0
2010,user_47,820.2,2026-09-11 19:16:17.153465,Zomato,refund,Mumbai,Android,0
2011,user_47,4724.33,2026-09-01 00:30:02.153465,Amazon,send,Pune,iOS,1
2012,user_10,1581.35,2026-08-12 08:58:48.153465,Amazon,send,Bangalore,iOS,0
2013,user_46,3430.74,2026-09-02 17:41:21.153465,Swiggy,send,Bangalore,Android,0
2014,user_48,1076.47,2026-07-30 01:30:23.153465,Walmart,request,Mumbai,Web,0
2015,user_23,17667.87,2026-08-23 05:37:15.153465,Walmart,request,Delhi,Web,0
2016,user_19,2989.82,2026-08-14 08:56:13.153465,Walmart,send,Bangalore,iOS,0
2017,user_45,4037.38,2026-07-30 18:20:39.153465,Flipkart,refund,Delhi,Web,0
2018,user_30,47696.21,2026-09-14 09:46:00.153465,Amazon,request,Chennai,Web,1
2019,user_48,1669.8,2026-09-05 14:38:12.153465,Flipkart,request,Chennai,iOS,0
2020,user_38,8524.13,2026-07-29 16:44:20.153465,Swiggy,request,Mumbai,iOS,0
2021,user_49,17635.79,2026-08-20 07:49:00.153465,Zomato,send,Bangalore,Web,0
2022,user_14,7740.27,2026-07-22 23:14:07.153465,Walmart,refund,Bangalore,Web,0
2023,user_3,58492.41,2026-08-23 22:21:39.153465,Flipkart,refund,Bangalore,Web,0
2024,user_6,3473.26,2026-09-07 23:06:10.153465,Paytm,send,Mumbai,Android,0
2025,user_9,1115.99,2026-08-01 21:18:18.153465,Zomato,refund,Delhi,Android,0
2026,user_31,4429.01,2026-09-16 10:49:41.153465,Flipkart,send,Bangalore,Web,0
2027,user_11,2434.74,2026-08-18 01:18:30.153465,Amazon,refund,Bangalore,Android,1
2028,user_44,82882.33,2026-08-26 15:28:08.153465,Amazon,request,Pune,Web,1
2029,user_30,16436.65,2026-08-24 07:51:47.153465,Walmart,refund,Mumbai,Android,0
2030,user_6,4504.7,2026-07-25 06:10:21.153465,Swiggy,send,Mumbai,iOS,0
2031,user_11,4722.15,2026-09-15 10:40:45.153465,Flipkart,request,Chennai,Web,1
2032,user_44,6750.01,2026-09-12 07:44:36.153465,Paytm,send,Pune,Web,0
2033,user_2,52028.83,2026-07-26 10:57:47.153465,Flipkart,send,Delhi,Android,0
2034,user_20,8259.6,2026-09-05 20:03:36.153465,Zomato,request,Mumbai,iOS,0
2035,user_35,11707.4,2026-08-10 10:04:50.153465,Flipkart,send,Pune,Android,0
2036,user_25,2954.65,2026-08-31 03:24:02.153465,Zomato,request,Bangalore,iOS,0
2037,user_14,38386.18,2026-08-15 10:53:29.153465,Swiggy,refund,Chennai,iOS,0
2038,user_14,14091.04,2026-08-05 12:11:44.153465,Swiggy,send,Chennai,Web,0
2039,user_39,3002.97,2026-09-10 10:32:23.153465,Walmart,request,Pune,iOS,0
2040,user_33,386.3,2026-08-13 10:55:30.153465,Walmart,send,Bangalore,Android,0
2041,user_26,2212.13,2026-08-27 05:15:55.153465,Zomato,send,Mumbai,Android,0
2042,user_42,1062.08,2026-07-24 16:42:28.153465,Amazon,refund,Mumbai,iOS,0
2043,user_31,3037.05,2026-08-25 07:16:43.153465,Flipkart,refund,Mumbai,iOS,0
2044,user_46,2076.22,2026-09-01 15:24:27.153465,Swiggy,refund,Bangalore,Web,0
2045,user_38,14624.09,2026-09-13 07:54:17.153465,Paytm,send,Bangalore,iOS,0
2046,user_47,10052.76,2026-08-16 08:53:50.153465,Zomato,request,Chennai,Web,0
2047,user_23,12324.79,2026-09-15 21:09:41.153465,Flipkart,refund,Mumbai,Android,0
2048,user_35,12734.83,2026-08-21 05:35:16.153465,Flipkart,send,Pune,Android,0
2049,user_30,8940.95,2026-07-23 16:56:04.153465,Flipkart,send,Bangalore,iOS,0
2050,user_15,5152.19,2026-08-15 13:03:05.153465,Amazon,send,Delhi,Android,0
2051,user_26,10293.41,2026-08-23 17:15:47.153465,Walmart,request,Pune,Web,1
2052,user_33,2905.95,2026-09-11 16:34:50.153465,Paytm,refund,Delhi,Web,0
2053,user_27,19380.96,2026-09-02 06:36:16.153465,Amazon,send,Bangalore,Android,0
2054,user_38,7447.37,2026-08-27 05:52:48.153465,Amazon,request,Pune,iOS,0
2055,user_7,32380.29,2026-08-03 09:34:49.153465,Flipkart,refund,Mumbai,iOS,0
2056,user_14,16260.11,2026-09-13 21:11:59.153465,Amazon,request,Mumbai,Web,0
2057,user_20,7605.0,2026-08-25 18:21:27.153465,Amazon,refund,Chennai,iOS,0
2058,user_36,3989.21,2026-07-28 23:39:32.153465,Walmart,refund,Delhi,iOS,0
2059,user_9,4165.65,2026-08-24 03:14:53.153465,Walmart,refund,Chennai,Android,0
2060,user_2,31263.19,2026-07-30 23:04:32.153465,Swiggy,refund,Chennai,Android,0
2061,user_8,592.61,2026-09-10 16:04:41.153465,Paytm,refund,Delhi,Android,0
2062,user_18,10808.76,2026-09-16 23:52:22.153465,Zomato,request,Chennai,Android,1
2063,user_48,2406.56,2026-08-31 05:28:02.153465,Paytm,refund,Bangalore,Android,0
2064,user_24,15220.12,2026-09-15 17:22:20.153465,Paytm,request,Bangalore,iOS,0
2065,user_2,58261.25,2026-08-31 02:04:38.153465,Walmart,send,Pune,Android,0
2066,user_27,17922.94,2026-08-23 00:21:07.153465,Zomato,request,Delhi,Android,0
2067,user_10,2885.25,2026-08-01 10:13:16.153465,Swiggy,request,Bangalore,iOS,0
2068,user_23,5417.53,2026-08-21 10:13:15.153465,Paytm,refund,Chennai,Android,0
2069,user_29,1367.05,2026-08-17 13:03:08.153465,Swiggy,send,Delhi,Android,0
2070,user_8,1965.97,2026-09-12 08:35:25.153465,Swiggy,refund,Pune,Android,1
2071,user_13,12424.5,2026-07-28 00:13:17.153465,Paytm,request,Bangalore,Android,0
2072,user_23,58353.84,2026-09-12 21:50:50.153465,Amazon,send,Bangalore,Android,1
2073,user_17,2692.3,2026-09-03 04:52:10.153465,Flipkart,send,Mumbai,iOS,0
2074,user_15,5743.43,2026-09-05 07:25:22.153465,Flipkart,send,Mumbai,Web,0
2075,user_8,4029.17,2026-08-30 20:11:21.153465,Amazon,send,Pune,Android,0
2076,user_30,8163.71,2026-07-28 14:40:54.153465,Paytm,send,Delhi,iOS,0
2077,user_39,4004.53,2026-09-17 01:12:39.153465,Zomato,refund,Chennai,iOS,0
2078,user_24,12459.84,2026-08-07 14:44:17.153465,Walmart,refund,Chennai,Android,0
2079,user_11,2965.63,2026-08-12 20:42:04.153465,Zomato,send,Chennai,iOS,0
2080,user_35,10410.01,2026-09-15 23:06:40.153465,Swiggy,refund,Bangalore,Web,0
2081,user_39,3382.97,2026-08-12 10:53:26.153465,Amazon,send,Bangalore,Web,0
2082,user_12,37660.11,2026-08-08 22:13:49.153465,Amazon,send,Chennai,Web,0
2083,user_35,17594.4,2026-09-10 07:31:17.153465,Zomato,refund,Delhi,Android,0
2084,user_26,4687.44,2026-07-26 13:38:28.153465,Walmart,send,Chennai,iOS,0
2085,user_33,2145.63,2026-07-21 19:54:46.153465,Paytm,refund,Pune,iOS,0
2086,user_17,4908.71,2026-08-03 07:39:37.153465,Walmart,send,Mumbai,iOS,1
2087,user_35,10068.15,2026-08-04 07:02:43.153465,Amazon,request,Delhi,Web,0
2088,user_42,13600.5,2026-08-05 15:12:34.153465,Amazon,send,Pune,iOS,1
2089,user_24,6419.47,2026-08-29 11:08:26.153465,Swiggy,refund,Chennai,Android,0
2090,user_44,5318.37,2026-09-06 10:41:39.153465,Walmart,send,Chennai,Web,0
2091,user_50,1142.82,2026-08-06 13:49:35.153465,Zomato,send,Mumbai,Android,0
2092,user_3,41093.79,2026-08-01 21:37:48.153465,Flipkart,send,Pune,Web,0
2093,user_32,2796.17,2026-07-25 21:41:19.153465,Walmart,request,Delhi,iOS,0
2094,user_12,47148.66,2026-09-12 08:53:20.153465,Flipkart,request,Chennai,Android,0
2095,user_18,4461.83,2026-09-13 02:07:34.153465,Flipkart,request,Mumbai,iOS,1
2096,user_37,58025.31,2026-07-28 19:19:17.153465,Swiggy,refund,Mumbai,Web,1
2097,user_21,2005.38,2026-08-04 09:43:52.153465,Flipkart,send,Delhi,iOS,0
2098,user_22,37998.04,2026-09-03 15:40:20.153465,Walmart,refund,Pune,Android,0
2099,user_18,4347.06,2026-07-28 08:03:19.153465,Paytm,refund,Chennai,Web,0
2100,user_6,478.47,2026-07-29 22:50:30.153465,Flipkart,send,Delhi,Web,0
2101,user_48,327.47,2026-08-31 04:08:13.153465,Swiggy,send,Mumbai,iOS,0
2102,user_13,11946.05,2026-09-01 20:16:46.153465,Swiggy,request,Chennai,iOS,0
2103,user_37,18423.6,2026-07-21 18:47:13.153465,Swiggy,request,Delhi,Android,1
2104,user_37,5196.35,2026-09-12 12:05:45.153465,Flipkart,refund,Delhi,Android,0
2105,user_45,2217.0,2026-09-09 22:06:28.153465,Swiggy,request,Delhi,iOS,0
2106,user_33,4968.43,2026-09-12 05:23:47.153465,Zomato,send,Bangalore,Web,1
2107,user_9,3032.46,2026-09-07 12:35:49.153465,Paytm,send,Delhi,iOS,1
2108,user_17,1495.32,2026-07-22 11:16:43.153465,Amazon,refund,Pune,Web,0
2109,user_6,4229.09,2026-08-02 09:08:41.153465,Zomato,request,Mumbai,Android,0
2110,user_42,3450.97,2026-07-29 19:14:16.153465,Amazon,refund,Pune,Android,0
2111,user_37,15972.82,2026-08-20 01:40:15.153465,Zomato,request,Mumbai,iOS,0
2112,user_24,6588.15,2026-08-07 04:53:42.153465,Swiggy,send,Pune,Web,0
2113,user_40,14580.1,2026-08-20 01:09:02.153465,Amazon,refund,Pune,Web,1
2114,user_46,972.19,2026-09-11 00:44:41.153465,Amazon,send,Bangalore,iOS,0
2115,user_30,5861.33,2026-09-09 15:18:43.153465,Paytm,refund,Chennai,Web,0
2116,user_42,910.38,2026-07-30 05:46:54.153465,Paytm,request,Pune,Android,0
2117,user_35,14164.44,2026-09-12 06:24:38.153465,Paytm,send,Mumbai,Android,0
2118,user_43,10793.2,2026-09-01 21:01:54.153465,Swiggy,refund,Chennai,iOS,0
2119,user_48,4884.23,2026-08-28 04:31:02.153465,Paytm,request,Chennai,iOS,0
2120,user_4,3977.78,2026-08-26 22:35:05.153465,Flipkart,send,Chennai,Android,0
2121,user_17,7682.63,2026-08-31 17:33:43.153465,Zomato,request,Pune,Web,1
2122,user_18,3025.47,2026-09-12 07:47:36.153465,Zomato,refund,Bangalore,Android,0
2123,user_12,27339.22,2026-09-02 23:05:19.153465,Swiggy,request,Chennai,Web,1
2124,user_48,851.69,2026-08-25 04:03:57.153465,Zomato,request,Mumbai,Android,0
2125,user_17,3460.58,2026-08-22 21:42:35.153465,Zomato,request,Chennai,iOS,0
2126,user_15,14859.79,2026-09-04 18:30:37.153465,Walmart,request,Bangalore,Android,0
2127,user_40,10059.08,2026-08-21 22:00:44.153465,Zomato,refund,Chennai,Web,0
2128,user_33,11632.29,2026-08-06 04:22:12.153465,Paytm,request,Mumbai,Web,1
2129,user_46,4368.65,2026-08-17 11:18:55.153465,Walmart,request,Delhi,iOS,0
2130,user_10,12074.51,2026-07-27 07:07:14.153465,Flipkart,refund,Delhi,Android,1
2131,user_11,28905.56,2026-09-05 08:22:34.153465,Walmart,request,Chennai,Android,1
2132,user_50,4997.63,2026-08-23 01:22:00.153465,Swiggy,send,Delhi,Web,1
2133,user_4,11397.92,2026-08-23 16:07:20.153465,Zomato,refund,Chennai,iOS,1
2134,user_47,4842.74,2026-08-14 19:40:17.153465,Zomato,refund,Chennai,Web,1
2135,user_24,15381.57,2026-07-29 18:02:49.153465,Swiggy,refund,Bangalore,Android,0
2136,user_4,2798.59,2026-08-24 15:37:02.153465,Paytm,request,Chennai,Web,0
2137,user_15,13212.75,2026-08-08 02:53:37.153465,Walmart,send,Mumbai,Android,0
2138,user_39,1083.48,2026-09-10 21:52:13.153465,Swiggy,refund,Bangalore,iOS,0
2139,user_32,3056.07,2026-09-06 10:59:04.153465,Walmart,refund,Delhi,iOS,0
2140,user_44,13038.92,2026-08-12 03:24:52.153465,Amazon,request,Mumbai,Android,0
2141,user_41,3244.36,2026-08-10 15:50:06.153465,Swiggy,refund,Delhi,Web,0
2142,user_11,1684.55,2026-08-28 19:56:48.153465,Amazon,refund,Delhi,Android,1
2143,user_6,3753.84,2026-08-05 18:14:57.153465,Zomato,request,Mumbai,iOS,1
2144,user_24,16133.78,2026-08-09 14:08:35.153465,Amazon,send,Chennai,Android,0
2145,user_23,5896.59,2026-08-04 18:22:20.153465,Walmart,send,Pune,Android,0
2146,user_50,4842.87,2026-07-30 10:33:12.153465,Swiggy,request,Mumbai,iOS,1
2147,user_35,12413.74,2026-09-04 02:09:42.153465,Paytm,send,Bangalore,iOS,0
2148,user_7,34031.12,2026-08-01 23:07:19.153465,Flipkart,send,Pune,iOS,0
2149,user_33,4380.68,2026-09-14 11:31:31.153465,Paytm,send,Mumbai,Web,0
2150,user_11,4034.31,2026-08-13 00:31:08.153465,Swiggy,request,Chennai,iOS,0
2151,user_22,14702.17,2026-07-22 20:08:26.153465,Paytm,request,Mumbai,iOS,0
2152,user_17,3957.27,2026-08-10 14:12:18.153465,Paytm,request,Bangalore,Android,0
2153,user_45,2566.22,2026-08-16 13:07:15.153465,Flipkart,refund,Mumbai,Android,0
2154,user_41,2686.42,2026-08-04 11:04:09.153465,Flipkart,send,Bangalore,Android,0
2155,user_27,6563.97,2026-07-23 07:39:19.153465,Amazon,send,Chennai,Android,0
2156,user_20,9864.84,2026-08-18 06:21:16.153465,Zomato,send,Bangalore,iOS,0
2157,user_10,3163.75,2026-07-23 18:41:28.153465,Walmart,refund,Mumbai,Android,1
2158,user_33,1468.75,2026-09-04 20:53:23.153465,Swiggy,request,Pune,Web,0
2159,user_9,783.51,2026-09-18 02:54:48.153465,Amazon,request,Pune,Android,0
2160,user_30,15042.65,2026-09-06 18:19:55.153465,Amazon,send,Bangalore,iOS,0
2161,user_30,34562.58,2026-08-22 19:22:13.153465,Swiggy,request,Mumbai,Android,1
2162,user_20,11196.09,2026-08-02 12:27:12.153465,Paytm,request,Mumbai,iOS,0
2163,user_1,3003.71,2026-08-28 18:09:35.153465,Paytm,request,Bangalore,iOS,0
2164,user_17,1001.59,2026-09-17 13:54:15.153465,Amazon,send,Mumbai,iOS,0
2165,user_7,46339.5,2026-08-27 21:13:01.153465,Swiggy,refund,Delhi,Web,0
2166,user_22,8783.55,2026-08-18 23:05:01.153465,Amazon,refund,Delhi,Android,0
2167,user_11,573.88,2026-09-01 11:55:51.153465,Zomato,send,Delhi,Web,0
2168,user_38,17192.2,2026-08-27 01:41:34.153465,Walmart,request,Delhi,Android,0
2169,user_25,3295.54,2026-08-15 17:01:12.153465,Paytm,refund,Mumbai,Android,0
2170,user_9,12043.92,2026-09-19 08:45:38.153465,Walmart,request,Mumbai,iOS,0
2171,user_37,15685.98,2026-09-05 18:15:26.153465,Flipkart,request,Bangalore,iOS,0
2172,user_32,2948.74,2026-08-04 12:28:26.153465,Zomato,request,Delhi,Web,0
2173,user_15,10831.16,2026-08-15 08:54:07.153465,Amazon,send,Pune,iOS,0
2174,user_35,15355.84,2026-09-13 06:56:06.153465,Amazon,request,Pune,iOS,0
2175,user_4,1748.58,2026-07-30 20:37:23.153465,Walmart,send,Chennai,Web,0
2176,user_5,13024.06,2026-08-27 01:49:25.153465,Paytm,refund,Delhi,iOS,0
2177,user_13,17206.17,2026-08-20 09:19:35.153465,Amazon,refund,Delhi,Android,1
2178,user_46,7574.01,2026-09-08 03:58:50.153465,Zomato,send,Chennai,Web,1
2179,user_26,14905.14,2026-08-14 23:05:04.153465,Paytm,refund,Pune,Web,1
2180,user_34,2903.54,2026-09-09 11:54:14.153465,Paytm,refund,Chennai,iOS,0
2181,user_35,9537.11,2026-09-03 01:51:02.153465,Swiggy,request,Mumbai,iOS,0
2182,user_32,13487.95,2026-07-27 18:40:43.153465,Flipkart,refund,Pune,Android,1
2183,user_13,52411.79,2026-07-26 12:49:10.153465,Paytm,request,Chennai,Android,1
2184,user_22,17579.68,2026-09-11 11:38:53.153465,Flipkart,refund,Delhi,Android,0
2185,user_9,4109.96,2026-09-14 15:50:32.153465,Walmart,request,Pune,Android,0
2186,user_13,13758.93,2026-08-29 17:18:45.153465,Flipkart,refund,Chennai,Web,0
2187,user_5,54752.68,2026-07-31 00:14:14.153465,Zomato,refund,Pune,iOS,1
2188,user_41,3186.85,2026-08-08 17:27:28.153465,Swiggy,request,Delhi,iOS,0
2189,user_46,3332.45,2026-08-18 07:26:12.153465,Walmart,request,Delhi,iOS,0
2190,user_47,4918.72,2026-08-20 03:24:07.153465,Walmart,send,Chennai,iOS,1
2191,user_7,33135.12,2026-07-22 23:50:50.153465,Walmart,request,Bangalore,Web,0
2192,user_20,18783.61,2026-08-31 21:02:25.153465,Zomato,refund,Chennai,iOS,0
2193,user_17,1046.64,2026-08-31 03:23:27.153465,Swiggy,send,Mumbai,Android,0
2194,user_40,12158.15,2026-08-01 19:20:35.153465,Swiggy,refund,Pune,iOS,0
2195,user_50,8061.37,2026-09-18 15:57:48.153465,Amazon,send,Delhi,Web,1
2196,user_8,2847.61,2026-07-25 23:54:41.153465,Swiggy,request,Bangalore,iOS,0
2197,user_4,11137.58,2026-07-27 19:44:12.153465,Zomato,refund,Mumbai,Web,1
2198,user_35,19974.6,2026-08-18 21:31:03.153465,Zomato,send,Bangalore,iOS,0
2199,user_25,10928.19,2026-08-19 13:48:08.153465,Swiggy,refund,Delhi,iOS,0
2200,user_35,7430.4,2026-09-08 06:30:34.153465,Amazon,send,Chennai,iOS,0
2201,user_38,7817.36,2026-08-19 06:58:40.153465,Swiggy,send,Chennai,Android,0
2202,user_47,4756.46,2026-08-21 02:39:49.153465,Walmart,request,Chennai,Android,1
2203,user_41,4144.5,2026-08-14 08:39:11.153465,Zomato,refund,Pune,iOS,0
2204,user_37,8743.84,2026-09-01 19:59:26.153465,Paytm,send,Mumbai,Web,0
2205,user_30,7529.06,2026-07-27 14:00:56.153465,Paytm,refund,Bangalore,Android,0
2206,user_25,1081.64,2026-09-02 17:04:13.153465,Zomato,send,Mumbai,Android,0
2207,user_30,6693.98,2026-08-23 03:26:17.153465,Paytm,refund,Delhi,iOS,0
2208,user_43,7112.41,2026-08-10 01:45:23.153465,Zomato,send,Pune,Android,0
2209,user_38,6338.67,2026-07-25 06:39:09.153465,Swiggy,refund,Pune,iOS,0
2210,user_41,524.26,2026-08-17 17:25:40.153465,Amazon,send,Pune,Android,1
2211,user_46,3907.12,2026-08-30 16:46:10.153465,Amazon,request,Mumbai,Web,0
2212,user_45,598.21,2026-08-16 03:28:45.153465,Swiggy,refund,Mumbai,Web,1
2213,user_38,14991.02,2026-08-13 12:03:55.153465,Zomato,send,Delhi,Android,0
2214,user_19,717.11,2026-08-25 20:58:37.153465,Flipkart,request,Chennai,iOS,0
2215,user_41,4597.86,2026-09-03 10:27:36.153465,Swiggy,request,Mumbai,Android,1
2216,user_32,1196.56,2026-09-04 22:53:08.153465,Flipkart,send,Mumbai,Android,1
2217,user_23,19277.01,2026-09-03 13:11:00.153465,Walmart,request,Delhi,iOS,0
2218,user_39,848.55,2026-08-08 01:13:46.153465,Walmart,send,Mumbai,iOS,0
2219,user_16,3003.2,2026-09-01 12:41:38.153465,Amazon,refund,Bangalore,iOS,0
2220,user_21,346.12,2026-07-24 02:12:56.153465,Paytm,send,Pune,Web,0
2221,user_31,1512.48,2026-09-05 05:24:53.153465,Flipkart,request,Delhi,Web,0
2222,user_23,5204.33,2026-08-22 08:41:22.153465,Amazon,refund,Chennai,Web,0
2223,user_6,1642.4,2026-08-13 00:39:18.153465,Flipkart,refund,Delhi,Web,0
2224,user_10,4371.59,2026-07-23 10:26:30.153465,Paytm,send,Bangalore,Android,0
2225,user_5,13040.77,2026-07-31 18:50:35.153465,Walmart,refund,Delhi,Web,0
2226,user_19,2559.05,2026-08-22 08:04:21.153465,Paytm,request,Bangalore,Web,0
2227,user_46,408.44,2026-08-08 17:54:53.153465,Flipkart,request,Mumbai,iOS,0
2228,user_33,4886.74,2026-07-27 17:37:15.153465,Paytm,send,Chennai,Android,0
2229,user_2,39896.15,2026-08-17 14:39:33.153465,Walmart,send,Mumbai,Android,0
2230,user_33,2441.75,2026-08-22 11:32:57.153465,Paytm,send,Delhi,iOS,0
2231,user_7,40808.65,2026-09-11 01:59:51.153465,Zomato,request,Pune,Web,0
2232,user_38,15428.71,2026-09-18 21:54:59.153465,Amazon,send,Bangalore,iOS,0
2233,user_5,5831.72,2026-08-15 01:44:03.153465,Swiggy,request,Chennai,Android,0
2234,user_1,1067.67,2026-07-24 23:38:59.153465,Flipkart,request,Pune,Web,0
2235,user_19,2947.32,2026-08-11 04:41:35.153465,Walmart,send,Bangalore,Android,0
2236,user_8,4806.69,2026-08-09 03:44:07.153465,Paytm,send,Mumbai,Android,0
2237,user_23,75471.4,2026-09-04 08:18:16.153465,Walmart,refund,Mumbai,Web,0
2238,user_12,131393.05,2026-08-25 20:17:33.153465,Amazon,send,Bangalore,iOS,1
2239,user_47,840.23,2026-08-13 06:43:05.153465,Flipkart,send,Chennai,Android,0
2240,user_26,37558.12,2026-08-04 22:11:55.153465,Amazon,refund,Pune,iOS,0
2241,user_7,199164.23,2026-08-01 03:33:45.153465,Amazon,refund,Chennai,Web,1
2242,user_6,4669.01,2026-08-23 14:38:51.153465,Swiggy,request,Chennai,Web,0
2243,user_49,50926.17,2026-07-25 04:54:53.153465,Zomato,send,Mumbai,Web,1
2244,user_14,14898.89,2026-08-22 17:08:50.153465,Zomato,send,Delhi,Android,0
2245,user_21,1744.99,2026-08-21 02:08:00.153465,Amazon,request,Bangalore,Web,0
2246,user_11,3360.17,2026-09-01 12:29:30.153465,Zomato,send,Chennai,iOS,0
2247,user_45,547.64,2026-08-27 07:57:58.153465,Zomato,refund,Pune,Android,0
2248,user_5,5698.56,2026-08-02 01:03:27.153465,Walmart,request,Mumbai,iOS,0
2249,user_39,4648.0,2026-07-25 02:55:17.153465,Flipkart,send,Pune,Web,0
2250,user_13,6005.84,2026-08-07 14:08:16.153465,Walmart,refund,Chennai,iOS,0
2251,user_26,3522.24,2026-09-03 02:03:07.153465,Paytm,refund,Mumbai,Web,1
2252,user_38,18321.82,2026-08-01 04:40:22.153465,Amazon,refund,Delhi,iOS,1
2253,user_6,512.13,2026-09-05 18:02:02.153465,Paytm,refund,Mumbai,iOS,0
2254,user_16,835.26,2026-08-05 08:49:38.153465,Swiggy,request,Pune,Web,0
2255,user_48,3224.62,2026-08-24 13:37:46.153465,Walmart,send,Chennai,iOS,0
2256,user_5,8931.97,2026-08-14 09:47:10.153465,Zomato,send,Mumbai,Android,0
2257,user_24,7657.72,2026-08-30 07:36:31.153465,Swiggy,send,Pune,Web,0
2258,user_22,13799.61,2026-09-11 17:24:30.153465,Flipkart,refund,Pune,Android,0
2259,user_24,56097.04,2026-09-18 16:28:47.153465,Zomato,refund,Mumbai,iOS,1
2260,user_45,1461.07,2026-08-14 19:53:10.153465,Flipkart,send,Chennai,Web,1
2261,user_42,3472.77,2026-08-21 18:42:21.153465,Swiggy,refund,Delhi,iOS,0
2262,user_15,9567.9,2026-08-26 21:17:20.153465,Paytm,request,Bangalore,Android,1
2263,user_32,239.49,2026-08-13 04:36:20.153465,Flipkart,send,Delhi,Android,0
2264,user_22,19437.72,2026-08-16 16:44:53.153465,Swiggy,send,Delhi,iOS,0
2265,user_31,2805.38,2026-08-26 10:34:11.153465,Swiggy,send,Chennai,iOS,0
2266,user_32,3618.95,2026-08-09 15:59:40.153465,Amazon,request,Mumbai,Web,0
2267,user_9,2094.54,2026-09-13 14:15:02.153465,Swiggy,send,Delhi,Android,0
2268,user_11,3247.56,2026-08-03 07:50:46.153465,Zomato,refund,Bangalore,iOS,0
2269,user_2,57089.23,2026-09-03 15:14:17.153465,Zomato,send,Pune,iOS,0
2270,user_21,1761.39,2026-09-15 13:31:21.153465,Zomato,send,Chennai,Android,0
2271,user_44,8847.01,2026-07-22 08:16:39.153465,Walmart,send,Bangalore,iOS,0
2272,user_23,48710.34,2026-09-18 05:20:23.153465,Amazon,refund,Mumbai,iOS,1
2273,user_8,8943.26,2026-09-13 03:29:25.153465,Flipkart,send,Delhi,Android,1
2274,user_35,17056.12,2026-09-04 04:36:57.153465,Swiggy,send,Mumbai,iOS,0
2275,user_13,17267.55,2026-08-27 05:24:15.153465,Amazon,refund,Delhi,Android,0
2276,user_24,5528.75,2026-08-26 12:03:02.153465,Amazon,send,Bangalore,Web,1
2277,user_21,2157.55,2026-08-07 19:09:51.153465,Zomato,request,Mumbai,Android,0
2278,user_43,18407.93,2026-08-18 06:44:01.153465,Zomato,refund,Chennai,Web,0
2279,user_29,2320.99,2026-09-01 22:20:07.153465,Swiggy,send,Mumbai,Android,0
2280,user_48,416.01,2026-08-02 06:15:21.153465,Walmart,refund,Delhi,iOS,0
2281,user_5,17370.13,2026-08-08 04:42:33.153465,Flipkart,request,Chennai,Android,0
2282,user_42,527.54,2026-09-13 06:01:07.153465,Flipkart,refund,Chennai,iOS,0
2283,user_12,48064.67,2026-07-28 09:38:49.153465,Paytm,send,Pune,iOS,0
2284,user_6,1153.6,2026-09-11 02:08:26.153465,Swiggy,request,Pune,Web,0
2285,user_34,1341.63,2026-07-31 17:55:08.153465,Flipkart,request,Pune,Web,1
2286,user_2,23676.67,2026-07-29 13:14:41.153465,Amazon,send,Pune,Android,0
2287,user_42,4253.87,2026-08-01 02:48:04.153465,Swiggy,refund,Chennai,iOS,0
2288,user_18,2185.48,2026-09-08 17:14:21.153465,Amazon,send,Chennai,Web,0
2289,user_8,535.62,2026-09-02 21:32:46.153465,Paytm,request,Mumbai,iOS,0
2290,user_26,3721.03,2026-09-03 13:03:56.153465,Flipkart,refund,Mumbai,Android,0
2291,user_2,26413.06,2026-08-07 01:34:42.153465,Paytm,request,Mumbai,iOS,0
2292,user_50,37763.31,2026-08-19 01:16:01.153465,Flipkart,request,Mumbai,iOS,1
2293,user_47,2342.67,2026-09-08 02:45:38.153465,Walmart,request,Mumbai,iOS,0
2294,user_43,10913.03,2026-08-04 22:24:11.153465,Zomato,send,Chennai,iOS,0
2295,user_17,3230.08,2026-07-26 16:11:41.153465,Zomato,request,Pune,Android,0
2296,user_36,4265.18,2026-09-18 09:00:06.153465,Zomato,send,Delhi,Android,1
2297,user_28,3502.13,2026-07-27 07:37:51.153465,Swiggy,request,Delhi,Android,0
2298,user_16,4128.9,2026-08-21 04:50:58.153465,Walmart,request,Mumbai,Web,0
2299,user_28,1616.93,2026-08-13 16:59:05.153465,Amazon,request,Mumbai,Web,0
2300,user_26,213.18,2026-09-03 04:59:22.153465,Swiggy,refund,Delhi,Web,0
2301,user_47,582.87,2026-09-05 00:40:00.153465,Walmart,refund,Chennai,iOS,0
2302,user_23,11820.54,2026-07-28 16:10:22.153465,Paytm,request,Mumbai,Web,0
2303,user_15,6246.85,2026-09-18 05:08:07.153465,Zomato,refund,Chennai,Android,0
2304,user_23,11765.53,2026-08-11 11:07:29.153465,Amazon,send,Pune,iOS,0
2305,user_50,548.76,2026-08-14 13:03:48.153465,Amazon,send,Chennai,Web,0
2306,user_28,2185.78,2026-07-24 02:41:56.153465,Paytm,request,Bangalore,Web,0
2307,user_19,4891.64,2026-09-01 13:26:10.153465,Paytm,send,Mumbai,Web,0
2308,user_45,2261.94,2026-09-15 05:57:17.153465,Zomato,refund,Chennai,Web,0
2309,user_18,20969.86,2026-09-01 02:39:09.153465,Swiggy,refund,Mumbai,Android,1
2310,user_9,1328.64,2026-09-18 15:45:52.153465,Zomato,refund,Chennai,Android,0
2311,user_34,2660.68,2026-08-17 23:43:01.153465,Zomato,refund,Pune,Android,0
2312,user_27,5673.37,2026-08-27 22:12:01.153465,Paytm,refund,Pune,Android,0
2313,user_50,2207.42,2026-09-10 15:12:29.153465,Paytm,request,Delhi,Web,0
2314,user_28,7584.96,2026-07-24 12:34:51.153465,Flipkart,send,Chennai,Web,0
2315,user_13,15227.14,2026-09-01 06:41:15.153465,Paytm,request,Pune,Android,0
2316,user_3,24996.03,2026-09-07 21:34:12.153465,Swiggy,refund,Chennai,iOS,0
2317,user_28,4415.58,2026-08-20 22:54:07.153465,Walmart,request,Mumbai,iOS,1
2318,user_28,904.97,2026-07-28 05:22:28.153465,Zomato,send,Pune,Web,0
2319,user_46,3329.89,2026-08-17 16:28:54.153465,Flipkart,refund,Bangalore,Web,0
2320,user_1,457.34,2026-08-22 18:40:22.153465,Swiggy,request,Delhi,iOS,0
2321,user_16,3354.15,2026-08-16 00:35:14.153465,Flipkart,request,Mumbai,Android,0
2322,user_34,3214.16,2026-09-18 00:43:27.153465,Flipkart,refund,Pune,Web,0
2323,user_8,4850.84,2026-07-25 07:35:44.153465,Zomato,request,Pune,Web,1
2324,user_23,5390.63,2026-07-23 20:03:47.153465,Flipkart,request,Pune,iOS,0
2325,user_43,19126.68,2026-09-18 19:20:04.153465,Flipkart,refund,Pune,Web,0
2326,user_9,3505.47,2026-08-21 01:14:42.153465,Walmart,send,Pune,iOS,0
2327,user_13,18445.8,2026-09-15 12:42:04.153465,Paytm,request,Delhi,Android,0
2328,user_26,869.61,2026-09-12 06:16:33.153465,Flipkart,send,Pune,Android,0
2329,user_43,6056.78,2026-08-30 03:09:48.153465,Amazon,refund,Delhi,Web,0
2330,user_11,4749.73,2026-07-22 17:34:26.153465,Amazon,send,Bangalore,iOS,0
2331,user_18,2463.32,2026-07-28 12:54:34.153465,Walmart,send,Delhi,iOS,0
2332,user_49,9212.78,2026-07-29 21:27:41.153465,Swiggy,request,Chennai,Web,0
2333,user_44,14387.75,2026-08-21 09:37:23.153465,Paytm,send,Mumbai,iOS,0
2334,user_7,300000.0,2026-08-30 19:55:02.153465,Walmart,refund,Delhi,Web,1
2335,user_19,965.12,2026-09-05 18:31:53.153465,Zomato,send,Mumbai,iOS,0
2336,user_44,8935.33,2026-08-23 22:08:13.153465,Walmart,refund,Mumbai,iOS,1
2337,user_40,5233.78,2026-08-24 15:39:24.153465,Flipkart,request,Mumbai,Web,0
2338,user_2,28120.62,2026-07-29 09:41:55.153465,Walmart,send,Chennai,iOS,0
2339,user_29,4903.43,2026-08-18 00:11:33.153465,Amazon,refund,Mumbai,Web,0
2340,user_43,15437.26,2026-08-11 18:57:37.153465,Paytm,refund,Chennai,Web,0
2341,user_47,3513.17,2026-07-30 20:20:43.153465,Zomato,request,Mumbai,Web,1
2342,user_32,2821.57,2026-09-03 00:42:56.153465,Paytm,send,Delhi,Android,0
2343,user_34,3144.76,2026-08-10 11:54:38.153465,Swiggy,refund,Bangalore,Web,0
2344,user_40,19814.97,2026-09-12 04:24:16.153465,Walmart,request,Delhi,Web,0
2345,user_37,6859.21,2026-09-03 13:29:04.153465,Walmart,send,Pune,Android,0
2346,user_24,12866.37,2026-09-13 00:56:25.153465,Paytm,request,Chennai,iOS,0
2347,user_21,814.16,2026-09-06 10:10:58.153465,Swiggy,request,Mumbai,iOS,1
2348,user_26,2615.79,2026-09-06 20:45:26.153465,Swiggy,refund,Bangalore,iOS,0
2349,user_14,12182.6,2026-08-23 05:08:49.153465,Flipkart,request,Bangalore,iOS,0
2350,user_3,37930.12,2026-08-04 10:47:42.153465,Amazon,refund,Pune,iOS,0
2351,user_30,18566.0,2026-08-25 07:08:04.153465,Walmart,send,Mumbai,iOS,0
2352,user_21,600.1,2026-07-23 17:15:12.153465,Zomato,send,Chennai,Web,0
2353,user_18,2451.51,2026-09-10 13:44:19.153465,Paytm,send,Mumbai,Android,0
2354,user_14,13212.89,2026-08-06 08:10:55.153465,Flipkart,request,Bangalore,iOS,0
2355,user_43,14334.35,2026-09-04 19:33:34.153465,Walmart,refund,Chennai,Android,0
2356,user_14,18141.83,2026-08-25 11:10:15.153465,Walmart,request,Pune,iOS,1
2357,user_3,39521.83,2026-08-26 16:00:37.153465,Walmart,send,Bangalore,Web,0
2358,user_37,15052.69,2026-08-04 06:35:13.153465,Zomato,refund,Pune,iOS,0
2359,user_11,2780.4,2026-08-01 12:44:20.153465,Swiggy,request,Chennai,Web,0
2360,user_17,3348.98,2026-08-17 17:27:27.153465,Amazon,refund,Pune,iOS,0
2361,user_14,8484.28,2026-09-02 12:31:18.153465,Swiggy,send,Chennai,Web,0
2362,user_43,32422.83,2026-08-17 17:10:15.153465,Flipkart,request,Bangalore,iOS,0
2363,user_22,10881.99,2026-08-18 17:24:46.153465,Walmart,refund,Chennai,iOS,0
2364,user_46,4009.74,2026-09-01 01:59:09.153465,Zomato,refund,Bangalore,Android,0
2365,user_4,3135.89,2026-08-01 15:55:36.153465,Zomato,refund,Chennai,Android,0
2366,user_25,1294.83,2026-09-18 15:52:17.153465,Amazon,refund,Pune,iOS,1
2367,user_34,1183.35,2026-09-14 08:48:46.153465,Amazon,send,Chennai,Android,0
2368,user_39,3720.47,2026-09-01 06:30:59.153465,Amazon,send,Delhi,Web,0
2369,user_4,4566.31,2026-08-01 08:47:52.153465,Amazon,send,Mumbai,Android,0
2370,user_25,1564.67,2026-08-04 16:56:30.153465,Zomato,request,Chennai,iOS,0
2371,user_27,11762.34,2026-07-29 21:06:14.153465,Paytm,request,Mumbai,Web,0
2372,user_37,83495.31,2026-08-29 18:32:25.153465,Swiggy,request,Bangalore,Web,1
2373,user_1,2452.06,2026-08-28 05:20:33.153465,Walmart,request,Bangalore,iOS,0
2374,user_34,2234.79,2026-09-07 11:14:35.153465,Swiggy,send,Chennai,iOS,0
2375,user_10,1783.4,2026-09-08 14:22:23.153465,Walmart,send,Bangalore,iOS,0
2376,user_46,11723.08,2026-08-13 01:52:55.153465,Zomato,refund,Chennai,Android,1
2377,user_4,869.13,2026-07-25 22:41:56.153465,Flipkart,refund,Bangalore,iOS,0
2378,user_22,8583.95,2026-08-06 20:01:38.153465,Walmart,send,Mumbai,Android,0
2379,user_43,11211.63,2026-08-08 20:49:25.153465,Zomato,send,Chennai,Web,0
2380,user_24,7685.23,2026-08-14 21:25:13.153465,Flipkart,refund,Mumbai,iOS,0
2381,user_39,1471.98,2026-07-22 06:35:40.153465,Paytm,refund,Chennai,iOS,0
2382,user_27,13864.22,2026-07-25 08:05:28.153465,Flipkart,send,Mumbai,Android,0
2383,user_43,18288.48,2026-08-30 12:04:31.153465,Paytm,request,Delhi,Android,0
2384,user_43,10874.65,2026-08-25 08:26:20.153465,Paytm,refund,Delhi,Android,0
2385,user_48,4698.66,2026-08-28 03:50:01.153465,Flipkart,send,Mumbai,Android,0
2386,user_27,17249.98,2026-08-15 02:34:03.153465,Zomato,request,Bangalore,iOS,0
2387,user_34,3442.49,2026-09-17 05:02:58.153465,Walmart,refund,Bangalore,Android,0
2388,user_5,15391.03,2026-09-04 02:59:28.153465,Walmart,refund,Delhi,Android,1
2389,user_12,38576.24,2026-07-25 16:14:02.153465,Flipkart,request,Bangalore,Web,0
2390,user_27,11431.82,2026-07-26 14:08:02.153465,Amazon,request,Pune,Android,1
2391,user_44,12878.87,2026-08-22 02:33:42.153465,Walmart,request,Chennai,iOS,0
2392,user_30,5743.78,2026-08-13 15:43:44.153465,Paytm,send,Chennai,iOS,0
2393,user_25,2922.04,2026-09-07 18:34:59.153465,Walmart,refund,Mumbai,Web,0
2394,user_39,342.08,2026-07-24 10:50:42.153465,Amazon,request,Pune,Web,0
2395,user_9,4733.08,2026-07-26 10:57:51.153465,Amazon,send,Mumbai,Web,0
2396,user_7,19591.62,2026-09-18 06:53:58.153465,Swiggy,send,Mumbai,Android,0
2397,user_1,4778.39,2026-09-06 13:58:23.153465,Amazon,refund,Delhi,Web,0
2398,user_19,2261.1,2026-07-25 22:43:02.153465,Amazon,send,Mumbai,Web,0
2399,user_43,40139.62,2026-08-18 02:26:57.153465,Amazon,send,Pune,Android,1
2400,user_14,19436.33,2026-07-21 22:43:46.153465,Flipkart,send,Pune,Web,1
2401,user_1,10875.24,2026-09-18 11:59:21.153465,Flipkart,send,Bangalore,iOS,1
2402,user_28,11561.27,2026-09-11 20:38:53.153465,Zomato,refund,Bangalore,Android,1
2403,user_19,4841.14,2026-09-08 10:56:20.153465,Swiggy,send,Delhi,Web,0
2404,user_48,528.24,2026-08-09 20:56:56.153465,Zomato,refund,Pune,Web,0
2405,user_44,11218.3,2026-09-07 11:52:47.153465,Flipkart,refund,Pune,iOS,0
2406,user_43,14134.59,2026-07-31 11:14:11.153465,Zomato,request,Bangalore,iOS,0
2407,user_44,17713.65,2026-07-28 10:42:39.153465,Paytm,refund,Pune,Web,0
2408,user_26,889.25,2026-08-24 23:29:15.153465,Swiggy,request,Mumbai,Android,0
2409,user_14,19705.82,2026-08-25 18:39:41.153465,Flipkart,refund,Delhi,iOS,0
2410,user_41,9681.78,2026-09-10 06:04:39.153465,Swiggy,request,Mumbai,Web,1
2411,user_18,3826.59,2026-08-12 00:06:12.153465,Walmart,send,Delhi,iOS,0
2412,user_12,24148.4,2026-08-19 04:53:49.153465,Zomato,send,Mumbai,Android,0
2413,user_37,14754.68,2026-07-22 18:23:42.153465,Walmart,send,Pune,iOS,0
2414,user_3,36696.63,2026-09-18 03:09:40.153465,Amazon,refund,Pune,Android,0
2415,user_41,4531.14,2026-07-30 13:59:06.153465,Amazon,request,Chennai,iOS,0
2416,user_25,2271.45,2026-07-24 16:01:24.153465,Zomato,send,Chennai,Android,0
2417,user_1,2252.52,2026-08-13 22:48:16.153465,Flipkart,send,Chennai,Android,0
2418,user_11,1632.7,2026-08-26 00:28:36.153465,Walmart,refund,Mumbai,Android,0
2419,user_46,4053.73,2026-08-15 09:34:48.153465,Swiggy,refund,Chennai,Web,0
2420,user_47,4436.05,2026-08-27 13:00:43.153465,Paytm,request,Pune,Android,1
2421,user_40,19437.08,2026-09-04 16:53:44.153465,Zomato,refund,Delhi,iOS,0
2422,user_12,38442.72,2026-08-31 20:12:20.153465,Paytm,send,Bangalore,Android,0
2423,user_29,1055.63,2026-07-31 08:20:09.153465,Paytm,send,Mumbai,iOS,0
2424,user_3,36717.18,2026-08-26 07:39:36.153465,Flipkart,request,Pune,iOS,0
2425,user_30,6052.46,2026-08-11 13:30:14.153465,Swiggy,refund,Pune,Android,0
2426,user_33,1531.78,2026-08-03 20:30:34.153465,Amazon,send,Mumbai,Web,0
2427,user_43,51222.05,2026-08-04 03:17:55.153465,Paytm,send,Delhi,Android,1
2428,user_19,2759.45,2026-07-28 11:16:58.153465,Walmart,refund,Pune,iOS,0
2429,user_32,4266.38,2026-09-16 02:20:28.153465,Swiggy,request,Bangalore,iOS,1
2430,user_31,406.22,2026-08-31 03:47:55.153465,Flipkart,request,Bangalore,Android,0
2431,user_8,1305.55,2026-08-22 18:53:01.153465,Zomato,refund,Pune,Android,0
2432,user_1,4466.29,2026-09-18 11:29:11.153465,Amazon,send,Delhi,Web,0
2433,user_49,10530.94,2026-09-12 17:31:36.153465,Flipkart,request,Chennai,Android,0
2434,user_2,28388.08,2026-08-30 14:13:06.153465,Amazon,send,Mumbai,Android,0
2435,user_23,5123.28,2026-08-02 22:27:56.153465,Paytm,request,Bangalore,Web,1
2436,user_46,3264.47,2026-08-17 02:45:27.153465,Paytm,send,Chennai,Android,0
2437,user_32,2794.86,2026-09-03 04:04:50.153465,Walmart,send,Delhi,Web,0
2438,user_27,17596.18,2026-09-07 09:25:20.153465,Paytm,refund,Bangalore,Android,0
2439,user_41,726.55,2026-09-16 01:47:44.153465,Flipkart,send,Pune,Android,0
2440,user_19,2241.35,2026-08-11 21:47:26.153465,Swiggy,refund,Mumbai,Web,0
2441,user_16,24789.81,2026-08-21 19:37:45.153465,Walmart,refund,Bangalore,Web,1
2442,user_20,15032.51,2026-07-24 18:03:06.153465,Swiggy,send,Delhi,Android,0
2443,user_29,12656.96,2026-08-04 07:38:21.153465,Swiggy,send,Delhi,Web,1
2444,user_6,3739.43,2026-08-20 19:24:20.153465,Flipkart,request,Mumbai,Android,0
2445,user_27,13780.17,2026-08-12 00:01:35.153465,Zomato,request,Bangalore,Android,0
2446,user_18,4676.92,2026-08-29 01:24:37.153465,Swiggy,request,Delhi,Android,0
2447,user_21,3226.74,2026-08-16 06:45:40.153465,Amazon,send,Mumbai,Android,0
2448,user_24,13225.85,2026-08-28 03:37:45.153465,Flipkart,request,Bangalore,Web,0
2449,user_30,11497.63,2026-09-03 16:54:09.153465,Paytm,refund,Delhi,Android,0
2450,user_16,982.37,2026-08-31 13:15:32.153465,Zomato,refund,Delhi,Android,0
2451,user_6,255.81,2026-07-27 17:09:38.153465,Amazon,request,Mumbai,Web,1
2452,user_22,10787.06,2026-09-06 01:31:36.153465,Swiggy,refund,Bangalore,Web,0
2453,user_18,4476.37,2026-08-10 02:12:06.153465,Amazon,request,Pune,Web,1
2454,user_15,13633.84,2026-08-30 14:30:09.153465,Walmart,request,Mumbai,Android,0
2455,user_22,6801.58,2026-07-27 16:20:33.153465,Flipkart,request,Chennai,iOS,0
2456,user_15,18435.28,2026-09-13 14:31:15.153465,Paytm,refund,Mumbai,Android,0
2457,user_14,79731.32,2026-08-13 15:21:21.153465,Amazon,refund,Mumbai,Web,1
2458,user_6,4350.61,2026-08-06 04:15:02.153465,Walmart,send,Mumbai,Web,1
2459,user_37,10556.12,2026-07-25 22:46:16.153465,Amazon,refund,Mumbai,iOS,0
2460,user_37,9776.05,2026-09-12 21:10:04.153465,Swiggy,refund,Mumbai,Android,0
2461,user_48,3100.42,2026-08-13 18:54:28.153465,Amazon,refund,Pune,Android,0
2462,user_14,13059.61,2026-09-06 20:50:12.153465,Paytm,refund,Bangalore,iOS,0
2463,user_18,2797.21,2026-08-27 13:29:49.153465,Walmart,send,Chennai,Android,0
2464,user_27,111625.72,2026-08-07 14:55:22.153465,Swiggy,send,Delhi,Android,1
2465,user_6,1490.24,2026-09-13 13:30:33.153465,Paytm,request,Chennai,Android,0
2466,user_30,6785.62,2026-07-27 21:29:18.153465,Paytm,refund,Delhi,iOS,0
2467,user_21,2434.82,2026-09-05 13:53:24.153465,Flipkart,request,Chennai,iOS,0
2468,user_6,2131.68,2026-08-15 19:58:39.153465,Zomato,refund,Bangalore,iOS,0
2469,user_46,11605.89,2026-09-19 06:28:35.153465,Swiggy,send,Mumbai,Web,1
2470,user_2,50930.26,2026-08-25 21:17:58.153465,Flipkart,request,Bangalore,Android,0
2471,user_16,1290.02,2026-08-14 22:51:34.153465,Paytm,send,Delhi,Web,0
2472,user_28,4245.53,2026-09-18 09:19:38.153465,Swiggy,request,Chennai,Android,1
2473,user_36,974.84,2026-08-11 18:10:03.153465,Amazon,refund,Pune,Android,0
2474,user_38,16650.47,2026-09-06 19:33:13.153465,Amazon,send,Bangalore,Web,0
2475,user_25,8363.58,2026-08-29 21:21:50.153465,Swiggy,send,Mumbai,iOS,1
2476,user_46,4637.25,2026-07-29 01:06:32.153465,Amazon,request,Mumbai,iOS,1
2477,user_37,9578.97,2026-08-12 16:35:54.153465,Flipkart,request,Pune,Web,0
2478,user_32,202.01,2026-09-07 08:22:36.153465,Walmart,request,Mumbai,Web,0
2479,user_39,9674.85,2026-08-18 20:47:44.153465,Swiggy,request,Chennai,Web,1
2480,user_41,4819.71,2026-08-14 03:48:35.153465,Amazon,request,Bangalore,iOS,0
2481,user_5,12876.07,2026-07-29 07:36:44.153465,Flipkart,request,Delhi,Android,0
2482,user_42,1114.59,2026-09-07 13:35:30.153465,Swiggy,refund,Mumbai,iOS,0
2483,user_21,3989.46,2026-08-20 05:55:15.153465,Zomato,send,Delhi,Web,0
2484,user_7,43282.04,2026-09-06 10:08:20.153465,Flipkart,request,Mumbai,Android,0
2485,user_31,4551.93,2026-09-04 05:43:17.153465,Flipkart,send,Delhi,Web,1
2486,user_27,7635.55,2026-09-15 16:56:41.153465,Swiggy,send,Bangalore,Web,0
2487,user_4,2742.58,2026-08-24 12:18:58.153465,Flipkart,refund,Mumbai,Web,0
2488,user_20,6168.46,2026-09-12 06:57:48.153465,Flipkart,request,Mumbai,Web,1
2489,user_10,1337.25,2026-09-12 09:05:03.153465,Swiggy,refund,Bangalore,Android,0
2490,user_36,14237.16,2026-08-08 01:33:01.153465,Amazon,refund,Delhi,iOS,1
2491,user_5,77986.59,2026-08-10 08:40:33.153465,Zomato,request,Mumbai,iOS,1
2492,user_44,15594.73,2026-08-28 18:34:31.153465,Amazon,refund,Mumbai,Android,0
2493,user_25,8464.34,2026-09-14 07:18:50.153465,Flipkart,request,Mumbai,iOS,1
2494,user_19,4119.74,2026-09-14 19:44:01.153465,Flipkart,refund,Delhi,Web,1
2495,user_40,16586.35,2026-08-15 17:43:09.153465,Paytm,send,Chennai,iOS,0
2496,user_6,4876.99,2026-08-30 16:09:02.153465,Paytm,refund,Bangalore,Android,0
2497,user_3,33502.56,2026-08-03 23:40:44.153465,Flipkart,send,Chennai,iOS,0
2498,user_2,44597.02,2026-08-14 00:17:58.153465,Walmart,refund,Pune,Android,0
2499,user_13,7746.64,2026-09-06 13:42:11.153465,Flipkart,request,Delhi,Web,0
2500,user_33,3309.49,2026-08-04 01:51:12.153465,Amazon,refund,Chennai,iOS,0
2501,user_29,12884.95,2026-08-23 11:04:55.153465,Flipkart,send,Delhi,Android,0
2502,user_11,836.03,2026-09-04 20:39:58.153465,Amazon,request,Mumbai,Android,0
2503,user_24,31601.5,2026-07-22 23:26:40.153465,Zomato,refund,Bangalore,iOS,1
2504,user_9,1704.95,2026-09-14 21:06:01.153465,Swiggy,send,Delhi,Web,0
2505,user_42,1266.93,2026-07-26 10:09:44.153465,Walmart,send,Chennai,Android,0
2506,user_2,19558.86,2026-09-09 14:33:21.153465,Flipkart,send,Mumbai,Android,0
2507,user_1,3648.72,2026-09-04 21:53:08.153465,Swiggy,send,Pune,iOS,0
2508,user_30,13762.48,2026-09-06 02:32:45.153465,Flipkart,request,Bangalore,Android,1
2509,user_43,11462.1,2026-08-16 21:28:08.153465,Paytm,request,Bangalore,iOS,0
2510,user_27,8740.6,2026-09-03 17:48:00.153465,Flipkart,request,Mumbai,Android,0
2511,user_42,1334.65,2026-09-06 05:27:08.153465,Walmart,request,Chennai,Android,0
2512,user_41,604.62,2026-07-30 04:02:26.153465,Swiggy,refund,Pune,Android,0
2513,user_1,1300.43,2026-08-31 19:33:32.153465,Paytm,request,Chennai,Web,0
2514,user_43,54062.77,2026-09-13 09:39:08.153465,Flipkart,request,Delhi,Android,1
2515,user_21,12182.48,2026-07-21 22:35:33.153465,Amazon,request,Bangalore,Android,0
2516,user_22,14900.55,2026-07-21 15:31:22.153465,Swiggy,refund,Pune,Web,0
2517,user_3,39952.78,2026-09-18 05:23:42.153465,Flipkart,refund,Bangalore,Web,0
2518,user_40,6113.18,2026-08-02 15:49:36.153465,Zomato,send,Pune,Android,0
2519,user_31,255.01,2026-08-20 12:26:30.153465,Paytm,send,Chennai,Android,0
2520,user_45,29887.68,2026-07-30 21:32:52.153465,Walmart,send,Mumbai,iOS,1
2521,user_47,4997.3,2026-09-07 16:07:46.153465,Paytm,request,Delhi,Web,0
2522,user_28,4788.26,2026-08-31 06:00:17.153465,Amazon,send,Mumbai,iOS,1
2523,user_21,27772.5,2026-09-16 23:03:13.153465,Paytm,refund,Chennai,Web,1
2524,user_33,4313.42,2026-07-23 23:51:16.153465,Zomato,send,Pune,Android,1
2525,user_32,9508.74,2026-08-11 08:40:25.153465,Flipkart,request,Chennai,Android,1
2526,user_13,10111.28,2026-07-28 03:57:53.153465,Walmart,send,Bangalore,iOS,0
2527,user_46,4051.35,2026-08-19 19:37:47.153465,Zomato,refund,Mumbai,Web,0
2528,user_44,15035.36,2026-08-12 19:06:17.153465,Flipkart,send,Pune,Web,0
2529,user_19,4583.26,2026-09-06 13:22:34.153465,Swiggy,send,Bangalore,Web,1
2530,user_30,8820.65,2026-08-29 08:06:56.153465,Amazon,request,Bangalore,Web,0
2531,user_24,11859.06,2026-08-05 19:21:40.153465,Zomato,request,Mumbai,Android,0
2532,user_43,19404.68,2026-09-03 03:04:55.153465,Flipkart,request,Delhi,Web,0
2533,user_35,18316.37,2026-08-07 23:34:07.153465,Swiggy,refund,Chennai,Web,0
2534,user_1,4394.11,2026-09-10 18:31:03.153465,Flipkart,request,Mumbai,Web,0
2535,user_43,56444.03,2026-07-28 00:25:50.153465,Swiggy,refund,Chennai,iOS,0
2536,user_20,6529.11,2026-08-18 21:15:11.153465,Zomato,refund,Delhi,iOS,0
2537,user_42,14887.58,2026-08-24 15:47:35.153465,Swiggy,refund,Pune,Web,1
2538,user_5,6961.27,2026-09-14 13:23:13.153465,Zomato,send,Mumbai,Android,0
2539,user_2,46023.56,2026-07-29 12:34:18.153465,Swiggy,send,Mumbai,iOS,0
2540,user_48,4113.73,2026-08-02 04:00:56.153465,Swiggy,request,Bangalore,iOS,0
2541,user_23,11843.5,2026-08-28 15:00:05.153465,Swiggy,request,Chennai,iOS,0
2542,user_37,8828.48,2026-08-07 05:10:25.153465,Flipkart,request,Pune,Android,0
2543,user_14,11866.64,2026-09-03 19:45:51.153465,Amazon,send,Pune,Android,1
2544,user_25,1568.56,2026-09-12 05:45:43.153465,Zomato,refund,Pune,Android,0
2545,user_48,893.63,2026-07-28 07:26:21.153465,Walmart,request,Bangalore,Android,0
2546,user_4,1447.07,2026-08-03 12:09:23.153465,Flipkart,send,Delhi,Android,0
2547,user_46,4246.72,2026-08-30 06:37:25.153465,Zomato,refund,Chennai,Android,0
2548,user_48,975.54,2026-09-13 01:46:57.153465,Zomato,refund,Chennai,Android,0
2549,user_41,1364.34,2026-08-01 18:57:53.153465,Flipkart,request,Bangalore,Web,0
2550,user_40,15931.19,2026-07-28 21:21:19.153465,Walmart,refund,Bangalore,iOS,0
2551,user_17,1421.55,2026-09-07 08:29:06.153465,Zomato,send,Pune,Web,0
2552,user_29,4173.5,2026-08-26 23:41:30.153465,Walmart,refund,Bangalore,Web,0
2553,user_3,38060.26,2026-09-16 16:01:36.153465,Amazon,refund,Mumbai,Android,0
2554,user_25,3692.2,2026-09-09 11:51:03.153465,Amazon,send,Pune,iOS,0
2555,user_32,1065.05,2026-07-24 12:51:12.153465,Amazon,refund,Chennai,Web,0
2556,user_3,56186.62,2026-09-19 05:31:33.153465,Amazon,request,Mumbai,Android,0
2557,user_15,10328.82,2026-08-01 07:01:48.153465,Swiggy,send,Pune,iOS,0
2558,user_31,4469.01,2026-09-04 20:19:00.153465,Amazon,send,Chennai,Web,0
2559,user_13,7259.99,2026-08-30 09:59:35.153465,Flipkart,refund,Bangalore,Web,0
2560,user_39,4713.4,2026-07-27 14:03:46.153465,Paytm,send,Mumbai,Android,0
2561,user_31,27379.3,2026-08-02 10:46:40.153465,Walmart,request,Chennai,Web,1
2562,user_22,19522.14,2026-08-21 15:38:23.153465,Flipkart,request,Delhi,iOS,0
2563,user_33,488.27,2026-09-06 19:38:33.153465,Zomato,request,Pune,Android,0
2564,user_41,1689.77,2026-09-05 20:01:58.153465,Amazon,refund,Delhi,iOS,0
2565,user_46,4302.74,2026-09-12 03:33:48.153465,Zomato,request,Mumbai,iOS,0
2566,user_47,1508.44,2026-07-22 16:23:01.153465,Flipkart,send,Chennai,Web,0
2567,user_17,1931.11,2026-09-09 23:06:32.153465,Flipkart,refund,Mumbai,Web,0
2568,user_41,1803.82,2026-09-16 17:11:52.153465,Zomato,refund,Chennai,iOS,0
2569,user_28,938.87,2026-07-28 18:00:17.153465,Swiggy,request,Bangalore,Web,0
2570,user_14,13264.74,2026-09-02 22:06:01.153465,Amazon,request,Chennai,Android,0
2571,user_33,3365.8,2026-08-19 20:24:18.153465,Zomato,request,Mumbai,Android,0
2572,user_30,10177.17,2026-08-13 18:20:05.153465,Walmart,request,Pune,Android,0
2573,user_35,12062.04,2026-09-03 23:04:01.153465,Swiggy,refund,Delhi,iOS,0
2574,user_22,11741.33,2026-08-19 17:11:10.153465,Paytm,send,Mumbai,Web,0
2575,user_2,16518.42,2026-08-08 08:53:10.153465,Paytm,refund,Mumbai,Android,0
2576,user_35,18893.74,2026-08-26 23:31:11.153465,Paytm,send,Bangalore,Web,0
2577,user_6,931.52,2026-07-26 07:32:52.153465,Paytm,send,Pune,iOS,0
2578,user_50,2599.18,2026-08-11 14:46:16.153465,Walmart,send,Chennai,Web,0
2579,user_9,1343.09,2026-08-13 11:13:30.153465,Flipkart,refund,Delhi,Web,0
2580,user_23,19006.69,2026-08-19 04:37:00.153465,Zomato,refund,Pune,Web,0
2581,user_10,2615.96,2026-08-05 21:13:50.153465,Flipkart,refund,Delhi,Web,0
2582,user_25,4969.27,2026-07-25 16:42:02.153465,Walmart,refund,Pune,iOS,1
2583,user_17,852.79,2026-08-31 07:27:22.153465,Walmart,refund,Delhi,Web,0
2584,user_38,12348.05,2026-08-18 19:50:01.153465,Amazon,refund,Bangalore,iOS,0
2585,user_22,10774.42,2026-08-15 06:21:54.153465,Swiggy,request,Pune,Android,0
2586,user_29,1967.89,2026-07-27 15:15:15.153465,Paytm,send,Chennai,Web,0
2587,user_5,53966.05,2026-09-01 01:32:07.153465,Paytm,send,Mumbai,iOS,1
2588,user_3,34536.85,2026-08-11 10:22:14.153465,Amazon,request,Delhi,iOS,0
2589,user_42,4412.75,2026-09-16 15:42:20.153465,Swiggy,refund,Delhi,Android,0
2590,user_23,7326.75,2026-08-25 01:30:30.153465,Paytm,refund,Delhi,iOS,0
2591,user_17,203.59,2026-09-04 04:26:20.153465,Paytm,send,Delhi,Android,0
2592,user_6,25298.68,2026-08-01 01:39:16.153465,Amazon,refund,Mumbai,iOS,1
2593,user_7,35251.78,2026-07-26 03:42:11.153465,Walmart,request,Delhi,Web,0
2594,user_33,3787.04,2026-09-10 17:51:05.153465,Swiggy,request,Bangalore,Web,1
2595,user_17,12286.91,2026-08-11 15:17:41.153465,Paytm,request,Pune,Android,0
2596,user_18,3163.43,2026-09-16 11:24:02.153465,Flipkart,request,Bangalore,iOS,0
2597,user_25,749.28,2026-08-31 15:17:56.153465,Walmart,refund,Mumbai,Web,0
2598,user_23,12068.94,2026-09-08 02:35:46.153465,Zomato,request,Delhi,Web,0
2599,user_5,13954.33,2026-08-28 05:34:28.153465,Zomato,refund,Delhi,Android,1
2600,user_42,898.55,2026-08-07 05:59:48.153465,Walmart,send,Pune,Web,0
2601,user_45,3776.66,2026-08-01 18:59:04.153465,Walmart,request,Delhi,Web,0
2602,user_20,13813.67,2026-08-13 11:02:44.153465,Flipkart,send,Bangalore,Web,0
2603,user_39,3789.74,2026-07-23 14:36:09.153465,Amazon,request,Chennai,Android,0
2604,user_18,21889.86,2026-07-25 12:02:52.153465,Amazon,send,Chennai,Web,1
2605,user_35,45013.19,2026-08-22 12:13:03.153465,Flipkart,refund,Chennai,iOS,0
2606,user_33,7840.61,2026-08-24 19:29:12.153465,Amazon,request,Bangalore,Android,0
2607,user_50,3565.26,2026-07-30 07:40:02.153465,Flipkart,request,Chennai,iOS,0
2608,user_8,978.39,2026-09-17 18:38:59.153465,Amazon,send,Chennai,Web,0
2609,user_38,16753.13,2026-09-09 18:55:08.153465,Zomato,refund,Chennai,Android,0
2610,user_34,1943.23,2026-08-21 08:39:23.153465,Walmart,refund,Chennai,Web,0
2611,user_15,46567.03,2026-08-27 18:57:29.153465,Paytm,request,Mumbai,Android,1
2612,user_17,2777.77,2026-09-12 20:03:07.153465,Zomato,refund,Delhi,iOS,1
2613,user_30,14469.14,2026-09-18 15:16:10.153465,Flipkart,refund,Pune,Web,0
2614,user_16,9226.63,2026-08-14 20:22:12.153465,Flipkart,request,Chennai,Android,1
2615,user_40,12727.75,2026-08-28 17:12:20.153465,Walmart,refund,Pune,iOS,0
2616,user_31,3350.01,2026-08-24 14:10:09.153465,Amazon,refund,Bangalore,Android,0
2617,user_26,3846.79,2026-09-06 20:23:04.153465,Swiggy,send,Delhi,Web,0
2618,user_27,8176.59,2026-09-08 00:34:11.153465,Flipkart,refund,Chennai,iOS,0
2619,user_26,2050.2,2026-09-05 03:32:23.153465,Amazon,send,Chennai,iOS,0
2620,user_41,1470.01,2026-09-18 08:02:33.153465,Swiggy,request,Bangalore,Web,0
2621,user_15,13015.64,2026-08-21 06:28:08.153465,Amazon,refund,Chennai,Android,0
2622,user_34,2232.39,2026-09-17 04:13:07.153465,Swiggy,request,Delhi,Web,0
2623,user_21,1446.54,2026-08-03 07:12:33.153465,Walmart,request,Chennai,iOS,0
2624,user_35,7896.4,2026-09-03 21:03:44.153465,Paytm,refund,Pune,Android,0
2625,user_11,973.42,2026-08-12 03:36:53.153465,Flipkart,refund,Bangalore,Android,0
2626,user_7,21754.79,2026-07-28 11:56:08.153465,Flipkart,send,Pune,Web,0
2627,user_23,9396.0,2026-09-05 21:40:34.153465,Flipkart,request,Pune,Web,0
2628,user_21,1097.27,2026-08-26 22:49:01.153465,Swiggy,request,Bangalore,iOS,0
2629,user_46,4400.48,2026-07-22 11:19:22.153465,Amazon,request,Bangalore,Android,0
2630,user_14,14014.31,2026-09-01 19:29:01.153465,Swiggy,refund,Chennai,Web,0
2631,user_15,8265.38,2026-08-30 17:39:57.153465,Zomato,send,Bangalore,Web,0
2632,user_5,15960.28,2026-08-01 21:11:41.153465,Flipkart,refund,Chennai,Web,0
2633,user_24,8453.77,2026-08-07 10:06:09.153465,Flipkart,refund,Bangalore,iOS,0
2634,user_4,2031.17,2026-09-15 14:46:49.153465,Swiggy,send,Delhi,Web,0
2635,user_30,159671.51,2026-08-10 09:31:32.153465,Amazon,refund,Pune,iOS,1
2636,user_38,135829.36,2026-07-30 00:48:51.153465,Swiggy,request,Mumbai,Android,1
2637,user_38,121836.44,2026-08-15 02:54:23.153465,Amazon,refund,Bangalore,iOS,1
2638,user_34,3666.02,2026-09-01 14:39:29.153465,Walmart,refund,Chennai,Web,0
2639,user_2,58094.33,2026-07-26 16:18:11.153465,Zomato,send,Pune,Android,0
2640,user_23,12792.01,2026-09-19 08:12:47.153465,Amazon,request,Chennai,iOS,0
2641,user_20,6806.76,2026-09-19 12:30:55.153465,Amazon,send,Pune,Web,0
2642,user_34,3902.8,2026-07-31 17:24:22.153465,Zomato,request,Bangalore,iOS,0
2643,user_21,3960.23,2026-08-10 02:58:07.153465,Walmart,refund,Mumbai,iOS,0
2644,user_9,4875.55,2026-09-13 09:51:10.153465,Swiggy,request,Pune,Android,0
2645,user_48,4973.86,2026-07-25 19:15:03.153465,Amazon,send,Mumbai,Android,0
2646,user_25,14322.92,2026-07-25 08:48:58.153465,Swiggy,request,Delhi,Web,0
2647,user_40,5217.65,2026-07-30 13:11:14.153465,Amazon,send,Pune,iOS,0
2648,user_40,19501.61,2026-08-20 01:18:02.153465,Paytm,request,Chennai,Web,0
2649,user_48,2101.73,2026-09-19 12:52:46.153465,Paytm,send,Chennai,iOS,0
2650,user_7,15792.71,2026-08-08 22:57:29.153465,Zomato,send,Delhi,Web,0
2651,user_47,1885.71,2026-08-25 15:19:10.153465,Swiggy,request,Pune,iOS,0
2652,user_18,3587.8,2026-08-30 15:13:54.153465,Zomato,request,Bangalore,iOS,0
2653,user_33,1302.97,2026-08-05 19:14:54.153465,Paytm,send,Delhi,iOS,1
2654,user_24,17238.8,2026-08-25 18:24:05.153465,Amazon,request,Pune,Android,0
2655,user_18,810.82,2026-09-05 05:19:29.153465,Zomato,send,Mumbai,Android,0
2656,user_18,1208.06,2026-08-04 02:42:59.153465,Swiggy,request,Mumbai,Web,0
2657,user_15,15953.1,2026-08-12 22:41:18.153465,Swiggy,request,Chennai,Android,0
2658,user_2,43115.7,2026-08-03 00:21:39.153465,Paytm,refund,Bangalore,Android,0
2659,user_30,121809.34,2026-09-09 14:56:32.153465,Zomato,send,Delhi,iOS,1
2660,user_7,58214.85,2026-09-13 01:29:11.153465,Paytm,request,Bangalore,Android,0
2661,user_30,14773.02,2026-09-15 05:48:23.153465,Paytm,request,Chennai,Android,0
2662,user_48,1913.07,2026-08-04 21:43:03.153465,Zomato,send,Chennai,iOS,0
2663,user_8,4531.52,2026-08-30 13:27:17.153465,Paytm,request,Chennai,iOS,0
2664,user_5,13499.54,2026-08-08 05:56:15.153465,Swiggy,refund,Delhi,Android,0
2665,user_26,3424.75,2026-09-02 03:05:13.153465,Walmart,refund,Mumbai,iOS,0
2666,user_18,3855.76,2026-08-14 03:27:48.153465,Zomato,refund,Pune,Web,0
2667,user_19,9154.3,2026-09-07 18:44:58.153465,Walmart,refund,Pune,Android,1
2668,user_12,20597.05,2026-08-22 02:55:13.153465,Amazon,request,Mumbai,Android,0
2669,user_34,2888.93,2026-08-29 11:53:20.153465,Walmart,request,Pune,Web,0
2670,user_43,10017.41,2026-08-23 15:44:22.153465,Paytm,request,Chennai,Web,0
2671,user_23,8089.43,2026-07-31 02:39:26.153465,Swiggy,request,Bangalore,Web,0
2672,user_14,49830.54,2026-07-26 15:23:33.153465,Flipkart,refund,Delhi,iOS,1
2673,user_40,7049.35,2026-07-28 03:51:23.153465,Zomato,send,Mumbai,iOS,0
2674,user_20,6625.76,2026-08-31 23:08:29.153465,Zomato,request,Delhi,Web,0
2675,user_26,8028.86,2026-08-25 20:24:09.153465,Amazon,refund,Pune,Android,0
2676,user_24,18778.8,2026-08-26 02:51:10.153465,Paytm,send,Chennai,Web,0
2677,user_37,9214.39,2026-09-02 06:01:13.153465,Amazon,request,Chennai,iOS,0
2678,user_48,1298.47,2026-08-06 16:00:52.153465,Swiggy,request,Delhi,Web,1
2679,user_27,17155.4,2026-08-07 04:02:13.153465,Zomato,request,Pune,Web,0
2680,user_50,4126.1,2026-08-08 23:55:08.153465,Amazon,refund,Chennai,Web,0
2681,user_13,9566.99,2026-08-12 04:14:02.153465,Swiggy,refund,Pune,Web,0
2682,user_24,5152.0,2026-08-27 16:33:42.153465,Zomato,send,Delhi,Web,0
2683,user_28,475.78,2026-08-13 14:09:41.153465,Walmart,refund,Pune,Web,0
2684,user_22,6216.13,2026-08-17 09:31:51.153465,Walmart,refund,Delhi,Web,0
2685,user_31,3160.05,2026-09-09 07:59:52.153465,Zomato,refund,Mumbai,Web,0
2686,user_34,275.52,2026-09-14 00:49:18.153465,Walmart,send,Pune,Web,0
2687,user_8,4241.83,2026-09-02 01:20:11.153465,Paytm,send,Chennai,Android,1
2688,user_21,780.5,2026-07-30 15:00:33.153465,Walmart,request,Pune,Android,0
2689,user_20,145680.16,2026-08-03 13:52:55.153465,Walmart,request,Bangalore,Web,1
2690,user_42,2274.48,2026-08-13 10:33:20.153465,Walmart,send,Chennai,iOS,0
2691,user_30,16344.1,2026-08-01 19:18:44.153465,Swiggy,send,Chennai,iOS,0
2692,user_5,12301.11,2026-09-02 02:31:01.153465,Flipkart,send,Pune,Web,0
2693,user_34,39968.79,2026-08-13 16:49:31.153465,Amazon,request,Chennai,Web,1
2694,user_1,10975.73,2026-07-31 01:03:02.153465,Walmart,send,Pune,Android,1
2695,user_25,4221.27,2026-07-30 20:32:38.153465,Walmart,send,Delhi,iOS,0
2696,user_19,3335.54,2026-08-19 12:57:08.153465,Flipkart,request,Pune,Web,0
2697,user_4,847.63,2026-07-25 13:20:50.153465,Paytm,send,Mumbai,iOS,0
2698,user_9,2095.98,2026-09-18 20:59:26.153465,Swiggy,send,Delhi,Android,0
2699,user_38,6939.14,2026-07-27 12:21:12.153465,Paytm,refund,Delhi,Android,0
2700,user_6,4716.31,2026-08-05 16:48:23.153465,Flipkart,refund,Mumbai,iOS,1
2701,user_45,3964.03,2026-09-02 06:36:28.153465,Zomato,refund,Chennai,Android,0
2702,user_18,1323.73,2026-08-07 04:14:52.153465,Flipkart,send,Delhi,Android,0
2703,user_41,2166.43,2026-09-01 23:07:27.153465,Flipkart,refund,Chennai,iOS,0
2704,user_50,26148.42,2026-08-16 14:11:28.153465,Flipkart,send,Delhi,Web,1
2705,user_1,4122.92,2026-08-28 03:09:24.153465,Amazon,request,Mumbai,Web,0
2706,user_1,12788.04,2026-07-23 10:26:19.153465,Walmart,refund,Chennai,iOS,1
2707,user_14,6613.57,2026-08-02 16:33:31.153465,Amazon,request,Pune,Web,0
2708,user_43,8523.42,2026-08-30 11:07:44.153465,Flipkart,send,Chennai,Web,0
2709,user_21,889.6,2026-09-09 19:54:21.153465,Paytm,request,Bangalore,Web,0
2710,user_8,3260.66,2026-08-02 11:39:49.153465,Walmart,send,Mumbai,iOS,1
2711,user_26,3313.04,2026-08-22 00:12:30.153465,Amazon,send,Delhi,Web,0
2712,user_30,9740.81,2026-09-10 15:24:27.153465,Walmart,send,Pune,iOS,0
2713,user_10,3384.85,2026-08-20 12:50:29.153465,Flipkart,send,Chennai,Android,0
2714,user_23,33873.43,2026-08-02 07:04:54.153465,Paytm,refund,Bangalore,Android,1
2715,user_40,10227.87,2026-09-13 00:13:06.153465,Walmart,refund,Chennai,iOS,0
2716,user_2,50335.24,2026-08-04 21:06:39.153465,Amazon,send,Chennai,iOS,0
2717,user_48,305.13,2026-09-03 06:16:38.153465,Zomato,refund,Mumbai,iOS,0
2718,user_35,18926.9,2026-09-04 10:12:45.153465,Amazon,send,Pune,iOS,1
2719,user_30,5755.83,2026-08-26 13:34:49.153465,Walmart,refund,Delhi,Web,0
2720,user_18,28192.31,2026-08-05 18:41:44.153465,Paytm,refund,Delhi,Web,1
2721,user_7,129826.61,2026-09-17 04:30:50.153465,Swiggy,send,Pune,iOS,1
2722,user_17,834.07,2026-09-14 03:53:08.153465,Paytm,request,Chennai,Web,0
2723,user_13,7894.28,2026-08-09 10:50:34.153465,Amazon,request,Mumbai,Android,0
2724,user_7,17312.32,2026-07-26 13:18:02.153465,Zomato,send,Pune,Android,0
2725,user_33,2315.97,2026-08-12 12:55:20.153465,Zomato,send,Chennai,Web,0
2726,user_4,464.72,2026-08-22 14:35:54.153465,Amazon,request,Chennai,iOS,0
2727,user_2,54215.16,2026-08-08 11:58:34.153465,Swiggy,send,Pune,Web,0
2728,user_43,12320.66,2026-09-03 18:56:23.153465,Swiggy,request,Chennai,iOS,0
2729,user_34,4963.51,2026-09-08 14:09:12.153465,Walmart,send,Mumbai,iOS,0
2730,user_27,16131.38,2026-08-26 12:54:01.153465,Flipkart,refund,Delhi,Android,0
2731,user_4,14462.14,2026-07-24 17:48:15.153465,Paytm,refund,Mumbai,Android,0
2732,user_30,6005.34,2026-08-18 04:35:44.153465,Zomato,refund,Delhi,iOS,0
2733,user_10,2620.9,2026-08-28 22:50:12.153465,Zomato,request,Bangalore,iOS,0
2734,user_5,6831.0,2026-07-25 06:21:14.153465,Paytm,request,Bangalore,Android,0
2735,user_49,19705.25,2026-09-01 05:04:01.153465,Paytm,request,Chennai,iOS,0
2736,user_26,4718.56,2026-08-31 16:27:53.153465,Walmart,send,Bangalore,Android,1
2737,user_28,14858.92,2026-08-20 05:53:43.153465,Paytm,request,Bangalore,Android,1
2738,user_16,3149.4,2026-08-29 03:19:59.153465,Amazon,refund,Bangalore,iOS,0
2739,user_49,12869.68,2026-08-08 06:32:33.153465,Amazon,send,Chennai,Android,0
2740,user_44,15559.67,2026-07-24 18:47:54.153465,Amazon,send,Pune,Android,0
2741,user_31,604.91,2026-08-17 10:57:14.153465,Flipkart,refund,Mumbai,iOS,0
2742,user_21,2915.54,2026-08-09 13:58:00.153465,Paytm,send,Pune,iOS,0
2743,user_41,2592.25,2026-08-10 10:22:23.153465,Zomato,send,Chennai,Web,0
2744,user_13,10687.56,2026-09-09 04:45:03.153465,Zomato,refund,Mumbai,Web,0
2745,user_5,6644.29,2026-08-24 06:22:25.153465,Swiggy,send,Bangalore,Web,0
2746,user_30,16551.6,2026-09-16 19:09:15.153465,Flipkart,send,Mumbai,iOS,0
2747,user_13,14514.42,2026-09-17 05:55:14.153465,Walmart,send,Bangalore,Web,0
2748,user_14,30216.8,2026-07-26 02:25:28.153465,Swiggy,send,Mumbai,Web,1
2749,user_1,8689.63,2026-08-17 17:53:21.153465,Flipkart,send,Bangalore,Android,1
2750,user_29,1873.13,2026-09-18 05:40:41.153465,Swiggy,request,Mumbai,Android,0
2751,user_46,15112.29,2026-09-02 18:28:22.153465,Flipkart,request,Mumbai,Web,1
2752,user_9,4742.01,2026-09-15 06:02:20.153465,Flipkart,refund,Delhi,iOS,0
2753,user_6,3995.47,2026-09-02 04:43:43.153465,Flipkart,request,Pune,iOS,0
2754,user_40,5099.65,2026-07-27 13:21:32.153465,Paytm,refund,Mumbai,Android,0
2755,user_32,3611.34,2026-09-13 22:47:37.153465,Swiggy,send,Chennai,Web,0
2756,user_50,1751.44,2026-09-13 03:10:46.153465,Swiggy,request,Mumbai,iOS,0
2757,user_18,999.88,2026-08-10 03:57:12.153465,Paytm,refund,Mumbai,Android,0
2758,user_41,894.63,2026-07-23 08:52:29.153465,Amazon,request,Chennai,iOS,0
2759,user_44,57559.31,2026-08-24 11:41:22.153465,Amazon,refund,Bangalore,Web,1
2760,user_12,28772.43,2026-09-12 03:39:34.153465,Swiggy,request,Pune,iOS,0
2761,user_21,859.59,2026-08-26 02:55:17.153465,Walmart,refund,Pune,Android,0
2762,user_21,2233.46,2026-08-28 17:00:30.153465,Swiggy,send,Chennai,iOS,0
2763,user_21,1443.85,2026-08-26 22:49:34.153465,Swiggy,refund,Mumbai,Android,0
2764,user_29,12701.72,2026-08-02 22:44:12.153465,Swiggy,send,Delhi,Android,1
2765,user_47,683.54,2026-07-29 17:03:03.153465,Walmart,request,Chennai,Web,0
2766,user_33,4664.47,2026-08-12 11:22:31.153465,Paytm,send,Delhi,Web,0
2767,user_40,5490.31,2026-09-08 16:47:09.153465,Zomato,refund,Mumbai,Android,0
2768,user_1,3872.97,2026-08-16 21:23:35.153465,Walmart,request,Delhi,Web,1
2769,user_22,8654.84,2026-08-17 00:18:47.153465,Swiggy,send,Delhi,Web,0
2770,user_5,50350.16,2026-08-03 11:03:38.153465,Zomato,request,Bangalore,Web,0
2771,user_38,11144.64,2026-09-09 06:29:28.153465,Amazon,refund,Mumbai,Web,0
2772,user_38,11700.21,2026-09-14 14:08:25.153465,Zomato,request,Pune,Web,1
2773,user_42,4188.38,2026-09-17 01:08:44.153465,Paytm,request,Chennai,iOS,0
2774,user_18,4861.53,2026-09-19 09:27:48.153465,Amazon,send,Chennai,Android,0
2775,user_12,176303.22,2026-09-05 08:57:50.153465,Amazon,request,Bangalore,iOS,1
2776,user_6,4411.0,2026-08-05 08:40:19.153465,Walmart,send,Pune,Web,1
2777,user_29,1107.1,2026-09-11 23:51:22.153465,Zomato,request,Pune,iOS,0
2778,user_45,573.52,2026-07-28 04:37:29.153465,Flipkart,send,Bangalore,Android,0
2779,user_10,4942.88,2026-08-02 05:56:13.153465,Zomato,send,Mumbai,Web,1
2780,user_27,6094.49,2026-09-16 08:40:02.153465,Swiggy,send,Mumbai,Web,0
2781,user_6,1160.5,2026-09-10 12:41:35.153465,Amazon,refund,Pune,Android,0
2782,user_11,3794.78,2026-08-23 14:21:21.153465,Amazon,send,Delhi,Web,0
2783,user_7,23057.96,2026-09-10 07:08:02.153465,Flipkart,refund,Delhi,Android,0
2784,user_23,15598.57,2026-07-26 07:08:47.153465,Zomato,request,Bangalore,Web,0
2785,user_7,170049.21,2026-08-02 08:33:40.153465,Walmart,send,Mumbai,Web,1
2786,user_38,8249.84,2026-08-23 04:27:54.153465,Zomato,request,Delhi,iOS,0
2787,user_29,2652.61,2026-08-07 19:12:42.153465,Flipkart,request,Bangalore,Android,0
2788,user_32,8927.1,2026-08-19 07:33:38.153465,Swiggy,request,Chennai,Android,1
2789,user_20,16918.15,2026-09-01 15:02:51.153465,Zomato,send,Pune,Android,0
2790,user_30,11057.43,2026-08-07 18:13:53.153465,Walmart,refund,Mumbai,iOS,0
2791,user_13,7618.61,2026-08-13 12:47:10.153465,Zomato,send,Chennai,Android,0
2792,user_36,12141.71,2026-07-23 23:31:58.153465,Paytm,send,Bangalore,Web,1
2793,user_7,153523.73,2026-09-09 00:07:21.153465,Amazon,request,Delhi,Android,1
2794,user_41,2919.56,2026-08-24 16:16:39.153465,Amazon,request,Bangalore,iOS,0
2795,user_19,1223.24,2026-08-03 18:16:14.153465,Swiggy,send,Delhi,Android,1
2796,user_26,846.63,2026-09-05 20:43:58.153465,Flipkart,refund,Delhi,Web,0
2797,user_31,21092.81,2026-08-01 11:41:56.153465,Swiggy,request,Pune,Web,0
2798,user_20,11421.86,2026-08-01 09:30:12.153465,Walmart,refund,Bangalore,Web,0
2799,user_46,3729.84,2026-09-09 09:52:18.153465,Walmart,send,Chennai,Web,0
2800,user_15,10944.5,2026-07-28 07:22:59.153465,Flipkart,refund,Pune,iOS,0
2801,user_32,4070.36,2026-07-29 13:14:56.153465,Flipkart,request,Pune,Web,0
2802,user_50,4246.68,2026-08-29 15:11:38.153465,Zomato,request,Delhi,Android,1
2803,user_37,15448.56,2026-08-11 02:26:40.153465,Zomato,refund,Pune,Android,0
2804,user_50,1013.18,2026-09-01 16:34:43.153465,Walmart,send,Mumbai,iOS,1
2805,user_24,5155.42,2026-09-05 18:25:37.153465,Swiggy,send,Mumbai,iOS,0
2806,user_11,16394.5,2026-08-10 22:14:00.153465,Flipkart,refund,Pune,Android,1
2807,user_12,35446.4,2026-07-28 05:45:45.153465,Walmart,send,Bangalore,Web,0
2808,user_1,2974.55,2026-09-07 14:21:16.153465,Walmart,refund,Mumbai,Web,0
2809,user_37,5162.1,2026-08-28 12:47:40.153465,Paytm,refund,Chennai,Web,1
2810,user_50,4179.11,2026-08-20 11:19:44.153465,Flipkart,request,Chennai,Web,1
2811,user_21,800.24,2026-09-13 21:47:06.153465,Zomato,request,Chennai,Web,0
2812,user_20,8216.0,2026-09-16 19:09:23.153465,Zomato,refund,Delhi,Android,0
2813,user_36,4950.02,2026-09-18 09:12:32.153465,Walmart,request,Delhi,Web,0
2814,user_38,8757.09,2026-08-30 14:16:07.153465,Flipkart,send,Pune,Web,0
2815,user_33,13775.22,2026-07-28 21:37:20.153465,Paytm,request,Bangalore,iOS,1
2816,user_40,12262.51,2026-08-07 05:46:02.153465,Flipkart,request,Mumbai,Android,0
2817,user_32,1923.7,2026-08-09 12:43:23.153465,Zomato,send,Chennai,Web,0
2818,user_44,9496.97,2026-08-30 14:36:10.153465,Paytm,send,Bangalore,Web,0
2819,user_21,2146.96,2026-08-07 12:51:52.153465,Swiggy,send,Bangalore,iOS,0
2820,user_26,1154.18,2026-08-13 17:15:09.153465,Zomato,request,Mumbai,Android,0
2821,user_34,1572.85,2026-07-24 00:12:25.153465,Walmart,send,Pune,Web,0
2822,user_28,32204.42,2026-08-03 02:25:14.153465,Zomato,request,Pune,Android,1
2823,user_1,3680.49,2026-09-11 09:06:06.153465,Flipkart,request,Pune,iOS,0
2824,user_26,4832.02,2026-09-18 04:28:50.153465,Zomato,refund,Chennai,iOS,1
2825,user_25,1723.16,2026-09-16 14:28:21.153465,Swiggy,request,Bangalore,Web,0
2826,user_1,4607.25,2026-08-16 11:50:21.153465,Amazon,request,Pune,Android,0
2827,user_14,17766.01,2026-08-14 16:46:53.153465,Amazon,send,Mumbai,iOS,0
2828,user_50,992.3,2026-09-14 04:43:01.153465,Amazon,send,Mumbai,Android,0
2829,user_16,3774.04,2026-07-23 11:52:25.153465,Flipkart,send,Mumbai,Android,0
2830,user_30,63835.46,2026-08-26 07:05:34.153465,Walmart,send,Delhi,Android,1
2831,user_28,467.22,2026-08-30 21:17:21.153465,Amazon,request,Pune,Android,0
2832,user_35,18207.35,2026-08-13 10:34:46.153465,Swiggy,request,Chennai,iOS,0
2833,user_17,4714.07,2026-08-14 07:14:38.153465,Swiggy,send,Mumbai,Web,0
2834,user_45,4567.69,2026-08-16 00:01:57.153465,Amazon,request,Bangalore,Android,1
2835,user_37,44393.32,2026-09-04 19:20:47.153465,Amazon,request,Chennai,Web,0
2836,user_24,38280.21,2026-08-03 03:39:40.153465,Paytm,refund,Bangalore,iOS,1
2837,user_7,47207.63,2026-07-27 04:17:36.153465,Amazon,request,Delhi,Web,0
2838,user_37,18426.65,2026-08-10 10:09:37.153465,Swiggy,send,Pune,iOS,0
2839,user_3,48021.08,2026-09-12 02:45:52.153465,Zomato,send,Pune,iOS,0
2840,user_12,28883.65,2026-08-24 06:58:10.153465,Amazon,send,Delhi,Android,0
2841,user_36,1070.75,2026-09-09 16:30:14.153465,Flipkart,refund,Delhi,iOS,0
2842,user_14,6592.31,2026-09-19 14:12:45.153465,Zomato,request,Pune,iOS,0
2843,user_27,50387.94,2026-07-25 06:37:51.153465,Walmart,send,Bangalore,iOS,1
2844,user_6,4226.09,2026-08-13 05:30:57.153465,Zomato,send,Pune,Android,1
2845,user_39,3175.57,2026-07-23 00:06:05.153465,Amazon,request,Bangalore,Web,1
2846,user_23,139975.0,2026-09-17 16:27:06.153465,Zomato,refund,Bangalore,Android,0
2847,user_44,13273.65,2026-07-30 23:55:36.153465,Walmart,refund,Chennai,Web,1
2848,user_39,1605.17,2026-09-08 04:27:27.153465,Paytm,refund,Chennai,iOS,0
2849,user_37,15288.37,2026-07-23 21:44:39.153465,Swiggy,request,Chennai,Web,0
2850,user_23,19655.16,2026-07-25 19:28:07.153465,Walmart,send,Bangalore,iOS,0
2851,user_10,4480.38,2026-08-04 22:23:52.153465,Walmart,refund,Delhi,Android,1
2852,user_46,4870.34,2026-08-05 12:30:37.153465,Flipkart,send,Pune,Web,1
2853,user_11,1152.84,2026-07-28 09:16:54.153465,Zomato,refund,Pune,Android,0
2854,user_4,3257.86,2026-09-06 20:24:14.153465,Zomato,refund,Bangalore,iOS,0
2855,user_29,783.82,2026-08-26 19:34:50.153465,Zomato,send,Mumbai,Android,0
2856,user_37,18884.22,2026-08-31 05:03:39.153465,Flipkart,refund,Delhi,Android,0
2857,user_29,2386.22,2026-08-05 01:10:39.153465,Swiggy,request,Chennai,Android,0
2858,user_9,551.75,2026-08-14 07:02:09.153465,Swiggy,refund,Bangalore,Web,0
2859,user_36,4138.53,2026-08-04 14:25:56.153465,Amazon,refund,Bangalore,iOS,0
2860,user_31,1322.61,2026-09-11 00:25:36.153465,Zomato,refund,Mumbai,Android,0
2861,user_42,4317.08,2026-08-08 00:51:38.153465,Paytm,refund,Bangalore,Web,1
2862,user_20,41104.19,2026-09-12 06:04:00.153465,Swiggy,send,Chennai,Web,1
2863,user_38,5419.22,2026-07-28 00:24:52.153465,Walmart,send,Chennai,Web,0
2864,user_48,3320.03,2026-07-30 12:10:18.153465,Amazon,refund,Chennai,Web,0
2865,user_30,17469.76,2026-08-14 23:30:27.153465,Amazon,refund,Delhi,Web,0
2866,user_4,3313.66,2026-07-25 05:49:37.153465,Walmart,request,Pune,Web,0
2867,user_48,4577.31,2026-08-28 22:00:24.153465,Flipkart,request,Bangalore,Android,0
2868,user_37,17854.22,2026-08-30 10:53:49.153465,Zomato,request,Bangalore,Web,1
2869,user_4,2863.63,2026-09-09 02:09:56.153465,Flipkart,send,Delhi,Web,0
2870,user_15,32718.61,2026-08-28 12:24:27.153465,Zomato,send,Mumbai,iOS,0
2871,user_28,4908.72,2026-08-16 13:55:05.153465,Zomato,send,Mumbai,Android,1
2872,user_48,38815.8,2026-08-14 07:30:02.153465,Swiggy,refund,Pune,Web,1
2873,user_28,410.55,2026-07-29 21:33:44.153465,Zomato,send,Bangalore,iOS,0
2874,user_37,8578.41,2026-08-29 02:25:06.153465,Swiggy,refund,Delhi,Web,0
2875,user_8,4164.21,2026-07-24 16:29:45.153465,Zomato,refund,Delhi,Android,1
2876,user_18,15461.27,2026-09-17 00:30:51.153465,Walmart,send,Delhi,Android,1
2877,user_15,5296.62,2026-09-02 16:37:51.153465,Zomato,send,Chennai,Web,0
2878,user_41,3627.65,2026-08-07 11:38:04.153465,Paytm,refund,Pune,Web,0
2879,user_46,3479.12,2026-08-31 03:15:58.153465,Paytm,refund,Mumbai,Web,0
2880,user_15,9578.77,2026-09-08 08:14:49.153465,Swiggy,refund,Pune,Web,1
2881,user_33,4918.61,2026-07-22 03:04:31.153465,Swiggy,send,Delhi,iOS,0
2882,user_21,498.55,2026-07-24 23:06:52.153465,Zomato,request,Mumbai,Android,0
2883,user_17,264.77,2026-09-04 16:13:38.153465,Amazon,refund,Delhi,Android,0
2884,user_27,8370.48,2026-09-16 11:06:41.153465,Swiggy,refund,Delhi,Android,0
2885,user_30,8330.13,2026-08-16 02:58:11.153465,Walmart,request,Chennai,Web,0
2886,user_47,14252.06,2026-09-02 19:35:09.153465,Zomato,request,Chennai,Web,1
2887,user_3,54925.36,2026-08-07 18:31:57.153465,Zomato,refund,Mumbai,iOS,0
2888,user_43,18554.84,2026-09-14 08:35:36.153465,Paytm,send,Delhi,iOS,0
2889,user_25,2759.11,2026-09-16 08:11:59.153465,Flipkart,refund,Mumbai,Web,0
2890,user_9,3560.67,2026-08-08 16:19:08.153465,Paytm,request,Mumbai,iOS,0
2891,user_18,2863.21,2026-08-31 23:02:13.153465,Zomato,request,Pune,Web,0
2892,user_15,12648.71,2026-08-14 21:44:11.153465,Paytm,refund,Pune,Web,0
2893,user_15,7635.82,2026-08-28 20:21:22.153465,Zomato,refund,Mumbai,Android,0
2894,user_11,1704.4,2026-09-15 07:20:45.153465,Swiggy,refund,Delhi,Web,1
2895,user_29,4403.54,2026-09-11 06:45:10.153465,Swiggy,refund,Pune,Android,1
2896,user_36,3040.09,2026-09-10 01:51:20.153465,Flipkart,request,Pune,iOS,0
2897,user_39,4355.29,2026-09-08 02:04:55.153465,Zomato,refund,Chennai,iOS,0
2898,user_37,19676.45,2026-09-19 11:35:21.153465,Swiggy,send,Chennai,iOS,0
2899,user_46,1015.19,2026-09-18 09:51:27.153465,Zomato,request,Chennai,Web,0
2900,user_19,4736.78,2026-07-31 02:36:54.153465,Walmart,refund,Chennai,Android,0
2901,user_21,4610.75,2026-09-04 12:31:11.153465,Amazon,refund,Bangalore,Android,1
2902,user_46,2803.15,2026-09-17 08:18:10.153465,Zomato,send,Chennai,Android,0
2903,user_20,9387.35,2026-08-20 09:55:14.153465,Amazon,refund,Delhi,Web,0
2904,user_15,11512.46,2026-08-24 16:31:05.153465,Swiggy,send,Mumbai,iOS,0
2905,user_48,1647.25,2026-09-13 12:39:07.153465,Amazon,request,Pune,Android,0
2906,user_16,2636.33,2026-07-30 22:06:55.153465,Swiggy,send,Chennai,Android,0
2907,user_9,3035.68,2026-08-23 06:33:44.153465,Zomato,request,Bangalore,iOS,0
2908,user_24,17099.24,2026-09-08 17:04:27.153465,Zomato,refund,Chennai,Android,0
2909,user_12,23000.52,2026-09-09 00:16:16.153465,Zomato,send,Mumbai,Android,0
2910,user_44,16629.35,2026-09-11 00:51:23.153465,Paytm,send,Mumbai,Android,0
2911,user_37,12844.14,2026-09-02 11:58:41.153465,Swiggy,send,Mumbai,iOS,0
2912,user_17,19301.03,2026-09-16 23:52:12.153465,Zomato,request,Chennai,Web,1
2913,user_35,54395.5,2026-09-12 13:49:19.153465,Amazon,refund,Bangalore,iOS,1
2914,user_11,401.8,2026-09-18 05:55:48.153465,Walmart,request,Delhi,Web,0
2915,user_16,1105.61,2026-08-24 16:20:41.153465,Swiggy,refund,Mumbai,iOS,0
2916,user_4,1293.14,2026-08-18 06:36:48.153465,Zomato,refund,Delhi,Web,1
2917,user_1,4189.82,2026-08-02 03:01:22.153465,Amazon,request,Mumbai,Web,0
2918,user_2,49343.21,2026-07-28 12:52:08.153465,Walmart,request,Delhi,Android,0
2919,user_11,2069.78,2026-08-12 07:12:47.153465,Flipkart,send,Chennai,Android,0
2920,user_7,27373.78,2026-09-09 03:08:34.153465,Paytm,send,Bangalore,Web,0
2921,user_28,3422.83,2026-09-01 13:26:56.153465,Paytm,refund,Pune,Web,0
2922,user_8,277.46,2026-07-24 08:36:10.153465,Walmart,send,Chennai,Web,1
2923,user_26,3239.28,2026-09-17 23:01:21.153465,Flipkart,refund,Pune,Android,0
2924,user_23,13600.09,2026-07-26 17:51:56.153465,Swiggy,request,Pune,Web,0
2925,user_24,36080.66,2026-08-19 21:04:34.153465,Walmart,refund,Bangalore,Android,1
2926,user_8,689.94,2026-08-13 02:53:56.153465,Flipkart,refund,Pune,Web,0
2927,user_35,6514.38,2026-09-06 09:39:32.153465,Walmart,request,Bangalore,Web,0
2928,user_35,12740.32,2026-09-08 17:55:15.153465,Flipkart,send,Delhi,Android,0
2929,user_27,54080.03,2026-09-15 13:41:51.153465,Zomato,send,Delhi,Android,1
2930,user_32,25481.89,2026-09-03 07:00:09.153465,Paytm,refund,Chennai,iOS,1
2931,user_33,11972.43,2026-07-31 01:18:07.153465,Amazon,send,Pune,iOS,0
2932,user_3,18661.54,2026-08-15 04:19:10.153465,Swiggy,request,Pune,iOS,0
2933,user_50,4023.88,2026-08-06 06:45:30.153465,Flipkart,refund,Delhi,Web,0
2934,user_49,15699.03,2026-09-01 22:59:45.153465,Swiggy,refund,Chennai,iOS,0
2935,user_26,1731.16,2026-09-13 23:33:44.153465,Paytm,request,Bangalore,iOS,0
2936,user_28,3044.6,2026-08-30 21:21:33.153465,Zomato,request,Chennai,iOS,1
2937,user_8,3018.73,2026-08-31 00:11:41.153465,Swiggy,refund,Pune,Web,1
2938,user_24,8432.5,2026-07-24 20:43:42.153465,Zomato,send,Pune,iOS,0
2939,user_29,2461.06,2026-09-07 00:54:08.153465,Zomato,request,Mumbai,Android,0
2940,user_44,12169.29,2026-08-04 17:50:37.153465,Flipkart,refund,Chennai,Android,0
2941,user_35,10049.58,2026-08-12 12:13:55.153465,Flipkart,request,Chennai,iOS,0
2942,user_50,4083.29,2026-08-30 07:17:40.153465,Walmart,refund,Mumbai,Android,0
2943,user_2,45667.41,2026-08-26 13:48:16.153465,Paytm,refund,Bangalore,iOS,0
2944,user_48,2111.14,2026-09-03 02:01:56.153465,Swiggy,send,Chennai,Web,0
2945,user_8,260.14,2026-08-19 07:46:13.153465,Amazon,refund,Chennai,Android,0
2946,user_6,4054.89,2026-09-19 06:22:48.153465,Flipkart,refund,Bangalore,Web,0
2947,user_19,3449.71,2026-07-24 02:39:26.153465,Paytm,send,Bangalore,iOS,0
2948,user_12,20064.42,2026-08-27 09:06:05.153465,Paytm,refund,Bangalore,iOS,0
2949,user_43,14027.44,2026-09-04 15:39:08.153465,Flipkart,refund,Chennai,Web,0
2950,user_36,4768.83,2026-07-26 14:32:38.153465,Zomato,refund,Delhi,iOS,0
2951,user_45,2066.98,2026-08-09 20:55:43.153465,Walmart,send,Chennai,iOS,0
2952,user_24,6983.86,2026-08-21 11:00:31.153465,Swiggy,request,Mumbai,Web,0
2953,user_15,6229.21,2026-08-01 07:40:17.153465,Amazon,send,Pune,iOS,0
2954,user_5,9397.09,2026-08-21 15:54:30.153465,Walmart,send,Pune,Android,0
2955,user_32,2915.19,2026-08-23 05:56:46.153465,Amazon,request,Bangalore,Web,0
2956,user_37,8237.2,2026-09-06 12:03:59.153465,Flipkart,request,Pune,iOS,0
2957,user_37,17865.28,2026-08-18 08:17:33.153465,Walmart,refund,Mumbai,iOS,0
2958,user_30,14482.34,2026-08-13 14:35:12.153465,Paytm,request,Chennai,Android,0
2959,user_7,45303.76,2026-09-02 21:14:07.153465,Zomato,send,Mumbai,Web,0
2960,user_23,17616.07,2026-09-07 05:46:51.153465,Paytm,send,Pune,Web,0
2961,user_40,56845.41,2026-08-30 13:00:54.153465,Paytm,request,Mumbai,Android,1
2962,user_8,3414.84,2026-08-29 13:57:37.153465,Flipkart,send,Pune,Android,0
2963,user_8,2655.88,2026-08-23 10:32:09.153465,Zomato,refund,Pune,Android,0
2964,user_18,1671.05,2026-08-18 07:00:03.153465,Swiggy,send,Mumbai,Web,0
2965,user_17,3147.98,2026-07-26 06:58:58.153465,Flipkart,send,Bangalore,iOS,0
2966,user_9,3379.72,2026-09-11 14:45:36.153465,Zomato,request,Bangalore,Android,0
2967,user_38,9186.43,2026-08-17 14:44:41.153465,Paytm,request,Chennai,iOS,0
2968,user_35,10153.55,2026-08-02 06:24:36.153465,Walmart,refund,Chennai,Android,0
2969,user_25,3142.68,2026-09-09 17:33:42.153465,Swiggy,send,Chennai,Web,0
2970,user_10,3885.66,2026-08-06 07:35:06.153465,Flipkart,send,Bangalore,Web,0
2971,user_27,6998.54,2026-08-03 16:46:20.153465,Zomato,request,Bangalore,Web,0
2972,user_10,3263.72,2026-07-24 00:13:24.153465,Amazon,refund,Chennai,Web,0
2973,user_21,1232.88,2026-07-27 07:52:01.153465,Walmart,refund,Mumbai,iOS,0
2974,user_14,119177.91,2026-09-04 21:33:08.153465,Paytm,send,Chennai,Android,1
2975,user_36,36368.43,2026-07-28 07:10:14.153465,Flipkart,request,Mumbai,iOS,1
2976,user_11,394.06,2026-07-30 19:39:06.153465,Walmart,request,Mumbai,Android,0
2977,user_23,7754.0,2026-07-31 06:24:26.153465,Walmart,send,Mumbai,Android,0
2978,user_36,1240.2,2026-07-24 15:26:03.153465,Paytm,send,Mumbai,Web,0
2979,user_5,137937.63,2026-07-31 06:19:33.153465,Paytm,request,Mumbai,Web,1
2980,user_44,48225.11,2026-08-04 03:22:53.153465,Walmart,send,Delhi,iOS,1
2981,user_20,14042.88,2026-09-06 01:13:56.153465,Walmart,request,Mumbai,iOS,0
2982,user_47,2940.58,2026-08-05 08:44:15.153465,Walmart,request,Mumbai,iOS,0
2983,user_40,63598.7,2026-08-03 22:58:36.153465,Swiggy,refund,Bangalore,iOS,1
2984,user_9,3944.35,2026-07-26 23:52:48.153465,Flipkart,send,Mumbai,Android,0
2985,user_25,4482.0,2026-09-11 02:24:35.153465,Swiggy,request,Chennai,Android,0
2986,user_13,104985.78,2026-08-15 19:41:09.153465,Zomato,refund,Mumbai,Web,1
2987,user_6,500.19,2026-07-29 20:34:21.153465,Zomato,refund,Pune,Web,0
2988,user_21,3394.3,2026-09-16 21:19:44.153465,Zomato,send,Pune,Android,0
2989,user_45,13586.36,2026-07-23 15:03:20.153465,Flipkart,refund,Chennai,iOS,1
2990,user_45,2785.65,2026-07-29 02:59:08.153465,Amazon,request,Delhi,iOS,0
2991,user_35,9625.83,2026-09-11 00:54:23.153465,Paytm,request,Pune,iOS,0
2992,user_30,9737.95,2026-09-16 22:17:00.153465,Zomato,request,Chennai,iOS,0
2993,user_11,1674.39,2026-08-02 00:27:36.153465,Walmart,send,Pune,Web,0
2994,user_42,439.93,2026-07-26 04:22:19.153465,Swiggy,request,Pune,Web,0
2995,user_23,15542.38,2026-09-05 11:17:43.153465,Swiggy,refund,Delhi,Android,0
2996,user_6,1190.77,2026-09-13 22:25:03.153465,Flipkart,refund,Bangalore,Web,0
2997,user_43,10053.06,2026-08-07 12:53:13.153465,Swiggy,request,Pune,Web,0
2998,user_17,1775.99,2026-07-22 23:20:12.153465,Zomato,request,Pune,Android,0
2999,user_37,12180.91,2026-07-22 16:45:25.153465,Swiggy,request,Delhi,Android,0
3000,user_17,4004.55,2026-07-25 14:45:59.153465,Walmart,send,Pune,Web,0
3001,user_9,21883.2,2026-09-18 00:50:14.153465,Walmart,send,Bangalore,iOS,0
3002,user_35,12975.25,2026-08-30 21:31:07.153465,Zomato,request,Delhi,Web,0
3003,user_30,12948.11,2026-08-13 07:08:32.153465,Swiggy,request,Chennai,Web,1
3004,user_33,3608.6,2026-08-24 06:45:49.153465,Walmart,refund,Pune,Android,0
3005,user_29,4448.8,2026-08-14 08:14:52.153465,Swiggy,send,Mumbai,Web,1
3006,user_19,2124.46,2026-07-23 11:31:56.153465,Paytm,request,Chennai,Web,0
3007,user_12,19490.23,2026-09-19 01:37:29.153465,Paytm,request,Mumbai,iOS,0
3008,user_36,3307.19,2026-08-12 10:39:43.153465,Amazon,request,Pune,Web,0
3009,user_7,23133.61,2026-08-31 17:20:39.153465,Swiggy,send,Delhi,Android,0
3010,user_10,4103.2,2026-09-11 02:22:36.153465,Flipkart,refund,Bangalore,Android,0
3011,user_19,9290.18,2026-09-10 15:07:24.153465,Amazon,request,Bangalore,iOS,1
3012,user_45,1221.06,2026-08-19 15:15:48.153465,Amazon,request,Delhi,iOS,0
3013,user_50,1385.12,2026-08-19 03:17:59.153465,Amazon,send,Bangalore,Web,1
3014,user_12,53511.53,2026-08-04 17:40:43.153465,Flipkart,request,Chennai,iOS,0
3015,user_15,17765.33,2026-08-31 13:30:25.153465,Paytm,send,Pune,Web,0
3016,user_1,3662.59,2026-08-14 23:20:40.153465,Zomato,request,Chennai,Web,0
3017,user_38,11988.06,2026-09-17 23:47:21.153465,Amazon,request,Pune,Web,0
3018,user_47,3032.32,2026-09-10 12:15:12.153465,Swiggy,refund,Delhi,Web,0
3019,user_2,16956.2,2026-09-15 13:35:57.153465,Paytm,request,Chennai,Web,1
3020,user_31,1314.61,2026-07-23 11:24:24.153465,Flipkart,send,Mumbai,Android,0
3021,user_18,1826.3,2026-08-09 17:50:25.153465,Zomato,refund,Bangalore,Web,1
3022,user_10,990.14,2026-08-16 14:24:35.153465,Flipkart,request,Pune,Android,0
3023,user_40,18515.72,2026-08-25 13:26:47.153465,Swiggy,request,Bangalore,Android,0
3024,user_28,2077.63,2026-07-26 07:03:40.153465,Paytm,refund,Pune,iOS,0
3025,user_26,14729.87,2026-09-12 23:04:53.153465,Zomato,request,Delhi,Android,1
3026,user_8,1751.29,2026-08-27 07:29:12.153465,Walmart,refund,Chennai,Android,0
3027,user_21,21277.05,2026-09-11 20:59:40.153465,Swiggy,refund,Bangalore,iOS,1
3028,user_28,2327.4,2026-08-12 02:05:01.153465,Flipkart,send,Pune,iOS,0
3029,user_47,4328.83,2026-08-08 05:09:47.153465,Amazon,request,Bangalore,Web,1
3030,user_32,4750.4,2026-08-17 07:04:22.153465,Swiggy,refund,Bangalore,Web,0
3031,user_47,3165.21,2026-08-27 23:38:35.153465,Amazon,request,Chennai,Android,0
3032,user_11,1691.11,2026-09-04 19:10:03.153465,Paytm,refund,Mumbai,Android,0
3033,user_18,4789.94,2026-07-23 00:15:38.153465,Paytm,send,Bangalore,Web,1
3034,user_41,3811.14,2026-09-05 01:50:32.153465,Paytm,request,Delhi,Android,0
3035,user_44,13881.99,2026-09-05 00:30:35.153465,Flipkart,send,Pune,Android,0
3036,user_18,1439.09,2026-09-02 19:08:44.153465,Flipkart,request,Chennai,Web,1
3037,user_27,5010.88,2026-09-19 07:27:58.153465,Walmart,refund,Mumbai,iOS,0
3038,user_47,2277.1,2026-09-04 12:37:33.153465,Flipkart,request,Delhi,Web,0
3039,user_17,2766.53,2026-08-24 05:14:25.153465,Amazon,request,Mumbai,Web,0
3040,user_27,13587.59,2026-09-14 03:16:40.153465,Walmart,send,Bangalore,Web,0
3041,user_19,635.8,2026-08-18 01:30:44.153465,Amazon,send,Chennai,iOS,0
3042,user_11,3074.6,2026-08-28 15:25:43.153465,Walmart,send,Bangalore,Android,0
3043,user_11,2744.62,2026-07-25 03:56:56.153465,Paytm,send,Mumbai,Web,0
3044,user_26,3379.49,2026-08-05 03:44:39.153465,Swiggy,refund,Chennai,iOS,0
3045,user_4,1658.55,2026-08-21 23:18:43.153465,Zomato,refund,Chennai,Web,0
3046,user_23,5894.39,2026-09-13 19:35:35.153465,Flipkart,request,Pune,Android,0
3047,user_16,3628.88,2026-07-25 23:41:29.153465,Paytm,request,Mumbai,Web,0
3048,user_42,11237.68,2026-09-19 04:57:29.153465,Amazon,refund,Mumbai,iOS,1
3049,user_17,3988.83,2026-08-28 16:30:36.153465,Walmart,request,Chennai,iOS,0
3050,user_17,22771.48,2026-08-04 19:28:40.153465,Paytm,send,Mumbai,Web,1
3051,user_42,22182.63,2026-08-30 13:41:46.153465,Paytm,send,Chennai,Android,1
3052,user_17,599.76,2026-08-19 14:03:27.153465,Flipkart,send,Bangalore,iOS,0
3053,user_9,4662.9,2026-09-18 14:26:25.153465,Walmart,send,Bangalore,iOS,0
3054,user_11,2030.47,2026-07-23 07:27:27.153465,Swiggy,send,Mumbai,Android,0
3055,user_33,1930.12,2026-09-17 23:20:12.153465,Flipkart,refund,Bangalore,Android,0
3056,user_11,3322.45,2026-08-28 02:53:36.153465,Swiggy,request,Delhi,iOS,0
3057,user_40,59184.94,2026-07-25 17:16:09.153465,Walmart,request,Mumbai,Android,1
3058,user_21,4156.51,2026-08-01 07:43:13.153465,Flipkart,refund,Delhi,iOS,0
3059,user_27,18873.16,2026-09-03 13:26:05.153465,Flipkart,refund,Chennai,iOS,0
3060,user_14,11034.76,2026-07-30 09:31:54.153465,Paytm,refund,Chennai,iOS,1
3061,user_34,404.33,2026-09-07 15:15:20.153465,Flipkart,request,Pune,iOS,0
3062,user_10,739.46,2026-09-05 20:36:32.153465,Paytm,request,Bangalore,Android,0
3063,user_23,146193.82,2026-09-03 10:12:33.153465,Walmart,request,Pune,Android,1
3064,user_23,12944.64,2026-08-03 16:51:53.153465,Zomato,request,Bangalore,Android,0
3065,user_21,4995.23,2026-08-01 20:12:46.153465,Paytm,send,Pune,iOS,0
3066,user_37,6036.38,2026-09-01 11:43:07.153465,Walmart,request,Bangalore,Web,0
3067,user_10,4226.96,2026-08-05 02:10:39.153465,Walmart,send,Chennai,iOS,0
3068,user_7,24813.05,2026-07-22 04:32:07.153465,Flipkart,refund,Chennai,iOS,0
3069,user_5,7990.26,2026-08-23 18:31:23.153465,Zomato,request,Mumbai,Web,0
3070,user_45,303.91,2026-08-21 00:41:09.153465,Amazon,request,Delhi,Android,0
3071,user_1,701.29,2026-07-30 12:51:37.153465,Paytm,request,Bangalore,iOS,0
3072,user_10,3621.85,2026-08-06 02:24:07.153465,Amazon,request,Bangalore,Web,0
3073,user_26,1023.3,2026-09-11 01:55:23.153465,Zomato,request,Delhi,Web,0
3074,user_32,3662.17,2026-07-30 06:19:56.153465,Amazon,refund,Chennai,iOS,1
3075,user_27,18495.57,2026-08-03 15:37:22.153465,Flipkart,request,Pune,Android,0
3076,user_15,96381.15,2026-09-11 00:00:56.153465,Flipkart,send,Mumbai,Web,1
3077,user_40,9804.87,2026-09-16 16:27:38.153465,Amazon,send,Pune,Android,0
3078,user_4,1834.38,2026-08-29 15:51:49.153465,Swiggy,request,Mumbai,iOS,0
3079,user_47,3164.18,2026-07-23 11:45:25.153465,Swiggy,send,Chennai,Web,0
3080,user_3,35262.72,2026-09-16 04:58:14.153465,Swiggy,request,Chennai,Web,0
3081,user_22,9750.49,2026-08-09 03:27:44.153465,Paytm,refund,Mumbai,iOS,0
3082,user_2,26971.46,2026-08-20 17:23:15.153465,Amazon,request,Chennai,Web,0
3083,user_33,3800.95,2026-08-06 03:57:37.153465,Paytm,request,Mumbai,Web,1
3084,user_6,4078.02,2026-09-01 15:13:15.153465,Zomato,request,Bangalore,iOS,0
3085,user_21,790.75,2026-08-20 03:53:30.153465,Paytm,refund,Delhi,iOS,0
3086,user_8,4973.49,2026-08-18 22:21:19.153465,Swiggy,refund,Bangalore,iOS,1
3087,user_32,954.52,2026-09-16 17:00:51.153465,Zomato,send,Delhi,iOS,0
3088,user_8,588.73,2026-08-22 14:55:59.153465,Amazon,refund,Chennai,iOS,0
3089,user_49,100996.33,2026-08-13 12:44:23.153465,Walmart,refund,Bangalore,Android,1
3090,user_49,7501.88,2026-09-11 13:27:16.153465,Swiggy,send,Delhi,iOS,0
3091,user_20,19142.05,2026-08-06 19:25:06.153465,Zomato,send,Chennai,Android,0
3092,user_47,1849.42,2026-08-26 05:10:06.153465,Paytm,request,Chennai,Android,0
3093,user_27,6898.99,2026-08-18 00:00:42.153465,Zomato,refund,Delhi,Android,0
3094,user_32,2629.76,2026-08-08 02:49:18.153465,Walmart,request,Bangalore,Android,0
3095,user_20,16091.76,2026-09-05 03:21:24.153465,Paytm,send,Bangalore,iOS,0
3096,user_34,2975.41,2026-08-17 16:23:38.153465,Flipkart,refund,Bangalore,Android,1
3097,user_21,4369.02,2026-07-30 21:25:16.153465,Paytm,refund,Pune,Web,0
3098,user_21,4576.81,2026-09-13 03:17:33.153465,Paytm,send,Bangalore,iOS,0
3099,user_22,15123.74,2026-08-10 15:53:14.153465,Walmart,refund,Bangalore,Android,0
3100,user_22,15035.54,2026-08-25 11:26:41.153465,Zomato,refund,Chennai,Android,0
3101,user_12,38641.73,2026-08-04 01:19:07.153465,Walmart,send,Chennai,Web,0
3102,user_22,12330.23,2026-09-04 19:32:08.153465,Paytm,refund,Chennai,iOS,0
3103,user_39,3662.34,2026-07-23 13:46:32.153465,Amazon,refund,Mumbai,Web,0
3104,user_22,18263.14,2026-08-14 11:20:53.153465,Flipkart,refund,Bangalore,iOS,0
3105,user_10,14235.08,2026-08-30 07:40:38.153465,Paytm,request,Bangalore,iOS,1
3106,user_13,150689.08,2026-07-29 18:55:55.153465,Amazon,send,Mumbai,iOS,1
3107,user_22,58439.87,2026-08-26 02:16:22.153465,Swiggy,refund,Mumbai,iOS,1
3108,user_12,19555.3,2026-07-25 17:41:47.153465,Amazon,refund,Bangalore,iOS,0
3109,user_10,241.55,2026-08-26 14:48:52.153465,Swiggy,request,Chennai,iOS,0
3110,user_31,4256.94,2026-08-24 14:33:36.153465,Flipkart,refund,Mumbai,iOS,0
3111,user_23,9375.44,2026-08-10 09:47:09.153465,Walmart,request,Mumbai,iOS,0
3112,user_2,42795.65,2026-09-06 01:40:33.153465,Paytm,refund,Chennai,Android,0
3113,user_37,6400.66,2026-09-13 18:48:49.153465,Paytm,refund,Chennai,Android,1
3114,user_6,4664.07,2026-08-14 11:21:38.153465,Paytm,request,Chennai,iOS,0
3115,user_8,4256.94,2026-09-16 02:22:17.153465,Swiggy,refund,Delhi,Web,1
3116,user_8,1205.72,2026-08-08 07:51:55.153465,Amazon,refund,Mumbai,Web,0
3117,user_10,4730.3,2026-08-27 15:18:37.153465,Flipkart,send,Chennai,Web,1
3118,user_27,16143.8,2026-09-18 01:16:32.153465,Flipkart,send,Pune,Android,0
3119,user_10,4180.8,2026-08-29 03:04:19.153465,Walmart,refund,Bangalore,Android,0
3120,user_49,16757.57,2026-09-01 08:48:22.153465,Zomato,refund,Bangalore,Web,0
3121,user_38,12112.56,2026-08-07 06:02:26.153465,Paytm,send,Bangalore,Web,0
3122,user_21,1091.34,2026-07-28 03:43:24.153465,Walmart,request,Pune,Android,0
3123,user_37,35841.88,2026-09-16 19:37:33.153465,Zomato,refund,Chennai,iOS,0
3124,user_30,7325.1,2026-07-31 10:25:00.153465,Zomato,send,Mumbai,iOS,0
3125,user_20,10339.19,2026-09-16 19:27:08.153465,Swiggy,request,Mumbai,Web,0
3126,user_7,38158.99,2026-08-18 03:12:59.153465,Zomato,refund,Chennai,Android,0
3127,user_28,3627.18,2026-09-02 07:22:53.153465,Walmart,refund,Delhi,Android,0
3128,user_34,795.89,2026-09-11 06:18:46.153465,Flipkart,request,Delhi,Web,0
3129,user_33,795.58,2026-08-07 22:20:01.153465,Paytm,refund,Delhi,Web,0
3130,user_32,3322.56,2026-08-18 02:06:06.153465,Flipkart,request,Chennai,iOS,0
3131,user_7,27448.19,2026-08-18 12:39:08.153465,Swiggy,request,Delhi,iOS,0
3132,user_27,11503.36,2026-08-12 14:57:21.153465,Flipkart,request,Mumbai,Android,0
3133,user_42,1081.26,2026-07-31 08:37:27.153465,Amazon,send,Chennai,Web,0
3134,user_5,6516.23,2026-07-25 03:39:02.153465,Zomato,refund,Pune,Android,0
3135,user_25,3129.84,2026-09-01 05:09:38.153465,Paytm,refund,Delhi,Android,0
3136,user_38,19197.25,2026-07-28 02:13:13.153465,Swiggy,send,Chennai,Web,1
3137,user_29,1866.68,2026-08-20 16:41:39.153465,Flipkart,request,Pune,Web,0
3138,user_45,4722.31,2026-08-21 22:35:39.153465,Walmart,request,Chennai,iOS,0
3139,user_20,127360.78,2026-08-02 09:05:15.153465,Walmart,refund,Chennai,Web,1
3140,user_22,12012.92,2026-09-12 07:51:23.153465,Zomato,send,Chennai,Web,1
3141,user_6,4649.64,2026-08-06 10:54:11.153465,Flipkart,refund,Mumbai,Android,0
3142,user_40,15805.23,2026-08-07 04:16:32.153465,Paytm,refund,Chennai,iOS,0
3143,user_38,5119.82,2026-08-26 00:34:43.153465,Walmart,send,Mumbai,iOS,0
3144,user_34,4407.92,2026-08-17 00:02:46.153465,Swiggy,send,Bangalore,iOS,1
3145,user_27,16812.44,2026-08-07 03:45:02.153465,Zomato,request,Mumbai,Web,0
3146,user_14,16887.2,2026-07-24 01:35:14.153465,Walmart,request,Pune,Web,0
3147,user_2,34750.06,2026-08-26 09:38:14.153465,Amazon,send,Delhi,Android,1
3148,user_41,4390.03,2026-07-22 17:01:41.153465,Paytm,refund,Bangalore,Android,0
3149,user_5,13474.52,2026-09-12 14:24:51.153465,Flipkart,send,Chennai,Web,0
3150,user_8,434.56,2026-09-08 16:00:32.153465,Zomato,request,Chennai,iOS,0
3151,user_49,5004.44,2026-08-19 09:24:01.153465,Amazon,send,Pune,Web,0
3152,user_49,58121.18,2026-08-14 12:47:11.153465,Amazon,refund,Delhi,Android,1
3153,user_12,55382.92,2026-08-30 01:45:19.153465,Walmart,refund,Chennai,Android,0
3154,user_11,21312.68,2026-09-15 01:09:48.153465,Swiggy,send,Pune,iOS,1
3155,user_50,4455.01,2026-08-18 10:55:16.153465,Swiggy,send,Mumbai,iOS,1
3156,user_23,8358.61,2026-08-04 20:25:20.153465,Swiggy,request,Bangalore,Web,0
3157,user_13,8067.28,2026-09-11 02:06:42.153465,Flipkart,refund,Pune,Web,0
3158,user_47,1432.99,2026-08-01 02:52:34.153465,Swiggy,request,Bangalore,Web,1
3159,user_8,31781.53,2026-08-15 16:21:45.153465,Zomato,request,Bangalore,Web,1
3160,user_23,19337.11,2026-09-08 06:57:35.153465,Zomato,send,Pune,iOS,0
3161,user_18,3692.65,2026-08-22 00:23:43.153465,Walmart,send,Chennai,iOS,0
3162,user_45,1707.17,2026-08-21 15:35:25.153465,Walmart,refund,Chennai,iOS,0
3163,user_46,38928.88,2026-09-15 18:28:49.153465,Paytm,request,Bangalore,Web,1
3164,user_41,2415.12,2026-07-26 16:06:52.153465,Walmart,request,Mumbai,iOS,0
3165,user_36,3707.95,2026-09-12 01:10:45.153465,Swiggy,request,Mumbai,iOS,0
3166,user_39,980.21,2026-08-19 07:53:30.153465,Zomato,refund,Chennai,Web,0
3167,user_11,4263.91,2026-08-10 22:31:58.153465,Swiggy,send,Delhi,Web,1
3168,user_12,47158.3,2026-09-03 17:09:11.153465,Swiggy,refund,Mumbai,iOS,0
3169,user_9,2407.81,2026-08-01 06:55:05.153465,Flipkart,refund,Pune,iOS,0
3170,user_44,7770.24,2026-07-26 10:49:29.153465,Flipkart,refund,Bangalore,iOS,1
3171,user_4,11701.61,2026-08-01 16:29:43.153465,Amazon,refund,Pune,iOS,1
3172,user_6,3500.91,2026-09-18 17:55:35.153465,Paytm,refund,Chennai,iOS,0
3173,user_46,34007.99,2026-09-05 23:50:48.153465,Zomato,refund,Chennai,iOS,1
3174,user_5,16235.08,2026-09-02 05:14:36.153465,Flipkart,refund,Pune,Android,0
3175,user_47,1679.99,2026-08-30 22:11:43.153465,Swiggy,send,Chennai,iOS,0
3176,user_39,2487.29,2026-08-22 21:06:51.153465,Walmart,refund,Mumbai,Web,0
3177,user_6,3249.84,2026-08-01 08:10:22.153465,Flipkart,request,Delhi,Android,0
3178,user_3,20978.05,2026-07-26 01:30:33.153465,Paytm,send,Bangalore,Web,0
3179,user_34,3142.5,2026-09-08 23:34:24.153465,Swiggy,request,Pune,iOS,0
3180,user_26,4423.61,2026-08-13 03:00:50.153465,Zomato,send,Pune,Web,0
3181,user_22,5360.26,2026-08-13 21:13:34.153465,Walmart,send,Bangalore,iOS,0
3182,user_7,300000.0,2026-08-06 23:46:27.153465,Amazon,request,Bangalore,iOS,0
3183,user_32,3953.41,2026-08-10 06:11:17.153465,Paytm,send,Pune,Android,0
3184,user_48,2572.12,2026-08-15 07:29:47.153465,Walmart,refund,Delhi,iOS,0
3185,user_45,3590.2,2026-08-10 08:38:07.153465,Flipkart,request,Chennai,Web,0
3186,user_8,13570.94,2026-09-04 16:09:22.153465,Swiggy,refund,Pune,Android,1
3187,user_43,12457.21,2026-07-25 05:09:41.153465,Flipkart,request,Bangalore,Android,0
3188,user_7,55929.65,2026-08-12 04:33:22.153465,Zomato,refund,Mumbai,iOS,0
3189,user_3,42262.42,2026-07-22 06:12:25.153465,Amazon,send,Pune,Android,0
3190,user_17,3702.31,2026-09-11 09:08:31.153465,Walmart,request,Bangalore,Android,0
3191,user_25,4533.86,2026-08-03 03:58:24.153465,Paytm,send,Delhi,Android,0
3192,user_46,4032.01,2026-07-23 19:46:38.153465,Amazon,send,Chennai,iOS,0
3193,user_14,9738.81,2026-09-07 04:40:24.153465,Walmart,request,Delhi,Web,1
3194,user_24,46601.8,2026-08-10 21:02:43.153465,Paytm,send,Pune,Android,1
3195,user_48,1075.59,2026-09-13 02:10:21.153465,Paytm,request,Bangalore,Web,0
3196,user_50,2654.21,2026-08-23 01:18:53.153465,Zomato,send,Mumbai,Android,0
3197,user_30,57424.83,2026-08-31 13:41:43.153465,Walmart,refund,Chennai,Android,0
3198,user_31,3940.73,2026-08-18 20:02:12.153465,Walmart,request,Delhi,iOS,0
3199,user_20,14368.61,2026-08-19 03:06:44.153465,Flipkart,send,Delhi,iOS,0
3200,user_4,1718.07,2026-08-09 15:27:27.153465,Paytm,request,Delhi,Web,1
3201,user_17,3271.61,2026-09-05 18:33:09.153465,Zomato,refund,Mumbai,Android,0
3202,user_30,11999.85,2026-08-31 09:15:18.153465,Amazon,request,Delhi,iOS,0
3203,user_36,3712.13,2026-08-03 01:09:38.153465,Flipkart,send,Pune,Android,0
3204,user_38,12740.86,2026-09-11 11:42:08.153465,Walmart,request,Mumbai,Web,0
3205,user_43,19308.6,2026-09-12 19:34:43.153465,Amazon,request,Delhi,Web,0
3206,user_7,20046.86,2026-09-11 08:44:00.153465,Flipkart,send,Mumbai,Web,0
3207,user_7,147154.25,2026-09-18 11:52:36.153465,Flipkart,request,Pune,iOS,1
3208,user_37,18039.67,2026-08-25 04:15:18.153465,Paytm,send,Bangalore,Web,0
3209,user_29,2893.57,2026-08-19 03:15:30.153465,Zomato,request,Mumbai,Web,1
3210,user_1,4995.01,2026-08-30 02:54:04.153465,Walmart,request,Bangalore,iOS,0
3211,user_1,4691.32,2026-09-18 23:15:57.153465,Zomato,request,Chennai,iOS,1
3212,user_11,4402.92,2026-09-03 18:35:15.153465,Amazon,send,Chennai,Android,1
3213,user_25,3427.46,2026-09-13 00:50:13.153465,Amazon,request,Bangalore,Android,0
3214,user_23,17390.77,2026-08-26 05:54:08.153465,Walmart,send,Mumbai,Android,0
3215,user_44,19014.87,2026-08-07 23:21:08.153465,Zomato,send,Chennai,iOS,0
3216,user_1,2955.74,2026-08-16 15:01:11.153465,Walmart,request,Chennai,Android,0
3217,user_20,19979.52,2026-07-26 14:53:04.153465,Swiggy,request,Delhi,iOS,0
3218,user_6,2649.75,2026-09-19 03:48:02.153465,Paytm,request,Bangalore,iOS,0
3219,user_1,1608.06,2026-08-27 12:28:04.153465,Zomato,send,Bangalore,Web,0
3220,user_35,5125.64,2026-08-26 23:22:13.153465,Walmart,refund,Chennai,Android,0
3221,user_24,30108.69,2026-08-25 16:09:48.153465,Amazon,send,Mumbai,iOS,1
3222,user_4,1102.08,2026-09-05 10:42:00.153465,Flipkart,send,Bangalore,iOS,0
3223,user_9,34118.56,2026-08-07 02:34:47.153465,Swiggy,request,Delhi,Android,1
3224,user_46,9522.55,2026-08-01 00:17:49.153465,Paytm,request,Pune,Web,1
3225,user_40,16815.51,2026-08-23 23:54:35.153465,Swiggy,request,Delhi,Android,0
3226,user_50,3894.18,2026-09-03 21:17:52.153465,Walmart,request,Mumbai,Web,0
3227,user_7,19678.15,2026-09-01 18:59:43.153465,Zomato,send,Bangalore,iOS,0
3228,user_17,1128.83,2026-08-24 01:38:26.153465,Zomato,refund,Chennai,Web,0
3229,user_32,4435.68,2026-07-28 00:27:36.153465,Zomato,request,Bangalore,Web,1
3230,user_23,14554.47,2026-08-21 13:44:40.153465,Paytm,refund,Mumbai,Android,0
3231,user_2,54174.28,2026-08-31 18:39:42.153465,Swiggy,request,Bangalore,iOS,0
3232,user_27,10554.56,2026-09-12 17:27:38.153465,Paytm,request,Mumbai,Android,0
3233,user_21,1543.77,2026-08-16 04:17:51.153465,Zomato,send,Chennai,Android,1
3234,user_5,54690.85,2026-08-31 03:11:40.153465,Flipkart,send,Mumbai,Web,1
3235,user_9,12662.94,2026-08-12 20:45:37.153465,Amazon,send,Pune,Android,1
3236,user_32,698.24,2026-08-28 12:01:13.153465,Swiggy,refund,Chennai,iOS,0
3237,user_47,923.71,2026-08-09 11:52:44.153465,Walmart,request,Mumbai,Web,0
3238,user_24,16576.86,2026-07-30 15:02:51.153465,Flipkart,send,Delhi,Web,0
3239,user_21,27807.19,2026-08-07 20:50:36.153465,Paytm,refund,Mumbai,Android,0
3240,user_39,825.77,2026-08-06 13:07:28.153465,Zomato,refund,Pune,Web,0
3241,user_43,7122.65,2026-09-06 07:56:38.153465,Flipkart,send,Mumbai,iOS,0
3242,user_48,262.02,2026-08-21 16:51:50.153465,Swiggy,send,Delhi,Web,0
3243,user_33,330.1,2026-09-02 01:16:51.153465,Amazon,send,Bangalore,Web,0
3244,user_41,2678.39,2026-08-25 22:47:15.153465,Swiggy,send,Mumbai,Web,0
3245,user_28,1434.01,2026-09-17 00:42:45.153465,Walmart,send,Delhi,Android,0
3246,user_37,15444.09,2026-09-11 16:11:19.153465,Swiggy,send,Pune,iOS,1
3247,user_49,14831.9,2026-08-30 02:17:00.153465,Paytm,refund,Pune,Android,0
3248,user_12,58143.09,2026-08-17 08:21:31.153465,Swiggy,refund,Pune,Web,0
3249,user_32,4012.25,2026-09-06 08:55:59.153465,Flipkart,refund,Bangalore,Web,0
3250,user_32,2617.59,2026-09-14 14:03:11.153465,Swiggy,request,Mumbai,iOS,0
3251,user_37,57796.44,2026-08-16 09:10:03.153465,Swiggy,send,Chennai,iOS,1
3252,user_44,9747.96,2026-09-04 15:46:57.153465,Amazon,refund,Bangalore,Android,0
3253,user_33,2878.83,2026-07-22 17:08:23.153465,Paytm,send,Chennai,Android,0
3254,user_7,40012.15,2026-07-29 14:12:20.153465,Walmart,refund,Bangalore,Web,0
3255,user_41,2293.46,2026-09-04 13:09:35.153465,Walmart,send,Mumbai,iOS,0
3256,user_13,6283.84,2026-07-26 06:26:02.153465,Swiggy,refund,Bangalore,iOS,0
3257,user_29,2605.43,2026-08-28 08:15:25.153465,Walmart,refund,Chennai,Android,0
3258,user_24,13464.26,2026-08-02 14:44:39.153465,Amazon,refund,Bangalore,Web,0
3259,user_12,47967.83,2026-07-25 08:10:39.153465,Walmart,request,Chennai,Android,0
3260,user_33,783.33,2026-08-17 04:21:50.153465,Paytm,send,Delhi,iOS,0
3261,user_27,15232.13,2026-09-15 15:08:52.153465,Amazon,send,Bangalore,Android,0
3262,user_10,29056.71,2026-07-23 00:28:26.153465,Zomato,send,Mumbai,iOS,1
3263,user_26,4688.77,2026-08-25 15:14:44.153465,Paytm,refund,Mumbai,iOS,1
3264,user_24,7363.89,2026-08-04 09:35:49.153465,Walmart,send,Bangalore,iOS,0
3265,user_7,20970.58,2026-07-31 16:31:34.153465,Swiggy,send,Pune,Android,0
3266,user_14,16926.26,2026-08-23 16:44:19.153465,Swiggy,refund,Mumbai,Web,1
3267,user_30,15807.21,2026-08-20 06:17:13.153465,Walmart,refund,Mumbai,Web,1
3268,user_47,557.29,2026-07-30 02:45:39.153465,Swiggy,request,Delhi,Web,0
3269,user_29,1042.33,2026-08-03 06:43:57.153465,Flipkart,request,Bangalore,iOS,0
3270,user_31,1214.87,2026-09-10 22:31:44.153465,Walmart,request,Delhi,Android,0
3271,user_20,5265.4,2026-08-24 13:00:08.153465,Paytm,send,Delhi,Android,0
3272,user_39,1460.71,2026-09-08 21:26:56.153465,Amazon,refund,Delhi,Android,0
3273,user_31,1851.16,2026-07-21 23:15:07.153465,Walmart,refund,Pune,Android,0
3274,user_10,35640.14,2026-08-30 09:33:31.153465,Flipkart,refund,Delhi,Android,1
3275,user_42,3496.81,2026-08-01 14:30:19.153465,Swiggy,refund,Bangalore,Web,0
3276,user_43,18385.16,2026-08-29 13:44:10.153465,Amazon,send,Mumbai,Android,0
3277,user_28,3102.06,2026-08-02 14:07:30.153465,Flipkart,refund,Bangalore,Android,0
3278,user_29,569.6,2026-09-08 23:58:04.153465,Amazon,refund,Pune,iOS,0
3279,user_28,12458.31,2026-07-27 07:01:54.153465,Paytm,request,Delhi,iOS,1
3280,user_47,4413.64,2026-08-16 16:44:31.153465,Zomato,refund,Mumbai,Web,1
3281,user_9,2814.13,2026-09-15 01:10:48.153465,Amazon,refund,Chennai,iOS,0
3282,user_15,13182.6,2026-08-03 05:46:14.153465,Swiggy,request,Delhi,iOS,0
3283,user_7,49760.3,2026-07-21 15:02:39.153465,Zomato,refund,Chennai,iOS,0
3284,user_19,13372.98,2026-09-13 21:49:52.153465,Walmart,send,Chennai,iOS,1
3285,user_3,97224.31,2026-08-12 01:22:36.153465,Paytm,refund,Chennai,Web,1
3286,user_49,19902.21,2026-07-24 14:25:41.153465,Flipkart,request,Mumbai,Android,0
3287,user_13,17419.7,2026-08-01 19:49:42.153465,Flipkart,request,Chennai,iOS,0
3288,user_34,3836.52,2026-08-12 23:23:18.153465,Zomato,refund,Chennai,iOS,0
3289,user_40,13615.67,2026-08-12 22:04:51.153465,Walmart,request,Delhi,iOS,0
3290,user_44,17214.16,2026-09-17 02:06:22.153465,Flipkart,send,Mumbai,Android,0
3291,user_17,13340.75,2026-08-31 18:41:16.153465,Swiggy,request,Bangalore,Android,1
3292,user_32,4669.62,2026-09-08 12:36:34.153465,Flipkart,send,Chennai,Android,0
3293,user_44,10280.27,2026-08-01 02:50:54.153465,Paytm,send,Pune,Android,0
3294,user_21,2303.58,2026-08-05 21:16:53.153465,Paytm,send,Chennai,iOS,0
3295,user_43,12811.63,2026-09-11 12:25:00.153465,Paytm,refund,Mumbai,Web,0
3296,user_27,9353.85,2026-09-01 00:22:57.153465,Paytm,send,Delhi,iOS,0
3297,user_23,10656.72,2026-09-06 05:19:28.153465,Zomato,send,Chennai,Android,0
3298,user_27,19887.7,2026-08-19 12:19:38.153465,Walmart,refund,Pune,Web,0
3299,user_47,2906.31,2026-07-30 19:20:45.153465,Swiggy,refund,Bangalore,Android,0
3300,user_15,6437.24,2026-07-24 17:37:40.153465,Zomato,send,Pune,iOS,0
3301,user_44,9464.67,2026-09-08 04:42:31.153465,Zomato,request,Chennai,iOS,0
3302,user_33,9452.26,2026-08-26 02:29:37.153465,Zomato,refund,Mumbai,Web,1
3303,user_43,10087.96,2026-09-17 19:57:58.153465,Paytm,request,Pune,iOS,0
3304,user_46,1439.32,2026-09-18 14:17:28.153465,Flipkart,send,Bangalore,Android,0
3305,user_8,3909.44,2026-07-25 20:47:37.153465,Zomato,refund,Delhi,Android,0
3306,user_7,19725.98,2026-08-19 12:38:58.153465,Paytm,refund,Chennai,Android,0
3307,user_2,31849.58,2026-08-13 15:25:51.153465,Paytm,refund,Pune,Web,0
3308,user_2,58701.35,2026-08-25 13:25:06.153465,Flipkart,send,Mumbai,iOS,0
3309,user_13,15859.3,2026-08-18 23:24:47.153465,Paytm,request,Bangalore,Android,0
3310,user_42,2546.48,2026-09-18 08:58:48.153465,Swiggy,refund,Mumbai,Web,0
3311,user_35,13933.05,2026-09-02 10:29:44.153465,Flipkart,refund,Chennai,iOS,0
3312,user_49,10723.78,2026-08-17 10:48:53.153465,Flipkart,send,Mumbai,Web,0
3313,user_41,3255.4,2026-08-26 16:14:00.153465,Swiggy,request,Delhi,iOS,0
3314,user_44,5776.34,2026-08-20 16:56:58.153465,Flipkart,send,Pune,iOS,0
3315,user_22,12335.27,2026-08-10 08:22:32.153465,Paytm,send,Mumbai,Android,0
3316,user_42,1497.58,2026-09-13 07:13:33.153465,Swiggy,request,Mumbai,iOS,0
3317,user_13,9529.87,2026-08-01 19:34:57.153465,Amazon,refund,Bangalore,iOS,0
3318,user_41,2082.12,2026-08-15 22:00:44.153465,Paytm,request,Mumbai,iOS,0
3319,user_38,58348.55,2026-07-25 10:05:40.153465,Flipkart,refund,Chennai,Web,1
3320,user_46,2847.38,2026-09-08 10:21:50.153465,Walmart,request,Bangalore,Web,0
3321,user_1,1554.93,2026-08-22 05:40:36.153465,Walmart,refund,Pune,Android,0
3322,user_30,11007.19,2026-08-22 07:00:37.153465,Amazon,refund,Pune,Android,1
3323,user_28,4166.85,2026-09-19 08:08:34.153465,Amazon,send,Chennai,iOS,0
3324,user_6,4021.35,2026-09-06 15:13:08.153465,Amazon,refund,Delhi,Android,0
3325,user_19,7535.01,2026-08-14 21:16:49.153465,Amazon,request,Chennai,Web,1
3326,user_12,36497.77,2026-08-29 16:44:23.153465,Zomato,request,Delhi,Web,0
3327,user_47,3090.3,2026-08-08 19:36:29.153465,Walmart,send,Pune,Web,0
3328,user_27,18391.73,2026-09-05 19:48:51.153465,Amazon,refund,Delhi,Android,0
3329,user_31,1457.58,2026-08-23 15:55:04.153465,Flipkart,send,Pune,Web,0
3330,user_20,12352.73,2026-08-14 21:14:17.153465,Swiggy,refund,Pune,Android,0
3331,user_26,469.7,2026-07-24 01:09:03.153465,Paytm,refund,Chennai,iOS,1
3332,user_44,19690.1,2026-08-04 05:41:02.153465,Swiggy,request,Pune,iOS,0
3333,user_31,2639.62,2026-09-12 12:12:10.153465,Paytm,send,Mumbai,Android,0
3334,user_41,1345.1,2026-08-26 06:26:18.153465,Swiggy,refund,Chennai,Web,0
3335,user_22,15859.66,2026-07-31 04:37:57.153465,Amazon,request,Delhi,Android,0
3336,user_33,462.28,2026-09-11 09:32:22.153465,Flipkart,request,Delhi,Web,0
3337,user_10,851.79,2026-08-13 02:19:14.153465,Flipkart,send,Delhi,iOS,0
3338,user_34,4811.38,2026-08-02 04:43:38.153465,Walmart,refund,Mumbai,iOS,1
3339,user_37,7820.63,2026-07-25 11:04:22.153465,Paytm,request,Delhi,iOS,0
3340,user_3,53297.49,2026-09-14 02:21:45.153465,Amazon,request,Bangalore,iOS,0
3341,user_25,2721.16,2026-08-29 00:49:57.153465,Zomato,send,Pune,Web,1
3342,user_13,7695.32,2026-09-08 06:27:52.153465,Swiggy,request,Chennai,iOS,0
3343,user_1,2595.11,2026-09-18 04:06:19.153465,Zomato,request,Bangalore,iOS,0
3344,user_26,4186.7,2026-07-30 08:27:25.153465,Walmart,request,Pune,iOS,1
3345,user_24,15406.9,2026-08-30 00:08:19.153465,Walmart,request,Chennai,Android,0
3346,user_31,8799.84,2026-09-03 02:30:43.153465,Flipkart,send,Bangalore,Web,1
3347,user_41,3297.81,2026-09-14 10:29:09.153465,Zomato,request,Chennai,iOS,0
3348,user_14,5064.77,2026-09-18 13:16:32.153465,Walmart,request,Mumbai,iOS,0
3349,user_33,4013.93,2026-08-14 21:00:55.153465,Walmart,refund,Mumbai,iOS,0
3350,user_37,49965.83,2026-07-25 03:53:46.153465,Amazon,request,Pune,Android,1
3351,user_46,379.01,2026-08-04 11:59:13.153465,Paytm,request,Chennai,iOS,0
3352,user_3,32509.59,2026-09-12 09:12:01.153465,Zomato,send,Mumbai,Android,0
3353,user_45,1565.83,2026-08-26 14:04:31.153465,Swiggy,send,Pune,iOS,0
3354,user_8,1714.08,2026-07-23 00:00:25.153465,Paytm,refund,Mumbai,Android,0
3355,user_26,9414.26,2026-08-23 17:29:33.153465,Zomato,send,Chennai,Android,1
3356,user_8,2271.55,2026-09-08 19:41:46.153465,Flipkart,refund,Delhi,Web,0
3357,user_49,5696.92,2026-09-08 00:10:24.153465,Flipkart,send,Mumbai,Web,0
3358,user_36,8057.16,2026-08-01 14:46:28.153465,Flipkart,refund,Bangalore,iOS,0
3359,user_38,18198.8,2026-07-28 09:56:29.153465,Amazon,refund,Pune,iOS,0
3360,user_10,2212.64,2026-09-08 10:00:27.153465,Zomato,refund,Pune,Android,0
3361,user_5,9106.35,2026-07-22 14:33:35.153465,Swiggy,request,Delhi,iOS,1
3362,user_50,4495.0,2026-08-20 06:39:26.153465,Zomato,send,Mumbai,Android,0
3363,user_47,3831.44,2026-08-15 03:30:31.153465,Swiggy,send,Chennai,Web,0
3364,user_6,481.89,2026-07-23 10:11:47.153465,Zomato,request,Delhi,iOS,0
3365,user_8,3934.11,2026-08-06 14:11:09.153465,Amazon,refund,Chennai,iOS,0
3366,user_26,2160.45,2026-08-29 00:40:39.153465,Flipkart,send,Bangalore,iOS,0
3367,user_33,2070.6,2026-09-01 05:32:55.153465,Zomato,refund,Bangalore,iOS,0
3368,user_35,7522.98,2026-09-14 02:10:57.153465,Swiggy,refund,Chennai,iOS,0
3369,user_6,4541.53,2026-09-18 08:03:34.153465,Swiggy,request,Chennai,iOS,0
3370,user_20,19707.62,2026-09-04 03:38:35.153465,Zomato,send,Mumbai,Web,0
3371,user_17,3606.6,2026-08-23 01:20:04.153465,Paytm,send,Chennai,iOS,0
3372,user_39,12573.74,2026-07-22 00:15:20.153465,Flipkart,send,Mumbai,iOS,1
3373,user_18,2562.67,2026-09-09 18:08:40.153465,Zomato,send,Mumbai,Web,0
3374,user_23,10183.35,2026-09-08 16:14:20.153465,Zomato,send,Bangalore,iOS,0
3375,user_49,32872.62,2026-09-02 15:47:55.153465,Zomato,send,Chennai,Web,0
3376,user_17,3723.91,2026-08-19 17:35:42.153465,Paytm,send,Pune,Android,0
3377,user_37,18324.16,2026-08-30 08:26:13.153465,Swiggy,request,Mumbai,Android,0
3378,user_5,19651.18,2026-08-01 20:29:43.153465,Zomato,refund,Chennai,Web,0
3379,user_20,18718.13,2026-09-03 21:29:30.153465,Swiggy,send,Mumbai,Android,0
3380,user_48,1972.28,2026-09-02 14:40:54.153465,Zomato,request,Delhi,Web,0
3381,user_15,8340.03,2026-07-31 04:43:45.153465,Flipkart,send,Chennai,Web,0
3382,user_35,12275.21,2026-08-10 07:24:10.153465,Walmart,send,Bangalore,Android,0
3383,user_45,9375.87,2026-08-07 15:51:06.153465,Amazon,refund,Chennai,Android,1
3384,user_20,10920.93,2026-08-07 03:25:56.153465,Zomato,request,Bangalore,Web,1
3385,user_38,16975.77,2026-08-02 19:25:33.153465,Walmart,send,Pune,Android,0
3386,user_29,1191.85,2026-08-19 15:56:19.153465,Amazon,refund,Chennai,iOS,0
3387,user_48,10167.73,2026-09-08 20:57:51.153465,Paytm,send,Mumbai,Android,1
3388,user_37,9677.39,2026-09-14 16:32:58.153465,Amazon,refund,Pune,Android,0
3389,user_16,4655.58,2026-09-08 09:49:50.153465,Walmart,send,Pune,Web,0
3390,user_5,5648.37,2026-08-25 07:16:21.153465,Walmart,refund,Chennai,Android,0
3391,user_1,1259.1,2026-07-31 06:09:01.153465,Zomato,request,Pune,Android,0
3392,user_29,12451.61,2026-08-23 05:11:12.153465,Zomato,request,Delhi,Web,1
3393,user_9,2563.89,2026-08-01 12:03:54.153465,Zomato,send,Chennai,iOS,0
3394,user_17,2376.15,2026-09-04 07:20:44.153465,Flipkart,request,Mumbai,Web,0
3395,user_3,32799.95,2026-09-03 02:37:30.153465,Flipkart,refund,Mumbai,iOS,0
3396,user_47,3895.16,2026-08-13 23:43:12.153465,Amazon,send,Mumbai,Android,0
3397,user_40,15960.67,2026-09-17 15:10:31.153465,Zomato,request,Delhi,iOS,0
3398,user_36,332.67,2026-07-22 10:01:14.153465,Zomato,send,Mumbai,Web,0
3399,user_4,4993.25,2026-07-28 18:44:38.153465,Paytm,send,Chennai,iOS,0
3400,user_45,2607.05,2026-08-22 02:41:08.153465,Zomato,send,Pune,iOS,0
3401,user_10,1796.6,2026-08-10 07:03:53.153465,Flipkart,refund,Bangalore,Android,0
3402,user_45,2582.94,2026-07-25 12:10:32.153465,Flipkart,send,Chennai,Android,0
3403,user_20,9694.6,2026-09-15 19:16:44.153465,Walmart,refund,Chennai,Android,0
3404,user_27,14551.88,2026-09-03 23:22:35.153465,Walmart,send,Delhi,iOS,0
3405,user_14,5768.84,2026-09-03 19:40:38.153465,Zomato,refund,Delhi,Android,0
3406,user_42,4745.42,2026-08-11 14:27:37.153465,Paytm,send,Delhi,iOS,0
3407,user_30,10895.39,2026-09-02 04:53:29.153465,Flipkart,send,Chennai,iOS,0
3408,user_10,2689.51,2026-09-15 20:56:59.153465,Paytm,refund,Bangalore,Android,0
3409,user_46,1147.86,2026-09-09 13:57:07.153465,Flipkart,send,Chennai,iOS,1
3410,user_37,9302.15,2026-07-28 20:25:04.153465,Zomato,refund,Pune,Web,0
3411,user_48,3182.68,2026-09-13 06:04:50.153465,Walmart,request,Bangalore,Web,0
3412,user_43,18107.79,2026-08-24 12:32:56.153465,Flipkart,send,Chennai,Android,0
3413,user_11,2873.39,2026-09-01 04:50:15.153465,Amazon,send,Chennai,Web,0
3414,user_44,16139.22,2026-08-16 00:05:40.153465,Zomato,request,Mumbai,Web,0
3415,user_12,55898.0,2026-08-02 09:19:26.153465,Swiggy,refund,Delhi,iOS,0
3416,user_10,2856.25,2026-09-13 19:19:28.153465,Flipkart,refund,Bangalore,Android,0
3417,user_12,25685.94,2026-07-31 02:28:09.153465,Walmart,request,Mumbai,Web,0
3418,user_50,16871.23,2026-08-29 07:27:04.153465,Zomato,request,Chennai,Web,1
3419,user_37,18965.03,2026-09-19 03:21:08.153465,Walmart,send,Delhi,Web,0
3420,user_17,1616.5,2026-08-02 15:18:30.153465,Paytm,refund,Bangalore,Android,0
3421,user_45,770.46,2026-08-01 10:16:11.153465,Walmart,send,Mumbai,Web,0
3422,user_3,30285.47,2026-08-12 13:08:35.153465,Paytm,send,Chennai,iOS,0
3423,user_41,927.41,2026-07-24 18:24:00.153465,Swiggy,send,Mumbai,Android,0
3424,user_4,3713.36,2026-07-26 22:53:03.153465,Walmart,refund,Delhi,Web,0
3425,user_14,5998.91,2026-09-13 15:15:20.153465,Paytm,refund,Chennai,Android,0
3426,user_47,3832.93,2026-07-25 09:48:29.153465,Zomato,refund,Pune,iOS,0
3427,user_6,510.02,2026-08-09 16:10:54.153465,Swiggy,send,Pune,Android,0
3428,user_32,4350.6,2026-07-24 22:16:20.153465,Paytm,send,Delhi,Android,1
3429,user_49,5851.87,2026-08-21 12:22:47.153465,Swiggy,send,Pune,Web,0
3430,user_35,13678.17,2026-09-08 01:52:10.153465,Walmart,refund,Chennai,Web,0
3431,user_17,461.05,2026-07-29 14:16:47.153465,Walmart,refund,Chennai,Web,0
3432,user_11,3888.2,2026-08-04 03:24:22.153465,Swiggy,refund,Bangalore,Web,0
3433,user_1,3254.44,2026-09-19 12:22:05.153465,Amazon,refund,Bangalore,Web,0
3434,user_29,3241.85,2026-09-04 01:21:12.153465,Zomato,request,Mumbai,Web,0
3435,user_5,17174.18,2026-08-30 18:19:49.153465,Zomato,refund,Mumbai,iOS,0
3436,user_4,39604.2,2026-08-10 03:16:42.153465,Flipkart,send,Mumbai,iOS,0
3437,user_6,3334.64,2026-07-21 21:21:53.153465,Swiggy,send,Pune,iOS,0
3438,user_10,1438.56,2026-09-17 22:58:47.153465,Zomato,refund,Delhi,Web,0
3439,user_18,3854.47,2026-09-10 03:55:22.153465,Walmart,send,Bangalore,Web,0
3440,user_22,6488.93,2026-08-09 08:25:01.153465,Amazon,request,Bangalore,Web,0
3441,user_2,44081.39,2026-08-08 18:05:22.153465,Paytm,refund,Chennai,Web,0
3442,user_22,19348.65,2026-08-12 05:47:10.153465,Paytm,request,Pune,Android,0
3443,user_6,4443.14,2026-08-29 03:08:39.153465,Swiggy,send,Pune,Android,0
3444,user_15,18009.22,2026-08-23 00:27:00.153465,Paytm,send,Mumbai,Web,0
3445,user_21,4421.62,2026-09-11 05:04:30.153465,Walmart,request,Delhi,iOS,0
3446,user_42,1428.9,2026-08-13 16:32:44.153465,Paytm,send,Delhi,iOS,0
3447,user_12,21226.11,2026-09-03 15:37:13.153465,Swiggy,refund,Delhi,iOS,0
3448,user_25,215.3,2026-08-31 13:44:36.153465,Amazon,refund,Chennai,Android,0
3449,user_21,2842.11,2026-08-22 21:07:17.153465,Walmart,send,Pune,iOS,0
3450,user_11,9741.74,2026-09-02 01:28:24.153465,Walmart,request,Mumbai,Web,1
3451,user_11,531.68,2026-08-16 08:57:38.153465,Amazon,refund,Mumbai,iOS,0
3452,user_48,4783.2,2026-08-13 19:14:52.153465,Swiggy,request,Pune,Android,1
3453,user_24,9174.36,2026-07-28 23:56:24.153465,Amazon,send,Chennai,iOS,0
3454,user_38,13955.83,2026-08-06 05:12:30.153465,Swiggy,refund,Bangalore,Web,0
3455,user_4,4847.42,2026-08-31 22:38:31.153465,Flipkart,refund,Pune,Android,0
3456,user_41,914.01,2026-08-02 17:15:11.153465,Flipkart,send,Mumbai,iOS,0
3457,user_16,213.32,2026-07-29 05:22:58.153465,Zomato,refund,Pune,iOS,0
3458,user_4,4459.85,2026-07-22 09:48:05.153465,Zomato,request,Chennai,Android,0
3459,user_44,9893.75,2026-08-18 12:45:35.153465,Flipkart,send,Delhi,Android,0
3460,user_25,4405.73,2026-08-01 21:58:21.153465,Amazon,refund,Pune,Android,0
3461,user_23,12859.62,2026-09-08 00:35:18.153465,Amazon,refund,Delhi,Android,0
3462,user_38,12576.13,2026-09-01 14:22:55.153465,Walmart,refund,Pune,Android,0
3463,user_14,14585.0,2026-09-02 01:12:39.153465,Zomato,send,Bangalore,iOS,0
3464,user_41,2243.1,2026-09-01 03:56:06.153465,Walmart,send,Delhi,Web,0
3465,user_27,19859.06,2026-07-21 19:35:31.153465,Amazon,request,Chennai,Web,0
3466,user_12,34523.85,2026-09-07 15:59:07.153465,Paytm,refund,Delhi,iOS,0
3467,user_45,4111.09,2026-08-28 00:48:02.153465,Walmart,request,Delhi,Android,0
3468,user_1,2322.62,2026-08-29 10:00:38.153465,Amazon,refund,Bangalore,iOS,0
3469,user_15,15747.21,2026-08-17 21:35:21.153465,Zomato,refund,Delhi,Web,0
3470,user_48,4865.58,2026-08-10 04:44:12.153465,Swiggy,refund,Pune,Android,0
3471,user_13,8078.08,2026-08-16 18:01:40.153465,Walmart,request,Pune,Web,0
3472,user_1,1781.47,2026-07-27 11:41:58.153465,Zomato,send,Bangalore,Web,0
3473,user_47,948.19,2026-08-08 04:05:27.153465,Amazon,send,Delhi,iOS,0
3474,user_42,2613.8,2026-09-15 12:28:15.153465,Paytm,refund,Delhi,Android,0
3475,user_31,16937.92,2026-08-16 07:25:19.153465,Flipkart,send,Bangalore,Android,1
3476,user_2,121464.18,2026-07-23 19:54:52.153465,Swiggy,send,Mumbai,iOS,1
3477,user_4,3694.69,2026-09-03 19:27:16.153465,Paytm,request,Pune,iOS,0
3478,user_27,15255.34,2026-09-14 02:03:46.153465,Walmart,send,Chennai,Web,0
3479,user_3,59809.01,2026-08-05 06:55:50.153465,Zomato,refund,Chennai,Web,0
3480,user_38,15746.12,2026-08-30 07:45:10.153465,Paytm,send,Chennai,Android,0
3481,user_16,4102.22,2026-09-01 03:21:52.153465,Zomato,request,Bangalore,Web,0
3482,user_46,310.53,2026-07-29 17:32:16.153465,Paytm,send,Delhi,Web,0
3483,user_11,4246.06,2026-08-01 14:23:05.153465,Flipkart,refund,Delhi,Android,0
3484,user_47,3652.1,2026-08-22 07:46:08.153465,Walmart,send,Pune,Web,0
3485,user_12,23399.38,2026-08-09 20:38:38.153465,Walmart,request,Pune,Web,0
3486,user_2,54702.07,2026-09-15 01:41:52.153465,Amazon,send,Mumbai,Web,1
3487,user_37,6399.43,2026-08-12 18:15:51.153465,Zomato,refund,Mumbai,Web,0
3488,user_4,1927.41,2026-07-26 19:56:44.153465,Flipkart,send,Bangalore,iOS,0
3489,user_34,2880.23,2026-08-06 07:18:33.153465,Swiggy,send,Mumbai,Web,1
3490,user_42,34057.7,2026-09-08 02:20:41.153465,Walmart,request,Delhi,Web,1
3491,user_35,6296.77,2026-07-21 21:46:07.153465,Walmart,refund,Chennai,Android,0
3492,user_44,41497.78,2026-08-22 10:47:07.153465,Paytm,request,Mumbai,Web,1
3493,user_45,2799.58,2026-09-07 22:50:09.153465,Walmart,refund,Pune,Android,0
3494,user_24,11354.19,2026-09-02 16:57:20.153465,Walmart,send,Delhi,iOS,0
3495,user_43,5629.43,2026-09-13 04:21:55.153465,Paytm,send,Pune,iOS,0
3496,user_27,16037.97,2026-08-31 17:20:54.153465,Flipkart,send,Bangalore,Android,0
3497,user_14,18197.32,2026-08-12 04:12:23.153465,Paytm,request,Bangalore,iOS,0
3498,user_39,3602.27,2026-07-22 04:41:11.153465,Flipkart,request,Delhi,Web,1
3499,user_12,25680.8,2026-09-14 08:18:56.153465,Swiggy,request,Bangalore,Android,0
3500,user_14,48185.35,2026-08-31 22:30:05.153465,Zomato,refund,Bangalore,iOS,1
3501,user_10,2290.67,2026-08-05 21:39:16.153465,Zomato,refund,Pune,iOS,0
3502,user_25,488.77,2026-07-30 00:29:01.153465,Zomato,refund,Chennai,iOS,0
3503,user_8,31569.29,2026-08-13 03:09:43.153465,Walmart,send,Mumbai,Android,1
3504,user_20,6709.44,2026-09-03 17:09:16.153465,Amazon,request,Bangalore,Android,0
3505,user_21,1505.39,2026-07-22 14:59:53.153465,Paytm,refund,Delhi,Web,0
3506,user_43,10136.81,2026-07-29 11:27:40.153465,Zomato,send,Mumbai,iOS,0
3507,user_41,34679.25,2026-09-07 10:39:53.153465,Amazon,request,Chennai,Web,0
3508,user_20,16827.86,2026-09-18 20:09:26.153465,Paytm,refund,Mumbai,Web,1
3509,user_35,6869.79,2026-08-26 22:44:51.153465,Amazon,send,Mumbai,Android,0
3510,user_6,1324.83,2026-09-02 11:45:00.153465,Zomato,request,Delhi,Web,1
3511,user_19,2367.53,2026-08-04 02:26:22.153465,Zomato,send,Bangalore,Android,0
3512,user_28,4480.82,2026-09-18 23:00:27.153465,Walmart,refund,Delhi,iOS,1
3513,user_46,1389.24,2026-09-12 19:38:37.153465,Swiggy,send,Chennai,Web,1
3514,user_22,42703.24,2026-08-03 17:00:17.153465,Walmart,request,Pune,Web,1
3515,user_45,2880.87,2026-08-11 05:18:27.153465,Zomato,refund,Chennai,Web,0
3516,user_20,7281.64,2026-09-04 04:06:19.153465,Zomato,refund,Delhi,iOS,0
3517,user_6,3044.73,2026-08-21 03:28:21.153465,Paytm,request,Mumbai,Web,0
3518,user_31,1479.78,2026-09-18 08:42:38.153465,Walmart,send,Chennai,iOS,0
3519,user_30,18131.15,2026-08-12 11:59:39.153465,Swiggy,request,Bangalore,Web,0
3520,user_11,1526.28,2026-09-18 08:10:27.153465,Zomato,refund,Mumbai,iOS,0
3521,user_19,1629.4,2026-08-24 17:12:08.153465,Walmart,refund,Pune,iOS,0
3522,user_16,2505.38,2026-09-15 20:27:20.153465,Swiggy,send,Pune,Web,0
3523,user_2,43366.29,2026-08-18 20:54:35.153465,Amazon,request,Pune,iOS,0
3524,user_23,44618.89,2026-07-27 00:43:22.153465,Swiggy,refund,Delhi,iOS,1
3525,user_47,9432.52,2026-07-25 19:56:05.153465,Flipkart,request,Bangalore,Android,1
3526,user_2,115012.39,2026-09-14 00:30:33.153465,Paytm,request,Mumbai,Android,1
3527,user_25,264.98,2026-08-29 18:53:49.153465,Amazon,request,Bangalore,iOS,0
3528,user_37,15771.7,2026-08-17 22:36:56.153465,Walmart,send,Delhi,iOS,0
3529,user_32,1032.49,2026-08-09 16:31:51.153465,Walmart,request,Delhi,iOS,0
3530,user_49,6823.32,2026-08-15 13:08:56.153465,Flipkart,send,Chennai,iOS,0
3531,user_48,4183.31,2026-08-11 15:09:06.153465,Amazon,refund,Bangalore,iOS,1
3532,user_36,1519.4,2026-09-17 16:01:51.153465,Amazon,refund,Chennai,Android,0
3533,user_29,4214.71,2026-09-07 23:01:04.153465,Walmart,request,Delhi,Web,0
3534,user_25,15087.37,2026-09-07 08:08:50.153465,Amazon,refund,Delhi,Android,1
3535,user_49,107796.03,2026-07-28 09:43:27.153465,Paytm,send,Bangalore,iOS,1
3536,user_20,15632.61,2026-07-23 07:28:47.153465,Flipkart,send,Mumbai,iOS,0
3537,user_48,1847.33,2026-08-25 06:40:00.153465,Swiggy,send,Mumbai,Web,0
3538,user_47,1708.57,2026-09-17 14:16:33.153465,Amazon,send,Mumbai,iOS,0
3539,user_37,13439.66,2026-08-14 18:22:46.153465,Zomato,refund,Pune,Web,0
3540,user_31,3202.43,2026-08-13 20:52:14.153465,Zomato,send,Mumbai,Web,0
3541,user_47,367.91,2026-09-16 16:13:33.153465,Flipkart,refund,Pune,Web,0
3542,user_1,2192.5,2026-08-23 19:49:39.153465,Paytm,send,Delhi,Android,0
3543,user_33,8240.44,2026-08-10 07:34:28.153465,Flipkart,refund,Pune,Web,0
3544,user_12,31622.63,2026-07-31 06:46:46.153465,Amazon,request,Chennai,Web,0
3545,user_12,44128.54,2026-07-29 05:42:42.153465,Amazon,send,Mumbai,Web,0
3546,user_35,14618.54,2026-08-24 03:17:58.153465,Swiggy,send,Mumbai,Web,0
3547,user_39,512.5,2026-08-13 02:33:26.153465,Zomato,refund,Chennai,Web,1
3548,user_46,31265.02,2026-09-03 22:33:55.153465,Walmart,send,Delhi,Web,1
3549,user_26,25421.8,2026-08-13 02:15:45.153465,Amazon,request,Chennai,Android,1
3550,user_11,1914.51,2026-08-04 11:37:05.153465,Walmart,refund,Chennai,Android,0
3551,user_24,54961.3,2026-08-01 22:41:49.153465,Walmart,refund,Pune,Web,1
3552,user_21,2005.35,2026-08-20 02:42:29.153465,Amazon,request,Chennai,Android,0
3553,user_5,12815.86,2026-07-22 01:08:29.153465,Swiggy,refund,Bangalore,Web,0
3554,user_7,16090.65,2026-08-27 09:17:02.153465,Walmart,request,Mumbai,Android,0
3555,user_28,4767.77,2026-08-22 01:43:51.153465,Flipkart,request,Delhi,Android,0
3556,user_11,1311.71,2026-07-25 00:45:32.153465,Zomato,send,Bangalore,Web,0
3557,user_31,3267.47,2026-09-14 19:31:20.153465,Flipkart,send,Delhi,Web,0
3558,user_45,13646.87,2026-09-14 21:29:17.153465,Zomato,request,Pune,Android,1
3559,user_31,2168.66,2026-08-12 00:41:25.153465,Walmart,request,Bangalore,Android,0
3560,user_25,571.09,2026-07-28 22:32:38.153465,Swiggy,request,Delhi,Web,1
3561,user_50,2332.65,2026-08-27 14:32:20.153465,Flipkart,refund,Chennai,Web,0
3562,user_40,16910.25,2026-08-26 16:06:18.153465,Paytm,send,Delhi,Web,0
3563,user_6,1870.47,2026-08-04 21:36:52.153465,Swiggy,request,Delhi,Android,0
3564,user_11,30854.39,2026-07-29 00:26:43.153465,Zomato,refund,Chennai,iOS,1
3565,user_15,16322.79,2026-09-01 20:34:03.153465,Walmart,refund,Mumbai,Web,0
3566,user_30,13265.38,2026-07-25 10:46:48.153465,Walmart,send,Mumbai,Web,0
3567,user_39,4025.27,2026-08-17 01:29:55.153465,Walmart,send,Pune,Android,0
3568,user_24,18006.09,2026-08-06 08:50:28.153465,Walmart,request,Mumbai,Web,0
3569,user_27,9664.17,2026-07-23 18:05:46.153465,Paytm,send,Bangalore,iOS,0
3570,user_2,27507.92,2026-08-02 22:09:20.153465,Swiggy,send,Delhi,Android,0
3571,user_27,7491.55,2026-08-21 12:09:55.153465,Flipkart,request,Pune,Web,1
3572,user_29,3244.06,2026-07-27 00:56:07.153465,Walmart,send,Pune,Android,0
3573,user_39,2534.33,2026-08-13 23:52:14.153465,Paytm,request,Delhi,Web,0
3574,user_11,642.32,2026-08-07 19:14:08.153465,Paytm,send,Pune,Android,0
3575,user_17,4803.67,2026-08-23 07:52:38.153465,Flipkart,send,Pune,Web,0
3576,user_20,18974.7,2026-08-07 04:27:40.153465,Amazon,refund,Bangalore,Web,0
3577,user_11,619.85,2026-09-07 09:09:26.153465,Flipkart,request,Chennai,Web,1
3578,user_26,1442.45,2026-08-26 09:56:56.153465,Amazon,refund,Bangalore,Android,0
3579,user_48,682.83,2026-07-27 14:58:46.153465,Swiggy,request,Delhi,Web,0
3580,user_25,4507.73,2026-09-10 06:27:23.153465,Paytm,refund,Bangalore,Android,1
3581,user_36,569.91,2026-09-12 05:25:56.153465,Flipkart,refund,Mumbai,Web,0
3582,user_21,861.34,2026-08-02 15:39:00.153465,Paytm,refund,Delhi,iOS,0
3583,user_44,6072.11,2026-09-15 22:13:21.153465,Walmart,send,Delhi,iOS,0
3584,user_45,4960.53,2026-09-13 10:40:42.153465,Paytm,send,Pune,Web,1
3585,user_37,7097.39,2026-08-18 18:48:36.153465,Flipkart,send,Delhi,Android,0
3586,user_30,7704.68,2026-09-15 21:31:35.153465,Flipkart,refund,Pune,Android,0
3587,user_27,18524.94,2026-08-19 15:18:02.153465,Walmart,request,Bangalore,Web,0
3588,user_12,42045.1,2026-08-28 16:47:33.153465,Swiggy,request,Pune,Android,0
3589,user_37,15651.95,2026-08-06 16:30:49.153465,Zomato,send,Delhi,iOS,0
3590,user_16,11668.27,2026-08-10 20:01:13.153465,Amazon,send,Delhi,Android,0
3591,user_38,9305.87,2026-08-18 02:12:57.153465,Flipkart,request,Delhi,Web,0
3592,user_16,4317.76,2026-09-05 04:23:37.153465,Zomato,send,Chennai,iOS,0
3593,user_39,2091.56,2026-09-18 15:30:55.153465,Amazon,request,Bangalore,iOS,0
3594,user_27,41919.66,2026-09-09 22:20:07.153465,Amazon,send,Chennai,iOS,1
3595,user_24,7226.66,2026-08-12 15:45:49.153465,Amazon,request,Pune,iOS,0
3596,user_18,12805.43,2026-08-15 23:02:21.153465,Amazon,send,Pune,Android,0
3597,user_25,3166.27,2026-08-13 09:26:44.153465,Walmart,request,Chennai,iOS,0
3598,user_11,3519.26,2026-07-26 00:48:11.153465,Flipkart,send,Pune,iOS,0
3599,user_16,4287.67,2026-08-27 09:12:18.153465,Walmart,request,Bangalore,iOS,1
3600,user_17,4612.19,2026-07-26 13:10:33.153465,Paytm,refund,Mumbai,Android,0
3601,user_5,57463.08,2026-09-05 17:39:11.153465,Paytm,refund,Delhi,iOS,1
3602,user_33,3858.06,2026-09-08 11:39:20.153465,Paytm,send,Delhi,iOS,0
3603,user_10,1501.73,2026-08-27 08:50:46.153465,Paytm,send,Mumbai,Web,0
3604,user_45,11509.42,2026-09-11 00:57:58.153465,Paytm,request,Chennai,iOS,1
3605,user_20,8332.32,2026-08-01 12:11:21.153465,Flipkart,refund,Mumbai,Android,0
3606,user_6,1918.07,2026-07-31 08:24:54.153465,Amazon,send,Bangalore,iOS,0
3607,user_43,19247.58,2026-08-11 02:26:21.153465,Zomato,refund,Bangalore,iOS,1
3608,user_10,804.34,2026-08-28 20:45:15.153465,Walmart,refund,Pune,Web,0
3609,user_2,45021.64,2026-09-17 15:14:42.153465,Zomato,send,Mumbai,Android,0
3610,user_25,3646.54,2026-08-23 14:31:27.153465,Swiggy,send,Pune,iOS,0
3611,user_32,14128.14,2026-08-29 00:00:34.153465,Zomato,request,Chennai,iOS,1
3612,user_48,3030.86,2026-07-28 20:19:18.153465,Amazon,request,Chennai,iOS,0
3613,user_26,3152.93,2026-08-13 04:59:00.153465,Swiggy,request,Bangalore,Web,0
3614,user_15,13119.29,2026-09-17 04:06:11.153465,Zomato,refund,Chennai,iOS,0
3615,user_34,1432.61,2026-08-04 23:39:47.153465,Walmart,refund,Mumbai,Android,0
3616,user_42,2049.46,2026-08-22 01:33:22.153465,Paytm,send,Chennai,Web,0
3617,user_47,1215.57,2026-08-12 14:33:56.153465,Amazon,refund,Mumbai,Android,0
3618,user_44,50545.3,2026-08-08 10:02:07.153465,Zomato,send,Bangalore,Web,0
3619,user_42,1926.83,2026-09-12 01:11:06.153465,Paytm,request,Mumbai,Web,1
3620,user_42,3533.3,2026-08-02 22:38:13.153465,Swiggy,send,Delhi,Web,0
3621,user_29,2448.64,2026-08-11 17:01:47.153465,Amazon,refund,Pune,Web,0
3622,user_35,8991.84,2026-08-23 20:54:44.153465,Amazon,request,Bangalore,Web,0
3623,user_34,1791.96,2026-08-24 08:11:04.153465,Flipkart,refund,Delhi,Android,0
3624,user_28,1768.88,2026-07-28 21:08:17.153465,Walmart,request,Chennai,Web,0
3625,user_16,1575.94,2026-07-31 11:06:17.153465,Flipkart,send,Mumbai,Android,0
3626,user_23,82396.12,2026-07-27 07:15:01.153465,Walmart,send,Chennai,Web,1
3627,user_17,3362.54,2026-09-19 07:21:30.153465,Swiggy,refund,Mumbai,iOS,0
3628,user_24,16548.59,2026-09-04 03:28:52.153465,Flipkart,send,Pune,Android,0
3629,user_39,30967.48,2026-08-18 20:53:01.153465,Walmart,refund,Bangalore,Web,1
3630,user_17,3956.8,2026-07-30 16:20:01.153465,Swiggy,refund,Delhi,Web,0
3631,user_47,4489.31,2026-09-08 23:52:09.153465,Paytm,refund,Mumbai,Android,0
3632,user_19,11079.4,2026-09-16 19:15:57.153465,Zomato,refund,Mumbai,Android,1
3633,user_26,4176.26,2026-09-18 11:45:30.153465,Flipkart,send,Pune,Android,0
3634,user_44,12240.14,2026-07-26 05:00:37.153465,Swiggy,send,Delhi,Android,0
3635,user_22,5796.49,2026-09-02 16:35:57.153465,Flipkart,send,Delhi,Android,0
3636,user_38,6466.24,2026-07-28 04:06:08.153465,Swiggy,request,Chennai,Web,1
3637,user_1,4786.45,2026-09-03 04:56:34.153465,Paytm,refund,Chennai,Web,0
3638,user_1,2510.97,2026-08-21 22:24:14.153465,Amazon,refund,Mumbai,Web,0
3639,user_41,4280.49,2026-08-09 15:54:01.153465,Flipkart,request,Mumbai,Web,0
3640,user_9,4686.94,2026-07-30 22:41:03.153465,Flipkart,request,Mumbai,Web,0
3641,user_17,4457.12,2026-09-12 05:58:55.153465,Walmart,request,Pune,Web,1
3642,user_46,9319.82,2026-08-12 20:24:01.153465,Zomato,request,Chennai,iOS,1
3643,user_10,841.13,2026-09-03 23:32:43.153465,Swiggy,refund,Bangalore,iOS,0
3644,user_36,2796.14,2026-08-04 11:32:43.153465,Amazon,refund,Chennai,iOS,0
3645,user_5,10264.6,2026-09-04 16:23:28.153465,Amazon,refund,Bangalore,Web,0
3646,user_48,1449.44,2026-08-05 23:35:37.153465,Flipkart,request,Delhi,Android,0
3647,user_21,4869.8,2026-08-25 14:44:15.153465,Amazon,refund,Delhi,iOS,1
3648,user_23,15059.19,2026-07-24 21:29:29.153465,Amazon,request,Bangalore,Web,0
3649,user_17,3508.26,2026-08-27 04:36:52.153465,Walmart,send,Delhi,Android,0
3650,user_17,3216.61,2026-08-27 22:26:03.153465,Flipkart,refund,Bangalore,iOS,0
3651,user_47,863.77,2026-09-08 00:32:24.153465,Zomato,send,Mumbai,Android,0
3652,user_30,18997.76,2026-07-28 13:49:45.153465,Zomato,refund,Delhi,Web,0
3653,user_28,1044.19,2026-07-28 14:02:46.153465,Flipkart,send,Mumbai,iOS,0
3654,user_31,3895.7,2026-08-21 16:02:30.153465,Zomato,request,Delhi,Android,0
3655,user_24,5970.64,2026-09-06 18:15:38.153465,Flipkart,refund,Mumbai,Android,0
3656,user_40,8238.62,2026-09-07 02:28:20.153465,Amazon,send,Chennai,Web,0
3657,user_26,1085.9,2026-08-29 05:32:40.153465,Paytm,request,Mumbai,iOS,0
3658,user_4,3244.33,2026-07-30 01:40:45.153465,Paytm,send,Mumbai,iOS,0
3659,user_41,307.4,2026-09-10 23:58:45.153465,Amazon,request,Chennai,Android,0
3660,user_8,3329.63,2026-09-11 20:49:04.153465,Paytm,refund,Mumbai,Android,0
3661,user_23,14184.43,2026-08-26 23:06:40.153465,Amazon,request,Delhi,Web,0
3662,user_42,1043.45,2026-08-28 14:58:37.153465,Swiggy,request,Bangalore,iOS,0
3663,user_38,11727.46,2026-09-09 13:44:38.153465,Zomato,send,Delhi,Android,0
3664,user_50,4403.53,2026-08-28 02:11:55.153465,Amazon,refund,Delhi,iOS,0
3665,user_5,18508.16,2026-08-13 13:38:18.153465,Zomato,send,Mumbai,Web,0
3666,user_17,1726.4,2026-07-27 14:30:05.153465,Amazon,request,Delhi,iOS,0
3667,user_45,2645.36,2026-09-10 02:03:22.153465,Paytm,request,Pune,Android,0
3668,user_19,1095.11,2026-07-21 15:57:43.153465,Walmart,request,Bangalore,iOS,0
3669,user_38,41506.3,2026-09-09 16:45:26.153465,Swiggy,refund,Chennai,Android,1
3670,user_32,3380.19,2026-08-22 14:47:45.153465,Walmart,refund,Delhi,Web,0
3671,user_3,39224.69,2026-08-25 00:27:29.153465,Walmart,refund,Bangalore,iOS,0
3672,user_46,2939.57,2026-08-15 14:09:25.153465,Zomato,send,Delhi,Web,0
3673,user_35,9432.06,2026-08-07 19:18:15.153465,Walmart,send,Bangalore,iOS,0
3674,user_20,19705.87,2026-09-01 22:19:01.153465,Swiggy,refund,Chennai,iOS,0
3675,user_5,10344.81,2026-09-05 18:38:40.153465,Flipkart,send,Chennai,iOS,0
3676,user_48,715.43,2026-08-21 14:37:04.153465,Swiggy,send,Delhi,iOS,0
3677,user_3,300000.0,2026-08-19 01:10:52.153465,Walmart,send,Mumbai,Web,1
3678,user_12,17841.35,2026-08-11 19:50:52.153465,Paytm,send,Delhi,Web,0
3679,user_8,1594.02,2026-09-12 11:26:20.153465,Amazon,send,Pune,Web,0
3680,user_33,1086.7,2026-07-26 16:20:03.153465,Zomato,send,Delhi,iOS,0
3681,user_16,2690.98,2026-08-02 06:43:24.153465,Zomato,request,Bangalore,Android,0
3682,user_6,4568.06,2026-08-09 20:45:56.153465,Amazon,request,Delhi,Web,0
3683,user_46,3031.26,2026-08-28 17:17:10.153465,Swiggy,send,Chennai,Android,0
3684,user_33,3142.47,2026-08-08 09:48:54.153465,Amazon,request,Delhi,Web,0
3685,user_25,1164.2,2026-09-10 11:28:11.153465,Flipkart,send,Mumbai,Web,0
3686,user_31,4669.19,2026-08-07 19:56:53.153465,Flipkart,request,Pune,Android,0
3687,user_43,15045.98,2026-07-30 14:17:24.153465,Amazon,request,Mumbai,Web,1
3688,user_6,9655.44,2026-08-29 15:03:05.153465,Paytm,request,Chennai,iOS,1
3689,user_31,4249.4,2026-08-14 05:04:02.153465,Flipkart,refund,Delhi,iOS,0
3690,user_31,1020.15,2026-08-22 17:29:09.153465,Amazon,request,Delhi,iOS,0
3691,user_10,2842.25,2026-09-04 13:42:33.153465,Paytm,request,Chennai,Web,0
3692,user_26,4983.13,2026-09-17 10:44:47.153465,Swiggy,send,Mumbai,Web,1
3693,user_48,4962.32,2026-09-18 05:00:20.153465,Flipkart,request,Delhi,Android,0
3694,user_36,2828.25,2026-08-20 18:47:36.153465,Walmart,request,Delhi,iOS,0
3695,user_48,1687.27,2026-07-27 07:26:48.153465,Paytm,send,Mumbai,Web,1
3696,user_37,6956.34,2026-09-02 22:07:12.153465,Walmart,send,Chennai,Web,1
3697,user_39,3753.82,2026-08-22 01:25:55.153465,Amazon,send,Delhi,Android,1
3698,user_8,1057.81,2026-08-18 08:03:47.153465,Swiggy,send,Delhi,Android,0
3699,user_11,12470.8,2026-08-18 19:04:22.153465,Flipkart,refund,Bangalore,Android,1
3700,user_36,3186.13,2026-09-07 08:57:24.153465,Swiggy,refund,Chennai,iOS,0
3701,user_46,751.93,2026-09-06 07:20:46.153465,Walmart,send,Mumbai,Web,1
3702,user_46,1942.5,2026-08-27 15:16:26.153465,Walmart,refund,Bangalore,Android,0
3703,user_33,2679.24,2026-08-07 12:55:28.153465,Swiggy,send,Bangalore,iOS,0
3704,user_35,14151.24,2026-08-24 04:41:45.153465,Walmart,refund,Chennai,Android,0
3705,user_48,3854.19,2026-08-16 11:53:04.153465,Paytm,refund,Chennai,iOS,0
3706,user_13,18122.67,2026-08-05 00:34:35.153465,Paytm,refund,Chennai,iOS,0
3707,user_15,46164.28,2026-08-18 20:19:15.153465,Zomato,request,Chennai,Web,1
3708,user_18,1995.23,2026-09-07 05:08:06.153465,Flipkart,request,Chennai,iOS,0
3709,user_6,3374.85,2026-09-04 07:08:13.153465,Amazon,refund,Delhi,iOS,0
3710,user_14,15342.18,2026-09-11 23:14:17.153465,Amazon,send,Chennai,iOS,0
3711,user_38,6509.5,2026-08-10 02:34:06.153465,Amazon,refund,Chennai,iOS,0
3712,user_6,3747.71,2026-08-07 12:38:24.153465,Flipkart,request,Delhi,Web,0
3713,user_39,3081.65,2026-09-05 08:09:39.153465,Flipkart,request,Mumbai,Android,0
3714,user_23,19278.93,2026-08-23 05:47:47.153465,Amazon,refund,Pune,Android,0
3715,user_35,6399.15,2026-07-28 17:41:34.153465,Amazon,send,Chennai,Android,0
3716,user_17,4651.14,2026-08-28 14:23:52.153465,Flipkart,send,Mumbai,Web,1
3717,user_33,3579.17,2026-08-25 03:13:10.153465,Amazon,refund,Delhi,Android,0
3718,user_18,242.11,2026-08-27 01:35:35.153465,Walmart,send,Mumbai,Web,0
3719,user_15,19224.75,2026-08-21 02:18:43.153465,Amazon,request,Chennai,Web,0
3720,user_16,3347.58,2026-08-31 12:22:35.153465,Swiggy,request,Pune,iOS,0
3721,user_41,1065.21,2026-07-24 17:05:14.153465,Amazon,request,Delhi,Web,0
3722,user_24,10996.96,2026-08-05 14:48:29.153465,Paytm,request,Delhi,iOS,0
3723,user_27,39775.35,2026-08-28 01:27:39.153465,Flipkart,request,Chennai,Android,0
3724,user_36,4791.75,2026-09-06 16:36:33.153465,Paytm,request,Pune,Web,1
3725,user_31,3838.63,2026-09-03 19:26:44.153465,Amazon,refund,Mumbai,Web,0
3726,user_26,1841.46,2026-08-22 03:53:43.153465,Amazon,refund,Chennai,Web,0
3727,user_33,1088.31,2026-09-03 15:37:45.153465,Flipkart,refund,Pune,iOS,1
3728,user_19,2289.91,2026-09-07 02:51:29.153465,Paytm,send,Chennai,Android,0
3729,user_50,264.49,2026-07-24 16:53:00.153465,Zomato,refund,Pune,Web,0
3730,user_23,19146.75,2026-08-28 01:03:08.153465,Amazon,send,Bangalore,Android,0
3731,user_13,18968.12,2026-08-12 15:16:40.153465,Paytm,refund,Mumbai,Web,0
3732,user_19,3708.9,2026-09-10 10:11:19.153465,Walmart,refund,Bangalore,iOS,0
3733,user_30,56143.87,2026-08-08 11:14:08.153465,Zomato,send,Delhi,Android,1
3734,user_42,1359.75,2026-09-07 10:17:13.153465,Zomato,request,Mumbai,Android,0
3735,user_41,1672.67,2026-09-05 14:03:51.153465,Paytm,refund,Delhi,Web,1
3736,user_31,4022.77,2026-09-07 20:18:34.153465,Swiggy,request,Pune,Android,0
3737,user_27,12603.54,2026-09-06 23:19:36.153465,Flipkart,refund,Bangalore,Android,0
3738,user_18,3221.06,2026-08-31 21:03:13.153465,Walmart,refund,Bangalore,iOS,0
3739,user_21,2548.08,2026-08-25 15:18:19.153465,Walmart,request,Chennai,Android,0
3740,user_12,58198.82,2026-08-03 09:31:38.153465,Walmart,refund,Chennai,iOS,0
3741,user_18,1506.98,2026-08-07 19:07:29.153465,Flipkart,refund,Pune,Web,0
3742,user_25,942.97,2026-09-12 17:00:24.153465,Amazon,send,Delhi,Web,0
3743,user_14,18651.62,2026-09-04 19:18:06.153465,Zomato,send,Chennai,Web,0
3744,user_11,2336.17,2026-07-22 12:05:19.153465,Walmart,send,Chennai,Web,0
3745,user_32,1158.35,2026-07-22 07:21:20.153465,Flipkart,refund,Pune,iOS,0
3746,user_30,7683.4,2026-08-17 04:26:38.153465,Amazon,refund,Mumbai,iOS,0
3747,user_11,2570.1,2026-08-29 14:48:21.153465,Paytm,send,Bangalore,iOS,0
3748,user_28,2198.85,2026-08-14 17:37:05.153465,Flipkart,refund,Pune,Web,0
3749,user_6,313.54,2026-08-29 22:22:01.153465,Walmart,request,Bangalore,iOS,0
3750,user_15,94212.34,2026-07-27 11:48:06.153465,Zomato,refund,Chennai,iOS,1
3751,user_2,38555.11,2026-08-30 22:57:12.153465,Flipkart,send,Bangalore,Web,0
3752,user_27,19217.72,2026-08-26 12:54:51.153465,Paytm,refund,Delhi,Android,0
3753,user_43,40588.75,2026-08-18 10:09:34.153465,Zomato,send,Chennai,iOS,1
3754,user_20,11520.17,2026-08-28 15:57:12.153465,Walmart,send,Mumbai,Android,0
3755,user_49,16538.67,2026-08-12 14:13:52.153465,Zomato,request,Bangalore,iOS,0
3756,user_47,3572.74,2026-08-19 16:17:49.153465,Walmart,request,Delhi,Android,0
3757,user_47,1381.43,2026-07-26 00:47:38.153465,Flipkart,send,Bangalore,Android,0
3758,user_49,12037.96,2026-07-28 04:58:52.153465,Amazon,request,Pune,Android,0
3759,user_3,56320.12,2026-08-09 12:59:01.153465,Amazon,request,Pune,iOS,0
3760,user_1,3625.23,2026-07-30 15:10:34.153465,Paytm,refund,Delhi,Android,0
3761,user_25,3372.88,2026-08-02 06:05:24.153465,Walmart,refund,Mumbai,Web,0
3762,user_24,15749.16,2026-07-30 12:15:37.153465,Paytm,request,Bangalore,Android,0
3763,user_13,11287.37,2026-09-15 22:43:14.153465,Amazon,refund,Mumbai,Web,0
3764,user_11,518.51,2026-08-25 00:35:17.153465,Flipkart,send,Mumbai,Web,0
3765,user_32,3056.49,2026-09-16 01:52:13.153465,Paytm,request,Mumbai,Web,0
3766,user_28,10764.46,2026-09-19 08:37:31.153465,Walmart,send,Delhi,Android,0
3767,user_43,19874.19,2026-08-02 15:16:26.153465,Amazon,refund,Delhi,Android,0
3768,user_10,211.46,2026-08-12 16:52:03.153465,Zomato,request,Bangalore,Web,0
3769,user_20,7136.93,2026-07-28 12:34:12.153465,Walmart,send,Pune,Web,0
3770,user_39,1645.86,2026-08-12 14:41:51.153465,Paytm,send,Chennai,Web,1
3771,user_2,19574.35,2026-08-14 08:23:45.153465,Walmart,send,Mumbai,iOS,0
3772,user_34,12054.48,2026-09-18 09:53:12.153465,Swiggy,refund,Chennai,iOS,0
3773,user_5,9582.91,2026-09-11 13:42:58.153465,Walmart,request,Mumbai,iOS,0
3774,user_22,16890.2,2026-09-10 19:33:08.153465,Paytm,send,Mumbai,Web,0
3775,user_50,3511.22,2026-08-06 06:26:59.153465,Flipkart,refund,Chennai,iOS,0
3776,user_25,4438.65,2026-08-19 10:26:33.153465,Flipkart,send,Delhi,iOS,0
3777,user_32,2230.04,2026-08-15 23:19:07.153465,Zomato,send,Bangalore,Android,0
3778,user_12,32546.93,2026-08-23 14:27:42.153465,Swiggy,send,Bangalore,iOS,0
3779,user_25,8084.9,2026-08-17 21:13:25.153465,Flipkart,request,Mumbai,Android,0
3780,user_40,5844.84,2026-09-12 17:41:43.153465,Amazon,request,Pune,iOS,0
3781,user_1,465.05,2026-09-10 12:01:45.153465,Zomato,refund,Bangalore,Android,0
3782,user_33,3821.75,2026-08-28 21:36:25.153465,Amazon,send,Chennai,Android,0
3783,user_25,9553.83,2026-09-11 07:25:20.153465,Amazon,request,Delhi,iOS,1
3784,user_8,4236.33,2026-08-28 08:48:46.153465,Swiggy,send,Chennai,Web,1
3785,user_16,592.31,2026-07-28 17:57:26.153465,Zomato,send,Chennai,iOS,0
3786,user_39,1280.89,2026-09-05 12:56:36.153465,Zomato,send,Bangalore,Web,0
3787,user_24,11422.09,2026-09-17 23:31:20.153465,Walmart,refund,Bangalore,Android,0
3788,user_37,11266.18,2026-08-11 20:15:34.153465,Flipkart,refund,Pune,Android,0
3789,user_48,4451.37,2026-08-10 19:40:50.153465,Flipkart,refund,Delhi,Web,0
3790,user_42,2600.31,2026-09-02 20:13:09.153465,Walmart,refund,Chennai,Android,0
3791,user_41,4905.42,2026-07-24 08:55:14.153465,Swiggy,request,Delhi,Web,0
3792,user_10,3307.78,2026-09-16 05:16:37.153465,Swiggy,request,Bangalore,Web,0
3793,user_21,34624.95,2026-08-20 02:43:19.153465,Flipkart,request,Chennai,iOS,1
3794,user_7,29843.11,2026-08-01 15:50:44.153465,Paytm,send,Pune,Android,0
3795,user_21,1841.97,2026-08-28 11:50:58.153465,Swiggy,refund,Chennai,Android,0
3796,user_25,1138.95,2026-07-25 07:25:59.153465,Flipkart,refund,Pune,iOS,0
3797,user_10,8407.97,2026-07-25 06:09:03.153465,Walmart,send,Chennai,Android,1
3798,user_34,3480.06,2026-08-20 08:47:17.153465,Walmart,send,Bangalore,Web,0
3799,user_35,53840.55,2026-08-31 22:31:41.153465,Walmart,request,Pune,Android,1
3800,user_6,3626.21,2026-08-09 12:14:17.153465,Swiggy,request,Chennai,iOS,0
3801,user_47,4432.89,2026-08-31 00:57:29.153465,Flipkart,refund,Delhi,iOS,1
3802,user_23,19668.6,2026-08-02 22:27:48.153465,Swiggy,request,Mumbai,Web,0
3803,user_14,9510.39,2026-08-31 21:55:50.153465,Paytm,refund,Pune,iOS,0
3804,user_1,284.8,2026-07-23 16:43:33.153465,Swiggy,request,Pune,Android,1
3805,user_40,14008.84,2026-08-07 09:58:19.153465,Amazon,request,Mumbai,iOS,0
3806,user_24,12342.2,2026-08-09 00:13:20.153465,Flipkart,send,Mumbai,Web,1
3807,user_1,2316.04,2026-08-02 17:58:01.153465,Flipkart,send,Pune,Web,0
3808,user_48,4003.71,2026-09-11 16:24:39.153465,Paytm,refund,Bangalore,iOS,0
3809,user_33,4778.94,2026-09-15 19:32:06.153465,Zomato,refund,Mumbai,Web,1
3810,user_8,4159.99,2026-07-22 04:57:43.153465,Amazon,refund,Chennai,Web,0
3811,user_13,10631.25,2026-09-02 01:29:37.153465,Walmart,refund,Chennai,Android,0
3812,user_29,4101.61,2026-08-24 12:20:09.153465,Zomato,send,Delhi,iOS,0
3813,user_16,2188.2,2026-09-12 22:01:13.153465,Walmart,refund,Mumbai,Android,0
3814,user_2,25044.76,2026-08-17 09:13:43.153465,Swiggy,request,Delhi,iOS,0
3815,user_44,18623.5,2026-08-14 13:14:55.153465,Amazon,send,Bangalore,Web,0
3816,user_49,5661.34,2026-08-10 10:54:22.153465,Zomato,request,Mumbai,iOS,0
3817,user_7,36835.68,2026-08-04 11:33:03.153465,Zomato,request,Chennai,Web,0
3818,user_22,15388.89,2026-09-09 16:17:44.153465,Swiggy,request,Delhi,Android,0
3819,user_31,34531.78,2026-09-02 23:22:44.153465,Zomato,send,Pune,Web,1
3820,user_3,23490.77,2026-09-01 11:04:20.153465,Walmart,refund,Delhi,Android,0
3821,user_9,2122.92,2026-08-12 17:02:03.153465,Paytm,refund,Delhi,Android,0
3822,user_41,3860.98,2026-09-14 01:31:03.153465,Paytm,request,Pune,Web,0
3823,user_21,3652.7,2026-08-26 19:18:12.153465,Swiggy,send,Chennai,Web,0
3824,user_16,3522.09,2026-07-29 02:18:43.153465,Walmart,send,Bangalore,Android,0
3825,user_9,999.98,2026-09-07 07:18:41.153465,Swiggy,refund,Chennai,Web,0
3826,user_35,15434.57,2026-08-06 09:47:31.153465,Flipkart,send,Mumbai,Android,0
3827,user_37,8682.5,2026-09-09 21:38:58.153465,Swiggy,refund,Mumbai,Android,0
3828,user_47,2127.98,2026-09-19 07:42:36.153465,Amazon,request,Mumbai,iOS,0
3829,user_2,38898.42,2026-09-11 15:09:08.153465,Walmart,send,Delhi,Android,0
3830,user_38,11574.86,2026-08-08 04:08:10.153465,Paytm,refund,Mumbai,Android,0
3831,user_25,1582.44,2026-09-10 23:37:05.153465,Amazon,refund,Chennai,iOS,0
3832,user_48,22044.4,2026-07-30 20:57:12.153465,Walmart,send,Bangalore,iOS,1
3833,user_34,2521.7,2026-08-21 02:09:39.153465,Flipkart,refund,Pune,Android,1
3834,user_38,13442.8,2026-07-25 19:07:09.153465,Walmart,request,Delhi,Web,1
3835,user_39,8106.56,2026-07-27 17:36:20.153465,Zomato,send,Pune,Android,1
3836,user_43,13607.49,2026-07-31 23:32:46.153465,Amazon,refund,Pune,Android,0
3837,user_48,4433.67,2026-08-25 13:34:16.153465,Walmart,send,Chennai,iOS,0
3838,user_40,13317.8,2026-09-09 22:39:37.153465,Flipkart,send,Pune,iOS,0
3839,user_24,12252.87,2026-09-15 07:38:16.153465,Swiggy,request,Chennai,Android,0
3840,user_3,129552.32,2026-08-08 01:48:11.153465,Walmart,send,Chennai,Web,1
3841,user_1,3845.81,2026-07-23 05:51:45.153465,Flipkart,send,Mumbai,Web,0
3842,user_30,5690.96,2026-08-31 21:45:29.153465,Zomato,refund,Mumbai,iOS,0
3843,user_15,15369.12,2026-08-10 11:52:34.153465,Amazon,send,Delhi,Android,0
3844,user_45,3442.74,2026-09-09 20:17:23.153465,Paytm,send,Pune,Web,0
3845,user_16,2168.02,2026-08-17 21:56:23.153465,Walmart,request,Bangalore,iOS,0
3846,user_27,9745.1,2026-08-20 22:10:45.153465,Amazon,request,Pune,iOS,1
3847,user_3,50573.73,2026-07-22 14:42:58.153465,Flipkart,refund,Bangalore,Web,0
3848,user_23,31043.14,2026-08-08 00:59:42.153465,Walmart,send,Mumbai,iOS,1
3849,user_21,4487.81,2026-08-07 19:19:31.153465,Swiggy,send,Mumbai,Android,0
3850,user_5,18542.61,2026-08-20 18:21:08.153465,Zomato,send,Bangalore,Android,0
3851,user_8,4481.29,2026-07-31 09:44:31.153465,Zomato,send,Bangalore,Web,1
3852,user_6,11431.73,2026-08-23 17:46:36.153465,Walmart,refund,Bangalore,Android,1
3853,user_32,1659.19,2026-09-15 09:47:26.153465,Walmart,send,Bangalore,iOS,0
3854,user_38,12057.1,2026-08-10 07:35:40.153465,Flipkart,send,Delhi,Android,0
3855,user_7,37404.27,2026-08-31 08:05:58.153465,Flipkart,refund,Chennai,Web,0
3856,user_2,27177.28,2026-07-31 00:34:37.153465,Walmart,send,Delhi,Android,0
3857,user_25,1298.8,2026-09-14 19:56:32.153465,Amazon,send,Mumbai,iOS,0
3858,user_16,370.51,2026-09-16 04:38:22.153465,Zomato,send,Delhi,iOS,0
3859,user_19,4221.86,2026-09-02 08:21:53.153465,Swiggy,request,Mumbai,Web,0
3860,user_29,3859.03,2026-09-02 12:52:00.153465,Paytm,send,Delhi,Web,0
3861,user_2,17014.98,2026-09-16 02:30:48.153465,Paytm,request,Pune,Web,0
3862,user_49,14979.75,2026-08-04 09:00:13.153465,Amazon,send,Bangalore,Android,0
3863,user_41,4417.39,2026-07-23 05:00:38.153465,Amazon,refund,Mumbai,Web,0
3864,user_38,16393.54,2026-09-04 21:33:00.153465,Paytm,refund,Delhi,Android,0
3865,user_41,1912.23,2026-08-22 17:43:09.153465,Zomato,request,Mumbai,iOS,0
3866,user_44,19922.72,2026-07-26 00:20:14.153465,Swiggy,send,Delhi,Web,0
3867,user_12,49763.58,2026-08-13 16:59:40.153465,Walmart,request,Chennai,Web,1
3868,user_21,1334.07,2026-07-24 11:31:14.153465,Amazon,send,Chennai,Web,0
3869,user_41,1948.17,2026-08-09 11:23:32.153465,Swiggy,send,Bangalore,Web,0
3870,user_1,3198.65,2026-09-01 22:59:35.153465,Flipkart,request,Bangalore,Web,1
3871,user_30,10557.37,2026-09-03 05:30:53.153465,Swiggy,send,Pune,Android,0
3872,user_33,2853.62,2026-07-31 12:31:13.153465,Flipkart,request,Delhi,Android,0
3873,user_36,3942.51,2026-08-14 13:14:35.153465,Walmart,request,Chennai,Android,0
3874,user_15,8316.47,2026-09-08 14:04:47.153465,Walmart,refund,Delhi,Android,0
3875,user_39,841.86,2026-08-18 17:30:17.153465,Amazon,request,Bangalore,iOS,0
3876,user_4,2772.59,2026-08-11 16:45:16.153465,Walmart,request,Delhi,Web,0
3877,user_7,48672.91,2026-08-31 10:25:54.153465,Flipkart,send,Delhi,iOS,0
3878,user_25,3433.26,2026-09-13 14:33:58.153465,Flipkart,send,Bangalore,Android,0
3879,user_25,4351.99,2026-07-24 02:39:54.153465,Paytm,send,Mumbai,Web,0
3880,user_35,19087.85,2026-08-03 17:32:00.153465,Walmart,refund,Delhi,Android,0
3881,user_22,17736.98,2026-07-30 10:20:08.153465,Amazon,refund,Pune,iOS,0
3882,user_45,1134.72,2026-07-25 03:00:42.153465,Zomato,request,Chennai,Android,0
3883,user_38,11084.84,2026-08-13 16:49:45.153465,Zomato,request,Pune,Web,0
3884,user_42,3450.73,2026-08-23 07:30:11.153465,Paytm,send,Mumbai,Web,0
3885,user_14,12349.06,2026-07-27 20:33:51.153465,Zomato,send,Bangalore,Android,0
3886,user_39,1638.04,2026-08-31 04:24:00.153465,Paytm,request,Chennai,Web,0
3887,user_14,8004.98,2026-08-23 09:24:43.153465,Swiggy,send,Mumbai,Android,0
3888,user_28,4093.03,2026-09-10 23:59:15.153465,Walmart,send,Bangalore,Web,0
3889,user_24,18550.72,2026-08-08 12:00:25.153465,Walmart,send,Mumbai,iOS,0
3890,user_22,12951.57,2026-09-07 12:15:19.153465,Paytm,request,Bangalore,iOS,0
3891,user_22,7014.9,2026-08-18 20:55:30.153465,Flipkart,refund,Pune,Web,1
3892,user_17,3756.42,2026-08-27 12:24:44.153465,Zomato,refund,Chennai,Web,0
3893,user_8,230.47,2026-08-14 02:56:59.153465,Swiggy,refund,Chennai,Android,0
3894,user_15,12335.05,2026-08-09 11:12:09.153465,Swiggy,request,Delhi,Web,0
3895,user_16,4058.98,2026-09-02 04:31:30.153465,Paytm,request,Bangalore,Web,0
3896,user_49,6417.27,2026-08-27 12:15:33.153465,Flipkart,send,Delhi,iOS,0
3897,user_31,14214.5,2026-09-10 21:44:23.153465,Amazon,request,Bangalore,Android,1
3898,user_25,2865.05,2026-08-09 12:46:19.153465,Flipkart,request,Delhi,Android,0
3899,user_49,19301.58,2026-09-13 11:04:36.153465,Walmart,request,Mumbai,Android,0
3900,user_48,958.51,2026-07-31 07:03:29.153465,Walmart,request,Delhi,iOS,0
3901,user_50,3943.04,2026-09-13 00:56:33.153465,Swiggy,request,Pune,Web,0
3902,user_4,3933.28,2026-08-15 02:37:31.153465,Walmart,send,Bangalore,Web,0
3903,user_24,11804.05,2026-09-03 22:25:21.153465,Swiggy,refund,Chennai,Android,0
3904,user_19,4600.67,2026-08-13 09:06:21.153465,Amazon,refund,Pune,iOS,1
3905,user_41,3845.27,2026-08-26 08:06:31.153465,Swiggy,request,Chennai,Web,0
3906,user_21,3328.31,2026-08-05 18:26:02.153465,Walmart,request,Pune,Web,0
3907,user_43,6348.15,2026-09-06 17:01:20.153465,Swiggy,refund,Mumbai,iOS,0
3908,user_30,11934.61,2026-08-11 14:04:14.153465,Paytm,request,Mumbai,iOS,0
3909,user_7,30742.65,2026-08-05 07:28:51.153465,Flipkart,request,Delhi,iOS,0
3910,user_29,3653.81,2026-07-30 09:37:34.153465,Flipkart,refund,Chennai,Android,0
3911,user_4,818.84,2026-08-22 05:38:46.153465,Amazon,refund,Chennai,iOS,0
3912,user_23,50262.52,2026-09-17 05:03:01.153465,Paytm,send,Delhi,Web,1
3913,user_9,2698.32,2026-08-23 16:06:35.153465,Amazon,send,Chennai,Android,0
3914,user_21,3643.61,2026-09-14 18:39:21.153465,Amazon,refund,Bangalore,iOS,0
3915,user_24,9367.41,2026-08-18 19:16:52.153465,Paytm,refund,Delhi,iOS,0
3916,user_45,3231.83,2026-09-11 21:45:39.153465,Swiggy,send,Mumbai,iOS,0
3917,user_21,388.59,2026-08-18 04:56:02.153465,Paytm,send,Mumbai,iOS,0
3918,user_14,130511.14,2026-09-07 06:14:43.153465,Swiggy,refund,Pune,Web,1
3919,user_48,251.24,2026-07-24 19:30:59.153465,Swiggy,request,Bangalore,Web,0
3920,user_49,19546.52,2026-08-04 22:05:43.153465,Walmart,request,Bangalore,Web,0
3921,user_20,14263.78,2026-08-02 17:38:35.153465,Zomato,send,Delhi,iOS,0
3922,user_24,6271.62,2026-08-03 11:36:14.153465,Paytm,request,Mumbai,Android,0
3923,user_41,4346.51,2026-07-29 00:22:18.153465,Paytm,request,Pune,iOS,1
3924,user_20,7789.45,2026-07-25 15:55:28.153465,Zomato,refund,Bangalore,iOS,0
3925,user_33,2256.9,2026-08-10 02:21:24.153465,Flipkart,send,Delhi,iOS,0
3926,user_39,1557.09,2026-09-05 09:35:32.153465,Amazon,refund,Bangalore,Web,0
3927,user_10,7956.69,2026-07-30 11:14:53.153465,Walmart,refund,Delhi,iOS,1
3928,user_34,586.11,2026-08-12 04:04:07.153465,Walmart,send,Pune,Web,1
3929,user_8,4875.59,2026-08-09 05:19:00.153465,Paytm,send,Delhi,Web,1
3930,user_34,2334.43,2026-08-23 19:07:42.153465,Swiggy,send,Delhi,Web,0
3931,user_14,5088.78,2026-07-30 23:48:20.153465,Walmart,refund,Chennai,Android,0
3932,user_16,2402.43,2026-09-12 03:07:19.153465,Amazon,send,Mumbai,Web,0
3933,user_7,58216.94,2026-08-29 19:31:49.153465,Zomato,send,Chennai,iOS,0
3934,user_11,2485.83,2026-09-06 19:22:43.153465,Amazon,send,Pune,iOS,0
3935,user_22,9319.54,2026-07-25 12:34:54.153465,Amazon,request,Delhi,Web,0
3936,user_6,4145.13,2026-08-07 08:06:16.153465,Walmart,send,Bangalore,Android,0
3937,user_40,11587.21,2026-07-27 19:43:20.153465,Swiggy,refund,Pune,Web,0
3938,user_36,1476.95,2026-08-08 22:02:44.153465,Paytm,send,Pune,Web,0
3939,user_25,3067.24,2026-08-01 12:54:56.153465,Swiggy,refund,Pune,Web,0
3940,user_17,2392.68,2026-08-14 11:55:06.153465,Paytm,send,Pune,Web,0
3941,user_20,14675.18,2026-08-16 14:05:46.153465,Walmart,refund,Delhi,Web,0
3942,user_22,5575.16,2026-09-04 10:08:37.153465,Flipkart,send,Chennai,Web,0
3943,user_45,2195.12,2026-08-31 08:02:04.153465,Walmart,send,Bangalore,iOS,0
3944,user_50,4583.51,2026-09-01 12:16:07.153465,Zomato,refund,Chennai,Android,1
3945,user_41,813.07,2026-08-29 11:10:07.153465,Flipkart,refund,Bangalore,iOS,0
3946,user_43,9808.71,2026-08-25 14:30:51.153465,Paytm,request,Chennai,iOS,0
3947,user_36,4388.59,2026-08-27 15:28:02.153465,Flipkart,request,Delhi,Android,0
3948,user_3,34194.68,2026-08-28 06:04:30.153465,Zomato,request,Pune,iOS,0
3949,user_30,15727.72,2026-09-02 07:26:17.153465,Swiggy,refund,Pune,Web,0
3950,user_46,10020.06,2026-09-14 19:34:33.153465,Paytm,request,Chennai,iOS,1
3951,user_4,4243.29,2026-09-01 10:08:59.153465,Paytm,refund,Mumbai,iOS,0
3952,user_10,3223.73,2026-08-29 17:11:47.153465,Paytm,refund,Chennai,Android,0
3953,user_11,1876.74,2026-08-14 08:49:39.153465,Swiggy,refund,Mumbai,Android,0
3954,user_5,55661.84,2026-07-28 20:17:54.153465,Zomato,send,Mumbai,iOS,1
3955,user_47,3866.97,2026-09-02 14:37:43.153465,Walmart,request,Pune,iOS,1
3956,user_12,175192.26,2026-08-17 00:48:04.153465,Walmart,refund,Chennai,Web,1
3957,user_21,3046.11,2026-08-05 02:44:17.153465,Flipkart,send,Delhi,iOS,0
3958,user_32,843.71,2026-07-29 05:15:00.153465,Amazon,request,Mumbai,Web,0
3959,user_30,19931.91,2026-09-03 23:08:22.153465,Swiggy,send,Chennai,iOS,0
3960,user_49,9945.78,2026-07-22 20:42:31.153465,Paytm,refund,Mumbai,iOS,0
3961,user_45,4978.94,2026-08-02 18:13:13.153465,Amazon,request,Delhi,Web,1
3962,user_26,1041.22,2026-08-07 04:07:36.153465,Flipkart,request,Delhi,iOS,0
3963,user_27,11454.82,2026-08-13 10:11:02.153465,Swiggy,send,Delhi,iOS,0
3964,user_39,7636.52,2026-08-31 03:35:46.153465,Flipkart,send,Pune,Android,0
3965,user_16,2044.16,2026-07-27 01:55:03.153465,Swiggy,refund,Pune,Android,0
3966,user_32,2339.82,2026-07-29 08:39:28.153465,Paytm,request,Chennai,iOS,0
3967,user_38,12222.04,2026-08-05 04:57:49.153465,Flipkart,send,Chennai,Web,0
3968,user_50,20540.91,2026-07-26 15:16:44.153465,Flipkart,refund,Mumbai,iOS,1
3969,user_21,4026.73,2026-08-08 18:32:18.153465,Paytm,request,Bangalore,iOS,0
3970,user_21,4597.17,2026-08-24 22:41:16.153465,Swiggy,refund,Delhi,Android,0
3971,user_2,59487.02,2026-08-08 16:18:08.153465,Walmart,send,Bangalore,Android,1
3972,user_25,4766.24,2026-07-25 06:48:17.153465,Flipkart,request,Chennai,iOS,0
3973,user_22,7881.11,2026-08-26 21:01:18.153465,Walmart,refund,Chennai,Web,0
3974,user_27,8177.0,2026-08-15 00:36:02.153465,Swiggy,request,Mumbai,Android,0
3975,user_1,1447.38,2026-09-01 08:43:38.153465,Walmart,send,Bangalore,Android,0
3976,user_48,4394.38,2026-08-28 07:18:03.153465,Walmart,send,Chennai,iOS,1
3977,user_42,4083.04,2026-08-10 08:05:23.153465,Swiggy,request,Bangalore,Android,0
3978,user_39,3712.85,2026-08-09 14:55:06.153465,Paytm,request,Delhi,Android,0
3979,user_43,10678.24,2026-08-21 12:44:57.153465,Swiggy,send,Bangalore,iOS,0
3980,user_2,28611.73,2026-08-13 06:01:04.153465,Zomato,refund,Delhi,iOS,0
3981,user_15,11104.38,2026-08-10 02:43:05.153465,Amazon,refund,Chennai,Android,0
3982,user_20,12123.93,2026-09-03 07:55:58.153465,Walmart,refund,Bangalore,iOS,0
3983,user_4,3688.54,2026-08-21 04:32:39.153465,Flipkart,refund,Delhi,Android,0
3984,user_26,1835.0,2026-09-05 01:48:37.153465,Amazon,request,Bangalore,iOS,0
3985,user_26,1909.1,2026-09-14 07:27:45.153465,Paytm,refund,Delhi,iOS,0
3986,user_31,2051.45,2026-08-31 19:33:09.153465,Swiggy,refund,Bangalore,Android,0
3987,user_19,1169.71,2026-07-24 06:11:39.153465,Swiggy,refund,Delhi,Android,0
3988,user_14,16422.28,2026-08-22 11:55:02.153465,Swiggy,send,Delhi,Web,0
3989,user_46,1494.48,2026-08-15 06:30:18.153465,Walmart,refund,Chennai,Android,0
3990,user_20,56176.27,2026-09-02 05:21:22.153465,Paytm,refund,Pune,iOS,1
3991,user_23,9539.48,2026-09-01 14:46:27.153465,Paytm,send,Pune,Android,0
3992,user_47,38648.74,2026-09-09 03:38:45.153465,Amazon,refund,Pune,Android,1
3993,user_24,7685.31,2026-08-21 20:26:05.153465,Swiggy,refund,Pune,iOS,0
3994,user_26,653.96,2026-08-19 16:53:40.153465,Paytm,request,Bangalore,Web,0
3995,user_18,3825.69,2026-07-21 17:25:28.153465,Zomato,send,Chennai,Web,1
3996,user_35,11042.38,2026-08-02 16:53:35.153465,Walmart,refund,Bangalore,iOS,0
3997,user_37,11856.38,2026-07-29 21:26:06.153465,Swiggy,send,Chennai,iOS,0
3998,user_6,4662.75,2026-07-31 07:56:35.153465,Paytm,send,Chennai,Web,0
3999,user_7,54228.93,2026-07-28 14:17:13.153465,Flipkart,send,Chennai,Web,0
4000,user_36,3820.33,2026-07-24 23:21:56.153465,Walmart,refund,Delhi,iOS,0
4001,user_46,4794.86,2026-08-01 16:36:44.153465,Amazon,send,Mumbai,Android,1
4002,user_33,2658.47,2026-07-30 20:47:03.153465,Paytm,refund,Chennai,iOS,0
4003,user_11,3831.88,2026-09-04 17:11:34.153465,Swiggy,send,Delhi,Web,1
4004,user_50,1048.45,2026-08-22 12:03:02.153465,Walmart,request,Mumbai,iOS,0
4005,user_11,3313.16,2026-08-11 00:20:43.153465,Amazon,send,Pune,iOS,0
4006,user_39,2163.65,2026-08-18 05:54:26.153465,Paytm,refund,Pune,Web,0
4007,user_43,15310.42,2026-09-14 06:28:04.153465,Amazon,request,Mumbai,Android,0
4008,user_46,1005.02,2026-09-18 03:18:56.153465,Paytm,refund,Mumbai,iOS,0
4009,user_19,12925.88,2026-08-15 10:39:08.153465,Paytm,send,Delhi,iOS,1
4010,user_32,2343.45,2026-09-12 21:33:12.153465,Paytm,refund,Delhi,iOS,0
4011,user_2,50461.19,2026-08-20 03:23:09.153465,Swiggy,send,Delhi,Android,0
4012,user_48,1881.75,2026-09-03 10:01:17.153465,Zomato,refund,Mumbai,Web,1
4013,user_37,11892.74,2026-08-23 00:42:34.153465,Walmart,refund,Mumbai,Android,0
4014,user_48,2574.86,2026-08-22 10:32:08.153465,Amazon,send,Chennai,Web,0
4015,user_17,1628.29,2026-08-21 20:23:24.153465,Flipkart,refund,Pune,Web,0
4016,user_33,2578.6,2026-09-18 05:06:40.153465,Paytm,send,Bangalore,Web,0
4017,user_15,6858.69,2026-08-11 19:25:34.153465,Flipkart,send,Pune,Android,0
4018,user_6,766.41,2026-08-30 00:34:26.153465,Walmart,refund,Chennai,iOS,0
4019,user_23,41307.09,2026-09-06 03:09:38.153465,Zomato,request,Mumbai,iOS,1
4020,user_46,278.28,2026-08-27 11:19:17.153465,Amazon,send,Delhi,Android,0
4021,user_49,14044.45,2026-08-04 16:00:43.153465,Paytm,send,Bangalore,Web,0
4022,user_27,9904.0,2026-08-06 17:17:49.153465,Zomato,refund,Mumbai,Web,0
4023,user_16,1743.49,2026-08-27 15:05:30.153465,Swiggy,request,Delhi,iOS,0
4024,user_16,3365.37,2026-08-09 13:48:40.153465,Zomato,send,Pune,iOS,0
4025,user_17,3702.19,2026-09-13 18:55:05.153465,Amazon,refund,Delhi,Android,0
4026,user_44,11363.22,2026-07-28 19:13:34.153465,Zomato,send,Bangalore,Web,0
4027,user_34,4594.79,2026-08-01 23:46:09.153465,Paytm,send,Chennai,Web,0
4028,user_32,1902.79,2026-08-09 03:14:31.153465,Amazon,request,Pune,iOS,0
4029,user_30,10298.03,2026-09-05 07:52:02.153465,Paytm,request,Mumbai,iOS,0
4030,user_23,5450.98,2026-08-18 23:20:48.153465,Paytm,send,Delhi,Web,0
4031,user_40,106460.36,2026-09-03 07:47:14.153465,Amazon,refund,Pune,Android,1
4032,user_2,113279.22,2026-07-23 07:14:46.153465,Walmart,request,Chennai,iOS,0
4033,user_16,669.2,2026-07-29 21:50:33.153465,Flipkart,request,Pune,Web,0
4034,user_29,4675.35,2026-09-02 05:55:27.153465,Paytm,send,Chennai,Web,0
4035,user_48,34136.0,2026-07-26 09:20:31.153465,Zomato,refund,Delhi,iOS,1
4036,user_46,1846.96,2026-09-14 01:17:47.153465,Zomato,request,Chennai,iOS,0
4037,user_28,4595.1,2026-08-11 00:38:14.153465,Amazon,send,Mumbai,iOS,0
4038,user_4,8521.31,2026-08-21 10:05:18.153465,Zomato,send,Pune,Android,1
4039,user_29,13336.07,2026-07-28 08:18:05.153465,Swiggy,send,Chennai,iOS,1
4040,user_23,5303.32,2026-08-29 19:15:18.153465,Swiggy,refund,Mumbai,iOS,0
4041,user_20,18663.47,2026-07-30 17:32:20.153465,Amazon,request,Delhi,iOS,0
4042,user_12,32616.98,2026-09-15 12:41:40.153465,Zomato,refund,Mumbai,Web,0
4043,user_8,876.78,2026-07-25 20:22:43.153465,Amazon,request,Pune,Android,0
4044,user_7,25756.48,2026-08-26 05:21:54.153465,Paytm,request,Delhi,iOS,0
4045,user_14,19623.46,2026-08-23 10:00:32.153465,Zomato,request,Delhi,Web,0
4046,user_45,13989.51,2026-08-16 17:48:05.153465,Flipkart,send,Mumbai,Android,0
4047,user_28,435.49,2026-08-05 16:36:53.153465,Zomato,send,Delhi,iOS,0
4048,user_33,3192.19,2026-08-14 10:45:09.153465,Flipkart,refund,Mumbai,Android,0
4049,user_35,8324.06,2026-08-27 17:46:52.153465,Zomato,send,Bangalore,Web,0
4050,user_9,1352.35,2026-09-07 05:56:32.153465,Amazon,refund,Delhi,Android,0
4051,user_45,1729.05,2026-08-30 20:32:02.153465,Zomato,request,Chennai,Android,0
4052,user_4,730.86,2026-08-11 22:49:21.153465,Walmart,refund,Delhi,Web,0
4053,user_47,1276.06,2026-08-23 11:20:45.153465,Swiggy,request,Delhi,iOS,0
4054,user_14,16609.57,2026-08-07 09:21:20.153465,Swiggy,request,Bangalore,iOS,0
4055,user_33,530.95,2026-08-13 22:32:07.153465,Amazon,request,Pune,iOS,0
4056,user_7,32784.67,2026-08-23 23:51:40.153465,Amazon,request,Pune,iOS,0
4057,user_42,2281.3,2026-09-19 05:34:28.153465,Zomato,refund,Delhi,iOS,0
4058,user_47,16983.24,2026-07-31 21:06:31.153465,Paytm,request,Pune,Android,1
4059,user_43,16605.83,2026-07-29 20:22:25.153465,Amazon,request,Chennai,Web,0
4060,user_50,3541.53,2026-09-09 10:39:19.153465,Paytm,refund,Chennai,Android,0
4061,user_41,2147.32,2026-08-05 15:48:54.153465,Paytm,send,Chennai,iOS,0
4062,user_38,17110.17,2026-09-06 07:06:56.153465,Swiggy,send,Bangalore,Web,0
4063,user_21,4688.01,2026-07-26 08:57:52.153465,Zomato,refund,Chennai,Web,1
4064,user_1,4698.85,2026-09-18 09:06:42.153465,Paytm,refund,Delhi,Android,1
4065,user_29,2571.8,2026-09-03 08:15:01.153465,Swiggy,refund,Delhi,Web,0
4066,user_13,18477.45,2026-09-08 17:19:14.153465,Paytm,refund,Bangalore,iOS,0
4067,user_14,10243.85,2026-09-11 01:39:25.153465,Swiggy,refund,Bangalore,Web,0
4068,user_30,9282.55,2026-07-30 12:00:52.153465,Paytm,send,Mumbai,iOS,0
4069,user_25,4906.79,2026-08-07 21:16:04.153465,Zomato,request,Pune,Web,0
4070,user_34,3515.4,2026-09-08 22:34:46.153465,Amazon,send,Chennai,Web,1
4071,user_2,28959.58,2026-09-11 22:30:37.153465,Walmart,refund,Delhi,Android,0
4072,user_8,4281.73,2026-07-25 13:17:22.153465,Walmart,refund,Mumbai,Android,0
4073,user_32,862.61,2026-07-27 15:35:55.153465,Walmart,refund,Pune,Android,0
4074,user_32,3339.92,2026-08-15 15:30:57.153465,Swiggy,refund,Mumbai,Web,0
4075,user_45,12954.92,2026-08-08 21:24:12.153465,Paytm,refund,Pune,iOS,1
4076,user_36,3410.93,2026-08-06 14:16:39.153465,Paytm,refund,Pune,Web,0
4077,user_49,18090.21,2026-08-30 18:45:31.153465,Flipkart,refund,Chennai,iOS,0
4078,user_8,544.23,2026-08-23 06:02:55.153465,Flipkart,request,Mumbai,Web,0
4079,user_4,1235.93,2026-08-18 20:43:26.153465,Walmart,request,Delhi,Android,0
4080,user_23,10226.15,2026-08-07 23:28:45.153465,Paytm,send,Mumbai,iOS,0
4081,user_29,1789.3,2026-08-24 10:51:42.153465,Amazon,request,Chennai,Android,0
4082,user_47,3642.15,2026-08-14 09:17:32.153465,Amazon,send,Delhi,Android,0
4083,user_42,3615.37,2026-08-07 23:15:57.153465,Paytm,send,Chennai,iOS,0
4084,user_6,829.14,2026-09-01 18:09:46.153465,Zomato,request,Delhi,iOS,0
4085,user_5,46450.7,2026-08-08 11:39:16.153465,Paytm,refund,Pune,Web,1
4086,user_49,33648.29,2026-08-24 06:32:30.153465,Amazon,refund,Chennai,iOS,1
4087,user_47,1624.22,2026-08-13 06:25:30.153465,Zomato,request,Bangalore,Web,0
4088,user_45,4006.13,2026-07-31 06:31:46.153465,Swiggy,send,Bangalore,Android,0
4089,user_21,4490.46,2026-08-16 16:45:51.153465,Swiggy,refund,Chennai,Android,1
4090,user_40,16564.57,2026-07-22 14:09:36.153465,Zomato,refund,Bangalore,Android,0
4091,user_2,30213.48,2026-08-22 08:32:00.153465,Zomato,refund,Mumbai,Web,0
4092,user_50,3704.72,2026-07-28 05:20:23.153465,Zomato,request,Pune,iOS,0
4093,user_32,3579.01,2026-08-21 12:26:07.153465,Paytm,send,Mumbai,Android,0
4094,user_30,16624.19,2026-09-01 15:02:30.153465,Amazon,request,Delhi,iOS,0
4095,user_29,3415.67,2026-09-08 02:45:38.153465,Swiggy,send,Mumbai,Android,0
4096,user_14,6197.98,2026-07-31 06:25:45.153465,Flipkart,send,Pune,Web,0
4097,user_7,40426.91,2026-09-10 10:58:38.153465,Walmart,request,Chennai,Web,1
4098,user_11,1531.22,2026-09-07 01:51:01.153465,Paytm,refund,Chennai,Android,0
4099,user_8,1803.45,2026-08-12 02:40:47.153465,Flipkart,send,Chennai,iOS,0
4100,user_19,4416.59,2026-07-27 09:19:23.153465,Flipkart,send,Bangalore,Android,1
4101,user_41,2311.23,2026-07-26 02:49:38.153465,Zomato,send,Chennai,Web,0
4102,user_25,1784.6,2026-08-01 13:30:43.153465,Flipkart,refund,Chennai,Android,0
4103,user_37,7494.86,2026-08-16 04:42:21.153465,Paytm,request,Mumbai,iOS,0
4104,user_8,3884.31,2026-09-12 22:59:12.153465,Flipkart,refund,Mumbai,Web,0
4105,user_8,1633.85,2026-07-23 17:34:35.153465,Swiggy,refund,Pune,Web,0
4106,user_2,44589.85,2026-09-10 06:37:56.153465,Swiggy,send,Pune,Android,0
4107,user_46,3794.18,2026-07-30 15:02:30.153465,Zomato,refund,Pune,Android,0
4108,user_40,17194.5,2026-07-25 10:14:14.153465,Amazon,request,Bangalore,Android,0
4109,user_42,2718.9,2026-09-10 07:42:43.153465,Flipkart,refund,Chennai,Web,0
4110,user_3,32171.59,2026-09-13 07:50:45.153465,Amazon,send,Delhi,iOS,0
4111,user_31,3959.07,2026-08-28 09:26:24.153465,Amazon,request,Mumbai,Web,0
4112,user_24,5397.53,2026-08-07 16:19:19.153465,Amazon,request,Bangalore,Android,0
4113,user_17,8857.15,2026-07-31 16:34:58.153465,Swiggy,request,Pune,Android,1
4114,user_28,23192.91,2026-09-09 02:29:36.153465,Swiggy,send,Pune,Android,1
4115,user_11,2786.15,2026-08-30 13:30:37.153465,Zomato,refund,Delhi,Web,0
4116,user_8,2561.45,2026-08-09 18:07:46.153465,Swiggy,request,Pune,iOS,0
4117,user_22,13164.48,2026-08-05 16:45:09.153465,Zomato,request,Bangalore,Android,0
4118,user_22,8662.64,2026-08-28 05:45:22.153465,Zomato,send,Delhi,Android,0
4119,user_9,2430.33,2026-08-24 01:08:42.153465,Swiggy,request,Mumbai,Android,0
4120,user_2,100264.64,2026-09-12 18:49:28.153465,Zomato,send,Pune,iOS,0
4121,user_21,3633.88,2026-08-29 08:53:16.153465,Walmart,send,Chennai,iOS,0
4122,user_34,4314.32,2026-09-08 08:44:17.153465,Walmart,refund,Bangalore,iOS,0
4123,user_46,3304.05,2026-09-15 03:42:34.153465,Zomato,refund,Delhi,Web,0
4124,user_18,3488.75,2026-08-16 04:14:43.153465,Zomato,request,Mumbai,iOS,0
4125,user_11,13480.08,2026-08-25 08:16:52.153465,Paytm,request,Delhi,Android,1
4126,user_34,4063.39,2026-09-15 19:49:37.153465,Swiggy,send,Mumbai,iOS,0
4127,user_15,10319.91,2026-08-22 10:05:53.153465,Paytm,refund,Mumbai,iOS,1
4128,user_1,249.17,2026-09-15 07:34:39.153465,Flipkart,refund,Delhi,Android,0
4129,user_19,1167.45,2026-08-12 20:33:33.153465,Walmart,refund,Delhi,Web,0
4130,user_30,6814.05,2026-09-02 17:00:13.153465,Swiggy,request,Bangalore,iOS,0
4131,user_5,7060.38,2026-08-25 02:41:31.153465,Zomato,request,Bangalore,iOS,0
4132,user_1,1055.85,2026-08-25 01:44:00.153465,Flipkart,request,Chennai,iOS,0
4133,user_7,300000.0,2026-08-09 16:59:25.153465,Walmart,send,Pune,Web,1
4134,user_15,17220.08,2026-08-22 09:45:28.153465,Walmart,send,Chennai,Android,0
4135,user_24,19184.79,2026-08-06 09:33:04.153465,Swiggy,request,Pune,Web,0
4136,user_19,3541.33,2026-09-16 04:07:06.153465,Amazon,refund,Chennai,Android,0
4137,user_32,1530.09,2026-07-29 13:28:09.153465,Paytm,refund,Chennai,iOS,0
4138,user_49,7224.25,2026-08-29 19:04:45.153465,Swiggy,request,Pune,Web,0
4139,user_33,1771.28,2026-09-05 02:50:43.153465,Swiggy,send,Pune,Android,0
4140,user_29,4019.0,2026-08-20 14:46:17.153465,Paytm,send,Pune,Web,0
4141,user_48,3390.47,2026-07-29 10:45:48.153465,Paytm,refund,Bangalore,Web,0
4142,user_49,19119.07,2026-09-04 06:16:17.153465,Zomato,send,Chennai,Web,0
4143,user_29,3911.92,2026-08-28 22:03:16.153465,Walmart,send,Pune,Web,0
4144,user_43,14641.12,2026-07-27 05:06:06.153465,Flipkart,refund,Pune,iOS,0
4145,user_16,3385.73,2026-08-22 14:16:31.153465,Amazon,request,Pune,Android,0
4146,user_37,19881.77,2026-09-14 15:58:55.153465,Flipkart,refund,Mumbai,Web,0
4147,user_49,11143.43,2026-07-21 15:16:56.153465,Swiggy,send,Chennai,Android,0
4148,user_29,1422.08,2026-08-30 19:15:58.153465,Swiggy,request,Pune,Web,0
4149,user_44,10432.49,2026-08-19 11:44:12.153465,Swiggy,refund,Pune,Android,0
4150,user_45,3753.55,2026-09-11 10:22:40.153465,Walmart,refund,Bangalore,Android,0
4151,user_45,4589.3,2026-08-18 04:29:29.153465,Zomato,refund,Chennai,iOS,1
4152,user_24,16317.26,2026-08-05 20:57:16.153465,Swiggy,request,Chennai,Web,0
4153,user_14,14504.3,2026-08-08 22:59:10.153465,Flipkart,send,Pune,Web,0
4154,user_26,14208.58,2026-09-07 09:13:47.153465,Zomato,send,Mumbai,iOS,1
4155,user_31,621.51,2026-08-28 05:38:28.153465,Walmart,refund,Bangalore,iOS,0
4156,user_40,56027.27,2026-08-06 17:28:43.153465,Walmart,request,Delhi,iOS,1
4157,user_25,3880.24,2026-08-03 13:39:39.153465,Walmart,request,Delhi,Web,0
4158,user_42,3491.7,2026-09-11 04:56:00.153465,Amazon,refund,Pune,iOS,0
4159,user_15,8800.94,2026-08-18 19:18:26.153465,Amazon,send,Bangalore,iOS,0
4160,user_29,3881.23,2026-09-01 22:34:01.153465,Walmart,request,Bangalore,Android,0
4161,user_44,7357.79,2026-08-27 16:22:05.153465,Flipkart,refund,Bangalore,Android,0
4162,user_34,914.42,2026-09-04 01:47:38.153465,Walmart,request,Mumbai,Android,1
4163,user_40,48206.15,2026-07-23 01:42:16.153465,Amazon,request,Mumbai,Web,1
4164,user_22,45239.02,2026-07-27 10:29:39.153465,Walmart,request,Delhi,Android,1
4165,user_24,8877.7,2026-08-12 03:16:37.153465,Swiggy,request,Bangalore,Android,0
4166,user_7,43199.2,2026-08-13 18:07:00.153465,Amazon,request,Pune,Web,0
4167,user_38,10781.55,2026-09-06 04:47:36.153465,Paytm,refund,Mumbai,Web,1
4168,user_28,2331.54,2026-08-06 00:24:42.153465,Amazon,request,Chennai,Web,0
4169,user_25,1919.55,2026-09-16 06:42:13.153465,Amazon,send,Chennai,iOS,0
4170,user_7,37725.04,2026-08-31 21:46:25.153465,Walmart,refund,Delhi,iOS,0
4171,user_35,10179.04,2026-09-18 04:22:53.153465,Walmart,refund,Pune,Web,0
4172,user_41,1570.11,2026-08-13 13:52:51.153465,Walmart,send,Mumbai,Web,0
4173,user_35,9962.9,2026-09-07 00:22:19.153465,Walmart,send,Delhi,Android,0
4174,user_17,3981.66,2026-08-09 07:04:19.153465,Paytm,send,Chennai,Android,0
4175,user_42,2380.89,2026-08-06 13:44:45.153465,Zomato,refund,Pune,iOS,0
4176,user_10,11932.91,2026-09-01 22:10:40.153465,Paytm,send,Mumbai,Android,0
4177,user_25,1113.65,2026-08-08 07:34:56.153465,Amazon,request,Mumbai,Android,0
4178,user_25,2562.6,2026-08-24 15:35:11.153465,Walmart,request,Delhi,iOS,0
4179,user_44,8194.68,2026-08-14 19:34:46.153465,Zomato,refund,Mumbai,iOS,0
4180,user_36,1104.68,2026-09-09 18:06:25.153465,Flipkart,send,Pune,iOS,0
4181,user_29,432.48,2026-08-01 19:49:47.153465,Swiggy,send,Pune,iOS,0
4182,user_24,17890.78,2026-08-18 06:56:53.153465,Flipkart,send,Chennai,Web,0
4183,user_30,8742.35,2026-09-18 11:06:58.153465,Swiggy,request,Chennai,Web,0
4184,user_6,3557.53,2026-09-13 00:48:49.153465,Flipkart,send,Bangalore,iOS,0
4185,user_21,3577.35,2026-08-31 04:10:09.153465,Flipkart,request,Chennai,iOS,0
4186,user_27,18650.85,2026-09-15 12:44:09.153465,Zomato,request,Pune,Web,1
4187,user_42,1945.15,2026-07-26 05:36:53.153465,Paytm,request,Delhi,Web,0
4188,user_17,2224.91,2026-07-30 10:44:10.153465,Flipkart,request,Mumbai,iOS,0
4189,user_3,109228.02,2026-08-28 21:59:02.153465,Flipkart,request,Chennai,Web,1
4190,user_47,449.79,2026-07-28 13:01:39.153465,Paytm,request,Chennai,Web,0
4191,user_41,3913.01,2026-08-10 15:04:43.153465,Paytm,send,Delhi,iOS,0
4192,user_15,42992.09,2026-09-02 21:52:56.153465,Flipkart,refund,Chennai,Android,1
4193,user_19,2291.63,2026-08-29 23:41:41.153465,Walmart,send,Pune,Web,0
4194,user_17,4345.29,2026-09-10 08:30:20.153465,Amazon,send,Bangalore,Android,1
4195,user_5,16486.81,2026-09-09 03:56:18.153465,Walmart,send,Mumbai,iOS,0
4196,user_20,8291.7,2026-07-25 07:15:15.153465,Swiggy,send,Delhi,Web,0
4197,user_3,21960.73,2026-07-26 18:11:09.153465,Swiggy,send,Pune,Android,0
4198,user_17,2872.94,2026-07-30 11:37:36.153465,Amazon,send,Mumbai,iOS,0
4199,user_37,11482.47,2026-09-08 15:57:32.153465,Walmart,refund,Bangalore,iOS,0
4200,user_1,2114.49,2026-08-17 11:33:32.153465,Zomato,send,Pune,Web,0
4201,user_45,788.87,2026-07-28 00:14:23.153465,Zomato,send,Bangalore,Web,0
4202,user_16,1321.54,2026-09-15 00:29:23.153465,Flipkart,request,Pune,iOS,0
4203,user_35,7540.56,2026-08-22 06:29:42.153465,Walmart,request,Bangalore,iOS,0
4204,user_33,1714.9,2026-09-01 17:26:31.153465,Swiggy,send,Pune,Web,0
4205,user_50,657.12,2026-07-30 22:55:45.153465,Swiggy,refund,Mumbai,Web,0
4206,user_46,2508.78,2026-09-05 12:48:52.153465,Swiggy,refund,Delhi,Android,0
4207,user_41,3706.63,2026-09-17 22:56:44.153465,Walmart,send,Bangalore,Web,0
4208,user_12,127969.98,2026-08-10 16:10:33.153465,Walmart,refund,Mumbai,Web,1
4209,user_29,8306.21,2026-08-17 13:22:44.153465,Flipkart,request,Pune,iOS,0
4210,user_2,18459.14,2026-09-18 23:09:16.153465,Swiggy,send,Mumbai,Android,0
4211,user_39,3601.96,2026-07-29 00:16:54.153465,Paytm,refund,Bangalore,Web,0
4212,user_37,12916.72,2026-09-19 04:29:54.153465,Zomato,send,Bangalore,Android,0
4213,user_5,18225.43,2026-08-15 20:58:55.153465,Paytm,request,Pune,Web,0
4214,user_12,29806.95,2026-08-14 21:16:36.153465,Walmart,refund,Mumbai,Android,0
4215,user_37,8453.44,2026-07-22 07:37:00.153465,Walmart,request,Chennai,iOS,0
4216,user_49,16249.27,2026-07-23 03:05:30.153465,Walmart,request,Chennai,Android,0
4217,user_36,246.99,2026-09-09 06:19:43.153465,Flipkart,send,Mumbai,iOS,0
4218,user_2,24548.59,2026-09-03 07:29:43.153465,Swiggy,send,Pune,Android,0
4219,user_17,1450.08,2026-07-30 00:53:11.153465,Zomato,send,Chennai,Android,0
4220,user_35,55485.76,2026-07-29 20:16:15.153465,Flipkart,send,Mumbai,Web,1
4221,user_7,31134.08,2026-08-22 19:26:46.153465,Walmart,refund,Delhi,Android,0
4222,user_9,4915.02,2026-08-07 14:08:29.153465,Flipkart,refund,Mumbai,iOS,1
4223,user_38,16462.7,2026-08-22 11:29:35.153465,Amazon,refund,Mumbai,Android,0
4224,user_35,5958.71,2026-09-08 14:51:40.153465,Walmart,refund,Chennai,iOS,0
4225,user_5,17666.77,2026-08-21 06:06:23.153465,Paytm,request,Bangalore,Web,0
4226,user_38,7864.78,2026-09-04 00:37:59.153465,Amazon,refund,Delhi,Web,0
4227,user_24,9094.45,2026-08-07 06:41:29.153465,Amazon,refund,Chennai,iOS,1
4228,user_23,7939.66,2026-09-06 08:01:46.153465,Flipkart,send,Chennai,Android,0
4229,user_42,2784.8,2026-08-05 08:38:11.153465,Amazon,request,Bangalore,Android,0
4230,user_5,16235.26,2026-08-05 04:19:41.153465,Swiggy,refund,Chennai,Android,0
4231,user_45,1056.2,2026-08-02 21:06:56.153465,Swiggy,request,Pune,iOS,0
4232,user_13,19942.11,2026-08-18 22:58:47.153465,Swiggy,refund,Delhi,Web,0
4233,user_14,14000.87,2026-09-06 07:31:38.153465,Swiggy,refund,Mumbai,iOS,0
4234,user_46,29820.92,2026-08-14 15:36:53.153465,Walmart,send,Bangalore,Web,1
4235,user_6,4610.94,2026-08-29 07:20:30.153465,Walmart,refund,Chennai,Android,0
4236,user_48,3761.54,2026-08-02 06:53:32.153465,Zomato,request,Delhi,Web,0
4237,user_47,3320.47,2026-08-15 01:28:01.153465,Amazon,request,Mumbai,Android,0
4238,user_16,19933.41,2026-07-27 20:33:46.153465,Paytm,send,Bangalore,Android,1
4239,user_36,28338.66,2026-08-08 17:06:48.153465,Amazon,request,Pune,Web,1
4240,user_50,1628.05,2026-08-13 09:20:28.153465,Paytm,send,Bangalore,Web,0
4241,user_43,8447.92,2026-08-29 03:14:40.153465,Amazon,refund,Pune,iOS,0
4242,user_11,3883.89,2026-09-09 16:40:46.153465,Swiggy,refund,Pune,iOS,0
4243,user_23,19619.32,2026-08-25 03:33:42.153465,Swiggy,request,Delhi,iOS,0
4244,user_37,6204.14,2026-09-05 07:10:25.153465,Walmart,request,Bangalore,Android,0
4245,user_46,4901.33,2026-09-10 02:18:44.153465,Paytm,refund,Pune,Android,1
4246,user_35,9114.19,2026-08-29 07:31:00.153465,Walmart,refund,Mumbai,Android,0
4247,user_31,3197.97,2026-08-05 14:30:25.153465,Walmart,send,Mumbai,Web,0
4248,user_40,19385.95,2026-09-15 08:12:58.153465,Swiggy,refund,Delhi,iOS,0
4249,user_25,8375.47,2026-09-05 06:57:27.153465,Paytm,send,Delhi,iOS,1
4250,user_42,1896.27,2026-09-08 13:49:10.153465,Zomato,request,Bangalore,Android,0
4251,user_15,31157.43,2026-08-19 05:32:13.153465,Paytm,send,Bangalore,iOS,1
4252,user_45,21300.58,2026-09-18 07:57:32.153465,Flipkart,request,Bangalore,iOS,1
4253,user_11,1934.14,2026-08-05 06:51:30.153465,Flipkart,send,Mumbai,Web,0
4254,user_3,25690.41,2026-08-23 23:41:14.153465,Swiggy,request,Bangalore,iOS,0
4255,user_22,10001.9,2026-07-25 06:53:34.153465,Walmart,refund,Pune,Android,0
4256,user_50,2573.58,2026-08-03 23:54:08.153465,Zomato,send,Pune,Web,0
4257,user_16,4430.7,2026-08-17 07:35:15.153465,Swiggy,request,Mumbai,Web,1
4258,user_31,1544.46,2026-08-22 09:02:23.153465,Flipkart,refund,Bangalore,Android,0
4259,user_19,3285.24,2026-09-08 21:14:15.153465,Paytm,send,Chennai,Android,1
4260,user_27,16408.96,2026-08-09 23:14:00.153465,Amazon,refund,Pune,Android,0
4261,user_20,18579.98,2026-09-10 08:33:57.153465,Zomato,request,Pune,Android,0
4262,user_3,41201.61,2026-08-15 21:51:00.153465,Amazon,request,Pune,Web,0
4263,user_44,5412.6,2026-09-13 08:35:06.153465,Amazon,refund,Mumbai,iOS,0
4264,user_9,3122.52,2026-08-13 03:08:47.153465,Paytm,send,Mumbai,iOS,0
4265,user_13,11753.61,2026-08-30 21:40:51.153465,Flipkart,send,Mumbai,iOS,0
4266,user_28,1152.28,2026-07-28 15:57:58.153465,Flipkart,send,Mumbai,iOS,0
4267,user_3,26155.05,2026-08-04 13:45:15.153465,Swiggy,request,Mumbai,Web,0
4268,user_41,954.97,2026-07-26 18:19:02.153465,Walmart,request,Mumbai,Android,0
4269,user_5,7766.63,2026-09-11 20:13:15.153465,Zomato,request,Chennai,Web,0
4270,user_41,892.59,2026-08-17 01:46:25.153465,Swiggy,refund,Pune,Android,0
4271,user_24,55736.3,2026-08-02 00:27:30.153465,Zomato,request,Mumbai,Android,1
4272,user_17,327.43,2026-08-16 10:44:51.153465,Zomato,refund,Mumbai,Android,0
4273,user_31,1913.47,2026-09-06 00:53:55.153465,Flipkart,request,Delhi,Web,0
4274,user_44,7189.99,2026-09-01 03:58:02.153465,Walmart,refund,Pune,Web,0
4275,user_26,1707.91,2026-07-23 02:12:08.153465,Amazon,send,Pune,iOS,0
4276,user_1,4953.85,2026-08-04 07:37:02.153465,Walmart,send,Pune,Android,0
4277,user_17,499.81,2026-07-22 05:06:42.153465,Walmart,refund,Bangalore,iOS,0
4278,user_23,7870.16,2026-07-25 08:01:35.153465,Swiggy,request,Delhi,Web,0
4279,user_5,17078.26,2026-09-16 17:25:28.153465,Zomato,request,Chennai,iOS,0
4280,user_28,786.93,2026-08-12 16:18:32.153465,Zomato,send,Delhi,Android,0
4281,user_42,4955.04,2026-07-29 00:19:56.153465,Swiggy,send,Chennai,Web,1
4282,user_1,3706.61,2026-09-17 19:04:39.153465,Swiggy,send,Pune,Android,0
4283,user_9,4268.15,2026-09-16 09:37:38.153465,Zomato,send,Delhi,Android,0
4284,user_47,2033.09,2026-08-07 19:08:11.153465,Zomato,send,Delhi,iOS,0
4285,user_11,14675.91,2026-09-05 02:15:34.153465,Flipkart,request,Bangalore,Web,1
4286,user_33,4123.76,2026-08-28 14:38:42.153465,Zomato,refund,Mumbai,Android,0
4287,user_32,1416.43,2026-08-22 06:35:32.153465,Paytm,request,Delhi,Android,0
4288,user_35,11829.71,2026-08-18 12:28:42.153465,Flipkart,send,Pune,Android,0
4289,user_25,827.5,2026-08-09 15:47:04.153465,Swiggy,request,Delhi,Android,0
4290,user_4,309.29,2026-09-15 01:15:25.153465,Amazon,refund,Bangalore,Android,0
4291,user_19,1110.46,2026-08-03 08:53:44.153465,Swiggy,send,Pune,Android,0
4292,user_35,11355.47,2026-09-05 21:45:21.153465,Zomato,send,Bangalore,Android,0
4293,user_17,2382.32,2026-08-14 10:46:44.153465,Zomato,refund,Mumbai,Web,0
4294,user_50,4295.62,2026-08-16 20:28:15.153465,Paytm,send,Chennai,iOS,0
4295,user_22,13942.04,2026-08-31 12:07:13.153465,Flipkart,request,Delhi,Web,0
4296,user_16,377.49,2026-07-25 13:05:41.153465,Amazon,request,Chennai,Web,0
4297,user_35,9241.42,2026-08-29 09:10:57.153465,Paytm,request,Chennai,Android,0
4298,user_43,16438.58,2026-09-12 04:00:53.153465,Amazon,send,Chennai,Android,0
4299,user_47,3363.24,2026-09-06 16:13:48.153465,Amazon,send,Bangalore,Web,0
4300,user_50,1550.22,2026-09-01 06:17:18.153465,Swiggy,request,Chennai,iOS,0
4301,user_7,35928.86,2026-08-04 01:03:45.153465,Paytm,send,Bangalore,iOS,0
4302,user_29,4843.98,2026-08-28 02:41:02.153465,Flipkart,request,Pune,Android,0
4303,user_17,509.78,2026-09-03 03:22:03.153465,Zomato,request,Bangalore,Android,0
4304,user_42,26803.82,2026-08-05 17:07:42.153465,Amazon,refund,Mumbai,Android,0
4305,user_12,45767.5,2026-08-09 11:00:37.153465,Flipkart,refund,Delhi,iOS,0
4306,user_28,2818.41,2026-07-23 13:49:54.153465,Swiggy,request,Mumbai,Android,0
4307,user_14,12096.25,2026-07-27 03:40:10.153465,Zomato,send,Pune,iOS,0
4308,user_31,841.13,2026-08-14 15:34:14.153465,Walmart,request,Delhi,Android,0
4309,user_25,12634.77,2026-08-24 17:22:59.153465,Flipkart,request,Pune,iOS,1
4310,user_20,12181.02,2026-09-10 00:56:27.153465,Flipkart,refund,Delhi,Android,0
4311,user_24,12635.57,2026-08-13 16:22:55.153465,Flipkart,refund,Bangalore,Android,0
4312,user_15,18942.22,2026-07-31 18:44:28.153465,Walmart,send,Mumbai,iOS,0
4313,user_31,1684.67,2026-09-03 18:03:52.153465,Paytm,refund,Pune,Web,0
4314,user_43,8800.99,2026-08-17 12:01:25.153465,Zomato,request,Pune,Web,0
4315,user_11,2331.14,2026-09-13 15:11:10.153465,Flipkart,send,Bangalore,Android,0
4316,user_34,3155.06,2026-09-06 16:04:50.153465,Flipkart,send,Mumbai,iOS,0
4317,user_28,2443.79,2026-09-06 09:12:02.153465,Zomato,request,Bangalore,iOS,0
4318,user_6,2112.32,2026-08-17 09:11:12.153465,Amazon,refund,Chennai,Web,0
4319,user_9,3429.96,2026-09-12 23:25:58.153465,Amazon,refund,Mumbai,iOS,0
4320,user_34,12727.16,2026-08-16 21:27:35.153465,Walmart,refund,Bangalore,Web,0
4321,user_26,3175.89,2026-08-12 03:59:47.153465,Walmart,request,Pune,Web,0
4322,user_27,15169.39,2026-08-03 02:52:44.153465,Walmart,refund,Bangalore,Android,0
4323,user_46,2695.8,2026-07-23 10:37:46.153465,Amazon,refund,Pune,Web,1
4324,user_38,12333.64,2026-09-07 04:49:42.153465,Swiggy,request,Mumbai,iOS,0
4325,user_29,7650.55,2026-09-09 21:55:12.153465,Swiggy,request,Mumbai,iOS,0
4326,user_29,2572.49,2026-08-16 08:22:22.153465,Zomato,send,Pune,Android,0
4327,user_37,12837.92,2026-08-21 11:42:06.153465,Swiggy,send,Pune,iOS,0
4328,user_48,3787.29,2026-08-09 18:53:44.153465,Paytm,refund,Pune,iOS,0
4329,user_27,10271.54,2026-07-27 20:57:57.153465,Walmart,send,Mumbai,Android,0
4330,user_21,3834.41,2026-09-02 21:16:09.153465,Amazon,request,Mumbai,Android,0
4331,user_47,2514.04,2026-08-29 23:04:30.153465,Amazon,refund,Bangalore,Web,0
4332,user_35,13459.98,2026-08-01 19:50:15.153465,Swiggy,send,Bangalore,iOS,0
4333,user_10,12826.82,2026-08-28 21:18:44.153465,Paytm,send,Delhi,Web,1
4334,user_4,405.14,2026-07-30 18:47:38.153465,Zomato,refund,Pune,iOS,0
4335,user_26,2913.88,2026-09-19 12:54:24.153465,Flipkart,send,Mumbai,Web,0
4336,user_13,16448.81,2026-08-23 05:14:54.153465,Amazon,request,Pune,Android,0
4337,user_22,6563.71,2026-08-29 10:41:36.153465,Flipkart,refund,Delhi,Web,0
4338,user_13,9124.55,2026-08-22 17:46:14.153465,Flipkart,send,Pune,Android,0
4339,user_13,44542.03,2026-08-13 05:16:20.153465,Walmart,refund,Pune,Android,1
4340,user_47,3904.98,2026-08-12 00:15:19.153465,Walmart,refund,Chennai,Android,0
4341,user_22,17740.29,2026-08-26 17:57:37.153465,Paytm,send,Pune,Android,0
4342,user_46,8251.63,2026-09-05 02:28:07.153465,Swiggy,request,Delhi,iOS,0
4343,user_43,19886.88,2026-09-16 21:04:15.153465,Flipkart,request,Bangalore,Android,0
4344,user_44,19316.1,2026-09-03 04:14:59.153465,Paytm,refund,Bangalore,Android,0
4345,user_43,8192.93,2026-09-07 10:52:19.153465,Flipkart,send,Chennai,Web,0
4346,user_23,15954.63,2026-08-22 10:46:01.153465,Amazon,request,Chennai,Web,0
4347,user_21,13188.81,2026-09-15 20:02:13.153465,Amazon,send,Chennai,iOS,1
4348,user_36,4855.82,2026-08-21 19:56:46.153465,Walmart,request,Bangalore,Web,0
4349,user_36,234.06,2026-08-05 06:39:17.153465,Amazon,refund,Chennai,iOS,0
4350,user_12,97819.28,2026-08-09 04:07:49.153465,Walmart,refund,Bangalore,Web,0
4351,user_9,29291.28,2026-09-17 21:30:15.153465,Swiggy,refund,Bangalore,iOS,1
4352,user_20,120279.31,2026-08-08 22:19:52.153465,Amazon,refund,Chennai,Web,0
4353,user_48,2578.12,2026-08-28 14:50:09.153465,Swiggy,send,Mumbai,iOS,0
4354,user_17,4376.99,2026-07-25 03:21:47.153465,Swiggy,refund,Chennai,iOS,1
4355,user_48,3238.81,2026-09-11 01:30:41.153465,Zomato,refund,Chennai,Web,0
4356,user_22,15787.16,2026-09-14 21:41:16.153465,Walmart,request,Pune,iOS,0
4357,user_25,1604.47,2026-08-05 18:41:34.153465,Walmart,send,Chennai,Android,0
4358,user_6,4899.18,2026-09-12 21:18:42.153465,Walmart,refund,Delhi,Web,0
4359,user_41,3380.68,2026-09-17 14:40:26.153465,Walmart,request,Bangalore,Android,0
4360,user_25,2352.25,2026-09-06 15:35:38.153465,Paytm,request,Delhi,iOS,0
4361,user_4,839.55,2026-08-03 12:07:55.153465,Paytm,send,Pune,Web,0
4362,user_8,1708.05,2026-09-18 18:49:14.153465,Zomato,refund,Bangalore,iOS,0
4363,user_33,927.88,2026-09-14 07:55:44.153465,Paytm,send,Chennai,iOS,0
4364,user_10,2219.22,2026-09-17 23:19:41.153465,Paytm,send,Bangalore,iOS,0
4365,user_7,48408.18,2026-08-02 01:46:56.153465,Zomato,request,Pune,iOS,0
4366,user_29,737.13,2026-07-23 03:17:39.153465,Swiggy,request,Mumbai,Android,0
4367,user_37,9313.44,2026-07-28 21:00:15.153465,Zomato,request,Delhi,Android,0
4368,user_50,1571.35,2026-08-28 15:06:08.153465,Paytm,send,Chennai,iOS,0
4369,user_14,10528.66,2026-09-02 00:47:17.153465,Paytm,send,Mumbai,Web,1
4370,user_36,1204.86,2026-07-31 18:09:31.153465,Swiggy,send,Mumbai,Web,0
4371,user_26,2784.42,2026-08-02 14:24:10.153465,Zomato,send,Chennai,Android,1
4372,user_16,2210.02,2026-07-30 04:06:25.153465,Swiggy,request,Chennai,Android,0
4373,user_14,9063.26,2026-08-20 07:02:07.153465,Walmart,refund,Chennai,Web,0
4374,user_20,88226.24,2026-08-25 11:17:28.153465,Swiggy,refund,Mumbai,Android,1
4375,user_11,3923.7,2026-08-18 07:03:34.153465,Zomato,request,Delhi,Web,0
4376,user_17,3943.64,2026-08-11 00:07:15.153465,Paytm,request,Bangalore,Android,0
4377,user_35,5647.86,2026-08-12 06:45:00.153465,Walmart,refund,Chennai,Web,1
4378,user_41,8525.18,2026-09-10 18:35:06.153465,Zomato,request,Bangalore,iOS,0
4379,user_48,3624.99,2026-08-18 23:55:32.153465,Zomato,refund,Chennai,iOS,0
4380,user_50,1083.06,2026-09-06 01:11:08.153465,Flipkart,refund,Delhi,iOS,0
4381,user_7,29733.13,2026-08-18 10:32:48.153465,Paytm,request,Mumbai,iOS,0
4382,user_34,4480.41,2026-08-19 07:02:25.153465,Swiggy,request,Pune,Web,1
4383,user_15,15597.02,2026-08-10 06:16:03.153465,Swiggy,send,Mumbai,Android,0
4384,user_33,4488.46,2026-07-23 20:02:24.153465,Swiggy,send,Bangalore,Web,0
4385,user_31,3255.09,2026-09-07 23:52:06.153465,Swiggy,send,Pune,Android,0
4386,user_49,14196.66,2026-08-18 14:23:36.153465,Zomato,request,Pune,Android,0
4387,user_9,481.66,2026-08-21 21:47:39.153465,Amazon,refund,Delhi,Web,0
4388,user_12,42188.52,2026-08-11 16:18:58.153465,Paytm,refund,Bangalore,Android,0
4389,user_4,2399.23,2026-08-25 03:03:29.153465,Amazon,request,Bangalore,Web,0
4390,user_39,3731.97,2026-09-09 08:27:13.153465,Zomato,refund,Chennai,Android,0
4391,user_18,1254.06,2026-08-15 22:00:40.153465,Paytm,send,Pune,iOS,0
4392,user_35,5213.93,2026-07-26 04:27:07.153465,Amazon,refund,Chennai,iOS,0
4393,user_1,3553.91,2026-07-21 21:34:49.153465,Walmart,send,Mumbai,Android,0
4394,user_7,41415.97,2026-08-26 06:32:41.153465,Walmart,send,Mumbai,Android,0
4395,user_42,3344.16,2026-09-05 20:29:23.153465,Zomato,refund,Pune,Web,0
4396,user_49,11784.41,2026-08-27 15:50:23.153465,Zomato,send,Mumbai,Android,0
4397,user_8,2081.08,2026-08-01 04:45:24.153465,Walmart,send,Chennai,iOS,0
4398,user_48,1493.57,2026-09-19 02:17:41.153465,Walmart,send,Delhi,iOS,0
4399,user_5,12485.22,2026-08-29 23:31:59.153465,Amazon,refund,Pune,Web,0
4400,user_27,13122.44,2026-09-15 04:12:58.153465,Flipkart,refund,Bangalore,Android,0
4401,user_28,811.83,2026-08-20 18:22:58.153465,Amazon,request,Mumbai,Web,1
4402,user_50,334.76,2026-09-15 18:31:45.153465,Walmart,request,Mumbai,Web,0
4403,user_29,686.5,2026-08-16 12:21:13.153465,Walmart,refund,Bangalore,Web,0
4404,user_44,8529.64,2026-08-12 03:00:38.153465,Flipkart,refund,Bangalore,Android,0
4405,user_1,542.04,2026-08-01 07:24:30.153465,Walmart,request,Pune,iOS,0
4406,user_39,441.31,2026-08-06 18:44:30.153465,Zomato,request,Pune,Android,0
4407,user_37,19973.5,2026-09-16 13:01:51.153465,Swiggy,request,Delhi,Web,0
4408,user_6,7736.19,2026-08-05 04:30:51.153465,Flipkart,request,Bangalore,iOS,0
4409,user_37,15849.2,2026-09-08 12:04:25.153465,Flipkart,send,Pune,Android,0
4410,user_4,2785.29,2026-09-17 23:51:58.153465,Walmart,refund,Bangalore,iOS,0
4411,user_38,10837.07,2026-08-09 08:03:16.153465,Flipkart,refund,Bangalore,Web,0
4412,user_7,16825.47,2026-08-05 08:11:00.153465,Amazon,refund,Mumbai,Android,0
4413,user_29,4240.87,2026-08-11 07:39:29.153465,Walmart,request,Chennai,iOS,0
4414,user_1,4875.3,2026-08-24 04:23:33.153465,Walmart,send,Pune,iOS,0
4415,user_10,4207.43,2026-08-24 13:15:27.153465,Zomato,refund,Delhi,Web,1
4416,user_34,3129.09,2026-09-10 19:56:12.153465,Flipkart,request,Mumbai,iOS,0
4417,user_41,2165.73,2026-08-04 08:05:04.153465,Flipkart,request,Delhi,iOS,0
4418,user_6,794.49,2026-08-18 01:29:17.153465,Amazon,refund,Bangalore,Web,0
4419,user_8,3165.95,2026-09-03 02:35:49.153465,Paytm,send,Mumbai,Android,0
4420,user_4,1618.9,2026-08-05 10:34:00.153465,Zomato,refund,Mumbai,Android,0
4421,user_28,1801.94,2026-08-19 14:33:46.153465,Swiggy,request,Bangalore,Web,0
4422,user_28,4827.18,2026-07-24 23:58:16.153465,Walmart,request,Pune,iOS,0
4423,user_43,9455.45,2026-07-23 21:11:35.153465,Zomato,request,Delhi,Android,0
4424,user_36,847.07,2026-08-07 04:29:10.153465,Swiggy,send,Mumbai,iOS,0
4425,user_34,1706.73,2026-09-18 08:16:40.153465,Paytm,request,Chennai,Android,0
4426,user_44,18090.08,2026-08-10 12:32:34.153465,Zomato,send,Bangalore,Web,0
4427,user_40,15127.48,2026-09-04 07:58:55.153465,Zomato,refund,Mumbai,Web,0
4428,user_4,950.05,2026-08-19 05:30:04.153465,Amazon,send,Mumbai,iOS,0
4429,user_14,10433.68,2026-08-22 18:07:11.153465,Flipkart,request,Pune,Web,0
4430,user_15,8009.44,2026-08-21 14:11:42.153465,Amazon,send,Bangalore,Web,0
4431,user_41,2938.0,2026-09-08 16:45:50.153465,Amazon,refund,Delhi,Android,0
4432,user_49,14730.3,2026-08-05 11:34:12.153465,Zomato,send,Pune,Web,0
4433,user_50,8192.71,2026-08-10 05:40:30.153465,Amazon,refund,Bangalore,Android,1
4434,user_16,4085.89,2026-07-28 23:39:39.153465,Paytm,send,Mumbai,Android,0
4435,user_37,10936.24,2026-09-06 00:30:05.153465,Paytm,refund,Delhi,Web,0
4436,user_34,4599.74,2026-08-04 13:00:51.153465,Walmart,send,Chennai,Web,0
4437,user_4,1121.91,2026-08-12 06:04:28.153465,Amazon,refund,Bangalore,iOS,1
4438,user_22,5689.27,2026-09-17 22:31:27.153465,Paytm,send,Pune,Android,0
4439,user_23,8307.69,2026-08-11 20:34:02.153465,Swiggy,refund,Mumbai,Android,0
4440,user_50,396.29,2026-08-21 12:46:24.153465,Walmart,request,Mumbai,iOS,0
4441,user_45,1100.04,2026-09-17 11:37:29.153465,Zomato,refund,Mumbai,iOS,0
4442,user_9,1570.2,2026-08-21 07:34:25.153465,Walmart,refund,Delhi,iOS,0
4443,user_39,4884.4,2026-09-02 21:32:37.153465,Paytm,send,Pune,Web,0
4444,user_28,701.43,2026-09-17 22:09:58.153465,Flipkart,refund,Chennai,Android,1
4445,user_12,20887.6,2026-08-01 02:12:50.153465,Paytm,request,Mumbai,Web,1
4446,user_45,3504.41,2026-08-17 20:16:06.153465,Amazon,refund,Bangalore,Android,0
4447,user_24,14517.5,2026-08-10 18:16:22.153465,Paytm,send,Bangalore,Android,0
4448,user_37,16930.64,2026-07-29 13:21:29.153465,Amazon,send,Bangalore,iOS,0
4449,user_14,7190.0,2026-09-11 05:24:54.153465,Walmart,send,Mumbai,Android,0
4450,user_42,2693.49,2026-09-10 23:13:19.153465,Paytm,refund,Chennai,Android,0
4451,user_11,4025.26,2026-09-05 11:21:16.153465,Swiggy,send,Pune,Android,0
4452,user_17,1097.49,2026-07-25 13:55:18.153465,Zomato,send,Pune,Android,0
4453,user_36,3808.21,2026-09-16 02:06:13.153465,Swiggy,request,Pune,Web,0
4454,user_23,17327.24,2026-09-01 19:25:09.153465,Swiggy,send,Chennai,iOS,0
4455,user_24,19370.26,2026-09-11 06:02:56.153465,Paytm,send,Delhi,iOS,0
4456,user_48,7618.05,2026-07-21 18:37:50.153465,Walmart,request,Mumbai,iOS,1
4457,user_1,2696.1,2026-08-23 22:20:06.153465,Paytm,request,Pune,Android,0
4458,user_50,4861.23,2026-08-12 03:23:48.153465,Walmart,request,Chennai,Android,0
4459,user_23,18401.26,2026-09-10 18:07:25.153465,Zomato,send,Bangalore,Web,0
4460,user_10,4238.11,2026-07-24 21:27:25.153465,Paytm,send,Pune,Android,0
4461,user_29,38116.96,2026-09-05 20:35:32.153465,Flipkart,refund,Pune,Android,1
4462,user_28,2653.03,2026-08-16 13:20:30.153465,Amazon,request,Chennai,Web,0
4463,user_42,1049.46,2026-08-06 00:24:15.153465,Zomato,refund,Delhi,iOS,0
4464,user_21,3155.57,2026-09-10 13:39:45.153465,Zomato,request,Delhi,Web,1
4465,user_14,13451.01,2026-08-11 18:28:31.153465,Paytm,request,Mumbai,iOS,0
4466,user_35,7615.19,2026-09-07 15:04:16.153465,Zomato,request,Bangalore,Web,0
4467,user_13,47487.99,2026-08-27 17:48:57.153465,Swiggy,refund,Mumbai,Android,1
4468,user_14,6855.88,2026-08-24 06:43:06.153465,Zomato,request,Chennai,Web,0
4469,user_23,18590.79,2026-09-06 10:23:14.153465,Zomato,send,Mumbai,iOS,0
4470,user_43,7485.55,2026-09-01 13:21:07.153465,Amazon,send,Mumbai,Android,0
4471,user_20,6683.08,2026-08-31 19:43:53.153465,Walmart,send,Bangalore,Web,0
4472,user_44,8676.11,2026-09-10 03:39:19.153465,Flipkart,refund,Delhi,Android,0
4473,user_49,74861.47,2026-08-22 06:54:21.153465,Swiggy,request,Delhi,iOS,1
4474,user_47,1217.33,2026-08-15 02:41:20.153465,Amazon,refund,Pune,iOS,0
4475,user_46,2502.94,2026-09-13 12:07:24.153465,Amazon,request,Pune,iOS,0
4476,user_16,4339.23,2026-09-17 11:22:32.153465,Walmart,send,Pune,Android,1
4477,user_36,1942.48,2026-09-17 01:11:46.153465,Paytm,request,Chennai,Web,0
4478,user_25,3298.25,2026-08-21 06:43:07.153465,Zomato,request,Bangalore,Android,0
4479,user_28,3784.07,2026-08-13 22:21:31.153465,Amazon,send,Bangalore,iOS,0
4480,user_7,37252.88,2026-08-11 18:41:46.153465,Paytm,request,Pune,Android,0
4481,user_25,3099.35,2026-07-27 12:48:40.153465,Walmart,send,Chennai,Android,0
4482,user_23,34070.58,2026-07-22 12:27:43.153465,Swiggy,refund,Bangalore,Web,1
4483,user_31,1604.94,2026-09-03 06:59:42.153465,Swiggy,send,Chennai,iOS,0
4484,user_6,2339.64,2026-07-25 18:26:36.153465,Flipkart,request,Bangalore,Android,0
4485,user_44,13402.21,2026-07-26 09:17:30.153465,Zomato,refund,Pune,Web,0
4486,user_9,35122.79,2026-09-07 06:18:05.153465,Zomato,send,Mumbai,Android,1
4487,user_17,1670.68,2026-08-25 17:18:23.153465,Swiggy,send,Mumbai,Android,0
4488,user_14,7859.88,2026-07-29 06:39:37.153465,Amazon,send,Pune,Android,0
4489,user_38,10722.92,2026-08-15 11:54:34.153465,Zomato,send,Chennai,iOS,0
4490,user_28,702.8,2026-08-07 09:11:55.153465,Amazon,request,Pune,Web,0
4491,user_13,6085.43,2026-08-12 13:59:37.153465,Zomato,request,Mumbai,iOS,0
4492,user_31,4775.53,2026-09-07 10:22:00.153465,Swiggy,refund,Bangalore,Web,1
4493,user_32,4468.43,2026-07-31 13:08:39.153465,Zomato,request,Mumbai,Android,0
4494,user_20,59298.86,2026-07-24 01:46:25.153465,Paytm,request,Chennai,Android,1
4495,user_11,1390.32,2026-08-18 23:20:46.153465,Paytm,request,Mumbai,iOS,0
4496,user_34,1806.8,2026-08-18 17:33:22.153465,Amazon,send,Pune,Android,0
4497,user_3,300000.0,2026-09-05 15:26:36.153465,Swiggy,send,Bangalore,Android,1
4498,user_23,17988.53,2026-08-30 07:22:02.153465,Flipkart,send,Bangalore,Android,0
4499,user_11,3976.79,2026-08-11 11:33:32.153465,Walmart,request,Delhi,Android,0
4500,user_26,4664.1,2026-09-10 01:48:17.153465,Swiggy,request,Bangalore,Android,1
4501,user_9,2585.68,2026-08-02 02:11:31.153465,Flipkart,refund,Chennai,iOS,0
4502,user_47,9314.03,2026-09-09 00:46:01.153465,Walmart,send,Chennai,iOS,1
4503,user_50,4789.39,2026-09-10 04:16:17.153465,Swiggy,send,Chennai,iOS,1
4504,user_23,32702.11,2026-08-08 19:03:05.153465,Amazon,refund,Pune,Android,0
4505,user_46,3476.07,2026-08-02 13:12:53.153465,Flipkart,request,Delhi,Web,0
4506,user_33,1954.52,2026-08-10 18:20:46.153465,Paytm,request,Pune,Android,0
4507,user_15,10455.6,2026-07-24 07:36:02.153465,Swiggy,refund,Bangalore,Web,0
4508,user_1,2543.73,2026-08-29 13:32:14.153465,Zomato,send,Pune,Android,0
4509,user_15,8802.48,2026-07-28 12:06:51.153465,Swiggy,request,Chennai,Android,0
4510,user_43,19044.4,2026-08-28 03:23:29.153465,Zomato,refund,Pune,Web,0
4511,user_11,391.29,2026-09-12 23:10:45.153465,Swiggy,refund,Bangalore,Web,0
4512,user_40,9188.52,2026-08-11 14:38:50.153465,Paytm,request,Chennai,Android,0
4513,user_15,17691.67,2026-07-23 22:52:25.153465,Zomato,request,Pune,Web,0
4514,user_5,10366.61,2026-09-05 13:22:32.153465,Amazon,refund,Chennai,Web,0
4515,user_46,2190.47,2026-08-31 01:03:29.153465,Swiggy,send,Delhi,iOS,0
4516,user_17,1166.59,2026-09-05 01:57:53.153465,Flipkart,request,Delhi,Android,0
4517,user_33,2010.03,2026-08-28 10:38:18.153465,Swiggy,request,Bangalore,Web,0
4518,user_3,57427.4,2026-08-14 18:27:42.153465,Swiggy,refund,Mumbai,Android,0
4519,user_6,1171.13,2026-07-29 04:28:23.153465,Amazon,request,Bangalore,Android,0
4520,user_32,2318.91,2026-07-28 05:31:33.153465,Zomato,refund,Chennai,Web,0
4521,user_17,4498.85,2026-08-14 02:50:12.153465,Amazon,request,Delhi,Android,0
4522,user_33,2287.58,2026-07-25 20:12:51.153465,Zomato,refund,Chennai,Android,0
4523,user_24,5682.09,2026-08-09 08:17:32.153465,Swiggy,send,Chennai,Android,0
4524,user_28,476.62,2026-08-20 04:14:59.153465,Walmart,refund,Chennai,iOS,0
4525,user_46,2672.94,2026-08-07 13:45:00.153465,Zomato,refund,Chennai,Web,1
4526,user_35,9712.7,2026-08-15 00:06:38.153465,Swiggy,send,Delhi,Android,0
4527,user_15,10763.37,2026-08-15 22:10:01.153465,Walmart,refund,Pune,Web,0
4528,user_15,7850.47,2026-08-25 04:08:05.153465,Amazon,refund,Chennai,Android,0
4529,user_31,3326.24,2026-08-11 19:12:32.153465,Flipkart,request,Chennai,iOS,0
4530,user_47,4422.14,2026-09-15 14:47:22.153465,Flipkart,refund,Bangalore,Web,1
4531,user_46,2915.94,2026-09-08 17:27:23.153465,Zomato,request,Bangalore,iOS,0
4532,user_22,19332.09,2026-09-01 06:04:27.153465,Flipkart,refund,Pune,Android,0
4533,user_40,56072.37,2026-08-21 12:46:36.153465,Flipkart,send,Pune,Android,1
4534,user_18,3765.29,2026-08-24 21:43:10.153465,Paytm,request,Mumbai,Android,0
4535,user_33,8434.61,2026-09-05 01:47:12.153465,Flipkart,request,Chennai,Android,1
4536,user_5,19092.75,2026-08-03 23:41:28.153465,Swiggy,refund,Chennai,Android,0
4537,user_17,1569.41,2026-08-16 10:01:57.153465,Amazon,request,Chennai,iOS,0
4538,user_11,2058.33,2026-09-12 10:19:54.153465,Zomato,send,Mumbai,Android,0
4539,user_35,58158.2,2026-08-08 19:40:02.153465,Walmart,request,Pune,Android,0
4540,user_36,3488.54,2026-08-18 06:58:25.153465,Paytm,request,Pune,Android,0
4541,user_35,30337.9,2026-08-18 20:56:28.153465,Swiggy,send,Bangalore,Android,1
4542,user_14,19889.86,2026-07-29 21:36:08.153465,Paytm,refund,Bangalore,Android,0
4543,user_37,19952.53,2026-08-20 21:27:08.153465,Swiggy,send,Pune,Web,0
4544,user_30,14474.22,2026-07-28 04:28:36.153465,Walmart,request,Bangalore,iOS,1
4545,user_47,432.48,2026-07-29 16:11:25.153465,Flipkart,request,Mumbai,iOS,0
4546,user_38,17957.21,2026-09-09 17:56:39.153465,Zomato,refund,Delhi,Web,0
4547,user_2,33360.73,2026-09-01 02:47:31.153465,Paytm,request,Bangalore,Web,0
4548,user_40,6661.62,2026-07-27 04:27:13.153465,Flipkart,refund,Chennai,Web,0
4549,user_1,1931.83,2026-08-16 10:23:51.153465,Swiggy,request,Mumbai,iOS,0
4550,user_49,10627.22,2026-09-11 13:45:32.153465,Amazon,request,Chennai,Web,0
4551,user_7,45106.16,2026-09-17 18:46:26.153465,Swiggy,refund,Chennai,iOS,0
4552,user_5,17916.12,2026-09-04 19:22:50.153465,Flipkart,request,Chennai,Web,0
4553,user_3,32448.81,2026-08-31 01:57:40.153465,Flipkart,request,Bangalore,iOS,0
4554,user_46,4089.37,2026-07-22 20:09:14.153465,Swiggy,refund,Mumbai,iOS,0
4555,user_31,2306.79,2026-09-13 01:21:48.153465,Amazon,send,Chennai,Web,0
4556,user_7,20968.36,2026-08-10 18:24:42.153465,Walmart,send,Bangalore,Android,0
4557,user_14,7796.71,2026-07-24 21:31:27.153465,Swiggy,send,Bangalore,Android,0
4558,user_20,19198.49,2026-08-02 05:50:29.153465,Zomato,refund,Pune,iOS,0
4559,user_48,549.88,2026-08-29 06:50:07.153465,Paytm,request,Chennai,iOS,0
4560,user_41,3061.99,2026-09-15 05:15:04.153465,Amazon,request,Mumbai,iOS,0
4561,user_49,9375.4,2026-08-05 09:19:23.153465,Zomato,send,Mumbai,iOS,0
4562,user_6,1416.21,2026-09-08 06:14:59.153465,Amazon,refund,Pune,Web,1
4563,user_49,16612.66,2026-08-29 21:57:20.153465,Amazon,refund,Pune,Android,1
4564,user_4,4948.32,2026-08-22 22:35:25.153465,Amazon,send,Bangalore,iOS,1
4565,user_3,57010.92,2026-08-26 13:41:20.153465,Zomato,refund,Chennai,iOS,0
4566,user_48,4548.96,2026-09-14 02:05:12.153465,Zomato,refund,Mumbai,Web,1
4567,user_19,524.57,2026-08-02 19:34:06.153465,Paytm,request,Chennai,iOS,0
4568,user_23,17482.45,2026-09-14 09:32:12.153465,Walmart,send,Chennai,Web,1
4569,user_37,15928.65,2026-07-23 02:53:15.153465,Walmart,send,Mumbai,Android,0
4570,user_13,19878.33,2026-09-02 15:22:04.153465,Amazon,send,Chennai,iOS,0
4571,user_8,2891.39,2026-09-05 06:06:05.153465,Walmart,refund,Mumbai,Android,0
4572,user_11,4985.25,2026-08-16 00:56:07.153465,Paytm,refund,Delhi,iOS,0
4573,user_33,3231.94,2026-09-16 14:32:26.153465,Paytm,refund,Pune,Web,0
4574,user_22,17074.62,2026-08-11 01:56:04.153465,Flipkart,send,Chennai,Android,0
4575,user_30,57559.52,2026-09-01 10:15:10.153465,Flipkart,send,Bangalore,Web,0
4576,user_29,3204.44,2026-09-13 14:10:22.153465,Swiggy,send,Pune,Web,0
4577,user_37,11870.07,2026-08-23 02:12:38.153465,Amazon,send,Mumbai,Web,0
4578,user_50,2508.65,2026-08-23 14:44:40.153465,Walmart,refund,Pune,iOS,0
4579,user_31,3274.72,2026-08-13 11:36:45.153465,Paytm,send,Pune,Android,0
4580,user_19,9883.34,2026-08-14 04:35:18.153465,Swiggy,refund,Bangalore,Web,1
4581,user_40,19555.88,2026-08-21 18:10:26.153465,Walmart,refund,Chennai,Web,0
4582,user_28,4070.46,2026-08-14 00:55:11.153465,Walmart,send,Delhi,Web,0
4583,user_42,2640.54,2026-09-09 18:35:37.153465,Flipkart,send,Pune,Web,0
4584,user_38,10466.49,2026-08-24 08:53:36.153465,Flipkart,send,Chennai,Android,0
4585,user_40,7414.83,2026-08-20 22:08:01.153465,Walmart,refund,Bangalore,iOS,0
4586,user_14,9803.12,2026-08-15 04:09:50.153465,Zomato,request,Bangalore,Web,0
4587,user_46,4016.92,2026-08-30 04:01:21.153465,Swiggy,send,Mumbai,Web,0
4588,user_25,1561.3,2026-08-02 21:54:07.153465,Zomato,send,Pune,Web,1
4589,user_27,53376.06,2026-07-28 02:19:11.153465,Zomato,refund,Delhi,Android,1
4590,user_29,2497.98,2026-09-16 10:33:02.153465,Swiggy,send,Chennai,Web,0
4591,user_38,13812.35,2026-08-26 23:35:36.153465,Zomato,refund,Mumbai,iOS,0
4592,user_32,1745.32,2026-09-06 08:27:57.153465,Amazon,send,Mumbai,Android,1
4593,user_10,17086.37,2026-08-09 00:11:31.153465,Swiggy,send,Pune,iOS,1
4594,user_50,1132.01,2026-08-09 02:31:01.153465,Amazon,send,Chennai,Android,0
4595,user_6,1819.66,2026-09-02 11:12:02.153465,Flipkart,send,Bangalore,iOS,0
4596,user_20,15427.43,2026-07-22 11:04:12.153465,Flipkart,request,Chennai,Web,0
4597,user_37,11946.71,2026-09-14 22:03:50.153465,Swiggy,refund,Chennai,Android,0
4598,user_29,10242.86,2026-09-04 10:25:46.153465,Amazon,request,Chennai,Web,1
4599,user_4,1234.52,2026-08-06 15:55:18.153465,Paytm,refund,Pune,iOS,0
4600,user_22,14549.61,2026-08-05 02:54:30.153465,Amazon,request,Chennai,Android,0
4601,user_18,2634.21,2026-08-27 07:24:32.153465,Swiggy,request,Delhi,Android,0
4602,user_10,13316.22,2026-09-08 13:35:22.153465,Zomato,send,Delhi,iOS,1
4603,user_40,14443.07,2026-08-30 03:33:36.153465,Swiggy,refund,Bangalore,iOS,0
4604,user_40,15186.73,2026-08-29 15:34:14.153465,Swiggy,send,Chennai,Android,0
4605,user_35,18172.61,2026-07-26 01:32:27.153465,Amazon,refund,Chennai,Android,1
4606,user_28,4754.58,2026-09-06 09:01:21.153465,Flipkart,refund,Delhi,Web,1
4607,user_14,105209.62,2026-09-09 02:23:31.153465,Flipkart,refund,Bangalore,Web,1
4608,user_34,643.21,2026-08-13 17:33:35.153465,Walmart,request,Delhi,Web,0
4609,user_7,57708.53,2026-09-09 04:41:47.153465,Amazon,refund,Pune,Web,0
4610,user_17,1345.72,2026-07-23 05:42:35.153465,Walmart,refund,Pune,Android,0
4611,user_47,4116.17,2026-08-14 22:44:12.153465,Zomato,request,Chennai,Android,0
4612,user_20,11306.69,2026-08-07 09:45:27.153465,Swiggy,send,Pune,Android,0
4613,user_25,2822.56,2026-08-22 17:45:00.153465,Zomato,refund,Pune,Web,0
4614,user_25,11990.47,2026-08-24 15:34:41.153465,Walmart,request,Delhi,Android,0
4615,user_37,9845.35,2026-08-30 03:05:19.153465,Flipkart,refund,Chennai,iOS,0
4616,user_37,16560.75,2026-08-29 21:43:44.153465,Amazon,request,Delhi,Android,0
4617,user_20,35088.13,2026-09-09 10:18:36.153465,Walmart,refund,Delhi,Web,1
4618,user_39,1111.54,2026-08-16 13:18:43.153465,Amazon,send,Pune,Android,0
4619,user_18,3204.1,2026-08-03 00:08:39.153465,Swiggy,request,Delhi,Android,0
4620,user_34,2848.58,2026-08-21 18:58:55.153465,Paytm,refund,Pune,iOS,0
4621,user_44,17399.64,2026-08-03 07:41:08.153465,Flipkart,send,Chennai,iOS,0
4622,user_28,25685.73,2026-07-30 21:31:13.153465,Walmart,send,Pune,iOS,1
4623,user_10,4134.74,2026-08-22 15:19:24.153465,Amazon,refund,Bangalore,Web,1
4624,user_26,4018.47,2026-09-03 13:53:19.153465,Flipkart,refund,Delhi,iOS,0
4625,user_5,15960.07,2026-09-07 01:19:43.153465,Paytm,send,Mumbai,iOS,0
4626,user_32,727.99,2026-08-12 04:35:34.153465,Zomato,request,Pune,iOS,0
4627,user_47,1263.38,2026-08-12 14:42:11.153465,Walmart,refund,Delhi,iOS,0
4628,user_10,4556.77,2026-08-21 00:41:01.153465,Swiggy,send,Chennai,Web,1
4629,user_28,2171.5,2026-08-03 03:28:07.153465,Amazon,request,Pune,Android,0
4630,user_19,3028.29,2026-09-17 22:13:01.153465,Zomato,request,Chennai,Web,0
4631,user_19,10956.86,2026-09-18 15:28:18.153465,Paytm,refund,Bangalore,Android,0
4632,user_6,728.94,2026-08-15 22:28:18.153465,Flipkart,refund,Chennai,Android,0
4633,user_15,150372.59,2026-08-23 23:26:56.153465,Amazon,request,Chennai,Android,1
4634,user_25,4346.03,2026-08-03 05:41:18.153465,Flipkart,request,Chennai,Web,1
4635,user_13,6657.85,2026-07-30 21:20:49.153465,Walmart,send,Mumbai,iOS,0
4636,user_33,938.74,2026-08-19 14:17:16.153465,Flipkart,send,Pune,Web,1
4637,user_24,5478.47,2026-08-10 11:16:02.153465,Swiggy,refund,Delhi,Android,0
4638,user_47,1494.23,2026-08-19 10:00:24.153465,Amazon,request,Bangalore,iOS,0
4639,user_34,4539.39,2026-08-25 10:42:56.153465,Walmart,send,Delhi,Web,1
4640,user_13,14272.98,2026-08-17 05:47:43.153465,Paytm,request,Bangalore,iOS,0
4641,user_33,4300.61,2026-09-18 14:09:28.153465,Paytm,refund,Chennai,Android,0
4642,user_11,3386.0,2026-08-07 12:28:24.153465,Swiggy,refund,Chennai,Web,0
4643,user_49,16826.14,2026-08-12 20:12:15.153465,Walmart,request,Bangalore,Web,0
4644,user_9,4483.67,2026-07-26 09:37:31.153465,Amazon,request,Delhi,iOS,1
4645,user_37,12845.02,2026-08-30 02:38:34.153465,Zomato,refund,Delhi,Web,0
4646,user_39,24412.97,2026-08-06 04:43:43.153465,Flipkart,refund,Chennai,Web,1
4647,user_48,3664.44,2026-08-13 02:26:23.153465,Walmart,send,Mumbai,iOS,0
4648,user_44,18039.29,2026-08-12 23:12:21.153465,Zomato,send,Bangalore,Android,0
4649,user_18,3730.23,2026-08-27 15:32:34.153465,Zomato,send,Bangalore,Android,0
4650,user_38,12479.14,2026-08-21 18:06:04.153465,Walmart,refund,Delhi,Web,0
4651,user_1,742.96,2026-09-13 11:55:26.153465,Paytm,refund,Pune,iOS,0
4652,user_46,28034.81,2026-09-11 17:45:14.153465,Walmart,refund,Pune,Web,1
4653,user_5,79023.92,2026-07-26 16:35:53.153465,Paytm,send,Pune,iOS,0
4654,user_18,12524.36,2026-08-14 14:34:20.153465,Flipkart,send,Delhi,Web,1
4655,user_42,4542.58,2026-08-10 08:09:48.153465,Walmart,request,Pune,Web,1
4656,user_6,2311.75,2026-08-08 01:55:53.153465,Flipkart,refund,Delhi,Android,0
4657,user_18,2409.38,2026-08-28 10:54:05.153465,Flipkart,send,Bangalore,Web,0
4658,user_46,1892.74,2026-09-13 13:33:10.153465,Swiggy,send,Pune,Web,0
4659,user_44,18474.47,2026-08-17 12:23:38.153465,Paytm,send,Bangalore,Web,0
4660,user_16,4159.63,2026-08-16 03:29:27.153465,Flipkart,refund,Chennai,iOS,0
4661,user_16,14452.34,2026-09-17 09:32:36.153465,Flipkart,request,Delhi,Android,1
4662,user_34,1953.47,2026-08-30 00:25:25.153465,Paytm,request,Mumbai,Android,0
4663,user_2,34346.29,2026-08-15 09:19:43.153465,Zomato,request,Mumbai,iOS,0
4664,user_43,19260.62,2026-08-24 16:25:24.153465,Walmart,request,Bangalore,Web,0
4665,user_10,4414.29,2026-08-04 15:48:31.153465,Paytm,request,Delhi,Web,1
4666,user_30,13100.0,2026-08-31 13:41:48.153465,Flipkart,refund,Delhi,iOS,0
4667,user_21,575.2,2026-07-30 18:46:01.153465,Amazon,request,Pune,Android,0
4668,user_44,9920.31,2026-08-22 15:08:43.153465,Walmart,refund,Delhi,Web,0
4669,user_13,10848.95,2026-08-02 10:37:21.153465,Amazon,refund,Pune,Android,0
4670,user_1,4040.06,2026-09-14 00:08:09.153465,Paytm,send,Mumbai,Web,1
4671,user_24,10424.51,2026-09-02 13:14:17.153465,Flipkart,refund,Mumbai,iOS,0
4672,user_18,359.4,2026-09-08 03:25:01.153465,Flipkart,refund,Bangalore,Android,0
4673,user_1,2402.64,2026-07-31 16:17:59.153465,Zomato,send,Mumbai,Web,0
4674,user_13,7607.78,2026-07-26 10:17:29.153465,Paytm,request,Mumbai,Web,0
4675,user_27,35465.76,2026-08-19 18:52:52.153465,Paytm,request,Pune,Web,0
4676,user_5,12084.3,2026-09-02 06:02:18.153465,Zomato,request,Pune,Web,0
4677,user_19,2732.75,2026-09-04 02:27:40.153465,Walmart,refund,Pune,Web,0
4678,user_45,12652.97,2026-08-09 19:24:56.153465,Paytm,send,Pune,iOS,1
4679,user_46,1760.42,2026-07-21 15:03:48.153465,Amazon,request,Bangalore,iOS,0
4680,user_45,4101.98,2026-08-16 16:18:17.153465,Swiggy,refund,Delhi,Web,0
4681,user_34,17542.52,2026-07-22 16:06:01.153465,Walmart,refund,Delhi,Web,1
4682,user_24,92769.44,2026-08-16 19:17:52.153465,Paytm,request,Chennai,Android,0
4683,user_25,3765.76,2026-09-02 14:19:47.153465,Flipkart,request,Pune,Android,0
4684,user_2,21146.56,2026-07-29 22:47:07.153465,Swiggy,request,Delhi,iOS,0
4685,user_42,3653.23,2026-08-13 15:20:16.153465,Paytm,request,Delhi,Android,0
4686,user_43,10603.46,2026-07-26 20:25:16.153465,Swiggy,request,Mumbai,Android,0
4687,user_36,4241.04,2026-08-11 12:32:03.153465,Walmart,refund,Mumbai,iOS,1
4688,user_18,4977.54,2026-07-26 03:23:28.153465,Walmart,refund,Pune,iOS,1
4689,user_34,3567.37,2026-09-18 07:21:04.153465,Walmart,request,Mumbai,iOS,0
4690,user_42,4677.51,2026-08-10 18:22:24.153465,Flipkart,request,Delhi,Android,1
4691,user_34,2569.31,2026-09-07 05:35:24.153465,Paytm,send,Chennai,Android,0
4692,user_15,14626.57,2026-08-19 09:17:08.153465,Paytm,send,Bangalore,Android,0
4693,user_20,48440.79,2026-08-26 20:41:27.153465,Zomato,refund,Mumbai,Android,0
4694,user_11,605.72,2026-07-27 16:03:45.153465,Swiggy,send,Delhi,Android,0
4695,user_37,8720.56,2026-08-04 02:07:52.153465,Walmart,request,Bangalore,iOS,0
4696,user_45,2455.39,2026-08-25 03:35:30.153465,Amazon,send,Pune,Web,0
4697,user_15,19510.11,2026-08-30 07:58:42.153465,Paytm,request,Delhi,iOS,0
4698,user_45,1416.76,2026-08-09 13:23:13.153465,Paytm,refund,Bangalore,iOS,0
4699,user_13,7023.91,2026-08-30 13:46:59.153465,Flipkart,send,Mumbai,iOS,1
4700,user_3,43453.98,2026-08-20 10:48:32.153465,Amazon,send,Bangalore,Android,0
4701,user_38,6326.42,2026-07-24 15:53:37.153465,Paytm,refund,Pune,Android,0
4702,user_27,12688.16,2026-08-10 20:45:00.153465,Swiggy,refund,Pune,Web,0
4703,user_9,13917.85,2026-08-10 10:17:07.153465,Zomato,send,Bangalore,iOS,1
4704,user_9,3701.6,2026-08-03 13:51:45.153465,Walmart,request,Mumbai,Android,0
4705,user_17,1870.83,2026-08-21 02:40:07.153465,Zomato,send,Mumbai,Android,0
4706,user_43,98314.0,2026-08-10 09:03:43.153465,Zomato,refund,Chennai,iOS,1
4707,user_40,6900.48,2026-08-30 07:01:20.153465,Zomato,request,Bangalore,Android,0
4708,user_23,17888.59,2026-07-31 20:41:16.153465,Zomato,request,Bangalore,iOS,0
4709,user_13,6364.5,2026-09-13 13:19:24.153465,Flipkart,request,Mumbai,Android,1
4710,user_12,48103.82,2026-08-29 21:05:43.153465,Zomato,request,Delhi,Web,0
4711,user_22,13018.63,2026-09-15 08:01:38.153465,Amazon,send,Chennai,Web,1
4712,user_47,19144.89,2026-07-23 04:33:33.153465,Flipkart,send,Chennai,Android,0
4713,user_7,21891.38,2026-08-08 12:59:52.153465,Flipkart,refund,Bangalore,iOS,0
4714,user_43,13452.34,2026-08-31 16:08:57.153465,Swiggy,send,Delhi,Web,0
4715,user_49,7638.22,2026-09-08 03:57:40.153465,Swiggy,send,Chennai,Web,0
4716,user_24,9976.89,2026-08-28 00:20:19.153465,Amazon,request,Delhi,Web,0
4717,user_46,1310.18,2026-07-25 14:01:22.153465,Swiggy,refund,Chennai,Web,1
4718,user_48,1756.72,2026-08-24 16:30:23.153465,Swiggy,send,Mumbai,Android,0
4719,user_12,54124.9,2026-09-08 22:22:29.153465,Paytm,send,Mumbai,iOS,0
4720,user_43,19362.94,2026-09-08 00:14:18.153465,Walmart,request,Chennai,iOS,0
4721,user_18,790.0,2026-08-07 23:52:08.153465,Swiggy,refund,Bangalore,iOS,0
4722,user_15,8044.94,2026-07-28 14:17:40.153465,Paytm,send,Pune,Android,0
4723,user_7,50445.64,2026-08-29 12:23:31.153465,Amazon,send,Chennai,iOS,0
4724,user_37,15319.71,2026-09-01 13:47:43.153465,Amazon,refund,Bangalore,iOS,0
4725,user_9,2076.06,2026-07-26 03:52:37.153465,Zomato,refund,Pune,Android,1
4726,user_30,18474.86,2026-09-07 04:02:44.153465,Amazon,request,Bangalore,iOS,0
4727,user_38,9013.91,2026-09-04 17:48:17.153465,Swiggy,refund,Chennai,Android,0
4728,user_13,13985.13,2026-07-26 20:16:42.153465,Swiggy,send,Delhi,iOS,0
4729,user_25,3774.61,2026-09-16 10:58:47.153465,Walmart,refund,Bangalore,Web,0
4730,user_50,4880.21,2026-09-07 19:55:46.153465,Swiggy,request,Mumbai,Android,1
4731,user_36,7714.18,2026-08-19 10:55:52.153465,Walmart,send,Chennai,iOS,1
4732,user_28,2735.97,2026-09-16 04:00:39.153465,Paytm,refund,Delhi,Web,0
4733,user_18,13476.34,2026-07-25 09:59:53.153465,Paytm,refund,Chennai,Android,0
4734,user_4,2918.79,2026-09-14 23:22:29.153465,Amazon,request,Bangalore,Web,0
4735,user_18,7760.36,2026-08-24 10:22:39.153465,Paytm,refund,Pune,Web,1
4736,user_7,59898.67,2026-08-26 15:46:52.153465,Paytm,send,Chennai,iOS,0
4737,user_39,3790.07,2026-09-10 15:50:06.153465,Zomato,request,Mumbai,Android,0
4738,user_32,3791.31,2026-08-15 11:16:02.153465,Paytm,send,Chennai,iOS,0
4739,user_46,2963.7,2026-07-29 09:10:44.153465,Flipkart,send,Bangalore,iOS,0
4740,user_31,9045.05,2026-07-30 16:09:11.153465,Walmart,refund,Chennai,Android,1
4741,user_23,7189.93,2026-08-02 13:38:33.153465,Zomato,send,Delhi,iOS,0
4742,user_11,2872.45,2026-08-25 21:09:29.153465,Zomato,send,Bangalore,Android,0
4743,user_7,247264.02,2026-08-26 07:25:32.153465,Flipkart,request,Pune,iOS,0
4744,user_12,47425.82,2026-07-22 05:59:34.153465,Walmart,send,Chennai,iOS,0
4745,user_26,1907.0,2026-08-12 01:03:02.153465,Swiggy,refund,Pune,Web,0
4746,user_40,15737.2,2026-09-03 00:45:51.153465,Zomato,request,Delhi,iOS,0
4747,user_21,4376.65,2026-08-22 00:51:04.153465,Zomato,send,Mumbai,Web,1
4748,user_39,2345.91,2026-08-23 18:16:39.153465,Swiggy,refund,Chennai,iOS,0
4749,user_46,3525.36,2026-08-06 06:23:11.153465,Walmart,send,Pune,Web,1
4750,user_47,1394.68,2026-07-29 23:55:21.153465,Swiggy,refund,Chennai,iOS,0
4751,user_12,17770.96,2026-08-23 20:08:53.153465,Paytm,refund,Pune,Web,1
4752,user_11,375.85,2026-08-24 15:53:02.153465,Swiggy,request,Pune,Android,0
4753,user_36,3527.86,2026-08-27 21:24:03.153465,Flipkart,refund,Chennai,Web,0
4754,user_23,15789.87,2026-07-24 11:14:54.153465,Walmart,request,Bangalore,Web,0
4755,user_16,599.14,2026-08-16 21:56:46.153465,Amazon,send,Chennai,iOS,0
4756,user_44,6045.73,2026-08-21 20:50:25.153465,Walmart,send,Pune,Android,0
4757,user_37,12072.27,2026-09-17 20:14:23.153465,Walmart,refund,Chennai,Web,1
4758,user_48,4046.22,2026-09-15 08:52:32.153465,Paytm,request,Delhi,iOS,0
4759,user_48,2341.58,2026-07-28 07:38:54.153465,Amazon,request,Delhi,iOS,0
4760,user_28,2515.02,2026-08-31 11:01:27.153465,Walmart,send,Bangalore,iOS,0
4761,user_20,10900.03,2026-09-11 08:19:25.153465,Amazon,send,Delhi,iOS,0
4762,user_26,3397.41,2026-08-26 01:54:28.153465,Swiggy,refund,Delhi,Web,0
4763,user_13,18311.15,2026-09-12 17:46:10.153465,Amazon,refund,Delhi,Web,0
4764,user_36,1101.8,2026-07-22 15:47:17.153465,Walmart,request,Bangalore,Android,0
4765,user_42,2451.18,2026-08-06 15:09:08.153465,Flipkart,request,Mumbai,Web,1
4766,user_41,3187.22,2026-09-01 00:50:21.153465,Paytm,refund,Chennai,Web,1
4767,user_42,4681.0,2026-09-02 11:25:36.153465,Zomato,send,Pune,Android,0
4768,user_9,242.44,2026-09-13 15:11:07.153465,Swiggy,request,Delhi,iOS,0
4769,user_19,856.32,2026-09-14 02:33:15.153465,Amazon,request,Bangalore,iOS,0
4770,user_34,3227.39,2026-08-24 07:16:29.153465,Paytm,request,Chennai,Web,0
4771,user_28,11584.93,2026-09-17 00:23:57.153465,Zomato,send,Delhi,iOS,1
4772,user_18,1039.0,2026-07-22 13:28:19.153465,Swiggy,refund,Bangalore,iOS,0
4773,user_27,13980.53,2026-09-16 11:10:23.153465,Swiggy,refund,Pune,Android,0
4774,user_28,3809.5,2026-08-13 16:25:37.153465,Paytm,refund,Chennai,Android,0
4775,user_42,4384.4,2026-08-18 20:37:15.153465,Walmart,request,Mumbai,iOS,0
4776,user_50,8380.41,2026-08-18 15:58:59.153465,Swiggy,send,Delhi,Web,1
4777,user_41,2145.95,2026-08-05 11:56:25.153465,Amazon,refund,Mumbai,iOS,0
4778,user_6,2174.92,2026-07-25 07:25:24.153465,Swiggy,refund,Delhi,iOS,0
4779,user_42,966.14,2026-07-27 08:45:17.153465,Swiggy,refund,Delhi,Android,0
4780,user_2,37114.82,2026-08-15 02:15:11.153465,Swiggy,send,Mumbai,Web,1
4781,user_28,2095.93,2026-09-01 22:19:42.153465,Walmart,refund,Mumbai,iOS,0
4782,user_12,50817.63,2026-09-08 14:26:48.153465,Zomato,send,Pune,Web,0
4783,user_13,11333.69,2026-09-04 18:01:53.153465,Swiggy,refund,Mumbai,Android,0
4784,user_21,1244.55,2026-07-31 18:35:27.153465,Paytm,refund,Bangalore,Web,0
4785,user_31,296.52,2026-09-12 15:46:37.153465,Paytm,refund,Chennai,iOS,0
4786,user_31,4189.21,2026-08-30 07:07:14.153465,Paytm,request,Bangalore,Web,1
4787,user_25,4383.15,2026-09-01 15:53:41.153465,Walmart,refund,Mumbai,Web,1
4788,user_36,2620.94,2026-08-11 18:13:47.153465,Zomato,refund,Chennai,Android,0
4789,user_31,1343.27,2026-08-17 20:40:45.153465,Paytm,refund,Mumbai,Android,0
4790,user_12,32734.66,2026-08-27 04:16:36.153465,Swiggy,refund,Mumbai,iOS,0
4791,user_27,7152.81,2026-09-18 18:41:41.153465,Zomato,request,Mumbai,Android,0
4792,user_11,3395.94,2026-08-15 02:54:55.153465,Paytm,refund,Chennai,Web,0
4793,user_12,40775.76,2026-08-19 10:26:22.153465,Paytm,refund,Chennai,iOS,1
4794,user_7,42878.9,2026-07-30 10:17:20.153465,Swiggy,request,Pune,Android,0
4795,user_18,13201.4,2026-09-04 00:09:42.153465,Flipkart,send,Delhi,iOS,0
4796,user_34,3507.24,2026-09-07 11:40:50.153465,Paytm,send,Mumbai,iOS,0
4797,user_13,5105.69,2026-08-23 11:28:01.153465,Walmart,refund,Mumbai,Android,0
4798,user_49,11483.32,2026-07-30 00:28:07.153465,Zomato,request,Mumbai,Web,0
4799,user_16,2095.89,2026-08-29 23:27:31.153465,Zomato,request,Mumbai,Android,0
4800,user_22,16070.03,2026-09-15 01:09:12.153465,Flipkart,refund,Chennai,Web,0
4801,user_1,1222.91,2026-09-07 09:13:30.153465,Amazon,request,Chennai,iOS,0
4802,user_18,12484.62,2026-08-18 16:23:04.153465,Zomato,refund,Pune,Web,1
4803,user_32,2713.71,2026-08-10 04:16:17.153465,Walmart,send,Mumbai,Web,0
4804,user_21,2045.22,2026-08-16 22:42:19.153465,Swiggy,refund,Bangalore,Android,0
4805,user_35,12068.64,2026-07-23 03:34:25.153465,Flipkart,send,Delhi,iOS,0
4806,user_26,16898.06,2026-09-06 03:55:16.153465,Zomato,request,Delhi,Android,1
4807,user_6,3146.99,2026-08-01 00:37:09.153465,Paytm,request,Pune,iOS,0
4808,user_37,12389.16,2026-09-07 02:35:15.153465,Zomato,request,Bangalore,Web,0
4809,user_26,313.1,2026-08-30 00:59:15.153465,Amazon,send,Delhi,Android,0
4810,user_12,25313.67,2026-08-26 11:24:09.153465,Amazon,refund,Pune,Android,0
4811,user_42,1253.41,2026-08-02 14:10:55.153465,Swiggy,request,Mumbai,iOS,0
4812,user_6,4792.52,2026-08-28 17:37:28.153465,Paytm,refund,Pune,Android,0
4813,user_2,34416.15,2026-09-07 12:26:11.153465,Paytm,refund,Delhi,iOS,0
4814,user_45,4225.14,2026-09-14 04:24:48.153465,Amazon,send,Pune,iOS,0
4815,user_1,1606.37,2026-08-02 16:09:18.153465,Amazon,request,Pune,Web,0
4816,user_48,2012.13,2026-08-31 12:22:02.153465,Swiggy,request,Mumbai,Web,0
4817,user_48,3920.69,2026-07-24 05:24:30.153465,Zomato,send,Bangalore,Android,0
4818,user_37,18627.89,2026-07-22 20:00:20.153465,Zomato,send,Chennai,Android,0
4819,user_21,4588.58,2026-09-17 19:35:55.153465,Amazon,request,Chennai,Web,1
4820,user_41,1031.72,2026-08-23 19:56:55.153465,Amazon,request,Delhi,Web,0
4821,user_23,7784.88,2026-08-12 06:34:49.153465,Paytm,send,Mumbai,Android,0
4822,user_37,18426.11,2026-09-04 05:07:57.153465,Zomato,refund,Mumbai,Web,0
4823,user_12,18856.19,2026-07-26 12:21:31.153465,Walmart,refund,Mumbai,Web,0
4824,user_43,15513.57,2026-09-13 20:41:41.153465,Zomato,send,Chennai,Android,0
4825,user_45,807.44,2026-07-23 03:42:03.153465,Swiggy,send,Pune,Web,0
4826,user_21,4912.1,2026-08-06 19:02:22.153465,Amazon,request,Delhi,Android,1
4827,user_19,4381.73,2026-08-12 17:19:32.153465,Flipkart,send,Chennai,iOS,1
4828,user_26,3132.0,2026-08-11 12:15:03.153465,Walmart,send,Delhi,iOS,0
4829,user_31,1948.22,2026-08-14 10:24:14.153465,Amazon,send,Chennai,Android,0
4830,user_31,8986.38,2026-08-29 21:31:51.153465,Zomato,refund,Delhi,iOS,1
4831,user_8,439.37,2026-07-22 08:58:49.153465,Flipkart,request,Mumbai,iOS,1
4832,user_36,4175.78,2026-09-16 20:29:09.153465,Amazon,request,Mumbai,Android,1
4833,user_47,1422.59,2026-08-16 04:41:54.153465,Amazon,refund,Mumbai,Web,0
4834,user_23,19645.0,2026-07-30 01:19:42.153465,Zomato,request,Bangalore,iOS,0
4835,user_45,4981.14,2026-08-02 06:23:46.153465,Zomato,request,Chennai,Web,1
4836,user_43,6568.29,2026-08-18 21:27:38.153465,Amazon,refund,Mumbai,Android,0
4837,user_19,2578.36,2026-08-28 12:59:57.153465,Amazon,request,Pune,iOS,0
4838,user_43,13452.15,2026-08-01 02:43:44.153465,Paytm,request,Mumbai,Android,1
4839,user_19,1208.21,2026-08-08 21:41:23.153465,Paytm,refund,Mumbai,iOS,0
4840,user_46,1512.16,2026-07-24 00:28:40.153465,Flipkart,send,Delhi,iOS,0
4841,user_5,5888.57,2026-07-26 09:51:16.153465,Swiggy,refund,Pune,Web,1
4842,user_7,15865.3,2026-08-29 11:10:36.153465,Zomato,send,Bangalore,Android,0
4843,user_10,523.29,2026-09-08 23:09:03.153465,Zomato,request,Delhi,Android,0
4844,user_43,19061.27,2026-08-25 09:48:16.153465,Walmart,send,Chennai,iOS,0
4845,user_22,10516.93,2026-09-11 07:02:02.153465,Swiggy,send,Delhi,iOS,0
4846,user_15,12761.09,2026-07-31 17:02:03.153465,Swiggy,request,Delhi,Web,0
4847,user_28,3015.03,2026-07-27 00:07:03.153465,Amazon,refund,Bangalore,Android,0
4848,user_2,19948.82,2026-07-31 15:51:26.153465,Amazon,request,Pune,Android,0
4849,user_1,693.36,2026-09-05 18:59:34.153465,Flipkart,request,Pune,Web,0
4850,user_7,168336.52,2026-08-30 00:08:45.153465,Flipkart,send,Delhi,Web,1
4851,user_10,3677.36,2026-09-09 09:49:27.153465,Zomato,request,Chennai,iOS,0
4852,user_32,2477.7,2026-08-25 21:37:34.153465,Amazon,refund,Chennai,Web,0
4853,user_30,19370.6,2026-08-09 10:25:05.153465,Flipkart,request,Mumbai,iOS,1
4854,user_17,1287.15,2026-08-14 18:28:33.153465,Walmart,refund,Delhi,Web,0
4855,user_17,905.85,2026-08-31 06:34:22.153465,Walmart,send,Delhi,iOS,0
4856,user_17,2794.32,2026-09-18 06:30:16.153465,Walmart,refund,Mumbai,Android,0
4857,user_8,4787.19,2026-08-19 14:30:37.153465,Amazon,send,Chennai,iOS,1
4858,user_36,278.77,2026-08-08 20:32:39.153465,Walmart,send,Bangalore,iOS,1
4859,user_8,1754.14,2026-07-29 01:31:07.153465,Amazon,request,Chennai,iOS,1
4860,user_5,17265.65,2026-09-15 07:16:20.153465,Walmart,send,Mumbai,iOS,0
4861,user_48,2539.59,2026-08-17 17:06:44.153465,Zomato,refund,Bangalore,Web,0
4862,user_46,3818.72,2026-09-11 04:58:46.153465,Flipkart,send,Delhi,Web,0
4863,user_30,8985.9,2026-09-07 22:26:23.153465,Zomato,request,Pune,Web,0
4864,user_7,30727.79,2026-09-08 20:23:58.153465,Flipkart,refund,Mumbai,Android,0
4865,user_32,349.15,2026-07-29 20:11:54.153465,Walmart,send,Pune,iOS,0
4866,user_37,13890.26,2026-07-29 17:06:39.153465,Zomato,request,Bangalore,iOS,0
4867,user_33,4184.45,2026-09-01 09:53:20.153465,Amazon,refund,Chennai,Web,0
4868,user_16,2280.74,2026-09-18 10:00:50.153465,Paytm,request,Chennai,Web,0
4869,user_49,6661.1,2026-08-20 23:19:24.153465,Flipkart,refund,Delhi,Web,0
4870,user_8,337.44,2026-08-24 06:48:33.153465,Flipkart,send,Mumbai,Web,0
4871,user_19,3390.25,2026-09-06 17:31:39.153465,Zomato,send,Mumbai,iOS,0
4872,user_15,18475.79,2026-07-30 14:35:46.153465,Zomato,refund,Chennai,Android,0
4873,user_35,15344.75,2026-08-16 02:33:59.153465,Paytm,send,Delhi,Android,0
4874,user_17,3014.1,2026-09-08 13:09:59.153465,Swiggy,request,Delhi,Web,0
4875,user_50,1650.74,2026-08-22 12:26:00.153465,Flipkart,refund,Chennai,iOS,0
4876,user_8,1959.3,2026-07-29 16:57:02.153465,Walmart,refund,Chennai,Web,0
4877,user_21,2566.61,2026-07-27 12:19:55.153465,Swiggy,request,Delhi,Android,0
4878,user_24,15976.18,2026-08-14 08:30:45.153465,Zomato,request,Pune,Android,0
4879,user_28,3708.97,2026-09-18 19:11:56.153465,Zomato,send,Bangalore,Web,0
4880,user_23,36813.42,2026-09-04 15:15:22.153465,Swiggy,request,Delhi,Web,1
4881,user_16,3047.5,2026-09-18 15:35:51.153465,Paytm,send,Bangalore,Web,0
4882,user_43,10728.29,2026-08-08 03:51:39.153465,Paytm,refund,Pune,iOS,0
4883,user_3,227101.43,2026-08-06 22:24:51.153465,Walmart,request,Pune,iOS,1
4884,user_11,10605.18,2026-09-03 13:08:30.153465,Swiggy,send,Chennai,Web,1
4885,user_40,19913.66,2026-08-10 22:56:44.153465,Amazon,send,Bangalore,iOS,1
4886,user_46,226.03,2026-08-04 02:13:01.153465,Amazon,request,Delhi,Web,0
4887,user_9,3043.73,2026-09-05 11:07:10.153465,Walmart,refund,Bangalore,Android,0
4888,user_18,1471.75,2026-08-27 08:18:26.153465,Zomato,send,Delhi,iOS,0
4889,user_13,16700.22,2026-07-27 08:51:42.153465,Walmart,send,Pune,iOS,0
4890,user_2,30702.82,2026-08-23 10:34:16.153465,Flipkart,refund,Pune,Web,0
4891,user_35,16178.72,2026-09-07 10:41:21.153465,Swiggy,send,Bangalore,Android,0
4892,user_48,2228.21,2026-08-24 06:20:25.153465,Paytm,send,Pune,Android,0
4893,user_1,2419.59,2026-08-12 01:33:55.153465,Flipkart,refund,Mumbai,iOS,0
4894,user_45,2874.72,2026-07-28 17:21:26.153465,Walmart,send,Pune,iOS,0
4895,user_10,1745.35,2026-09-02 03:35:29.153465,Walmart,request,Delhi,iOS,0
4896,user_49,11261.67,2026-08-26 22:39:20.153465,Walmart,request,Bangalore,Android,0
4897,user_25,2031.68,2026-08-20 17:51:31.153465,Flipkart,request,Mumbai,iOS,0
4898,user_42,3755.24,2026-07-30 23:03:02.153465,Zomato,refund,Pune,Android,0
4899,user_17,25946.1,2026-08-16 22:39:09.153465,Walmart,send,Chennai,Web,1
4900,user_33,3073.48,2026-09-17 12:52:34.153465,Swiggy,request,Mumbai,iOS,0
4901,user_30,13955.39,2026-08-10 21:30:54.153465,Paytm,refund,Pune,iOS,0
4902,user_20,53363.69,2026-09-01 23:05:42.153465,Zomato,request,Pune,Android,1
4903,user_14,8773.23,2026-07-29 00:46:21.153465,Paytm,send,Bangalore,iOS,0
4904,user_2,24856.86,2026-08-10 20:11:20.153465,Walmart,send,Bangalore,Android,0
4905,user_28,2316.83,2026-08-01 21:39:26.153465,Swiggy,refund,Chennai,iOS,0
4906,user_12,45505.5,2026-07-30 03:09:18.153465,Zomato,request,Mumbai,Web,0
4907,user_27,17206.01,2026-09-03 23:34:19.153465,Amazon,request,Delhi,Web,0
4908,user_37,12974.87,2026-07-24 22:26:37.153465,Zomato,send,Chennai,Android,0
4909,user_16,4886.82,2026-08-01 06:54:50.153465,Paytm,request,Pune,Web,0
4910,user_34,2070.51,2026-09-11 23:23:01.153465,Swiggy,request,Delhi,Android,1
4911,user_6,2612.12,2026-09-02 02:07:35.153465,Flipkart,refund,Delhi,Android,0
4912,user_4,590.26,2026-08-13 17:50:10.153465,Flipkart,send,Chennai,Android,0
4913,user_21,801.67,2026-08-17 23:34:39.153465,Amazon,request,Bangalore,Web,0
4914,user_33,3134.52,2026-09-07 00:36:55.153465,Zomato,refund,Pune,iOS,0
4915,user_28,3493.34,2026-08-02 22:11:11.153465,Walmart,send,Pune,Android,0
4916,user_47,4944.84,2026-09-08 03:32:06.153465,Flipkart,request,Delhi,iOS,1
4917,user_34,4741.39,2026-08-29 08:04:04.153465,Walmart,send,Pune,iOS,0
4918,user_33,3829.0,2026-08-25 14:14:24.153465,Amazon,send,Delhi,Android,0
4919,user_21,4265.52,2026-09-12 08:02:21.153465,Amazon,request,Chennai,Android,1
4920,user_34,4326.89,2026-08-06 16:18:33.153465,Zomato,send,Pune,iOS,0
4921,user_7,18202.86,2026-08-18 07:18:33.153465,Swiggy,send,Pune,Web,0
4922,user_5,5279.0,2026-09-14 00:03:43.153465,Walmart,refund,Mumbai,Android,0
4923,user_28,777.64,2026-08-13 12:35:38.153465,Zomato,send,Chennai,Android,0
4924,user_5,5824.27,2026-08-08 18:48:03.153465,Flipkart,refund,Pune,Android,0
4925,user_47,601.44,2026-09-17 11:24:11.153465,Flipkart,refund,Delhi,iOS,1
4926,user_2,44057.46,2026-07-22 05:49:56.153465,Flipkart,refund,Delhi,Web,0
4927,user_18,4316.74,2026-07-22 07:08:14.153465,Amazon,send,Chennai,Web,0
4928,user_24,12636.27,2026-08-04 09:03:14.153465,Amazon,send,Bangalore,iOS,0
4929,user_10,2274.0,2026-07-26 19:08:57.153465,Amazon,send,Chennai,Web,0
4930,user_37,6791.87,2026-09-11 02:57:41.153465,Zomato,refund,Chennai,iOS,0
4931,user_21,2317.19,2026-08-26 06:05:52.153465,Zomato,send,Mumbai,Android,0
4932,user_9,2654.02,2026-08-11 14:28:05.153465,Zomato,request,Mumbai,iOS,0
4933,user_21,4823.48,2026-09-04 05:10:55.153465,Swiggy,request,Delhi,iOS,1
4934,user_5,14257.23,2026-09-13 11:28:26.153465,Flipkart,request,Delhi,iOS,0
4935,user_4,4654.66,2026-09-07 07:49:25.153465,Amazon,request,Delhi,Web,1
4936,user_15,16742.6,2026-08-14 05:24:59.153465,Walmart,refund,Delhi,Web,0
4937,user_12,54826.91,2026-07-23 00:57:35.153465,Zomato,refund,Mumbai,Web,0
4938,user_18,3557.76,2026-08-16 06:01:19.153465,Paytm,send,Pune,iOS,0
4939,user_26,1074.05,2026-08-04 18:07:33.153465,Walmart,request,Chennai,Android,0
4940,user_45,514.21,2026-09-06 05:24:12.153465,Flipkart,send,Pune,Android,0
4941,user_8,3363.01,2026-08-08 15:41:11.153465,Flipkart,send,Chennai,Web,0
4942,user_43,5748.91,2026-09-14 21:40:53.153465,Zomato,send,Mumbai,Android,0
4943,user_28,1763.83,2026-08-02 17:36:02.153465,Flipkart,refund,Chennai,iOS,1
4944,user_28,9180.16,2026-09-09 16:32:23.153465,Amazon,send,Chennai,Web,1
4945,user_25,3472.34,2026-09-01 08:28:31.153465,Walmart,send,Pune,Web,0
4946,user_22,19590.16,2026-07-30 06:45:18.153465,Zomato,refund,Pune,Android,0
4947,user_10,1170.62,2026-09-05 13:05:14.153465,Swiggy,send,Mumbai,Web,0
4948,user_26,4833.45,2026-08-28 18:37:36.153465,Zomato,send,Pune,Web,0
4949,user_42,2946.34,2026-09-07 07:42:52.153465,Zomato,refund,Bangalore,Android,0
4950,user_35,8971.55,2026-09-02 04:41:17.153465,Amazon,refund,Chennai,Web,0
4951,user_41,3438.26,2026-08-13 08:53:15.153465,Walmart,send,Mumbai,Web,0
4952,user_15,18309.05,2026-09-09 02:51:32.153465,Zomato,refund,Chennai,Web,0
4953,user_36,2673.99,2026-08-05 00:29:25.153465,Amazon,request,Delhi,Android,0
4954,user_8,435.93,2026-08-12 13:00:14.153465,Paytm,request,Bangalore,Android,0
4955,user_30,14764.06,2026-09-11 16:18:29.153465,Flipkart,send,Chennai,Android,0
4956,user_45,3841.33,2026-08-21 09:24:25.153465,Flipkart,request,Bangalore,iOS,0
4957,user_7,54283.25,2026-08-16 13:51:19.153465,Walmart,send,Bangalore,Web,0
4958,user_12,54518.26,2026-07-30 13:37:29.153465,Swiggy,request,Mumbai,Web,0
4959,user_36,1522.09,2026-09-01 17:27:29.153465,Walmart,refund,Chennai,Android,0
4960,user_2,56517.89,2026-08-24 20:08:11.153465,Amazon,refund,Chennai,Android,0
4961,user_36,3778.23,2026-08-24 17:15:01.153465,Flipkart,request,Pune,Web,0
4962,user_34,3354.86,2026-09-04 00:29:19.153465,Flipkart,request,Delhi,Android,0
4963,user_46,4575.27,2026-08-14 22:07:16.153465,Flipkart,refund,Pune,iOS,0
4964,user_46,1583.37,2026-08-11 06:15:42.153465,Zomato,request,Chennai,Web,0
4965,user_4,1365.18,2026-07-25 16:40:23.153465,Swiggy,send,Pune,Android,0
4966,user_14,13481.69,2026-08-14 19:46:21.153465,Amazon,send,Mumbai,iOS,0
4967,user_13,17910.44,2026-09-10 21:32:50.153465,Amazon,send,Chennai,Android,0
4968,user_22,12043.28,2026-08-01 13:17:32.153465,Amazon,refund,Bangalore,iOS,0
4969,user_16,1770.61,2026-07-22 20:47:57.153465,Flipkart,request,Pune,Web,0
4970,user_33,4559.04,2026-08-27 20:36:31.153465,Swiggy,request,Bangalore,Android,1
4971,user_21,2072.98,2026-08-13 01:05:23.153465,Amazon,send,Mumbai,iOS,0
4972,user_4,3855.65,2026-09-10 05:19:57.153465,Flipkart,send,Delhi,Android,0
4973,user_1,3020.89,2026-09-02 02:06:27.153465,Flipkart,request,Bangalore,iOS,0
4974,user_32,1739.41,2026-09-08 16:58:58.153465,Paytm,refund,Pune,Android,0
4975,user_41,547.03,2026-09-18 07:45:24.153465,Swiggy,send,Delhi,Android,0
4976,user_21,1442.37,2026-09-07 21:39:43.153465,Flipkart,request,Bangalore,iOS,0
4977,user_37,19415.6,2026-07-26 23:28:55.153465,Zomato,refund,Delhi,Android,0
4978,user_31,4133.71,2026-08-03 04:14:06.153465,Swiggy,send,Mumbai,iOS,0
4979,user_17,38737.47,2026-09-17 08:19:00.153465,Zomato,refund,Chennai,Android,1
4980,user_13,10025.08,2026-08-05 03:34:38.153465,Walmart,request,Pune,iOS,0
4981,user_11,2142.11,2026-07-27 19:41:38.153465,Zomato,request,Pune,Web,1
4982,user_26,3259.94,2026-08-10 21:35:24.153465,Flipkart,send,Delhi,Web,0
4983,user_13,12666.4,2026-07-24 23:43:41.153465,Paytm,send,Delhi,Android,0
4984,user_8,978.06,2026-08-07 21:16:26.153465,Paytm,request,Mumbai,iOS,0
4985,user_18,2151.46,2026-09-08 20:12:56.153465,Zomato,request,Mumbai,iOS,0
4986,user_9,769.1,2026-09-06 11:58:19.153465,Paytm,request,Pune,iOS,0
4987,user_4,15351.0,2026-09-18 09:16:08.153465,Zomato,request,Pune,Android,1
4988,user_34,2081.84,2026-08-12 03:12:36.153465,Flipkart,send,Mumbai,iOS,0
4989,user_31,3850.96,2026-08-31 00:35:18.153465,Flipkart,request,Chennai,iOS,0
4990,user_2,50459.15,2026-08-14 12:37:43.153465,Flipkart,refund,Chennai,iOS,0
4991,user_49,58689.89,2026-08-04 22:02:41.153465,Zomato,request,Mumbai,Web,1
4992,user_8,2841.45,2026-08-02 07:30:11.153465,Walmart,send,Bangalore,Web,0
4993,user_15,8506.31,2026-09-08 07:23:00.153465,Paytm,send,Bangalore,Web,0
4994,user_28,1643.04,2026-08-28 23:22:34.153465,Swiggy,refund,Pune,iOS,0
4995,user_12,15948.14,2026-09-04 14:45:14.153465,Zomato,request,Mumbai,Web,1
4996,user_9,4724.92,2026-08-05 12:10:33.153465,Swiggy,send,Delhi,Android,1
4997,user_19,997.5,2026-09-16 07:50:40.153465,Paytm,send,Mumbai,Android,0
4998,user_42,402.51,2026-08-09 01:17:06.153465,Swiggy,send,Mumbai,iOS,0
4999,user_30,5142.62,2026-09-06 17:52:25.153465,Swiggy,send,Pune,Android,1
5000,user_6,4444.94,2026-07-27 06:55:50.153465,Walmart,refund,Pune,Web,0
5001,user_36,831.67,2026-08-28 09:36:24.153465,Paytm,refund,Bangalore,iOS,0
5002,user_19,3299.33,2026-08-03 13:35:33.153465,Amazon,request,Bangalore,Web,1
5003,user_19,1013.06,2026-08-06 09:06:14.153465,Walmart,send,Mumbai,iOS,0
5004,user_42,32073.69,2026-08-24 05:27:07.153465,Amazon,refund,Chennai,iOS,0
5005,user_23,17475.96,2026-09-01 23:22:33.153465,Walmart,request,Delhi,Web,0
5006,user_4,12910.68,2026-09-04 03:49:39.153465,Walmart,request,Pune,iOS,1
5007,user_10,1493.55,2026-08-06 01:03:45.153465,Walmart,refund,Mumbai,iOS,0
5008,user_33,4273.37,2026-09-16 05:41:15.153465,Zomato,request,Mumbai,Android,0
5009,user_38,14268.53,2026-08-01 07:46:27.153465,Swiggy,send,Chennai,Web,0
5010,user_11,1601.45,2026-07-23 17:02:33.153465,Flipkart,request,Delhi,Web,0
5011,user_45,4852.15,2026-07-30 14:10:16.153465,Amazon,request,Mumbai,Web,0
5012,user_38,5638.83,2026-08-13 18:53:53.153465,Amazon,request,Chennai,iOS,0
5013,user_43,7561.11,2026-09-12 15:12:24.153465,Paytm,request,Mumbai,Web,0
5014,user_20,41157.76,2026-07-30 08:00:11.153465,Flipkart,refund,Mumbai,iOS,1
5015,user_13,17130.32,2026-09-01 15:13:49.153465,Walmart,request,Chennai,iOS,0
5016,user_28,1395.76,2026-09-17 20:14:16.153465,Swiggy,request,Bangalore,Android,0
5017,user_12,59623.08,2026-09-11 18:39:25.153465,Walmart,request,Delhi,Web,0
5018,user_17,887.37,2026-07-30 12:59:52.153465,Zomato,send,Pune,iOS,0
5019,user_36,3315.41,2026-08-06 18:28:26.153465,Walmart,send,Delhi,iOS,0
5020,user_25,4878.05,2026-07-30 14:39:39.153465,Amazon,request,Chennai,Web,1
5021,user_32,3041.32,2026-09-11 13:22:44.153465,Zomato,request,Chennai,Web,1
5022,user_35,7792.78,2026-08-02 20:21:59.153465,Zomato,send,Bangalore,iOS,0
5023,user_17,1513.21,2026-08-31 01:48:43.153465,Swiggy,request,Chennai,Android,0
5024,user_4,14919.27,2026-07-23 23:06:22.153465,Flipkart,send,Chennai,iOS,0
5025,user_18,4893.78,2026-09-13 21:51:49.153465,Walmart,refund,Mumbai,Web,1
5026,user_30,16789.47,2026-08-18 06:47:56.153465,Swiggy,refund,Chennai,iOS,0
5027,user_44,9485.17,2026-09-08 20:08:33.153465,Walmart,send,Pune,Android,0
5028,user_11,3073.14,2026-08-31 18:37:52.153465,Paytm,request,Pune,Android,1
5029,user_43,14199.7,2026-08-30 10:07:29.153465,Paytm,request,Pune,Android,0
5030,user_12,49553.51,2026-09-03 14:28:37.153465,Zomato,refund,Bangalore,Web,0
5031,user_9,1202.03,2026-08-10 13:41:22.153465,Zomato,send,Mumbai,Android,0
5032,user_27,9129.0,2026-09-05 19:08:46.153465,Amazon,refund,Pune,Android,0
5033,user_38,9133.83,2026-09-16 14:59:19.153465,Swiggy,request,Bangalore,Web,0
5034,user_9,4372.2,2026-08-02 15:55:02.153465,Paytm,request,Mumbai,iOS,0
5035,user_46,4987.54,2026-08-10 01:02:01.153465,Amazon,request,Pune,iOS,1
5036,user_23,9618.65,2026-08-12 22:20:12.153465,Zomato,request,Delhi,Web,0
5037,user_34,3053.75,2026-09-06 11:39:44.153465,Swiggy,send,Mumbai,Android,0
5038,user_30,10450.11,2026-09-14 17:44:56.153465,Zomato,refund,Delhi,Web,0
5039,user_44,8792.26,2026-09-09 02:44:51.153465,Zomato,send,Bangalore,Android,0
5040,user_25,866.61,2026-08-16 01:49:57.153465,Swiggy,send,Mumbai,Android,0
5041,user_3,48951.98,2026-08-06 20:37:37.153465,Zomato,send,Mumbai,Android,0
5042,user_26,4174.29,2026-08-31 10:18:53.153465,Zomato,request,Mumbai,Android,0
5043,user_40,15978.48,2026-09-14 01:39:38.153465,Zomato,refund,Pune,Web,0
5044,user_11,2751.96,2026-09-04 20:18:01.153465,Zomato,send,Mumbai,iOS,0
5045,user_20,19580.67,2026-09-14 00:36:33.153465,Swiggy,refund,Pune,iOS,0
5046,user_15,16075.05,2026-07-22 01:32:50.153465,Paytm,send,Pune,Android,0
5047,user_2,53915.26,2026-08-18 16:58:22.153465,Paytm,refund,Bangalore,Android,0
5048,user_32,13913.07,2026-09-16 00:06:35.153465,Swiggy,request,Pune,Android,1
5049,user_6,1064.21,2026-09-19 04:26:12.153465,Amazon,send,Delhi,iOS,0
5050,user_21,3789.83,2026-08-03 10:57:33.153465,Zomato,send,Delhi,Web,0
5051,user_14,19206.38,2026-07-22 22:22:55.153465,Paytm,request,Chennai,Android,0
5052,user_35,6383.15,2026-08-09 19:08:07.153465,Zomato,request,Mumbai,Web,0
5053,user_6,534.42,2026-07-26 09:24:58.153465,Walmart,refund,Bangalore,iOS,0
5054,user_33,2941.48,2026-07-26 05:58:30.153465,Zomato,request,Chennai,iOS,0
5055,user_45,1461.33,2026-08-07 19:59:41.153465,Amazon,send,Bangalore,iOS,0
5056,user_46,4327.97,2026-07-22 19:35:30.153465,Walmart,request,Bangalore,iOS,0
5057,user_22,81405.27,2026-07-29 20:20:15.153465,Zomato,request,Chennai,Web,1
5058,user_49,6622.89,2026-08-12 09:01:46.153465,Amazon,send,Delhi,Android,0
5059,user_45,3758.65,2026-08-06 17:28:29.153465,Walmart,request,Pune,Web,0
5060,user_32,514.56,2026-09-18 23:14:32.153465,Paytm,refund,Chennai,iOS,0
5061,user_48,2378.95,2026-08-01 08:38:11.153465,Zomato,refund,Pune,iOS,0
5062,user_48,4107.66,2026-08-10 16:36:00.153465,Zomato,send,Chennai,Web,0
5063,user_34,3430.96,2026-08-04 07:57:33.153465,Amazon,send,Mumbai,iOS,0
5064,user_1,1532.35,2026-08-24 20:53:12.153465,Zomato,refund,Chennai,Android,0
5065,user_50,1061.43,2026-09-16 03:13:13.153465,Zomato,request,Pune,Web,0
5066,user_16,4509.1,2026-08-26 10:21:35.153465,Flipkart,refund,Pune,Web,0
5067,user_25,3300.63,2026-08-31 16:51:00.153465,Zomato,refund,Mumbai,iOS,1
5068,user_11,815.53,2026-09-06 13:54:42.153465,Zomato,request,Chennai,Android,0
5069,user_12,16619.28,2026-09-16 11:11:19.153465,Flipkart,refund,Bangalore,Web,1
5070,user_37,9979.48,2026-09-11 17:17:59.153465,Flipkart,send,Pune,Android,0
5071,user_15,12412.0,2026-08-09 15:52:39.153465,Paytm,refund,Mumbai,iOS,0
5072,user_6,4842.14,2026-08-12 20:14:49.153465,Walmart,request,Delhi,Web,1
5073,user_16,716.68,2026-08-12 22:09:24.153465,Paytm,send,Bangalore,iOS,0
5074,user_47,3060.02,2026-08-29 19:08:01.153465,Flipkart,refund,Delhi,Web,0
5075,user_32,1303.94,2026-09-13 12:37:33.153465,Zomato,request,Pune,iOS,1
5076,user_5,6230.72,2026-08-20 17:16:29.153465,Zomato,send,Bangalore,Web,0
5077,user_40,32445.21,2026-09-02 18:57:43.153465,Paytm,refund,Pune,Web,1
5078,user_5,13044.06,2026-09-19 12:10:08.153465,Zomato,refund,Pune,Web,0
5079,user_10,1748.27,2026-08-15 08:16:14.153465,Zomato,refund,Mumbai,iOS,0
5080,user_34,2025.19,2026-09-03 18:48:23.153465,Paytm,send,Chennai,Android,0
5081,user_4,31733.1,2026-09-15 22:55:51.153465,Flipkart,send,Bangalore,Web,1
5082,user_14,6118.57,2026-09-01 00:28:58.153465,Walmart,request,Mumbai,iOS,0
5083,user_2,41734.39,2026-08-15 04:29:58.153465,Swiggy,send,Mumbai,iOS,0
5084,user_22,10687.08,2026-09-13 13:44:30.153465,Swiggy,refund,Chennai,Android,0
5085,user_44,10357.38,2026-08-01 03:09:51.153465,Zomato,refund,Chennai,Web,0
5086,user_24,19015.17,2026-08-15 08:20:46.153465,Zomato,send,Bangalore,Android,0
5087,user_2,32108.23,2026-09-06 17:13:45.153465,Paytm,request,Delhi,Web,0
5088,user_13,38007.32,2026-09-14 17:26:04.153465,Amazon,send,Mumbai,Android,0
5089,user_29,535.34,2026-07-23 22:48:23.153465,Flipkart,send,Chennai,Android,0
5090,user_29,3513.31,2026-07-25 16:52:59.153465,Swiggy,send,Bangalore,iOS,0
5091,user_18,4515.42,2026-09-07 06:06:00.153465,Zomato,request,Chennai,Web,0
5092,user_13,19542.16,2026-09-01 17:24:55.153465,Swiggy,send,Pune,iOS,0
5093,user_7,49932.88,2026-08-19 07:10:52.153465,Walmart,refund,Chennai,Android,0
5094,user_48,663.35,2026-07-28 09:26:35.153465,Swiggy,refund,Delhi,Android,0
5095,user_41,437.22,2026-09-18 14:41:53.153465,Flipkart,request,Mumbai,Android,0
5096,user_38,155774.24,2026-08-30 09:06:15.153465,Amazon,send,Mumbai,Web,1
5097,user_15,15501.78,2026-09-19 05:11:01.153465,Zomato,send,Bangalore,Android,0
5098,user_14,7805.91,2026-09-09 08:32:14.153465,Paytm,request,Pune,Web,0
5099,user_27,14599.52,2026-08-18 02:50:53.153465,Walmart,refund,Bangalore,iOS,0
5100,user_49,15951.91,2026-08-28 01:25:02.153465,Zomato,send,Bangalore,iOS,0
5101,user_4,1815.6,2026-09-13 13:41:33.153465,Zomato,request,Chennai,iOS,0
5102,user_11,2468.23,2026-07-24 10:35:35.153465,Paytm,send,Pune,Android,0
5103,user_47,3329.36,2026-09-05 18:50:45.153465,Swiggy,refund,Pune,Android,0
5104,user_28,2633.04,2026-08-09 03:01:42.153465,Paytm,send,Delhi,Android,0
5105,user_9,537.95,2026-09-15 18:52:12.153465,Zomato,refund,Mumbai,Web,0
5106,user_24,9490.62,2026-08-17 07:22:53.153465,Paytm,send,Mumbai,Android,0
5107,user_29,2381.78,2026-07-22 01:28:36.153465,Amazon,send,Delhi,iOS,0
5108,user_5,7901.58,2026-08-06 21:56:32.153465,Paytm,refund,Bangalore,Android,0
5109,user_24,8313.39,2026-08-21 19:27:02.153465,Paytm,send,Delhi,iOS,0
5110,user_33,324.21,2026-08-27 08:16:31.153465,Amazon,request,Chennai,Android,0
5111,user_42,4776.49,2026-08-07 11:00:27.153465,Walmart,send,Chennai,iOS,1
5112,user_40,7557.24,2026-07-25 06:41:27.153465,Zomato,send,Mumbai,Web,0
5113,user_28,2163.91,2026-08-28 15:10:46.153465,Walmart,send,Delhi,Web,0
5114,user_36,3577.54,2026-09-04 17:34:55.153465,Amazon,request,Delhi,Android,0
5115,user_39,383.3,2026-08-29 16:20:59.153465,Zomato,refund,Pune,iOS,0
5116,user_6,1240.5,2026-08-06 05:11:17.153465,Flipkart,refund,Chennai,Web,0
5117,user_32,2613.67,2026-08-26 07:48:06.153465,Zomato,refund,Pune,iOS,0
5118,user_19,9816.42,2026-09-14 15:43:37.153465,Swiggy,send,Delhi,iOS,1
5119,user_40,19169.84,2026-08-28 06:17:06.153465,Flipkart,refund,Mumbai,iOS,0
5120,user_23,16753.8,2026-08-24 22:27:51.153465,Amazon,refund,Chennai,Web,0
5121,user_29,4826.8,2026-08-28 18:01:52.153465,Walmart,refund,Mumbai,Web,1
5122,user_15,7485.42,2026-08-25 11:18:10.153465,Walmart,refund,Pune,Android,0
5123,user_43,6394.15,2026-08-23 23:09:30.153465,Swiggy,request,Bangalore,Web,0
5124,user_17,2183.86,2026-08-17 10:10:06.153465,Walmart,request,Chennai,iOS,0
5125,user_7,97025.64,2026-09-11 08:51:10.153465,Paytm,request,Pune,iOS,0
5126,user_14,16167.62,2026-08-04 15:36:30.153465,Paytm,send,Bangalore,iOS,0
5127,user_39,4597.2,2026-09-13 10:06:05.153465,Flipkart,refund,Pune,Android,1
5128,user_6,481.94,2026-08-14 16:03:11.153465,Paytm,request,Chennai,Web,1
5129,user_3,33652.51,2026-07-22 23:51:04.153465,Walmart,refund,Pune,Web,0
5130,user_20,6306.65,2026-08-17 10:21:23.153465,Zomato,request,Pune,Android,1
5131,user_29,3344.62,2026-09-10 09:35:26.153465,Amazon,refund,Delhi,Web,1
5132,user_48,4065.37,2026-09-05 06:56:27.153465,Swiggy,request,Delhi,Android,0
5133,user_6,374.45,2026-09-15 15:48:13.153465,Zomato,request,Bangalore,iOS,0
5134,user_46,2374.48,2026-08-24 09:12:12.153465,Zomato,refund,Chennai,Android,0
5135,user_13,15158.66,2026-08-27 18:39:52.153465,Swiggy,refund,Chennai,Android,0
5136,user_42,8197.51,2026-08-25 14:14:46.153465,Flipkart,request,Mumbai,Web,0
5137,user_21,1840.41,2026-08-16 23:20:59.153465,Zomato,refund,Delhi,Web,0
5138,user_44,49322.94,2026-08-13 09:15:55.153465,Walmart,refund,Chennai,iOS,1
5139,user_43,13996.69,2026-08-31 23:57:43.153465,Flipkart,send,Pune,Web,0
5140,user_11,4039.04,2026-07-30 01:25:24.153465,Walmart,send,Bangalore,Web,0
5141,user_17,4377.58,2026-08-18 19:11:08.153465,Walmart,send,Pune,Web,1
5142,user_5,19711.97,2026-07-26 03:07:52.153465,Zomato,send,Bangalore,Web,1
5143,user_24,7926.57,2026-08-29 16:12:13.153465,Paytm,refund,Bangalore,Web,0
5144,user_50,1070.01,2026-09-09 23:07:06.153465,Walmart,request,Chennai,Web,0
5145,user_43,47494.43,2026-07-24 00:02:33.153465,Zomato,send,Bangalore,Android,0
5146,user_41,31131.73,2026-08-26 12:48:02.153465,Amazon,refund,Delhi,Android,0
5147,user_24,19225.01,2026-09-08 14:05:20.153465,Amazon,refund,Chennai,Web,0
5148,user_25,4662.95,2026-09-05 14:12:26.153465,Zomato,send,Chennai,Android,0
5149,user_28,3177.62,2026-08-20 18:52:48.153465,Flipkart,refund,Chennai,iOS,0
5150,user_4,4556.54,2026-09-04 10:27:10.153465,Paytm,refund,Chennai,iOS,0
5151,user_35,9440.4,2026-08-08 10:02:50.153465,Flipkart,request,Chennai,iOS,1
5152,user_6,2487.5,2026-08-16 23:48:50.153465,Swiggy,refund,Delhi,iOS,0
5153,user_5,8825.8,2026-08-14 12:39:57.153465,Paytm,send,Chennai,Android,0
5154,user_8,3342.16,2026-09-07 12:44:17.153465,Swiggy,request,Pune,Android,0
5155,user_25,3083.98,2026-09-04 00:16:10.153465,Paytm,request,Delhi,iOS,0
5156,user_15,106408.51,2026-08-25 10:46:40.153465,Zomato,request,Delhi,iOS,1
5157,user_36,439.6,2026-09-15 20:57:32.153465,Paytm,refund,Mumbai,Web,1
5158,user_25,10351.24,2026-08-09 14:07:10.153465,Amazon,send,Delhi,iOS,1
5159,user_16,1387.46,2026-07-28 11:53:36.153465,Paytm,refund,Mumbai,iOS,0
5160,user_39,3755.53,2026-09-14 20:04:09.153465,Amazon,send,Delhi,Web,0
5161,user_17,2090.14,2026-07-28 00:25:21.153465,Amazon,send,Pune,iOS,0
5162,user_22,18993.71,2026-08-16 16:48:57.153465,Zomato,refund,Mumbai,Android,0
5163,user_26,920.44,2026-07-26 07:19:42.153465,Flipkart,request,Pune,Android,0
5164,user_16,1940.31,2026-08-12 05:55:17.153465,Amazon,refund,Delhi,Android,0
5165,user_44,13412.29,2026-08-17 18:14:59.153465,Zomato,request,Delhi,iOS,0
5166,user_29,4424.0,2026-08-30 00:13:59.153465,Swiggy,refund,Pune,Web,0
5167,user_47,9197.99,2026-08-29 03:35:45.153465,Swiggy,request,Mumbai,iOS,1
5168,user_7,24589.75,2026-09-10 19:55:37.153465,Zomato,send,Mumbai,iOS,0
5169,user_14,17630.68,2026-09-01 06:32:09.153465,Paytm,request,Chennai,iOS,0
5170,user_45,609.16,2026-08-12 18:39:37.153465,Walmart,send,Pune,Android,0
5171,user_3,131624.23,2026-08-02 19:03:25.153465,Walmart,send,Pune,iOS,1
5172,user_16,1320.26,2026-07-21 19:57:22.153465,Paytm,refund,Mumbai,iOS,1
5173,user_10,4909.12,2026-08-07 00:04:13.153465,Walmart,request,Pune,iOS,0
5174,user_21,2792.98,2026-09-11 01:31:52.153465,Swiggy,send,Delhi,iOS,0
5175,user_32,3991.16,2026-07-23 13:22:35.153465,Walmart,request,Chennai,iOS,0
5176,user_13,16619.26,2026-08-29 03:00:32.153465,Zomato,request,Pune,Web,0
5177,user_19,3031.28,2026-07-31 13:07:17.153465,Walmart,refund,Chennai,iOS,0
5178,user_36,4880.01,2026-08-27 11:36:56.153465,Swiggy,request,Mumbai,Android,0
5179,user_33,3454.12,2026-07-23 18:25:50.153465,Swiggy,refund,Bangalore,Web,0
5180,user_23,10969.67,2026-08-26 23:51:53.153465,Paytm,refund,Bangalore,Web,0
5181,user_17,756.03,2026-08-16 06:07:32.153465,Flipkart,request,Pune,Web,0
5182,user_41,3651.6,2026-08-18 01:20:13.153465,Paytm,send,Delhi,Android,0
5183,user_1,3952.63,2026-09-15 13:11:57.153465,Amazon,send,Mumbai,iOS,0
5184,user_31,1851.8,2026-09-07 06:30:13.153465,Amazon,refund,Pune,Android,0
5185,user_26,2399.48,2026-09-15 10:50:03.153465,Flipkart,send,Pune,iOS,0
5186,user_16,3793.11,2026-09-03 12:14:02.153465,Walmart,request,Bangalore,Android,0
5187,user_27,15917.58,2026-08-19 15:34:46.153465,Paytm,request,Pune,Web,0
5188,user_24,17524.32,2026-08-16 19:45:28.153465,Zomato,refund,Pune,Android,0
5189,user_27,9662.27,2026-09-13 08:28:50.153465,Paytm,send,Mumbai,Web,0
5190,user_50,2229.93,2026-07-28 06:35:02.153465,Zomato,request,Delhi,Web,0
5191,user_38,14524.54,2026-08-02 17:56:41.153465,Swiggy,send,Chennai,Web,0
5192,user_9,2666.09,2026-09-05 21:49:41.153465,Flipkart,refund,Bangalore,iOS,1
5193,user_5,17579.0,2026-09-04 20:47:30.153465,Amazon,refund,Chennai,Android,0
5194,user_20,7686.0,2026-09-02 02:49:59.153465,Walmart,refund,Pune,Android,0
5195,user_21,3620.53,2026-09-13 13:53:47.153465,Flipkart,request,Mumbai,iOS,0
5196,user_21,1275.16,2026-08-07 13:43:00.153465,Walmart,refund,Bangalore,Web,0
5197,user_5,53958.01,2026-08-01 08:30:31.153465,Zomato,send,Mumbai,Web,1
5198,user_3,38840.59,2026-08-27 08:16:24.153465,Paytm,request,Pune,Web,0
5199,user_4,3915.47,2026-07-31 18:22:30.153465,Swiggy,refund,Chennai,iOS,0
5200,user_17,3648.47,2026-07-23 23:26:17.153465,Flipkart,request,Chennai,Web,0
5201,user_37,17482.41,2026-09-10 01:02:00.153465,Paytm,request,Delhi,iOS,0
5202,user_43,8564.97,2026-08-28 22:36:10.153465,Walmart,request,Bangalore,Android,0
5203,user_45,1912.57,2026-08-24 11:51:49.153465,Walmart,refund,Pune,iOS,0
5204,user_37,16973.77,2026-08-23 11:59:34.153465,Walmart,request,Pune,Web,0
5205,user_22,9345.49,2026-07-28 19:03:07.153465,Amazon,refund,Bangalore,iOS,0
5206,user_23,30657.22,2026-08-25 00:15:56.153465,Walmart,request,Delhi,iOS,0
5207,user_38,19450.66,2026-09-14 20:44:40.153465,Amazon,request,Bangalore,Web,0
5208,user_17,4432.85,2026-07-25 07:48:21.153465,Flipkart,refund,Delhi,Android,0
5209,user_23,15392.49,2026-09-15 08:41:43.153465,Flipkart,send,Mumbai,iOS,0
5210,user_15,9636.97,2026-08-01 09:10:49.153465,Paytm,request,Mumbai,Web,0
5211,user_23,7732.43,2026-09-16 04:34:21.153465,Amazon,send,Chennai,Android,0
5212,user_6,2782.21,2026-07-22 06:22:46.153465,Amazon,send,Mumbai,iOS,0
5213,user_16,2618.64,2026-08-18 03:11:00.153465,Swiggy,refund,Bangalore,Web,0
5214,user_23,8228.83,2026-08-17 17:23:52.153465,Swiggy,refund,Pune,iOS,0
5215,user_41,4193.12,2026-07-26 13:47:59.153465,Amazon,refund,Bangalore,iOS,0
5216,user_13,8388.18,2026-08-19 19:08:46.153465,Paytm,send,Bangalore,Web,0
5217,user_42,1061.8,2026-08-06 14:22:32.153465,Swiggy,send,Pune,Web,0
5218,user_19,1618.77,2026-07-24 17:10:26.153465,Walmart,send,Bangalore,Web,1
5219,user_23,19709.18,2026-08-01 09:36:46.153465,Amazon,request,Mumbai,Android,0
5220,user_17,4582.49,2026-08-30 06:37:18.153465,Zomato,request,Mumbai,iOS,0
5221,user_40,19202.12,2026-07-29 00:30:47.153465,Amazon,send,Bangalore,iOS,0
5222,user_27,10169.06,2026-08-11 09:40:32.153465,Swiggy,request,Chennai,Android,0
5223,user_28,14357.55,2026-09-18 12:01:09.153465,Swiggy,refund,Delhi,Web,1
5224,user_24,9463.47,2026-08-19 06:53:48.153465,Flipkart,refund,Chennai,iOS,0
5225,user_25,12627.97,2026-08-08 17:59:38.153465,Swiggy,refund,Delhi,iOS,1
5226,user_3,41360.7,2026-07-25 19:16:39.153465,Walmart,refund,Pune,iOS,0
5227,user_11,4084.68,2026-08-08 23:33:25.153465,Paytm,send,Chennai,Android,0
5228,user_26,3991.51,2026-08-17 09:16:53.153465,Amazon,refund,Bangalore,iOS,1
5229,user_5,156080.48,2026-07-23 00:48:26.153465,Flipkart,send,Delhi,iOS,1
5230,user_21,493.62,2026-08-29 09:57:46.153465,Flipkart,request,Chennai,Web,0
5231,user_19,1998.83,2026-07-24 06:01:49.153465,Flipkart,request,Mumbai,iOS,0
5232,user_49,8304.32,2026-08-12 11:10:44.153465,Swiggy,refund,Chennai,Android,0
5233,user_21,4699.85,2026-09-04 22:09:15.153465,Zomato,send,Bangalore,Android,0
5234,user_30,10695.36,2026-08-16 01:20:33.153465,Swiggy,refund,Pune,Web,0
5235,user_36,4518.92,2026-08-05 16:58:52.153465,Paytm,request,Bangalore,Web,0
5236,user_47,32785.09,2026-08-27 17:22:08.153465,Flipkart,send,Chennai,iOS,1
5237,user_30,10622.09,2026-07-28 14:33:34.153465,Flipkart,refund,Mumbai,Web,0
5238,user_47,2011.62,2026-07-26 22:55:19.153465,Flipkart,request,Delhi,Web,0
5239,user_31,4117.26,2026-08-06 05:39:25.153465,Swiggy,refund,Pune,Web,0
5240,user_20,7479.21,2026-08-26 09:02:47.153465,Flipkart,send,Delhi,Web,0
5241,user_27,15151.89,2026-09-12 15:42:30.153465,Paytm,request,Pune,Web,1
5242,user_50,2587.73,2026-09-17 04:53:32.153465,Amazon,request,Bangalore,Web,0
5243,user_13,14669.65,2026-09-18 08:40:11.153465,Walmart,refund,Chennai,Android,0
5244,user_21,1396.54,2026-08-21 13:49:30.153465,Walmart,refund,Bangalore,Web,0
5245,user_6,920.1,2026-08-15 04:49:01.153465,Flipkart,send,Chennai,iOS,0
5246,user_29,2999.78,2026-09-08 15:24:07.153465,Paytm,send,Bangalore,Android,0
5247,user_21,2410.32,2026-08-24 14:28:00.153465,Flipkart,request,Pune,iOS,0
5248,user_5,15724.6,2026-08-02 13:49:17.153465,Swiggy,send,Chennai,Android,0
5249,user_37,8350.9,2026-08-31 21:50:47.153465,Paytm,refund,Mumbai,Android,0
5250,user_6,3858.47,2026-09-08 04:52:38.153465,Walmart,send,Delhi,Android,0
5251,user_37,48616.51,2026-09-08 00:39:48.153465,Walmart,refund,Bangalore,iOS,1
5252,user_36,2413.43,2026-09-08 16:44:11.153465,Flipkart,send,Chennai,iOS,0
5253,user_3,59825.44,2026-08-16 11:02:23.153465,Paytm,refund,Mumbai,Android,0
5254,user_29,1709.42,2026-09-08 20:53:25.153465,Amazon,refund,Pune,Web,0
5255,user_23,6121.3,2026-09-19 13:51:18.153465,Walmart,request,Delhi,iOS,0
5256,user_8,2820.59,2026-08-13 11:49:55.153465,Walmart,request,Delhi,iOS,0
5257,user_24,8620.0,2026-08-26 21:02:28.153465,Zomato,send,Chennai,iOS,0
5258,user_26,2016.32,2026-09-04 22:06:39.153465,Walmart,request,Bangalore,Web,0
5259,user_9,1505.16,2026-08-07 18:15:25.153465,Zomato,send,Bangalore,iOS,0
5260,user_44,9008.67,2026-09-05 03:48:26.153465,Amazon,send,Chennai,iOS,0
5261,user_45,2032.64,2026-09-12 15:56:01.153465,Amazon,request,Chennai,Web,0
5262,user_47,2648.62,2026-08-25 03:36:02.153465,Walmart,refund,Pune,Android,0
5263,user_47,20744.3,2026-08-03 11:51:11.153465,Zomato,send,Mumbai,Web,1
5264,user_38,19181.12,2026-08-16 10:52:25.153465,Paytm,send,Mumbai,Web,0
5265,user_23,17677.44,2026-09-02 11:47:15.153465,Paytm,request,Bangalore,Android,0
5266,user_11,3345.37,2026-08-22 13:56:42.153465,Walmart,refund,Delhi,Android,0
5267,user_42,2825.32,2026-08-04 04:33:15.153465,Amazon,request,Chennai,Web,0
5268,user_11,13469.25,2026-08-28 00:37:24.153465,Zomato,request,Mumbai,iOS,1
5269,user_2,34124.65,2026-08-18 22:24:05.153465,Paytm,send,Delhi,Android,0
5270,user_4,325.01,2026-08-24 04:53:18.153465,Amazon,request,Bangalore,Android,1
5271,user_26,4855.99,2026-09-02 13:26:52.153465,Flipkart,request,Chennai,iOS,0
5272,user_9,1559.71,2026-07-31 16:28:14.153465,Zomato,refund,Delhi,Web,0
5273,user_29,587.23,2026-08-16 15:21:27.153465,Zomato,refund,Chennai,iOS,0
5274,user_17,3732.07,2026-09-10 20:48:15.153465,Amazon,refund,Bangalore,iOS,0
5275,user_21,4123.41,2026-08-16 11:53:37.153465,Walmart,refund,Pune,Android,0
5276,user_35,5234.67,2026-09-12 02:05:25.153465,Swiggy,request,Delhi,iOS,0
5277,user_12,125351.48,2026-09-18 13:14:51.153465,Amazon,send,Delhi,Android,1
5278,user_46,16906.71,2026-08-08 22:40:22.153465,Swiggy,request,Mumbai,iOS,1
5279,user_10,1691.67,2026-08-17 09:31:25.153465,Amazon,send,Pune,Android,0
5280,user_17,3115.66,2026-08-24 22:48:04.153465,Walmart,send,Delhi,Android,0
5281,user_6,430.83,2026-09-03 07:20:32.153465,Walmart,request,Chennai,Web,0
5282,user_47,666.15,2026-08-05 16:26:50.153465,Paytm,refund,Mumbai,iOS,0
5283,user_6,3692.57,2026-09-07 03:32:45.153465,Walmart,request,Delhi,Web,0
5284,user_34,3141.52,2026-09-02 21:12:01.153465,Flipkart,send,Delhi,Android,0
5285,user_37,16717.67,2026-09-19 09:38:31.153465,Flipkart,request,Pune,Web,0
5286,user_47,865.78,2026-08-26 04:25:42.153465,Paytm,refund,Delhi,iOS,0
5287,user_19,661.1,2026-07-30 03:12:07.153465,Walmart,request,Mumbai,iOS,0
5288,user_21,20008.69,2026-08-12 10:59:32.153465,Swiggy,refund,Mumbai,iOS,1
5289,user_14,9924.11,2026-07-23 18:10:26.153465,Walmart,refund,Pune,Android,0
5290,user_5,15292.28,2026-09-01 13:55:08.153465,Amazon,refund,Chennai,Web,0
5291,user_10,3301.45,2026-09-12 07:32:49.153465,Paytm,send,Delhi,Android,0
5292,user_45,2613.94,2026-08-26 19:47:46.153465,Swiggy,send,Delhi,Android,0
5293,user_25,1179.4,2026-09-08 10:44:32.153465,Swiggy,request,Pune,iOS,0
5294,user_41,3368.46,2026-09-06 22:28:38.153465,Amazon,send,Chennai,Android,0
5295,user_32,4704.95,2026-09-12 05:26:53.153465,Flipkart,send,Delhi,Web,1
5296,user_43,10562.95,2026-09-17 17:18:57.153465,Amazon,send,Chennai,Android,0
5297,user_7,54473.93,2026-08-27 16:34:35.153465,Walmart,refund,Mumbai,iOS,0
5298,user_21,4519.47,2026-09-03 17:05:21.153465,Swiggy,request,Delhi,Web,0
5299,user_19,13893.65,2026-08-24 09:21:08.153465,Walmart,send,Bangalore,Android,1
5300,user_29,2399.13,2026-08-05 15:15:01.153465,Zomato,refund,Chennai,Android,0
5301,user_3,17707.97,2026-09-02 03:20:14.153465,Amazon,request,Pune,Web,0
5302,user_7,138285.98,2026-08-23 21:42:13.153465,Amazon,request,Bangalore,Web,1
5303,user_22,13249.97,2026-08-24 09:25:33.153465,Walmart,send,Chennai,iOS,0
5304,user_6,3079.93,2026-08-13 09:28:31.153465,Flipkart,refund,Pune,Android,0
5305,user_2,40370.27,2026-09-14 02:21:30.153465,Walmart,send,Chennai,Web,0
5306,user_21,3324.98,2026-07-25 08:52:09.153465,Paytm,refund,Bangalore,Web,0
5307,user_1,995.57,2026-08-06 01:34:30.153465,Swiggy,send,Mumbai,Web,0
5308,user_1,3142.58,2026-08-05 23:43:56.153465,Paytm,refund,Delhi,Android,1
5309,user_46,1385.68,2026-08-29 07:20:42.153465,Walmart,request,Pune,iOS,0
5310,user_25,3857.12,2026-08-23 15:58:45.153465,Amazon,send,Chennai,Android,0
5311,user_10,2446.25,2026-09-14 11:55:45.153465,Amazon,request,Bangalore,Web,0
5312,user_28,16581.04,2026-09-05 05:33:53.153465,Paytm,request,Bangalore,Web,1
5313,user_42,2656.6,2026-07-31 18:36:37.153465,Paytm,send,Chennai,Android,0
5314,user_25,1038.26,2026-08-16 10:41:09.153465,Amazon,send,Bangalore,Web,0
5315,user_34,321.78,2026-08-16 23:36:27.153465,Walmart,refund,Delhi,Web,1
5316,user_46,4045.01,2026-08-03 02:27:56.153465,Paytm,send,Delhi,Android,0
5317,user_7,43152.26,2026-09-03 13:43:43.153465,Flipkart,refund,Chennai,Android,1
5318,user_33,9077.8,2026-08-09 18:47:20.153465,Flipkart,send,Delhi,Android,1
5319,user_6,1531.4,2026-07-29 17:21:09.153465,Paytm,request,Mumbai,iOS,0
5320,user_4,8149.01,2026-09-14 00:45:42.153465,Amazon,request,Chennai,Android,0
5321,user_23,9016.17,2026-07-21 16:37:07.153465,Swiggy,request,Chennai,Android,0
5322,user_23,8103.36,2026-08-20 22:34:36.153465,Zomato,refund,Mumbai,iOS,0
5323,user_44,7684.98,2026-09-13 19:39:47.153465,Zomato,refund,Chennai,iOS,0
5324,user_31,14649.58,2026-07-29 23:12:10.153465,Flipkart,send,Bangalore,Android,1
5325,user_42,8529.6,2026-08-18 01:14:49.153465,Paytm,refund,Chennai,Web,1
5326,user_12,49389.16,2026-09-12 12:36:26.153465,Amazon,refund,Chennai,Web,0
5327,user_31,1993.2,2026-08-03 07:29:28.153465,Paytm,send,Pune,Android,0
5328,user_19,4444.4,2026-08-29 22:38:26.153465,Swiggy,send,Delhi,Android,0
5329,user_28,4134.61,2026-09-18 12:45:03.153465,Walmart,send,Pune,Android,0
5330,user_4,9899.25,2026-07-31 18:45:09.153465,Walmart,refund,Bangalore,Web,1
5331,user_27,11807.25,2026-08-11 22:02:56.153465,Flipkart,send,Delhi,Web,1
5332,user_29,4861.02,2026-08-01 15:02:24.153465,Paytm,refund,Pune,Android,0
5333,user_44,11475.61,2026-08-13 19:55:26.153465,Amazon,request,Pune,iOS,0
5334,user_8,652.87,2026-09-02 18:24:03.153465,Zomato,send,Mumbai,Web,0
5335,user_41,1071.0,2026-08-01 22:25:55.153465,Amazon,request,Pune,iOS,0
5336,user_11,1364.6,2026-08-22 13:06:50.153465,Zomato,request,Chennai,iOS,0
5337,user_34,596.54,2026-08-14 19:01:50.153465,Zomato,refund,Pune,iOS,0
5338,user_40,15125.77,2026-08-06 11:39:42.153465,Paytm,request,Pune,iOS,0
5339,user_16,2040.8,2026-07-23 15:02:38.153465,Amazon,send,Mumbai,Web,0
5340,user_14,32686.52,2026-09-02 02:07:03.153465,Flipkart,request,Mumbai,Android,1
5341,user_46,24368.63,2026-08-23 15:34:11.153465,Paytm,refund,Chennai,Android,0
5342,user_12,42847.89,2026-08-02 08:39:28.153465,Flipkart,request,Mumbai,iOS,0
5343,user_16,995.65,2026-09-03 02:10:53.153465,Walmart,request,Delhi,Web,0
5344,user_49,17616.23,2026-08-28 12:33:28.153465,Swiggy,refund,Mumbai,Web,0
5345,user_50,1839.68,2026-08-10 08:08:14.153465,Swiggy,refund,Bangalore,Android,0
5346,user_47,4077.53,2026-08-06 09:43:44.153465,Paytm,send,Mumbai,Android,0
5347,user_28,1850.26,2026-07-25 03:01:35.153465,Amazon,send,Mumbai,iOS,0
5348,user_36,2835.56,2026-07-27 18:19:47.153465,Walmart,request,Pune,Android,0
5349,user_39,4519.52,2026-09-07 17:57:44.153465,Walmart,refund,Bangalore,iOS,0
5350,user_48,3636.66,2026-08-02 16:33:57.153465,Flipkart,refund,Mumbai,Android,0
5351,user_39,21443.54,2026-08-28 21:14:03.153465,Zomato,refund,Chennai,Android,1
5352,user_32,4421.29,2026-08-27 15:37:39.153465,Flipkart,send,Mumbai,Android,0
5353,user_1,9718.64,2026-08-13 17:38:50.153465,Walmart,request,Pune,iOS,1
5354,user_38,15812.37,2026-09-09 20:14:41.153465,Walmart,refund,Chennai,Android,0
5355,user_21,2992.04,2026-08-22 04:43:38.153465,Zomato,refund,Chennai,iOS,0
5356,user_12,42088.78,2026-09-15 23:47:29.153465,Paytm,request,Bangalore,Web,0
5357,user_37,15886.2,2026-09-03 07:57:45.153465,Swiggy,send,Chennai,Web,1
5358,user_9,11079.82,2026-08-05 02:14:20.153465,Paytm,refund,Delhi,Web,1
5359,user_34,1097.4,2026-09-14 22:24:31.153465,Swiggy,request,Bangalore,iOS,0
5360,user_41,953.03,2026-08-16 03:00:07.153465,Walmart,request,Chennai,iOS,0
5361,user_9,14702.03,2026-08-25 00:23:05.153465,Paytm,request,Bangalore,iOS,1
5362,user_30,14048.44,2026-09-14 08:27:06.153465,Walmart,request,Bangalore,Web,0
5363,user_13,35624.39,2026-07-24 15:12:18.153465,Swiggy,request,Mumbai,Web,1
5364,user_47,1794.35,2026-07-28 23:34:00.153465,Paytm,send,Pune,Web,0
5365,user_44,13859.69,2026-07-21 23:28:32.153465,Paytm,refund,Bangalore,Web,0
5366,user_45,585.9,2026-07-25 17:04:04.153465,Walmart,send,Chennai,iOS,0
5367,user_23,11599.28,2026-09-16 16:25:37.153465,Swiggy,request,Bangalore,iOS,0
5368,user_23,38860.95,2026-08-05 02:20:05.153465,Flipkart,request,Mumbai,Web,0
5369,user_21,4952.89,2026-08-31 08:06:29.153465,Paytm,request,Pune,Android,0
5370,user_11,3652.24,2026-08-01 16:25:11.153465,Walmart,request,Delhi,Android,0
5371,user_19,2702.5,2026-08-15 12:51:19.153465,Zomato,request,Delhi,iOS,0
5372,user_46,1357.04,2026-07-25 00:04:23.153465,Walmart,send,Delhi,Web,0
5373,user_28,3605.85,2026-09-15 23:57:45.153465,Flipkart,send,Mumbai,iOS,0
5374,user_42,1651.72,2026-07-30 10:28:03.153465,Swiggy,send,Pune,Web,0
5375,user_27,18907.12,2026-08-21 15:08:05.153465,Amazon,refund,Delhi,Android,0
5376,user_13,6299.62,2026-08-02 03:06:02.153465,Zomato,send,Mumbai,Android,0
5377,user_30,10005.28,2026-09-01 10:31:30.153465,Flipkart,request,Pune,Android,0
5378,user_33,4764.05,2026-09-04 23:20:58.153465,Paytm,request,Bangalore,Android,1
5379,user_13,7890.23,2026-09-06 04:40:09.153465,Paytm,request,Delhi,Web,0
5380,user_19,459.11,2026-07-23 11:32:51.153465,Paytm,send,Mumbai,Web,0
5381,user_27,87372.92,2026-09-08 09:44:12.153465,Walmart,send,Pune,Android,1
5382,user_20,9372.15,2026-08-25 21:05:17.153465,Flipkart,send,Chennai,Android,1
5383,user_14,14393.78,2026-08-22 10:12:13.153465,Paytm,request,Mumbai,Android,0
5384,user_20,9576.62,2026-08-11 03:10:00.153465,Swiggy,request,Chennai,iOS,0
5385,user_29,1624.12,2026-08-02 18:17:09.153465,Zomato,request,Pune,iOS,0
5386,user_8,3736.43,2026-09-03 02:38:49.153465,Swiggy,request,Chennai,Android,0
5387,user_30,18674.14,2026-09-15 13:00:43.153465,Zomato,refund,Bangalore,iOS,0
5388,user_10,280.93,2026-09-02 23:45:35.153465,Zomato,refund,Pune,Android,0
5389,user_13,5366.5,2026-08-10 08:32:30.153465,Amazon,send,Delhi,Web,0
5390,user_16,4080.78,2026-07-25 00:33:03.153465,Paytm,request,Bangalore,Android,0
5391,user_12,15687.81,2026-07-31 12:06:36.153465,Swiggy,refund,Delhi,Android,1
5392,user_9,2321.4,2026-07-23 08:50:18.153465,Zomato,refund,Delhi,iOS,0
5393,user_34,2056.7,2026-09-19 11:10:13.153465,Flipkart,send,Delhi,iOS,0
5394,user_48,4535.36,2026-07-24 17:22:10.153465,Zomato,refund,Pune,Web,0
5395,user_47,244.56,2026-08-23 22:40:01.153465,Swiggy,request,Bangalore,Web,0
5396,user_19,2261.25,2026-09-05 09:47:54.153465,Zomato,refund,Chennai,Android,0
5397,user_26,1906.76,2026-07-28 09:39:08.153465,Flipkart,refund,Pune,Web,0
5398,user_12,45027.2,2026-08-13 10:15:51.153465,Paytm,refund,Pune,iOS,1
5399,user_8,3281.94,2026-07-25 21:02:04.153465,Paytm,send,Bangalore,Android,0
5400,user_49,8108.33,2026-07-31 00:36:56.153465,Walmart,request,Mumbai,Android,0
5401,user_43,7426.11,2026-09-16 05:30:19.153465,Paytm,refund,Bangalore,Android,0
5402,user_16,1045.42,2026-08-28 15:23:56.153465,Paytm,send,Mumbai,iOS,0
5403,user_22,6972.84,2026-08-02 22:43:23.153465,Amazon,refund,Chennai,iOS,1
5404,user_33,3560.48,2026-09-04 23:01:24.153465,Swiggy,request,Chennai,iOS,0
5405,user_24,13901.01,2026-08-22 01:58:09.153465,Swiggy,send,Bangalore,Android,0
5406,user_14,5288.1,2026-09-16 10:13:05.153465,Zomato,send,Mumbai,Web,0
5407,user_8,3044.99,2026-07-22 02:55:30.153465,Zomato,refund,Pune,Web,0
5408,user_9,3028.24,2026-09-01 00:31:03.153465,Paytm,refund,Mumbai,iOS,0
5409,user_44,13453.94,2026-08-26 03:51:11.153465,Walmart,request,Bangalore,Android,0
5410,user_1,1047.87,2026-09-14 00:08:03.153465,Zomato,send,Pune,Web,0
5411,user_35,10532.93,2026-09-17 03:14:02.153465,Zomato,send,Pune,Web,1
5412,user_43,9331.84,2026-08-27 08:15:09.153465,Amazon,send,Chennai,Web,0
5413,user_14,8702.94,2026-08-06 10:27:07.153465,Flipkart,request,Delhi,Web,0
5414,user_34,4082.72,2026-08-19 18:39:50.153465,Amazon,request,Delhi,Web,0
5415,user_45,895.0,2026-09-14 14:05:02.153465,Swiggy,refund,Pune,Android,0
5416,user_34,342.57,2026-07-23 20:39:55.153465,Swiggy,send,Chennai,iOS,0
5417,user_32,4771.39,2026-08-26 02:52:22.153465,Swiggy,refund,Pune,Android,1
5418,user_31,445.26,2026-09-06 19:58:27.153465,Zomato,refund,Delhi,Web,0
5419,user_42,2451.77,2026-08-15 15:02:21.153465,Flipkart,request,Pune,Web,0
5420,user_29,1808.97,2026-09-15 22:29:34.153465,Paytm,refund,Mumbai,Web,0
5421,user_47,14148.97,2026-08-28 03:46:45.153465,Zomato,refund,Bangalore,Android,1
5422,user_46,4585.67,2026-07-26 07:33:21.153465,Zomato,refund,Pune,Web,0
5423,user_7,51986.45,2026-09-03 09:19:47.153465,Zomato,request,Bangalore,iOS,0
5424,user_34,7855.61,2026-09-09 17:00:29.153465,Amazon,refund,Pune,iOS,1
5425,user_50,2122.1,2026-09-15 02:29:30.153465,Swiggy,refund,Mumbai,Web,0
5426,user_29,2101.79,2026-08-03 06:54:36.153465,Walmart,send,Pune,iOS,0
5427,user_47,686.29,2026-07-23 07:51:36.153465,Zomato,send,Bangalore,Web,0
5428,user_30,12390.72,2026-09-08 23:40:23.153465,Amazon,send,Bangalore,iOS,0
5429,user_39,2802.46,2026-08-07 19:22:33.153465,Zomato,send,Pune,iOS,0
5430,user_11,3364.11,2026-08-26 13:16:15.153465,Paytm,send,Bangalore,Android,0
5431,user_46,21812.44,2026-09-19 08:20:02.153465,Amazon,request,Bangalore,Web,1
5432,user_13,18265.56,2026-07-24 04:00:12.153465,Paytm,request,Delhi,Android,0
5433,user_42,3258.01,2026-09-02 00:31:01.153465,Walmart,refund,Pune,Android,0
5434,user_9,14897.1,2026-08-09 03:19:09.153465,Amazon,send,Mumbai,Android,1
5435,user_31,2322.46,2026-08-20 05:55:15.153465,Paytm,refund,Delhi,Web,0
5436,user_29,3893.62,2026-09-11 07:33:16.153465,Amazon,request,Chennai,iOS,0
5437,user_4,1534.43,2026-08-09 10:15:13.153465,Amazon,refund,Bangalore,Web,0
5438,user_6,4433.38,2026-07-24 13:51:34.153465,Swiggy,request,Delhi,iOS,1
5439,user_14,19326.24,2026-08-18 06:29:06.153465,Flipkart,refund,Chennai,Web,1
5440,user_50,4289.99,2026-09-11 02:07:57.153465,Amazon,request,Delhi,iOS,0
5441,user_10,1759.94,2026-08-22 16:14:10.153465,Amazon,send,Mumbai,Android,0
5442,user_5,14546.95,2026-07-26 21:18:05.153465,Swiggy,request,Bangalore,iOS,0
5443,user_46,4214.76,2026-09-15 21:19:40.153465,Swiggy,refund,Chennai,Android,0
5444,user_17,1743.74,2026-08-25 16:56:31.153465,Paytm,request,Mumbai,Web,0
5445,user_19,4234.52,2026-09-12 04:26:37.153465,Paytm,refund,Delhi,Web,1
5446,user_25,1769.36,2026-09-03 15:21:45.153465,Paytm,refund,Mumbai,Android,0
5447,user_14,11081.14,2026-08-21 10:17:52.153465,Swiggy,request,Mumbai,iOS,0
5448,user_3,57248.1,2026-08-17 19:00:59.153465,Paytm,request,Chennai,Web,1
5449,user_2,15108.09,2026-08-27 18:26:19.153465,Amazon,send,Delhi,Android,0
5450,user_11,321.44,2026-08-18 22:59:39.153465,Paytm,send,Chennai,iOS,0
5451,user_19,2899.03,2026-09-18 07:33:26.153465,Zomato,send,Pune,Android,0
5452,user_30,14958.27,2026-08-16 04:25:26.153465,Paytm,request,Pune,iOS,0
5453,user_29,3615.52,2026-07-29 01:15:29.153465,Walmart,refund,Bangalore,Android,1
5454,user_5,14822.3,2026-09-10 10:37:26.153465,Zomato,send,Chennai,Android,0
5455,user_2,48227.08,2026-09-15 08:49:04.153465,Paytm,refund,Chennai,Web,0
5456,user_1,4085.77,2026-08-30 16:31:19.153465,Flipkart,send,Bangalore,iOS,0
5457,user_12,46900.2,2026-09-09 02:04:44.153465,Amazon,request,Pune,Web,1
5458,user_36,4817.26,2026-08-02 02:08:07.153465,Zomato,refund,Pune,Web,1
5459,user_14,8727.31,2026-09-09 07:18:13.153465,Walmart,request,Bangalore,Web,0
5460,user_4,14681.94,2026-08-26 20:19:10.153465,Walmart,send,Mumbai,Android,0
5461,user_36,4818.85,2026-08-11 13:01:06.153465,Walmart,refund,Chennai,Android,0
5462,user_31,4059.96,2026-08-02 00:09:20.153465,Flipkart,request,Chennai,Android,0
5463,user_50,1293.46,2026-08-30 00:09:01.153465,Zomato,request,Chennai,Android,0
5464,user_22,12634.63,2026-07-29 12:37:11.153465,Swiggy,refund,Pune,Web,1
5465,user_48,1841.61,2026-09-17 09:02:55.153465,Swiggy,refund,Chennai,iOS,0
5466,user_26,431.7,2026-08-28 10:03:22.153465,Paytm,refund,Delhi,iOS,0
5467,user_35,15388.87,2026-08-03 21:59:51.153465,Paytm,refund,Mumbai,Android,0
5468,user_32,3768.87,2026-09-10 02:45:36.153465,Amazon,refund,Bangalore,Android,0
5469,user_30,14318.16,2026-09-11 19:17:47.153465,Zomato,send,Delhi,iOS,0
5470,user_8,1130.42,2026-09-02 03:25:55.153465,Flipkart,refund,Bangalore,Android,0
5471,user_35,8795.25,2026-08-13 16:18:48.153465,Zomato,refund,Delhi,iOS,0
5472,user_32,2719.15,2026-09-06 01:29:58.153465,Paytm,request,Pune,Web,0
5473,user_22,47789.96,2026-09-04 18:19:46.153465,Flipkart,send,Bangalore,Web,1
5474,user_32,13035.85,2026-08-01 23:19:28.153465,Amazon,refund,Chennai,Web,1
5475,user_36,14403.43,2026-09-09 17:50:50.153465,Flipkart,refund,Mumbai,iOS,1
5476,user_42,991.89,2026-09-17 13:05:19.153465,Zomato,request,Chennai,iOS,0
5477,user_9,12253.78,2026-09-12 20:10:30.153465,Paytm,refund,Pune,iOS,0
5478,user_6,4917.71,2026-09-01 03:47:35.153465,Paytm,send,Pune,Web,1
5479,user_7,35077.07,2026-08-31 15:18:13.153465,Amazon,refund,Pune,Android,0
5480,user_48,9680.76,2026-08-16 11:00:00.153465,Amazon,refund,Pune,Web,1
5481,user_47,2050.27,2026-07-25 21:20:23.153465,Flipkart,request,Delhi,Android,0
5482,user_39,4957.63,2026-09-09 10:18:02.153465,Paytm,send,Chennai,Web,0
5483,user_21,3346.39,2026-08-29 14:59:25.153465,Amazon,send,Delhi,iOS,0
5484,user_5,14681.03,2026-09-04 12:14:36.153465,Zomato,request,Chennai,Web,0
5485,user_4,3773.3,2026-08-05 07:15:37.153465,Amazon,refund,Delhi,Android,0
5486,user_24,153863.95,2026-08-25 16:49:34.153465,Amazon,send,Delhi,Android,1
5487,user_13,13451.01,2026-07-24 03:41:56.153465,Walmart,refund,Bangalore,Web,0
5488,user_28,8187.98,2026-09-18 14:54:06.153465,Amazon,send,Mumbai,Android,0
5489,user_16,4707.84,2026-09-17 14:51:48.153465,Amazon,refund,Pune,Android,1
5490,user_2,18264.74,2026-08-03 08:06:44.153465,Paytm,send,Bangalore,Web,0
5491,user_7,33125.16,2026-09-18 16:55:38.153465,Amazon,request,Mumbai,Web,0
5492,user_35,16322.7,2026-09-10 17:20:55.153465,Zomato,refund,Chennai,iOS,0
5493,user_49,10270.71,2026-08-22 08:36:46.153465,Zomato,send,Bangalore,Android,0
5494,user_27,14626.02,2026-08-09 01:04:32.153465,Flipkart,send,Bangalore,Web,0
5495,user_41,15470.2,2026-08-29 07:23:33.153465,Flipkart,request,Delhi,Android,1
5496,user_41,36194.41,2026-09-02 13:19:14.153465,Flipkart,send,Bangalore,iOS,0
5497,user_39,39316.38,2026-07-28 07:26:26.153465,Walmart,send,Bangalore,Android,1
5498,user_23,53117.89,2026-08-24 19:35:04.153465,Paytm,send,Bangalore,Web,1
5499,user_17,1800.38,2026-07-24 13:23:14.153465,Swiggy,refund,Pune,Android,0
5500,user_34,951.65,2026-07-29 21:19:57.153465,Amazon,request,Mumbai,iOS,0
5501,user_18,2415.71,2026-07-22 22:56:51.153465,Flipkart,refund,Chennai,iOS,0
5502,user_39,4071.98,2026-07-21 20:01:16.153465,Swiggy,send,Mumbai,Web,0
5503,user_5,13682.07,2026-08-11 12:10:40.153465,Swiggy,request,Mumbai,Web,0
5504,user_46,2920.01,2026-08-05 16:26:02.153465,Flipkart,send,Chennai,Android,0
5505,user_22,10081.12,2026-07-30 05:09:09.153465,Flipkart,send,Chennai,Web,1
5506,user_5,7044.97,2026-08-24 10:31:34.153465,Swiggy,request,Chennai,Android,0
5507,user_45,1913.52,2026-08-14 18:38:12.153465,Swiggy,request,Chennai,Web,1
5508,user_47,1700.76,2026-08-18 05:00:49.153465,Zomato,send,Chennai,iOS,0
5509,user_24,14672.18,2026-09-15 03:49:45.153465,Flipkart,refund,Pune,Web,0
5510,user_20,16045.75,2026-07-24 01:19:28.153465,Paytm,request,Delhi,Android,0
5511,user_22,9832.81,2026-08-01 17:52:58.153465,Amazon,send,Bangalore,iOS,0
5512,user_3,44394.78,2026-07-26 14:46:41.153465,Zomato,refund,Delhi,Android,0
5513,user_28,2396.52,2026-08-28 03:31:56.153465,Flipkart,send,Bangalore,iOS,0
5514,user_2,108871.43,2026-09-19 03:30:45.153465,Paytm,send,Delhi,iOS,1
5515,user_4,1730.01,2026-08-16 02:16:33.153465,Amazon,refund,Mumbai,Android,1
5516,user_45,333.38,2026-07-28 13:53:21.153465,Swiggy,request,Bangalore,iOS,0
5517,user_3,33924.63,2026-09-02 13:42:54.153465,Swiggy,send,Delhi,Android,0
5518,user_5,18469.33,2026-09-07 12:37:40.153465,Swiggy,request,Mumbai,iOS,0
5519,user_36,2264.62,2026-07-23 19:09:11.153465,Swiggy,refund,Mumbai,iOS,0
5520,user_36,1760.48,2026-09-15 13:07:54.153465,Zomato,refund,Chennai,Android,0
5521,user_46,799.43,2026-08-19 21:26:23.153465,Walmart,request,Bangalore,Android,0
5522,user_5,5359.69,2026-08-16 12:07:07.153465,Swiggy,send,Delhi,Web,1
5523,user_34,2268.5,2026-09-13 15:13:10.153465,Walmart,request,Delhi,iOS,0
5524,user_5,13244.57,2026-08-03 16:58:55.153465,Paytm,request,Pune,Web,0
5525,user_27,6136.18,2026-08-04 15:31:32.153465,Swiggy,request,Bangalore,Android,0
5526,user_35,5990.56,2026-08-04 01:58:20.153465,Paytm,request,Bangalore,iOS,0
5527,user_42,4448.78,2026-09-01 11:43:49.153465,Flipkart,refund,Chennai,iOS,0
5528,user_12,41979.58,2026-09-05 16:11:11.153465,Swiggy,request,Chennai,iOS,0
5529,user_31,1518.59,2026-09-19 08:51:35.153465,Flipkart,request,Chennai,iOS,0
5530,user_20,6331.18,2026-08-09 15:25:19.153465,Amazon,refund,Mumbai,iOS,0
5531,user_9,2941.55,2026-07-25 23:34:37.153465,Walmart,refund,Pune,Android,0
5532,user_32,12062.04,2026-08-31 23:11:48.153465,Amazon,send,Bangalore,iOS,1
5533,user_15,6401.91,2026-09-12 13:51:56.153465,Swiggy,request,Chennai,iOS,0
5534,user_3,36585.43,2026-09-08 06:18:47.153465,Walmart,send,Chennai,iOS,0
5535,user_8,3050.41,2026-07-30 17:29:08.153465,Walmart,send,Bangalore,Android,0
5536,user_16,1135.01,2026-09-03 09:51:35.153465,Paytm,send,Mumbai,Android,0
5537,user_34,314.43,2026-09-01 02:22:04.153465,Walmart,send,Chennai,Web,0
5538,user_23,17371.51,2026-07-24 07:53:38.153465,Amazon,refund,Pune,Web,0
5539,user_35,19012.33,2026-08-09 08:59:31.153465,Walmart,send,Pune,iOS,0
5540,user_14,15750.27,2026-09-09 14:46:14.153465,Flipkart,send,Delhi,Web,0
5541,user_14,10332.57,2026-08-12 22:01:19.153465,Walmart,request,Chennai,Android,0
5542,user_35,14417.11,2026-09-05 06:27:49.153465,Paytm,request,Bangalore,Web,0
5543,user_19,2268.15,2026-08-04 02:45:10.153465,Amazon,send,Chennai,Android,0
5544,user_12,27241.54,2026-08-12 20:22:27.153465,Flipkart,send,Pune,Web,0
5545,user_47,4979.76,2026-09-06 23:27:25.153465,Swiggy,send,Delhi,iOS,1
5546,user_37,14031.66,2026-09-12 16:00:11.153465,Flipkart,request,Bangalore,Web,0
5547,user_32,3486.31,2026-07-27 07:32:15.153465,Flipkart,refund,Bangalore,Android,0
5548,user_13,47108.27,2026-08-18 15:36:15.153465,Paytm,send,Chennai,Web,1
5549,user_21,3100.62,2026-08-01 04:41:38.153465,Amazon,refund,Chennai,Android,0
5550,user_40,58329.13,2026-08-13 07:59:00.153465,Flipkart,send,Chennai,Web,1
5551,user_13,11466.98,2026-08-13 12:32:29.153465,Zomato,send,Mumbai,iOS,0
5552,user_45,1086.58,2026-07-28 18:31:41.153465,Swiggy,refund,Chennai,Web,0
5553,user_14,9360.52,2026-09-07 03:53:27.153465,Amazon,request,Delhi,Android,0
5554,user_25,4203.78,2026-08-25 17:49:55.153465,Flipkart,send,Delhi,iOS,1
5555,user_15,10975.39,2026-07-28 03:37:48.153465,Paytm,refund,Chennai,iOS,1
5556,user_14,11251.36,2026-09-10 05:39:34.153465,Amazon,send,Chennai,Web,0
5557,user_14,6597.0,2026-09-10 14:39:45.153465,Paytm,request,Chennai,iOS,0
5558,user_18,1401.94,2026-08-18 08:47:32.153465,Amazon,request,Bangalore,Web,0
5559,user_36,4831.47,2026-08-11 15:11:25.153465,Zomato,request,Chennai,Web,1
5560,user_25,2204.21,2026-08-30 10:11:23.153465,Swiggy,send,Chennai,iOS,0
5561,user_35,15027.87,2026-08-31 04:32:37.153465,Zomato,send,Pune,iOS,0
5562,user_13,8677.99,2026-08-27 06:38:59.153465,Paytm,refund,Delhi,Web,0
5563,user_16,2967.0,2026-08-31 23:32:49.153465,Walmart,send,Delhi,Android,0
5564,user_16,4469.58,2026-09-02 06:31:43.153465,Walmart,refund,Chennai,Web,1
5565,user_7,17277.76,2026-09-17 18:08:41.153465,Walmart,refund,Delhi,Android,0
5566,user_14,17936.4,2026-07-28 19:29:46.153465,Amazon,refund,Pune,Android,0
5567,user_45,1746.39,2026-09-05 06:08:08.153465,Swiggy,request,Mumbai,iOS,0
5568,user_35,11611.38,2026-08-30 18:47:31.153465,Swiggy,refund,Bangalore,iOS,0
5569,user_28,2121.43,2026-09-07 17:15:35.153465,Walmart,request,Bangalore,iOS,0
5570,user_44,5791.89,2026-08-03 08:52:16.153465,Swiggy,request,Delhi,iOS,0
5571,user_37,9488.1,2026-08-07 17:16:14.153465,Flipkart,request,Chennai,Android,0
5572,user_34,1105.65,2026-09-02 22:41:50.153465,Amazon,send,Pune,Android,1
5573,user_19,3125.21,2026-07-30 19:34:22.153465,Swiggy,refund,Bangalore,Web,0
5574,user_17,1040.99,2026-08-29 10:04:19.153465,Walmart,send,Delhi,Android,0
5575,user_29,26267.83,2026-08-16 01:58:11.153465,Swiggy,refund,Pune,iOS,1
5576,user_15,8023.2,2026-09-10 12:04:18.153465,Amazon,send,Delhi,Android,0
5577,user_46,4335.4,2026-07-28 01:48:12.153465,Paytm,refund,Mumbai,iOS,0
5578,user_6,2923.83,2026-08-05 13:46:09.153465,Swiggy,request,Bangalore,Web,0
5579,user_21,33083.32,2026-09-15 06:42:27.153465,Amazon,refund,Pune,iOS,1
5580,user_19,4856.01,2026-08-08 11:58:07.153465,Paytm,request,Bangalore,Web,0
5581,user_46,595.73,2026-09-03 04:20:43.153465,Swiggy,send,Chennai,iOS,0
5582,user_15,5508.03,2026-08-15 08:54:38.153465,Walmart,send,Chennai,Android,0
5583,user_24,19447.24,2026-08-12 16:12:42.153465,Amazon,request,Mumbai,Android,0
5584,user_43,9180.93,2026-08-17 21:59:57.153465,Swiggy,refund,Pune,Web,0
5585,user_14,19982.04,2026-08-12 18:02:18.153465,Flipkart,request,Delhi,Web,0
5586,user_29,4330.27,2026-09-08 20:09:46.153465,Paytm,refund,Pune,iOS,0
5587,user_42,1522.27,2026-09-07 01:38:17.153465,Swiggy,refund,Bangalore,Web,0
5588,user_27,51351.12,2026-09-01 01:00:49.153465,Paytm,refund,Chennai,iOS,1
5589,user_39,4073.74,2026-09-12 09:37:14.153465,Walmart,refund,Pune,Web,0
5590,user_36,268.71,2026-09-04 20:11:00.153465,Paytm,request,Bangalore,Android,0
5591,user_17,4802.99,2026-09-11 03:40:07.153465,Walmart,send,Pune,Web,0
5592,user_49,12382.99,2026-07-28 04:09:32.153465,Paytm,refund,Chennai,Web,0
5593,user_28,3666.41,2026-09-11 20:23:29.153465,Walmart,refund,Pune,iOS,0
5594,user_23,19654.61,2026-09-14 08:49:33.153465,Swiggy,refund,Chennai,Web,0
5595,user_41,1839.48,2026-08-08 10:48:24.153465,Walmart,refund,Mumbai,Android,0
5596,user_30,68305.88,2026-08-12 23:13:07.153465,Swiggy,refund,Delhi,iOS,0
5597,user_28,2268.5,2026-08-27 05:42:02.153465,Swiggy,request,Mumbai,Android,0
5598,user_25,1675.76,2026-09-12 22:56:44.153465,Paytm,refund,Chennai,iOS,0
5599,user_33,1682.42,2026-07-22 07:53:24.153465,Walmart,send,Mumbai,Web,0
5600,user_10,1346.88,2026-08-19 19:01:46.153465,Paytm,send,Mumbai,Android,0
5601,user_32,3263.27,2026-07-31 22:45:30.153465,Walmart,send,Mumbai,Android,0
5602,user_25,201.76,2026-08-01 15:03:13.153465,Paytm,send,Bangalore,iOS,0
5603,user_42,253.69,2026-08-30 01:36:17.153465,Flipkart,refund,Chennai,Android,0
5604,user_38,11621.23,2026-08-06 13:40:51.153465,Zomato,request,Chennai,iOS,0
5605,user_32,2482.98,2026-08-23 22:28:56.153465,Amazon,request,Chennai,iOS,0
5606,user_19,1105.4,2026-08-14 22:50:47.153465,Walmart,refund,Chennai,Android,0
5607,user_20,12636.68,2026-09-02 07:36:19.153465,Swiggy,request,Mumbai,iOS,0
5608,user_23,16479.46,2026-09-06 21:35:29.153465,Swiggy,request,Delhi,Android,0
5609,user_19,4869.92,2026-08-09 00:16:39.153465,Swiggy,request,Pune,Web,1
5610,user_47,2482.03,2026-08-01 09:00:31.153465,Swiggy,refund,Chennai,iOS,0
5611,user_20,13902.58,2026-07-24 02:51:10.153465,Amazon,request,Mumbai,Web,0
5612,user_18,2340.59,2026-07-22 18:26:48.153465,Amazon,request,Pune,Android,0
5613,user_24,14017.55,2026-07-25 10:28:25.153465,Amazon,request,Chennai,iOS,0
5614,user_44,49897.31,2026-07-29 08:44:11.153465,Swiggy,send,Bangalore,iOS,1
5615,user_24,15159.91,2026-09-01 08:41:40.153465,Walmart,send,Pune,Android,0
5616,user_22,38086.79,2026-07-30 16:59:36.153465,Zomato,send,Chennai,Web,0
5617,user_50,1704.37,2026-08-12 10:53:17.153465,Swiggy,request,Delhi,Android,0
5618,user_43,16092.96,2026-08-03 17:20:52.153465,Flipkart,request,Chennai,Web,1
5619,user_35,9480.61,2026-08-24 21:39:11.153465,Flipkart,refund,Delhi,Web,0
5620,user_12,90196.62,2026-07-21 17:52:51.153465,Zomato,request,Pune,Web,0
5621,user_21,2107.83,2026-09-01 00:37:47.153465,Paytm,send,Chennai,Android,0
5622,user_19,1468.43,2026-09-19 03:19:34.153465,Walmart,refund,Pune,iOS,0
5623,user_34,1878.3,2026-08-23 06:50:31.153465,Flipkart,send,Bangalore,iOS,0
5624,user_10,704.24,2026-08-11 05:48:17.153465,Paytm,send,Chennai,Web,0
5625,user_20,37747.52,2026-09-09 17:18:30.153465,Paytm,send,Chennai,iOS,0
5626,user_45,3450.06,2026-08-18 22:24:59.153465,Zomato,refund,Bangalore,Web,1
5627,user_43,8046.64,2026-07-21 18:30:40.153465,Flipkart,request,Delhi,Web,1
5628,user_50,3227.3,2026-07-27 07:03:42.153465,Flipkart,refund,Mumbai,Web,1
5629,user_38,8045.78,2026-09-15 07:23:22.153465,Amazon,send,Delhi,Android,0
5630,user_5,15662.84,2026-08-21 06:17:39.153465,Walmart,request,Mumbai,iOS,0
5631,user_48,1048.96,2026-08-30 06:16:56.153465,Paytm,request,Mumbai,iOS,0
5632,user_18,4895.42,2026-08-04 21:04:49.153465,Walmart,request,Mumbai,iOS,0
5633,user_35,11502.27,2026-08-04 09:15:24.153465,Flipkart,refund,Pune,Android,0
5634,user_43,6669.79,2026-09-12 06:58:51.153465,Swiggy,send,Delhi,iOS,0
5635,user_39,3914.18,2026-08-01 19:40:00.153465,Zomato,request,Bangalore,Android,0
5636,user_27,6559.09,2026-08-05 01:37:29.153465,Flipkart,send,Pune,iOS,1
5637,user_45,1359.03,2026-07-30 06:44:31.153465,Amazon,request,Chennai,Android,0
5638,user_5,16236.3,2026-07-25 11:16:18.153465,Swiggy,refund,Bangalore,Web,0
5639,user_35,13690.49,2026-09-08 17:16:18.153465,Walmart,send,Chennai,iOS,0
5640,user_21,12939.74,2026-08-20 11:51:34.153465,Amazon,request,Delhi,iOS,1
5641,user_38,15054.18,2026-08-30 21:18:41.153465,Flipkart,request,Pune,Web,0
5642,user_4,506.1,2026-07-27 23:25:06.153465,Walmart,send,Pune,Web,0
5643,user_15,5569.51,2026-08-01 11:58:05.153465,Amazon,request,Pune,iOS,0
5644,user_14,5891.03,2026-08-30 16:47:32.153465,Paytm,send,Pune,iOS,0
5645,user_2,51072.64,2026-08-07 20:31:41.153465,Zomato,send,Chennai,iOS,0
5646,user_27,19568.91,2026-08-17 09:25:23.153465,Zomato,request,Pune,Android,0
5647,user_10,2913.56,2026-09-14 10:07:46.153465,Walmart,refund,Chennai,Android,0
5648,user_10,627.91,2026-09-11 13:05:39.153465,Zomato,send,Pune,Android,0
5649,user_18,2930.09,2026-09-16 18:59:48.153465,Flipkart,request,Mumbai,Web,1
5650,user_27,19485.32,2026-08-08 12:24:36.153465,Paytm,refund,Delhi,Android,0
5651,user_6,4865.9,2026-09-13 00:12:24.153465,Walmart,request,Chennai,iOS,1
5652,user_4,814.7,2026-09-11 03:26:10.153465,Amazon,send,Chennai,Web,0
5653,user_33,4256.22,2026-08-04 02:21:26.153465,Amazon,send,Mumbai,Android,1
5654,user_21,2960.15,2026-08-23 00:43:25.153465,Amazon,refund,Pune,Android,0
5655,user_10,2011.74,2026-07-29 09:20:25.153465,Amazon,request,Bangalore,Android,0
5656,user_26,1796.95,2026-07-22 19:23:49.153465,Walmart,send,Delhi,Web,0
5657,user_42,3164.16,2026-08-09 21:39:22.153465,Swiggy,send,Bangalore,Android,0
5658,user_35,17325.71,2026-08-13 16:08:14.153465,Walmart,send,Pune,Android,0
5659,user_13,8597.47,2026-08-30 15:12:56.153465,Paytm,refund,Bangalore,Web,0
5660,user_38,15799.82,2026-08-30 14:11:21.153465,Zomato,request,Chennai,Android,0
5661,user_26,3761.37,2026-07-29 08:14:53.153465,Amazon,send,Pune,Android,0
5662,user_44,16796.11,2026-08-10 02:24:31.153465,Paytm,send,Chennai,iOS,0
5663,user_21,4448.35,2026-07-31 23:38:03.153465,Amazon,refund,Chennai,iOS,0
5664,user_38,18618.33,2026-07-22 21:33:25.153465,Zomato,request,Chennai,iOS,0
5665,user_10,2709.19,2026-08-18 04:31:20.153465,Amazon,request,Bangalore,Android,0
5666,user_49,19300.69,2026-09-14 10:54:12.153465,Paytm,request,Bangalore,Android,0
5667,user_24,7540.75,2026-08-09 09:28:28.153465,Walmart,request,Pune,Web,0
5668,user_47,3762.63,2026-08-15 15:00:48.153465,Walmart,request,Delhi,iOS,0
5669,user_43,6301.57,2026-09-18 12:46:21.153465,Flipkart,send,Mumbai,Web,0
5670,user_7,51572.84,2026-08-11 04:29:45.153465,Paytm,send,Mumbai,iOS,0
5671,user_40,11514.4,2026-09-19 03:38:52.153465,Flipkart,request,Pune,Web,0
5672,user_9,3865.83,2026-09-14 08:35:18.153465,Walmart,send,Bangalore,Web,0
5673,user_36,4850.93,2026-08-19 06:59:55.153465,Amazon,send,Bangalore,Android,0
5674,user_30,16565.09,2026-07-27 10:05:37.153465,Amazon,request,Bangalore,Web,0
5675,user_50,2930.41,2026-08-24 11:01:26.153465,Flipkart,request,Delhi,Web,0
5676,user_23,14815.65,2026-07-23 23:03:34.153465,Paytm,request,Chennai,Web,0
5677,user_11,954.88,2026-09-03 06:55:40.153465,Swiggy,refund,Delhi,Web,0
5678,user_24,74407.24,2026-08-16 04:20:55.153465,Walmart,refund,Delhi,Web,1
5679,user_18,3523.23,2026-08-26 05:12:11.153465,Swiggy,send,Chennai,iOS,0
5680,user_26,4355.9,2026-07-21 15:34:34.153465,Flipkart,send,Bangalore,iOS,0
5681,user_23,131604.98,2026-08-13 16:02:08.153465,Paytm,request,Chennai,iOS,1
5682,user_43,11602.51,2026-08-04 12:08:40.153465,Amazon,request,Chennai,Android,0
5683,user_9,3444.2,2026-08-25 06:10:54.153465,Flipkart,send,Mumbai,Android,0
5684,user_20,9888.3,2026-09-17 14:59:41.153465,Zomato,send,Pune,Android,0
5685,user_47,1065.08,2026-09-16 06:10:55.153465,Zomato,send,Pune,Android,0
5686,user_47,3822.43,2026-08-22 01:56:25.153465,Amazon,send,Bangalore,Web,0
5687,user_16,2819.29,2026-09-09 01:32:18.153465,Amazon,refund,Bangalore,Android,0
5688,user_45,1776.2,2026-09-08 13:36:09.153465,Swiggy,request,Chennai,Web,1
5689,user_27,10891.06,2026-08-13 08:59:46.153465,Paytm,refund,Pune,Android,0
5690,user_6,454.95,2026-09-14 00:33:36.153465,Walmart,request,Chennai,Android,0
5691,user_8,8125.29,2026-08-13 02:44:31.153465,Paytm,request,Bangalore,Web,0
5692,user_32,243.77,2026-08-01 06:24:12.153465,Swiggy,request,Bangalore,Android,0
5693,user_33,4653.59,2026-08-21 14:15:39.153465,Walmart,refund,Mumbai,iOS,0
5694,user_48,3530.75,2026-09-12 16:41:14.153465,Zomato,refund,Delhi,Web,0
5695,user_39,3973.84,2026-07-28 17:40:31.153465,Paytm,refund,Delhi,iOS,0
5696,user_22,5983.74,2026-08-16 11:21:49.153465,Paytm,request,Bangalore,Web,0
5697,user_32,1360.45,2026-08-29 15:19:33.153465,Swiggy,request,Delhi,Web,0
5698,user_7,50062.3,2026-08-30 17:29:22.153465,Zomato,send,Mumbai,Android,0
5699,user_38,12722.85,2026-09-02 00:08:01.153465,Swiggy,refund,Chennai,iOS,0
5700,user_20,5010.4,2026-09-12 14:31:38.153465,Flipkart,refund,Pune,Android,0
5701,user_36,10939.15,2026-08-25 07:16:22.153465,Paytm,refund,Chennai,Web,1
5702,user_1,2020.66,2026-08-15 05:40:41.153465,Flipkart,request,Bangalore,Web,0
5703,user_16,1374.22,2026-09-11 21:07:20.153465,Zomato,refund,Pune,Web,0
5704,user_38,18916.44,2026-08-01 02:37:52.153465,Amazon,refund,Mumbai,Web,0
5705,user_7,30110.17,2026-07-24 08:39:10.153465,Walmart,refund,Mumbai,Web,0
5706,user_10,4963.48,2026-08-20 19:16:55.153465,Walmart,send,Chennai,Android,1
5707,user_29,4812.96,2026-08-09 20:07:06.153465,Flipkart,refund,Pune,iOS,0
5708,user_10,3132.3,2026-08-08 22:39:06.153465,Zomato,send,Bangalore,Web,0
5709,user_40,18730.09,2026-08-07 00:13:34.153465,Paytm,send,Pune,Android,0
5710,user_49,7169.8,2026-08-12 14:22:40.153465,Walmart,request,Pune,Web,0
5711,user_21,3165.42,2026-09-10 03:24:37.153465,Walmart,refund,Delhi,Web,0
5712,user_46,4455.22,2026-09-03 19:06:29.153465,Paytm,refund,Mumbai,Android,0
5713,user_20,17974.26,2026-08-21 23:39:50.153465,Amazon,refund,Pune,iOS,0
5714,user_21,2932.79,2026-08-11 06:11:37.153465,Swiggy,request,Mumbai,Android,0
5715,user_4,853.06,2026-08-30 16:54:03.153465,Paytm,send,Delhi,iOS,0
5716,user_3,15671.3,2026-07-26 10:59:21.153465,Walmart,refund,Chennai,Web,0
5717,user_27,5027.48,2026-09-15 15:30:08.153465,Walmart,refund,Mumbai,Android,0
5718,user_49,13855.97,2026-08-05 01:48:07.153465,Paytm,refund,Mumbai,iOS,0
5719,user_17,10688.84,2026-08-16 14:29:04.153465,Paytm,refund,Bangalore,Android,0
5720,user_22,31893.53,2026-08-22 01:24:03.153465,Walmart,request,Chennai,Web,0
5721,user_17,4141.42,2026-08-31 11:26:05.153465,Paytm,refund,Bangalore,Web,0
5722,user_50,4577.27,2026-09-09 20:21:07.153465,Zomato,request,Bangalore,Web,0
5723,user_11,1871.18,2026-07-26 17:39:10.153465,Zomato,request,Bangalore,Android,0
5724,user_46,1189.41,2026-08-15 00:16:07.153465,Flipkart,send,Chennai,iOS,0
5725,user_4,705.81,2026-09-09 14:59:25.153465,Flipkart,send,Bangalore,Android,0
5726,user_30,11064.55,2026-08-26 17:04:12.153465,Walmart,request,Chennai,Web,0
5727,user_41,11617.94,2026-08-04 01:40:42.153465,Paytm,request,Chennai,Web,1
5728,user_32,3244.64,2026-08-22 20:39:50.153465,Swiggy,send,Mumbai,iOS,0
5729,user_34,2108.45,2026-08-21 14:09:59.153465,Zomato,request,Chennai,iOS,0
5730,user_21,2231.42,2026-07-31 15:42:07.153465,Paytm,send,Bangalore,iOS,0
5731,user_48,4385.5,2026-08-24 01:11:19.153465,Amazon,refund,Bangalore,iOS,0
5732,user_35,15545.75,2026-08-30 22:30:06.153465,Swiggy,request,Mumbai,iOS,0
5733,user_18,2592.26,2026-09-05 07:56:57.153465,Amazon,send,Delhi,Android,0
5734,user_26,4280.35,2026-08-07 03:51:28.153465,Flipkart,request,Bangalore,Web,1
5735,user_40,19969.71,2026-09-14 08:51:23.153465,Paytm,refund,Mumbai,iOS,0
5736,user_46,14342.73,2026-08-30 22:05:00.153465,Swiggy,request,Mumbai,Web,1
5737,user_38,7938.36,2026-09-08 01:25:17.153465,Zomato,refund,Delhi,Android,0
5738,user_27,7393.73,2026-09-02 16:31:20.153465,Swiggy,request,Delhi,Android,0
5739,user_8,2449.57,2026-07-31 04:54:24.153465,Flipkart,send,Mumbai,iOS,0
5740,user_34,27199.88,2026-09-02 06:45:17.153465,Swiggy,request,Bangalore,iOS,1
5741,user_7,47201.77,2026-07-23 12:13:34.153465,Flipkart,request,Pune,iOS,0
5742,user_38,5504.22,2026-08-20 04:18:25.153465,Zomato,request,Chennai,Web,0
5743,user_36,2214.24,2026-08-29 08:21:09.153465,Amazon,send,Mumbai,iOS,0
5744,user_48,3036.22,2026-07-28 15:13:57.153465,Walmart,request,Delhi,iOS,0
5745,user_43,8488.56,2026-07-29 16:26:28.153465,Flipkart,request,Pune,Web,0
5746,user_4,1633.45,2026-08-27 14:12:08.153465,Flipkart,request,Delhi,Web,1
5747,user_6,2040.93,2026-08-16 06:39:36.153465,Flipkart,send,Mumbai,iOS,0
5748,user_48,2006.34,2026-09-01 11:04:40.153465,Swiggy,refund,Delhi,iOS,0
5749,user_47,3566.5,2026-07-30 06:50:52.153465,Flipkart,send,Bangalore,Android,0
5750,user_24,10716.97,2026-07-28 23:02:55.153465,Swiggy,send,Bangalore,Web,0
5751,user_24,16370.9,2026-08-21 18:28:54.153465,Flipkart,send,Mumbai,Web,0
5752,user_38,52813.7,2026-08-19 16:51:58.153465,Flipkart,send,Delhi,iOS,1
5753,user_3,42441.02,2026-08-09 08:42:35.153465,Walmart,refund,Delhi,Web,0
5754,user_50,4651.69,2026-09-14 07:34:54.153465,Zomato,refund,Delhi,Web,1
5755,user_21,1284.3,2026-08-30 02:04:52.153465,Flipkart,request,Chennai,Android,0
5756,user_26,1552.27,2026-07-28 20:55:14.153465,Swiggy,refund,Delhi,Web,1
5757,user_39,1195.35,2026-08-20 23:55:19.153465,Swiggy,send,Bangalore,Web,0
5758,user_43,15536.97,2026-08-19 15:10:07.153465,Walmart,send,Delhi,Web,0
5759,user_17,541.72,2026-08-31 19:47:11.153465,Paytm,refund,Bangalore,Android,0
5760,user_10,226.87,2026-08-09 09:15:32.153465,Walmart,request,Delhi,Android,0
5761,user_2,22751.52,2026-09-13 20:19:45.153465,Swiggy,send,Pune,Android,0
5762,user_41,1019.3,2026-08-18 11:20:20.153465,Flipkart,request,Mumbai,Web,0
5763,user_41,1231.11,2026-09-12 23:24:34.153465,Flipkart,request,Delhi,Web,0
5764,user_19,2432.62,2026-07-25 13:53:00.153465,Walmart,request,Pune,iOS,0
5765,user_12,40208.92,2026-09-16 03:17:36.153465,Amazon,refund,Delhi,iOS,0
5766,user_20,13575.73,2026-08-31 15:27:00.153465,Zomato,request,Mumbai,Web,0
5767,user_1,3543.77,2026-08-15 04:39:35.153465,Swiggy,send,Bangalore,iOS,0
5768,user_45,4709.45,2026-07-29 23:39:53.153465,Amazon,send,Delhi,iOS,1
5769,user_29,816.42,2026-08-30 06:23:35.153465,Zomato,refund,Bangalore,iOS,0
5770,user_11,2767.86,2026-08-10 21:29:19.153465,Zomato,send,Chennai,iOS,0
5771,user_41,3278.52,2026-08-03 23:58:04.153465,Swiggy,send,Mumbai,Android,0
5772,user_6,4399.42,2026-09-11 16:05:24.153465,Paytm,request,Mumbai,iOS,0
5773,user_30,13016.3,2026-07-28 06:59:35.153465,Swiggy,request,Mumbai,Android,0
5774,user_32,1042.22,2026-08-12 16:19:40.153465,Amazon,send,Delhi,Android,0
5775,user_15,8940.16,2026-08-02 07:42:40.153465,Zomato,send,Delhi,iOS,0
5776,user_29,3932.62,2026-07-25 05:27:51.153465,Amazon,refund,Bangalore,Android,0
5777,user_47,513.46,2026-08-31 15:32:52.153465,Flipkart,request,Mumbai,Android,0
5778,user_19,13368.62,2026-09-19 11:59:45.153465,Paytm,send,Delhi,Android,1
5779,user_24,5871.86,2026-08-13 02:25:36.153465,Zomato,request,Pune,Android,0
5780,user_3,136295.19,2026-08-14 04:09:26.153465,Amazon,send,Delhi,Web,1
5781,user_7,91642.48,2026-07-29 00:19:05.153465,Walmart,refund,Mumbai,iOS,0
5782,user_39,553.45,2026-09-07 20:33:18.153465,Paytm,request,Bangalore,Web,0
5783,user_24,18580.85,2026-08-03 13:45:17.153465,Zomato,refund,Pune,Web,1
5784,user_12,202375.32,2026-09-17 14:26:48.153465,Walmart,send,Mumbai,iOS,1
5785,user_23,6064.89,2026-08-03 14:37:15.153465,Swiggy,request,Mumbai,Web,0
5786,user_32,7929.09,2026-08-29 11:57:11.153465,Amazon,refund,Bangalore,iOS,1
5787,user_37,5508.94,2026-07-26 11:23:15.153465,Amazon,send,Mumbai,iOS,0
5788,user_14,11202.0,2026-09-16 20:11:18.153465,Amazon,request,Bangalore,Web,0
5789,user_27,9437.4,2026-08-14 22:23:58.153465,Zomato,request,Mumbai,Web,0
5790,user_14,12220.85,2026-09-14 16:36:59.153465,Amazon,request,Delhi,Web,0
5791,user_39,652.4,2026-08-16 05:43:51.153465,Walmart,request,Pune,Web,0
5792,user_50,2264.55,2026-08-20 15:23:02.153465,Flipkart,send,Pune,Android,0
5793,user_16,4737.74,2026-09-05 23:40:29.153465,Amazon,request,Pune,Web,1
5794,user_32,4744.82,2026-08-23 08:48:04.153465,Amazon,send,Chennai,Web,1
5795,user_36,584.52,2026-08-22 22:21:44.153465,Zomato,request,Delhi,Web,1
5796,user_32,14236.29,2026-08-21 07:30:53.153465,Paytm,request,Chennai,Android,1
5797,user_5,12402.78,2026-08-06 01:59:33.153465,Zomato,request,Pune,iOS,0
5798,user_35,6850.82,2026-08-20 21:51:52.153465,Swiggy,refund,Pune,Web,0
5799,user_2,40108.24,2026-08-14 19:07:17.153465,Walmart,send,Pune,iOS,0
5800,user_34,1104.51,2026-08-08 06:05:36.153465,Zomato,send,Bangalore,iOS,0
5801,user_28,1534.17,2026-09-11 16:39:12.153465,Zomato,request,Delhi,Web,0
5802,user_7,24173.67,2026-08-16 06:25:12.153465,Paytm,refund,Chennai,Android,0
5803,user_29,4454.62,2026-08-05 00:15:41.153465,Flipkart,refund,Delhi,Web,0
5804,user_35,18761.69,2026-09-07 12:43:07.153465,Swiggy,refund,Chennai,iOS,0
5805,user_16,4027.42,2026-09-02 06:27:24.153465,Walmart,request,Pune,iOS,1
5806,user_32,12727.57,2026-07-25 12:43:11.153465,Swiggy,send,Bangalore,Android,1
5807,user_27,19622.52,2026-08-04 12:54:26.153465,Swiggy,request,Chennai,Web,0
5808,user_32,2744.21,2026-08-01 16:24:56.153465,Zomato,request,Bangalore,iOS,0
5809,user_18,2638.41,2026-08-05 15:35:31.153465,Zomato,request,Pune,Web,0
5810,user_16,10628.22,2026-07-30 14:23:56.153465,Paytm,send,Bangalore,Web,1
5811,user_11,2036.02,2026-09-06 02:40:53.153465,Amazon,send,Bangalore,Android,0
5812,user_15,8975.23,2026-08-05 23:28:37.153465,Walmart,request,Chennai,Android,0
5813,user_22,6797.14,2026-09-15 10:21:47.153465,Amazon,request,Pune,Web,0
5814,user_11,2407.5,2026-08-06 12:20:20.153465,Swiggy,refund,Chennai,iOS,0
5815,user_6,2529.63,2026-07-28 14:13:29.153465,Walmart,send,Pune,Android,0
5816,user_19,4754.41,2026-07-21 18:07:08.153465,Paytm,send,Delhi,Android,0
5817,user_2,127780.21,2026-08-04 12:22:08.153465,Flipkart,send,Mumbai,Android,1
5818,user_23,8171.88,2026-08-21 08:31:18.153465,Paytm,request,Delhi,Web,0
5819,user_18,3119.7,2026-09-05 21:47:48.153465,Zomato,request,Pune,Android,0
5820,user_9,1097.33,2026-08-19 12:18:36.153465,Flipkart,send,Delhi,Web,0
5821,user_33,3184.78,2026-08-15 04:51:59.153465,Zomato,request,Delhi,Android,0
5822,user_25,3548.64,2026-08-31 11:56:58.153465,Swiggy,refund,Delhi,Android,0
5823,user_46,3997.46,2026-07-24 14:43:51.153465,Swiggy,send,Bangalore,Web,0
5824,user_33,4639.49,2026-09-18 19:47:42.153465,Flipkart,send,Chennai,Android,0
5825,user_10,3421.55,2026-08-13 03:46:57.153465,Flipkart,refund,Delhi,Android,0
5826,user_6,12115.19,2026-07-24 22:35:54.153465,Paytm,request,Delhi,iOS,1
5827,user_3,18533.29,2026-08-24 19:43:02.153465,Amazon,send,Chennai,Android,0
5828,user_10,12918.65,2026-08-04 17:26:30.153465,Paytm,request,Pune,Web,0
5829,user_3,44451.7,2026-07-25 08:49:48.153465,Swiggy,send,Pune,Android,0
5830,user_40,6896.61,2026-08-03 15:10:38.153465,Paytm,refund,Bangalore,Web,1
5831,user_48,3026.19,2026-09-07 11:04:45.153465,Walmart,send,Mumbai,Android,0
5832,user_26,4006.12,2026-08-31 13:23:17.153465,Zomato,request,Pune,Web,0
5833,user_33,4153.75,2026-09-02 13:18:57.153465,Zomato,send,Delhi,iOS,0
5834,user_41,3926.23,2026-07-22 13:52:50.153465,Paytm,refund,Bangalore,Web,0
5835,user_2,52546.16,2026-08-14 09:18:17.153465,Amazon,refund,Chennai,iOS,0
5836,user_40,48368.48,2026-08-20 22:49:32.153465,Zomato,send,Pune,Android,1
5837,user_8,388.14,2026-09-03 04:31:25.153465,Flipkart,refund,Pune,iOS,0
5838,user_41,370.85,2026-07-31 21:15:15.153465,Walmart,refund,Pune,Android,0
5839,user_12,57509.6,2026-08-30 23:39:37.153465,Zomato,refund,Chennai,iOS,0
5840,user_2,57085.39,2026-07-24 00:42:28.153465,Flipkart,send,Mumbai,Android,0
5841,user_1,3362.6,2026-08-09 05:19:37.153465,Swiggy,send,Bangalore,iOS,0
5842,user_30,8604.48,2026-08-18 00:43:54.153465,Flipkart,request,Bangalore,Android,0
5843,user_47,773.28,2026-08-03 19:58:32.153465,Flipkart,refund,Pune,iOS,0
5844,user_26,549.46,2026-08-05 08:43:43.153465,Flipkart,request,Chennai,Android,0
5845,user_27,8767.47,2026-07-29 20:53:18.153465,Flipkart,request,Bangalore,iOS,0
5846,user_32,1683.42,2026-08-30 01:48:52.153465,Swiggy,request,Mumbai,Android,0
5847,user_45,2493.6,2026-09-09 11:18:46.153465,Amazon,request,Bangalore,Web,0
5848,user_4,1662.35,2026-07-27 08:12:59.153465,Amazon,send,Chennai,Android,0
5849,user_50,4084.24,2026-07-25 10:50:45.153465,Flipkart,request,Mumbai,Android,0
5850,user_15,5290.08,2026-08-13 09:06:10.153465,Paytm,request,Pune,iOS,0
5851,user_28,586.32,2026-07-25 06:48:22.153465,Swiggy,request,Chennai,iOS,0
5852,user_45,35386.49,2026-09-12 11:31:27.153465,Flipkart,request,Chennai,iOS,1
5853,user_32,270.99,2026-09-02 00:53:27.153465,Amazon,refund,Pune,iOS,0
5854,user_18,12796.68,2026-08-02 05:26:57.153465,Paytm,request,Bangalore,iOS,1
5855,user_49,10583.45,2026-09-09 00:34:16.153465,Amazon,request,Pune,Web,1
5856,user_44,17594.32,2026-08-13 07:56:21.153465,Flipkart,send,Mumbai,iOS,0
5857,user_27,7767.3,2026-07-26 19:58:12.153465,Paytm,send,Mumbai,iOS,0
5858,user_20,13297.37,2026-09-05 13:27:32.153465,Amazon,request,Mumbai,Web,0
5859,user_50,4758.33,2026-09-04 23:51:45.153465,Zomato,refund,Chennai,iOS,1
5860,user_1,31057.05,2026-08-05 22:46:07.153465,Swiggy,request,Pune,iOS,1
5861,user_4,3587.02,2026-07-28 17:27:08.153465,Walmart,send,Bangalore,Web,0
5862,user_49,6004.52,2026-09-13 10:35:12.153465,Swiggy,refund,Delhi,iOS,0
5863,user_24,6447.46,2026-08-13 13:05:43.153465,Paytm,request,Pune,Web,1
5864,user_30,15367.94,2026-08-30 16:27:56.153465,Walmart,refund,Chennai,Web,0
5865,user_10,4839.83,2026-09-03 11:36:20.153465,Flipkart,refund,Delhi,Android,0
5866,user_35,19079.26,2026-09-15 17:33:01.153465,Paytm,request,Mumbai,Web,0
5867,user_47,1091.73,2026-09-05 05:09:42.153465,Amazon,refund,Bangalore,Web,0
5868,user_9,507.15,2026-07-26 14:47:59.153465,Flipkart,refund,Chennai,iOS,0
5869,user_14,11987.88,2026-07-31 02:49:06.153465,Flipkart,request,Delhi,Android,0
5870,user_32,4878.54,2026-08-29 13:30:10.153465,Flipkart,request,Pune,iOS,0
5871,user_2,25852.9,2026-08-14 02:42:58.153465,Swiggy,send,Bangalore,Android,0
5872,user_3,47945.48,2026-08-17 18:57:35.153465,Zomato,request,Delhi,Web,0
5873,user_7,45389.87,2026-08-21 15:44:40.153465,Amazon,refund,Mumbai,Web,0
5874,user_17,27592.23,2026-09-10 03:03:41.153465,Amazon,send,Chennai,Android,1
5875,user_6,3737.84,2026-08-09 15:33:05.153465,Paytm,refund,Bangalore,Android,0
5876,user_10,4884.27,2026-09-16 07:16:18.153465,Walmart,send,Mumbai,iOS,0
5877,user_3,53132.19,2026-07-26 06:26:29.153465,Amazon,refund,Pune,Web,0
5878,user_10,3878.36,2026-08-19 18:15:44.153465,Walmart,refund,Delhi,Web,0
5879,user_42,749.2,2026-09-07 08:00:39.153465,Walmart,refund,Delhi,Android,0
5880,user_31,634.89,2026-09-01 04:13:10.153465,Paytm,send,Mumbai,Android,0
5881,user_41,854.08,2026-08-13 14:46:54.153465,Paytm,refund,Delhi,Android,0
5882,user_48,2437.1,2026-07-30 00:29:58.153465,Zomato,refund,Mumbai,Android,0
5883,user_16,4100.34,2026-09-10 00:43:08.153465,Paytm,refund,Bangalore,iOS,0
5884,user_16,3677.25,2026-08-18 19:29:03.153465,Walmart,request,Bangalore,Web,0
5885,user_25,4595.09,2026-08-08 14:48:45.153465,Flipkart,send,Mumbai,Android,0
5886,user_45,4551.98,2026-09-02 01:01:23.153465,Swiggy,send,Delhi,Web,0
5887,user_45,4439.41,2026-08-04 17:11:30.153465,Swiggy,send,Delhi,iOS,0
5888,user_48,661.53,2026-09-07 10:55:36.153465,Swiggy,refund,Mumbai,Android,0
5889,user_5,6050.94,2026-09-05 15:32:56.153465,Flipkart,send,Bangalore,iOS,0
5890,user_20,37692.2,2026-08-29 20:41:43.153465,Paytm,refund,Chennai,Android,0
5891,user_25,3391.04,2026-08-10 12:35:31.153465,Flipkart,request,Bangalore,iOS,0
5892,user_17,2148.47,2026-08-26 11:20:31.153465,Paytm,send,Bangalore,Android,0
5893,user_34,431.82,2026-09-15 20:37:38.153465,Swiggy,request,Mumbai,Android,1
5894,user_37,5734.02,2026-08-19 06:31:03.153465,Zomato,refund,Bangalore,Web,0
5895,user_11,975.49,2026-09-01 00:46:42.153465,Swiggy,send,Bangalore,iOS,0
5896,user_35,18628.67,2026-08-22 11:10:18.153465,Paytm,send,Pune,Web,1
5897,user_33,11282.9,2026-08-22 21:51:45.153465,Flipkart,refund,Pune,iOS,1
5898,user_31,1265.27,2026-08-07 04:44:04.153465,Swiggy,send,Mumbai,Web,0
5899,user_15,11761.28,2026-08-14 09:30:51.153465,Swiggy,refund,Delhi,Android,0
5900,user_3,29003.72,2026-08-19 16:35:52.153465,Amazon,request,Mumbai,Android,0
5901,user_49,16767.49,2026-08-14 13:28:17.153465,Swiggy,send,Delhi,Android,0
5902,user_37,5678.49,2026-07-27 20:31:29.153465,Amazon,send,Pune,Web,0
5903,user_45,2436.0,2026-09-08 14:07:27.153465,Zomato,request,Mumbai,iOS,0
5904,user_46,2921.2,2026-08-08 09:59:09.153465,Paytm,request,Bangalore,Android,0
5905,user_34,2396.72,2026-08-23 21:27:12.153465,Zomato,request,Mumbai,iOS,0
5906,user_34,16475.02,2026-08-14 11:21:59.153465,Swiggy,send,Pune,iOS,1
5907,user_26,1712.56,2026-09-05 13:50:44.153465,Paytm,send,Mumbai,iOS,0
5908,user_19,883.19,2026-07-24 19:42:35.153465,Zomato,refund,Chennai,Web,0
5909,user_40,10823.16,2026-09-09 06:06:49.153465,Paytm,request,Bangalore,iOS,0
5910,user_48,3173.47,2026-09-06 11:58:57.153465,Amazon,send,Mumbai,Android,0
5911,user_42,2431.36,2026-08-24 05:12:30.153465,Zomato,send,Delhi,Android,0
5912,user_23,6567.87,2026-08-23 12:13:36.153465,Zomato,refund,Bangalore,Web,0
5913,user_32,1447.28,2026-09-13 16:51:37.153465,Swiggy,request,Chennai,Web,0
5914,user_15,34956.09,2026-07-23 15:00:49.153465,Paytm,refund,Pune,Android,0
5915,user_48,1253.18,2026-09-04 05:20:36.153465,Flipkart,send,Bangalore,iOS,0
5916,user_42,3062.07,2026-08-19 06:37:33.153465,Paytm,request,Pune,iOS,0
5917,user_11,429.49,2026-09-09 05:29:45.153465,Swiggy,request,Mumbai,Android,1
5918,user_50,2423.44,2026-09-05 07:54:24.153465,Zomato,refund,Bangalore,Android,0
5919,user_39,1519.99,2026-08-13 04:54:46.153465,Swiggy,refund,Chennai,Android,0
5920,user_18,4025.76,2026-09-07 14:59:12.153465,Amazon,request,Pune,iOS,0
5921,user_5,33328.5,2026-08-06 10:17:49.153465,Zomato,send,Delhi,Android,0
5922,user_6,2782.85,2026-08-04 12:24:49.153465,Swiggy,request,Pune,Android,0
5923,user_6,1640.97,2026-08-10 05:44:57.153465,Amazon,refund,Delhi,iOS,0
5924,user_37,18932.88,2026-08-20 09:35:35.153465,Paytm,refund,Chennai,Android,0
5925,user_44,18003.09,2026-09-16 15:58:59.153465,Flipkart,refund,Chennai,Android,0
5926,user_50,1140.42,2026-08-01 02:19:08.153465,Amazon,send,Bangalore,Android,0
5927,user_29,1389.59,2026-08-01 16:58:41.153465,Paytm,refund,Chennai,Android,0
5928,user_6,8666.79,2026-08-14 12:50:28.153465,Zomato,send,Mumbai,iOS,1
5929,user_47,482.81,2026-08-30 09:41:38.153465,Flipkart,refund,Chennai,Web,0
5930,user_40,14711.96,2026-08-10 12:24:28.153465,Paytm,request,Bangalore,Web,0
5931,user_50,4858.13,2026-08-18 22:43:04.153465,Walmart,refund,Pune,iOS,1
5932,user_27,13515.58,2026-08-31 10:29:00.153465,Walmart,request,Bangalore,Web,0
5933,user_8,1084.03,2026-09-01 12:32:31.153465,Swiggy,send,Delhi,iOS,0
5934,user_11,4138.54,2026-08-04 23:57:23.153465,Zomato,request,Bangalore,Android,0
5935,user_18,399.42,2026-08-15 16:25:21.153465,Walmart,send,Chennai,Web,0
5936,user_10,13123.13,2026-08-15 08:27:54.153465,Zomato,request,Bangalore,iOS,1
5937,user_45,1652.24,2026-08-13 19:15:06.153465,Paytm,refund,Chennai,Android,0
5938,user_23,9517.45,2026-08-15 22:08:17.153465,Walmart,send,Pune,Android,0
5939,user_14,17721.77,2026-08-16 09:38:59.153465,Flipkart,send,Chennai,Web,1
5940,user_14,11108.77,2026-08-19 20:56:15.153465,Paytm,request,Delhi,Android,0
5941,user_3,106867.11,2026-09-14 19:35:09.153465,Amazon,send,Chennai,Android,1
5942,user_6,707.68,2026-08-05 22:17:12.153465,Amazon,send,Chennai,Android,0
5943,user_17,3608.0,2026-07-28 19:39:47.153465,Zomato,refund,Mumbai,Web,0
5944,user_4,2473.43,2026-09-18 07:04:30.153465,Paytm,refund,Delhi,Web,0
5945,user_39,9164.84,2026-09-01 01:51:59.153465,Paytm,send,Delhi,Web,1
5946,user_49,8276.67,2026-08-16 21:21:30.153465,Paytm,send,Bangalore,Web,0
5947,user_32,3089.06,2026-07-31 04:04:42.153465,Amazon,request,Chennai,Android,0
5948,user_47,521.71,2026-08-02 07:56:38.153465,Flipkart,request,Bangalore,Android,0
5949,user_19,4290.77,2026-09-02 17:55:50.153465,Amazon,send,Pune,Web,1
5950,user_47,1446.42,2026-08-17 12:33:55.153465,Swiggy,request,Chennai,iOS,0
5951,user_12,27968.13,2026-08-20 00:34:41.153465,Swiggy,request,Delhi,Web,0
5952,user_12,300000.0,2026-07-24 16:01:06.153465,Walmart,send,Bangalore,iOS,0
5953,user_34,12447.58,2026-08-29 23:08:28.153465,Swiggy,request,Mumbai,Web,1
5954,user_25,1691.01,2026-09-07 16:26:43.153465,Paytm,send,Bangalore,Android,0
5955,user_18,209.07,2026-07-28 04:24:55.153465,Flipkart,send,Chennai,Android,0
5956,user_49,18601.93,2026-08-02 04:32:08.153465,Zomato,send,Delhi,Web,1
5957,user_24,106985.13,2026-08-24 09:09:47.153465,Zomato,refund,Mumbai,Android,0
5958,user_34,3517.54,2026-07-22 10:02:42.153465,Swiggy,send,Chennai,iOS,0
5959,user_38,43270.55,2026-09-16 21:35:53.153465,Walmart,refund,Chennai,iOS,1
5960,user_41,2284.38,2026-08-31 04:07:31.153465,Zomato,request,Pune,Android,0
5961,user_38,51231.9,2026-09-10 07:30:27.153465,Amazon,refund,Chennai,Web,1
5962,user_12,50982.28,2026-09-15 04:37:33.153465,Paytm,send,Delhi,Web,1
5963,user_12,15743.17,2026-07-25 11:56:49.153465,Walmart,refund,Chennai,Android,0
5964,user_16,1927.59,2026-08-02 18:52:20.153465,Flipkart,send,Delhi,Web,0
5965,user_38,13483.64,2026-09-08 11:26:37.153465,Zomato,send,Mumbai,Web,0
5966,user_4,2670.62,2026-09-19 10:22:06.153465,Amazon,send,Bangalore,iOS,0
5967,user_18,8738.96,2026-08-16 19:43:15.153465,Flipkart,refund,Delhi,Android,1
5968,user_20,17847.69,2026-07-22 19:19:12.153465,Zomato,request,Delhi,Web,0
5969,user_22,13957.0,2026-08-06 13:37:05.153465,Flipkart,refund,Bangalore,Android,0
5970,user_9,8649.73,2026-07-31 16:38:29.153465,Walmart,send,Delhi,Web,1
5971,user_32,2327.24,2026-09-13 00:15:15.153465,Amazon,send,Delhi,Web,1
5972,user_8,1003.74,2026-08-16 15:00:52.153465,Swiggy,send,Pune,iOS,0
5973,user_41,1785.97,2026-08-12 23:14:33.153465,Flipkart,send,Chennai,iOS,0
5974,user_27,10813.6,2026-08-05 08:07:20.153465,Zomato,request,Pune,Web,0
5975,user_41,551.06,2026-09-19 12:35:59.153465,Paytm,send,Mumbai,Android,0
5976,user_14,19136.65,2026-07-27 16:20:12.153465,Swiggy,send,Pune,iOS,0
5977,user_40,31998.28,2026-08-19 03:24:10.153465,Swiggy,request,Mumbai,Android,1
5978,user_14,12337.78,2026-09-12 01:06:17.153465,Zomato,refund,Delhi,Android,0
5979,user_19,440.24,2026-08-29 03:15:32.153465,Swiggy,refund,Bangalore,iOS,0
5980,user_50,4807.27,2026-08-29 01:31:36.153465,Paytm,refund,Pune,Android,0
5981,user_7,47298.96,2026-08-04 22:00:02.153465,Paytm,refund,Chennai,iOS,0
5982,user_1,4786.0,2026-08-16 13:51:17.153465,Zomato,send,Delhi,Android,1
5983,user_6,3419.72,2026-08-01 09:44:01.153465,Walmart,send,Pune,Web,0
5984,user_13,5903.97,2026-07-27 14:06:59.153465,Paytm,send,Bangalore,Web,0
5985,user_13,11848.21,2026-08-08 22:30:36.153465,Amazon,refund,Delhi,Web,0
5986,user_9,3820.89,2026-09-04 17:42:34.153465,Amazon,request,Pune,iOS,0
5987,user_37,17852.42,2026-07-27 10:57:14.153465,Walmart,refund,Bangalore,Web,0
5988,user_39,2143.18,2026-07-22 08:00:46.153465,Zomato,request,Chennai,Android,0
5989,user_17,9274.49,2026-09-13 15:16:50.153465,Zomato,send,Pune,Android,1
5990,user_42,889.5,2026-09-18 10:50:24.153465,Paytm,send,Delhi,Android,0
5991,user_27,13361.45,2026-08-31 15:49:34.153465,Zomato,send,Bangalore,Web,0
5992,user_48,4222.36,2026-08-18 11:24:25.153465,Zomato,send,Mumbai,Android,0
5993,user_9,863.23,2026-09-01 12:47:08.153465,Amazon,refund,Chennai,iOS,0
5994,user_3,26215.88,2026-09-02 15:34:14.153465,Walmart,request,Chennai,Web,0
5995,user_36,4567.48,2026-08-08 22:54:03.153465,Flipkart,send,Bangalore,Web,1
5996,user_18,14078.79,2026-08-10 15:14:16.153465,Zomato,request,Chennai,iOS,1
5997,user_34,4839.11,2026-09-18 18:03:16.153465,Paytm,send,Bangalore,Android,0
5998,user_36,3395.12,2026-08-08 18:47:47.153465,Walmart,send,Chennai,Android,0
5999,user_18,4262.43,2026-09-14 02:58:58.153465,Walmart,request,Bangalore,Android,0
6000,user_12,52322.56,2026-09-03 07:19:45.153465,Paytm,request,Pune,Android,0
